// Font data for ImGui
// Generated from TTF/OTF file
// Size: 16532 bytes
// Use with: ImGui::GetIO().Fonts->AddFontFromMemoryTTF(granades_font, sizeof(granades_font), size, NULL, NULL);

#ifndef GRANADES_FONT_H
#define GRANADES_FONT_H

static unsigned char granades_font[] = {
    0x4f, 0x54, 0x54, 0x4f, 0x00, 0x09, 0x00, 0x80, 0x00, 0x03, 0x00, 0x10, 
    0x43, 0x46, 0x46, 0x20, 0xb8, 0x05, 0x3f, 0x99, 0x00, 0x00, 0x05, 0x04, 
    0x00, 0x00, 0x3b, 0x6d, 0x4f, 0x53, 0x2f, 0x32, 0x6a, 0x23, 0x66, 0x14, 
    0x00, 0x00, 0x01, 0x00, 0x00, 0x00, 0x00, 0x60, 0x63, 0x6d, 0x61, 0x70, 
    0x01, 0xc5, 0x01, 0xa4, 0x00, 0x00, 0x04, 0x80, 0x00, 0x00, 0x00, 0x64, 
    0x68, 0x65, 0x61, 0x64, 0x2d, 0x60, 0x9c, 0x94, 0x00, 0x00, 0x00, 0x9c, 
    0x00, 0x00, 0x00, 0x36, 0x68, 0x68, 0x65, 0x61, 0x03, 0xea, 0x03, 0x2e, 
    0x00, 0x00, 0x00, 0xd4, 0x00, 0x00, 0x00, 0x24, 0x68, 0x6d, 0x74, 0x78, 
    0x12, 0x90, 0x00, 0x00, 0x00, 0x00, 0x40, 0x74, 0x00, 0x00, 0x00, 0x20, 
    0x6d, 0x61, 0x78, 0x70, 0x00, 0x08, 0x50, 0x00, 0x00, 0x00, 0x00, 0xf8, 
    0x00, 0x00, 0x00, 0x06, 0x6e, 0x61, 0x6d, 0x65, 0x6d, 0x40, 0x8d, 0xb9, 
    0x00, 0x00, 0x01, 0x60, 0x00, 0x00, 0x03, 0x1e, 0x70, 0x6f, 0x73, 0x74, 
    0x00, 0x03, 0x00, 0x00, 0x00, 0x00, 0x04, 0xe4, 0x00, 0x00, 0x00, 0x20, 
    0x00, 0x01, 0x00, 0x00, 0x00, 0x01, 0x00, 0x00, 0x3c, 0xb3, 0x12, 0x68, 
    0x5f, 0x0f, 0x3c, 0xf5, 0x00, 0x03, 0x03, 0xe8, 0x00, 0x00, 0x00, 0x00, 
    0xe5, 0x81, 0xac, 0x7c, 0x00, 0x00, 0x00, 0x00, 0xe5, 0x81, 0xac, 0x7c, 
    0x00, 0x00, 0xff, 0xfb, 0x03, 0x46, 0x02, 0xc1, 0x00, 0x00, 0x00, 0x03, 
    0x00, 0x02, 0x00, 0x00, 0x00, 0x00, 0x00, 0x00, 0x00, 0x01, 0x00, 0x00, 
    0x03, 0xe8, 0xff, 0xc9, 0x00, 0x00, 0x03, 0x5c, 0x00, 0x00, 0x00, 0x00, 
    0x00, 0x00, 0x00, 0x01, 0x00, 0x00, 0x00, 0x00, 0x00, 0x00, 0x00, 0x00, 
    0x00, 0x00, 0x00, 0x00, 0x00, 0x00, 0x00, 0x08, 0x00, 0x00, 0x50, 0x00, 
    0x00, 0x08, 0x00, 0x00, 0x00, 0x03, 0x02, 0x51, 0x01, 0xf4, 0x00, 0x05, 
    0x00, 0x00, 0x02, 0x8a, 0x02, 0xbb, 0x00, 0x00, 0x00, 0x8c, 0x02, 0x8a, 
    0x02, 0xbb, 0x00, 0x00, 0x01, 0xdf, 0x00, 0x31, 0x01, 0x02, 0x00, 0x00, 
    0x00, 0x00, 0x00, 0x00, 0x00, 0x00, 0x00, 0x00, 0x00, 0x00, 0x00, 0x00, 
    0x00, 0x01, 0x00, 0x00, 0x00, 0x00, 0x00, 0x00, 0x00, 0x00, 0x00, 0x00, 
    0x00, 0x00, 0x58, 0x58, 0x58, 0x58, 0x00, 0x40, 0x00, 0x20, 0x00, 0x77, 
    0x03, 0xe8, 0xff, 0xc9, 0x00, 0x00, 0x02, 0xc1, 0x00, 0x05, 0x00, 0x00, 
    0x00, 0x01, 0x00, 0x00, 0x00, 0x00, 0x02, 0xc0, 0x02, 0xc1, 0x00, 0x20, 
    0x00, 0x20, 0x00, 0x00, 0x00, 0x00, 0x00, 0x22, 0x01, 0x9e, 0x00, 0x01, 
    0x00, 0x00, 0x00, 0x00, 0x00, 0x00, 0x00, 0x01, 0x00, 0x45, 0x00, 0x01, 
    0x00, 0x00, 0x00, 0x00, 0x00, 0x01, 0x00, 0x0c, 0x00, 0x00, 0x00, 0x01, 
    0x00, 0x00, 0x00, 0x00, 0x00, 0x02, 0x00, 0x07, 0x00, 0x24, 0x00, 0x01, 
    0x00, 0x00, 0x00, 0x00, 0x00, 0x03, 0x00, 0x1f, 0x01, 0x23, 0x00, 0x01, 
    0x00, 0x00, 0x00, 0x00, 0x00, 0x04, 0x00, 0x14, 0x00, 0x39, 0x00, 0x01, 
    0x00, 0x00, 0x00, 0x00, 0x00, 0x05, 0x00, 0x03, 0x01, 0x1a, 0x00, 0x01, 
    0x00, 0x00, 0x00, 0x00, 0x00, 0x06, 0x00, 0x13, 0x00, 0x75, 0x00, 0x01, 
    0x00, 0x00, 0x00, 0x00, 0x00, 0x07, 0x00, 0x01, 0x00, 0x45, 0x00, 0x01, 
    0x00, 0x00, 0x00, 0x00, 0x00, 0x08, 0x00, 0x0a, 0x00, 0xae, 0x00, 0x01, 
    0x00, 0x00, 0x00, 0x00, 0x00, 0x09, 0x00, 0x01, 0x00, 0x45, 0x00, 0x01, 
    0x00, 0x00, 0x00, 0x00, 0x00, 0x0a, 0x00, 0x01, 0x00, 0x45, 0x00, 0x01, 
    0x00, 0x00, 0x00, 0x00, 0x00, 0x0b, 0x00, 0x1a, 0x00, 0xcc, 0x00, 0x01, 
    0x00, 0x00, 0x00, 0x00, 0x00, 0x0c, 0x00, 0x01, 0x00, 0x45, 0x00, 0x01, 
    0x00, 0x00, 0x00, 0x00, 0x00, 0x0d, 0x00, 0x01, 0x00, 0x45, 0x00, 0x01, 
    0x00, 0x00, 0x00, 0x00, 0x00, 0x0e, 0x00, 0x01, 0x00, 0x45, 0x00, 0x01, 
    0x00, 0x00, 0x00, 0x00, 0x00, 0x10, 0x00, 0x0c, 0x00, 0x00, 0x00, 0x01, 
    0x00, 0x00, 0x00, 0x00, 0x00, 0x11, 0x00, 0x07, 0x00, 0x24, 0x00, 0x03, 
    0x00, 0x01, 0x04, 0x09, 0x00, 0x00, 0x00, 0x02, 0x00, 0x65, 0x00, 0x03, 
    0x00, 0x01, 0x04, 0x09, 0x00, 0x01, 0x00, 0x18, 0x00, 0x0c, 0x00, 0x03, 
    0x00, 0x01, 0x04, 0x09, 0x00, 0x02, 0x00, 0x0e, 0x00, 0x2b, 0x00, 0x03, 
    0x00, 0x01, 0x04, 0x09, 0x00, 0x03, 0x00, 0x3e, 0x01, 0x42, 0x00, 0x03, 
    0x00, 0x01, 0x04, 0x09, 0x00, 0x04, 0x00, 0x28, 0x00, 0x4d, 0x00, 0x03, 
    0x00, 0x01, 0x04, 0x09, 0x00, 0x05, 0x00, 0x06, 0x01, 0x1d, 0x00, 0x03, 
    0x00, 0x01, 0x04, 0x09, 0x00, 0x06, 0x00, 0x26, 0x00, 0x88, 0x00, 0x03, 
    0x00, 0x01, 0x04, 0x09, 0x00, 0x07, 0x00, 0x02, 0x00, 0x65, 0x00, 0x03, 
    0x00, 0x01, 0x04, 0x09, 0x00, 0x08, 0x00, 0x14, 0x00, 0xb8, 0x00, 0x03, 
    0x00, 0x01, 0x04, 0x09, 0x00, 0x09, 0x00, 0x02, 0x00, 0x65, 0x00, 0x03, 
    0x00, 0x01, 0x04, 0x09, 0x00, 0x0a, 0x00, 0x02, 0x00, 0x65, 0x00, 0x03, 
    0x00, 0x01, 0x04, 0x09, 0x00, 0x0b, 0x00, 0x34, 0x00, 0xe6, 0x00, 0x03, 
    0x00, 0x01, 0x04, 0x09, 0x00, 0x0c, 0x00, 0x02, 0x00, 0x65, 0x00, 0x03, 
    0x00, 0x01, 0x04, 0x09, 0x00, 0x0d, 0x00, 0x02, 0x00, 0x65, 0x00, 0x03, 
    0x00, 0x01, 0x04, 0x09, 0x00, 0x0e, 0x00, 0x02, 0x00, 0x65, 0x00, 0x03, 
    0x00, 0x01, 0x04, 0x09, 0x00, 0x10, 0x00, 0x18, 0x00, 0x0c, 0x00, 0x03, 
    0x00, 0x01, 0x04, 0x09, 0x00, 0x11, 0x00, 0x0e, 0x00, 0x2b, 0x4d, 0x79, 
    0x43, 0x75, 0x73, 0x74, 0x6f, 0x6d, 0x46, 0x6f, 0x6e, 0x74, 0x00, 0x4d, 
    0x00, 0x79, 0x00, 0x43, 0x00, 0x75, 0x00, 0x73, 0x00, 0x74, 0x00, 0x6f, 
    0x00, 0x6d, 0x00, 0x46, 0x00, 0x6f, 0x00, 0x6e, 0x00, 0x74, 0x52, 0x65, 
    0x67, 0x75, 0x6c, 0x61, 0x72, 0x00, 0x52, 0x00, 0x65, 0x00, 0x67, 0x00, 
    0x75, 0x00, 0x6c, 0x00, 0x61, 0x00, 0x72, 0x4d, 0x79, 0x43, 0x75, 0x73, 
    0x74, 0x6f, 0x6d, 0x46, 0x6f, 0x6e, 0x74, 0x20, 0x52, 0x65, 0x67, 0x75, 
    0x6c, 0x61, 0x72, 0x00, 0x4d, 0x00, 0x79, 0x00, 0x43, 0x00, 0x75, 0x00, 
    0x73, 0x00, 0x74, 0x00, 0x6f, 0x00, 0x6d, 0x00, 0x46, 0x00, 0x6f, 0x00, 
    0x6e, 0x00, 0x74, 0x00, 0x20, 0x00, 0x52, 0x00, 0x65, 0x00, 0x67, 0x00, 
    0x75, 0x00, 0x6c, 0x00, 0x61, 0x00, 0x72, 0x4d, 0x79, 0x43, 0x75, 0x73, 
    0x74, 0x6f, 0x6d, 0x46, 0x6f, 0x6e, 0x74, 0x52, 0x65, 0x67, 0x75, 0x6c, 
    0x61, 0x72, 0x00, 0x4d, 0x00, 0x79, 0x00, 0x43, 0x00, 0x75, 0x00, 0x73, 
    0x00, 0x74, 0x00, 0x6f, 0x00, 0x6d, 0x00, 0x46, 0x00, 0x6f, 0x00, 0x6e, 
    0x00, 0x74, 0x00, 0x52, 0x00, 0x65, 0x00, 0x67, 0x00, 0x75, 0x00, 0x6c, 
    0x00, 0x61, 0x00, 0x72, 0x54, 0x65, 0x78, 0x74, 0x53, 0x74, 0x75, 0x64, 
    0x69, 0x6f, 0x00, 0x54, 0x00, 0x65, 0x00, 0x78, 0x00, 0x74, 0x00, 0x53, 
    0x00, 0x74, 0x00, 0x75, 0x00, 0x64, 0x00, 0x69, 0x00, 0x6f, 0x68, 0x74, 
    0x74, 0x70, 0x73, 0x3a, 0x2f, 0x2f, 0x77, 0x77, 0x77, 0x2e, 0x74, 0x65, 
    0x78, 0x74, 0x73, 0x74, 0x75, 0x64, 0x69, 0x6f, 0x2e, 0x63, 0x6f, 0x6d, 
    0x00, 0x68, 0x00, 0x74, 0x00, 0x74, 0x00, 0x70, 0x00, 0x73, 0x00, 0x3a, 
    0x00, 0x2f, 0x00, 0x2f, 0x00, 0x77, 0x00, 0x77, 0x00, 0x77, 0x00, 0x2e, 
    0x00, 0x74, 0x00, 0x65, 0x00, 0x78, 0x00, 0x74, 0x00, 0x73, 0x00, 0x74, 
    0x00, 0x75, 0x00, 0x64, 0x00, 0x69, 0x00, 0x6f, 0x00, 0x2e, 0x00, 0x63, 
    0x00, 0x6f, 0x00, 0x6d, 0x31, 0x2e, 0x30, 0x00, 0x31, 0x00, 0x2e, 0x00, 
    0x30, 0x54, 0x65, 0x78, 0x74, 0x53, 0x74, 0x75, 0x64, 0x69, 0x6f, 0x3a, 
    0x4d, 0x79, 0x43, 0x75, 0x73, 0x74, 0x6f, 0x6d, 0x46, 0x6f, 0x6e, 0x74, 
    0x20, 0x52, 0x65, 0x67, 0x75, 0x6c, 0x61, 0x72, 0x00, 0x54, 0x00, 0x65, 
    0x00, 0x78, 0x00, 0x74, 0x00, 0x53, 0x00, 0x74, 0x00, 0x75, 0x00, 0x64, 
    0x00, 0x69, 0x00, 0x6f, 0x00, 0x3a, 0x00, 0x4d, 0x00, 0x79, 0x00, 0x43, 
    0x00, 0x75, 0x00, 0x73, 0x00, 0x74, 0x00, 0x6f, 0x00, 0x6d, 0x00, 0x46, 
    0x00, 0x6f, 0x00, 0x6e, 0x00, 0x74, 0x00, 0x20, 0x00, 0x52, 0x00, 0x65, 
    0x00, 0x67, 0x00, 0x75, 0x00, 0x6c, 0x00, 0x61, 0x00, 0x72, 0x00, 0x00, 
    0x00, 0x00, 0x00, 0x01, 0x00, 0x03, 0x00, 0x01, 0x00, 0x00, 0x00, 0x0c, 
    0x00, 0x04, 0x00, 0x58, 0x00, 0x00, 0x00, 0x12, 0x00, 0x10, 0x00, 0x03, 
    0x00, 0x02, 0x00, 0x00, 0x00, 0x20, 0x00, 0x61, 0x00, 0x65, 0x00, 0x71, 
    0x00, 0x72, 0x00, 0x74, 0x00, 0x77, 0xff, 0xff, 0x00, 0x00, 0x00, 0x00, 
    0x00, 0x20, 0x00, 0x61, 0x00, 0x65, 0x00, 0x71, 0x00, 0x72, 0x00, 0x74, 
    0x00, 0x77, 0xff, 0xff, 0x00, 0x00, 0xff, 0xe1, 0xff, 0xa6, 0xff, 0x9f, 
    0xff, 0x91, 0xff, 0x93, 0xff, 0x92, 0xff, 0x8c, 0x00, 0x01, 0x00, 0x00, 
    0x00, 0x00, 0x00, 0x00, 0x00, 0x00, 0x00, 0x00, 0x00, 0x00, 0x00, 0x00, 
    0x00, 0x00, 0x00, 0x00, 0x00, 0x03, 0x00, 0x00, 0x00, 0x00, 0x00, 0x00, 
    0x00, 0x00, 0x00, 0x00, 0x00, 0x00, 0x00, 0x00, 0x00, 0x00, 0x00, 0x00, 
    0x00, 0x00, 0x00, 0x00, 0x00, 0x00, 0x00, 0x00, 0x00, 0x00, 0x00, 0x00, 
    0x01, 0x00, 0x04, 0x01, 0x00, 0x01, 0x01, 0x01, 0x14, 0x4d, 0x79, 0x43, 
    0x75, 0x73, 0x74, 0x6f, 0x6d, 0x46, 0x6f, 0x6e, 0x74, 0x52, 0x65, 0x67, 
    0x75, 0x6c, 0x61, 0x72, 0x00, 0x01, 0x01, 0x01, 0x27, 0xf8, 0x1b, 0x00, 
    0xf8, 0x1c, 0x02, 0xf8, 0x1d, 0x03, 0xf8, 0x1e, 0x04, 0x8b, 0x86, 0xfa, 
    0x7c, 0xf9, 0xf0, 0x05, 0x1d, 0x00, 0x00, 0x00, 0xab, 0x0f, 0x1d, 0x00, 
    0x00, 0x00, 0xba, 0x11, 0x8b, 0x1d, 0x00, 0x00, 0x3b, 0x6d, 0x12, 0x00, 
    0x0b, 0x01, 0x01, 0x04, 0x18, 0x24, 0x2b, 0x30, 0x37, 0x3e, 0x45, 0x4c, 
    0x53, 0x54, 0x31, 0x2e, 0x30, 0x4d, 0x79, 0x43, 0x75, 0x73, 0x74, 0x6f, 
    0x6d, 0x46, 0x6f, 0x6e, 0x74, 0x20, 0x52, 0x65, 0x67, 0x75, 0x6c, 0x61, 
    0x72, 0x4d, 0x79, 0x43, 0x75, 0x73, 0x74, 0x6f, 0x6d, 0x46, 0x6f, 0x6e, 
    0x74, 0x52, 0x65, 0x67, 0x75, 0x6c, 0x61, 0x72, 0x73, 0x70, 0x61, 0x63, 
    0x65, 0x75, 0x6e, 0x69, 0x30, 0x30, 0x37, 0x31, 0x75, 0x6e, 0x69, 0x30, 
    0x30, 0x37, 0x37, 0x75, 0x6e, 0x69, 0x30, 0x30, 0x36, 0x35, 0x75, 0x6e, 
    0x69, 0x30, 0x30, 0x37, 0x32, 0x75, 0x6e, 0x69, 0x30, 0x30, 0x37, 0x34, 
    0x61, 0x00, 0x00, 0x00, 0x01, 0x8b, 0x01, 0x8c, 0x01, 0x8d, 0x01, 0x8e, 
    0x01, 0x8f, 0x01, 0x90, 0x01, 0x91, 0x00, 0x08, 0x02, 0x00, 0x01, 0x00, 
    0x13, 0x00, 0x16, 0x05, 0x36, 0x06, 0x69, 0x08, 0x67, 0x0c, 0x3b, 0x15, 
    0x44, 0x3a, 0x9f, 0xf8, 0xec, 0xef, 0x8b, 0x15, 0xf8, 0x24, 0x8b, 0x05, 
    0x8b, 0xf9, 0x50, 0x05, 0xfc, 0x24, 0x8b, 0x05, 0x0e, 0xf7, 0x8e, 0x0e, 
    0xf8, 0x98, 0xf7, 0xa4, 0xf9, 0x4d, 0x15, 0x83, 0x87, 0x7b, 0x7b, 0x8b, 
    0x88, 0x08, 0x8b, 0x83, 0x97, 0x83, 0x93, 0x8b, 0x08, 0x93, 0x8f, 0x8f, 
    0x7f, 0x87, 0x7b, 0x08, 0x87, 0x87, 0x8b, 0x88, 0x8f, 0x8b, 0x08, 0x8f, 
    0x8b, 0x87, 0x83, 0x87, 0x7f, 0x08, 0x83, 0x7f, 0x87, 0x83, 0x8b, 0x87, 
    0x08, 0x8b, 0x8b, 0x8f, 0x8b, 0x93, 0x8b, 0x08, 0x9a, 0x8b, 0xa7, 0x84, 
    0x8f, 0x83, 0x08, 0x8b, 0x87, 0x58, 0x8f, 0x87, 0x8f, 0x08, 0x8b, 0x8f, 
    0x7f, 0x8f, 0x83, 0x8b, 0x08, 0x7c, 0x8e, 0x83, 0x8b, 0x7f, 0x84, 0x08, 
    0x74, 0x83, 0x8b, 0x8b, 0x7f, 0x68, 0x08, 0x7f, 0x6b, 0x05, 0x97, 0x7c, 
    0x05, 0x93, 0x7b, 0x8b, 0x8b, 0x87, 0x77, 0x08, 0x87, 0x80, 0x87, 0x7f, 
    0x8b, 0x83, 0x08, 0x8b, 0x87, 0x8b, 0x87, 0x87, 0x8b, 0x08, 0x8b, 0x87, 
    0x83, 0x83, 0x8b, 0x80, 0x08, 0x83, 0x7b, 0x05, 0xa3, 0x8b, 0x05, 0x97, 
    0x8b, 0x92, 0x8b, 0x8b, 0x8f, 0x08, 0x8b, 0x8f, 0x8b, 0x8b, 0x8f, 0x8b, 
    0x08, 0x8f, 0x8b, 0x8b, 0x87, 0x87, 0x87, 0x08, 0x8b, 0x8b, 0x8b, 0x87, 
    0x8f, 0x8b, 0x08, 0x9b, 0x8b, 0xca, 0x7b, 0x9e, 0x80, 0x08, 0x97, 0x83, 
    0x97, 0x87, 0x8b, 0x8b, 0x08, 0x8f, 0x8b, 0x8e, 0xa2, 0x97, 0xa7, 0x08, 
    0x97, 0xba, 0x05, 0x9f, 0x93, 0x05, 0x9a, 0x93, 0x8f, 0x8e, 0x8f, 0x9f, 
    0x08, 0x8f, 0x9f, 0x8f, 0x8b, 0x9b, 0x92, 0x08, 0x9e, 0x93, 0x05, 0x97, 
    0x7c, 0x05, 0x97, 0x7b, 0x8b, 0x8b, 0x87, 0x7b, 0x08, 0x7b, 0x60, 0x45, 
    0xfb, 0x73, 0x87, 0x8b, 0x08, 0x8b, 0x8b, 0x83, 0x8b, 0x7f, 0x8f, 0x08, 
    0x6c, 0x93, 0x83, 0x87, 0xaa, 0x7f, 0x08, 0x9b, 0x87, 0x9b, 0x87, 0x92, 
    0x8f, 0x08, 0x97, 0x8f, 0x05, 0xa7, 0xd5, 0x05, 0x96, 0xb7, 0xa3, 0xcd, 
    0x97, 0xb6, 0x08, 0xa2, 0xd6, 0x05, 0x7b, 0x9e, 0x05, 0x80, 0x9f, 0x8b, 
    0x8b, 0x83, 0x83, 0x08, 0x7b, 0x7f, 0x7f, 0x87, 0x7c, 0x8b, 0x08, 0x7b, 
    0x8b, 0x8b, 0x8b, 0x8f, 0x8f, 0x08, 0x8f, 0x8f, 0x8f, 0x8f, 0x87, 0x8f, 
    0x08, 0x8b, 0x8f, 0x8b, 0x8b, 0x97, 0x87, 0x08, 0x8f, 0x8b, 0x92, 0x87, 
    0x8f, 0x8b, 0x08, 0x8b, 0x87, 0x93, 0x8f, 0x8f, 0x93, 0x08, 0x93, 0x93, 
    0x8f, 0x93, 0x8b, 0x96, 0x08, 0x8b, 0x9f, 0x8b, 0x8f, 0x83, 0x8f, 0x08, 
    0x83, 0x8f, 0x87, 0x92, 0x8b, 0x8b, 0x08, 0x8b, 0x8f, 0x8f, 0x8b, 0x8f, 
    0x87, 0x08, 0x93, 0x84, 0x8b, 0x8b, 0x87, 0x9e, 0x08, 0x87, 0xba, 0x8b, 
    0x8f, 0x83, 0x8f, 0x08, 0x83, 0x8b, 0x74, 0x97, 0x6f, 0x93, 0x08, 0x6c, 
    0x92, 0x78, 0x93, 0x87, 0x8f, 0x08, 0x83, 0x93, 0x8b, 0x8b, 0x83, 0x87, 
    0x08, 0x83, 0x83, 0x87, 0x8b, 0x8b, 0x93, 0x08, 0x87, 0x8f, 0x83, 0x8b, 
    0x80, 0x87, 0x08, 0xe1, 0x60, 0x15, 0x8b, 0x87, 0x87, 0x8b, 0x8b, 0x8f, 
    0x08, 0x87, 0x8b, 0x87, 0x8b, 0x8b, 0x8f, 0x08, 0x8b, 0x8b, 0x8f, 0x8b, 
    0x8f, 0x8b, 0x08, 0x8b, 0x8b, 0x8f, 0x8b, 0x8b, 0x87, 0x08, 0x9e, 0x64, 
    0x15, 0x70, 0x87, 0x83, 0x87, 0x87, 0x77, 0x08, 0x8b, 0x80, 0x87, 0x83, 
    0x8f, 0x8b, 0x08, 0x8b, 0x8b, 0x97, 0x87, 0x93, 0x87, 0x08, 0x9e, 0x83, 
    0x97, 0x7f, 0x87, 0x88, 0x08, 0x87, 0x8b, 0x84, 0x8e, 0x7f, 0x8f, 0x08, 
    0x7f, 0x93, 0x83, 0x8f, 0x87, 0x8b, 0x08, 0x87, 0x87, 0xab, 0x6c, 0x9a, 
    0x83, 0x08, 0x9b, 0x83, 0x8b, 0x8b, 0x83, 0x8f, 0x08, 0x70, 0x8f, 0x6b, 
    0xae, 0x88, 0xa7, 0x08, 0x8b, 0x9a, 0x8b, 0x8b, 0x96, 0x9b, 0x08, 0x9b, 
    0x97, 0x8f, 0x8b, 0x9b, 0x8b, 0x08, 0xa2, 0x8b, 0x05, 0x77, 0x87, 0x05, 
    0xb3, 0x87, 0x15, 0x92, 0x83, 0x84, 0x8b, 0x7f, 0x8f, 0x08, 0x83, 0x8f, 
    0x8b, 0x8f, 0x8f, 0x8b, 0x08, 0x8f, 0x8b, 0x8f, 0x87, 0x93, 0x8b, 0x08, 
    0x9e, 0x7b, 0x15, 0x8b, 0x87, 0x8b, 0x8b, 0x87, 0x8b, 0x08, 0x87, 0x8b, 
    0x8b, 0x8b, 0x8b, 0x8f, 0x08, 0x8b, 0x8f, 0x8b, 0x8b, 0x8b, 0x8b, 0x08, 
    0x8f, 0x8b, 0x8b, 0x8b, 0x8f, 0x87, 0x08, 0xfb, 0x19, 0x51, 0x15, 0x87, 
    0x87, 0x8b, 0x8b, 0x8b, 0x8f, 0x08, 0x8b, 0x92, 0x8f, 0x8f, 0x8f, 0x87, 
    0x08, 0x8b, 0x87, 0x8b, 0x88, 0x87, 0x8b, 0x08, 0x41, 0x8b, 0x15, 0x87, 
    0x8b, 0x8b, 0x8b, 0x87, 0x8b, 0x08, 0x87, 0x8e, 0x8b, 0x8b, 0x8f, 0x8b, 
    0x08, 0x8f, 0x8b, 0x8f, 0x8b, 0x8b, 0x88, 0x08, 0xba, 0x7f, 0x15, 0x8b, 
    0x8b, 0x8b, 0x87, 0x87, 0x8b, 0x08, 0x87, 0x8b, 0x8b, 0x8f, 0x8b, 0x8b, 
    0x08, 0x8b, 0x8f, 0x8b, 0x8f, 0x8f, 0x8b, 0x08, 0x8f, 0x8b, 0x8b, 0x87, 
    0x8b, 0x87, 0x08, 0x9e, 0x87, 0x15, 0x97, 0x7f, 0x8b, 0x8b, 0x7f, 0x8f, 
    0x08, 0x87, 0x8b, 0x87, 0x8f, 0x8f, 0x8b, 0x08, 0x8b, 0x8f, 0x8b, 0x8b, 
    0x87, 0x8b, 0x08, 0x84, 0x87, 0x8b, 0x8f, 0x8b, 0x8f, 0x08, 0x8b, 0x97, 
    0x8e, 0x8b, 0x97, 0x7b, 0x08, 0x49, 0x54, 0x15, 0x8f, 0x83, 0x87, 0x87, 
    0x83, 0x87, 0x08, 0x83, 0x87, 0x87, 0x8f, 0x93, 0x9b, 0x08, 0x93, 0x9b, 
    0x8f, 0x87, 0x8b, 0x7f, 0x08, 0x83, 0x45, 0x15, 0x9a, 0x87, 0x05, 0x7c, 
    0x8b, 0x05, 0x7f, 0x8b, 0x87, 0x8b, 0x8b, 0x83, 0x08, 0x8b, 0x8b, 0x8b, 
    0x87, 0x87, 0x8b, 0x08, 0x87, 0x8f, 0x8b, 0x9e, 0x8f, 0x8f, 0x08, 0x8b, 
    0x8f, 0x8f, 0x87, 0x8b, 0x87, 0x08, 0x8b, 0x87, 0x93, 0x88, 0x93, 0x8b, 
    0x08, 0x39, 0x54, 0x15, 0x87, 0x7f, 0x8b, 0x7b, 0x8f, 0x8b, 0x08, 0x8e, 
    0x8b, 0x93, 0x9f, 0x8b, 0x93, 0x08, 0x8b, 0x8f, 0x83, 0x8b, 0x88, 0x87, 
    0x08, 0xb6, 0x83, 0x15, 0x83, 0x83, 0x87, 0x87, 0x8b, 0x7f, 0x08, 0x8b, 
    0x80, 0x8f, 0x83, 0x8b, 0x87, 0x08, 0x93, 0x83, 0x9a, 0x8f, 0x97, 0x93, 
    0x08, 0x97, 0x93, 0x8f, 0x8f, 0x8b, 0x96, 0x08, 0x8b, 0x97, 0x7b, 0x9b, 
    0x7f, 0x8b, 0x08, 0x87, 0x8b, 0x84, 0x87, 0x87, 0x87, 0x08, 0xe9, 0x77, 
    0x15, 0x7f, 0x87, 0x83, 0x80, 0x8b, 0x7b, 0x08, 0x8b, 0x77, 0xa3, 0x78, 
    0x92, 0x97, 0x08, 0x8b, 0x8e, 0x8b, 0x8b, 0x87, 0x8b, 0x08, 0x84, 0x84, 
    0x8f, 0x92, 0x96, 0x9f, 0x08, 0x97, 0x97, 0x8b, 0x93, 0x87, 0x92, 0x08, 
    0x87, 0x93, 0x83, 0x8f, 0x80, 0x87, 0x08, 0xfb, 0x3d, 0x45, 0x15, 0x87, 
    0x7f, 0x8b, 0x7b, 0x87, 0x84, 0x08, 0x8b, 0x83, 0x8b, 0x7f, 0x87, 0x87, 
    0x08, 0x80, 0x7f, 0x87, 0x78, 0x8f, 0x87, 0x08, 0x8f, 0x87, 0x87, 0x8b, 
    0x7f, 0x8b, 0x08, 0x7f, 0x8b, 0x83, 0x87, 0x87, 0x8b, 0x08, 0x8b, 0x87, 
    0x84, 0x7b, 0x87, 0x7c, 0x08, 0x7f, 0x6b, 0x05, 0x97, 0x7c, 0x05, 0x96, 
    0x7f, 0xa7, 0x83, 0xf1, 0x70, 0x08, 0xbe, 0x7f, 0x05, 0x9a, 0x93, 0x05, 
    0x97, 0x8f, 0x8f, 0x8f, 0x93, 0xa6, 0x08, 0x93, 0xaa, 0x8b, 0x8b, 0x83, 
    0x97, 0x08, 0x87, 0x93, 0x87, 0x8b, 0x87, 0x8b, 0x08, 0x83, 0x87, 0x7f, 
    0x8f, 0x7c, 0x93, 0x08, 0x6f, 0x9a, 0x6c, 0x93, 0x77, 0x8b, 0x08, 0x80, 
    0x8b, 0x83, 0x8f, 0x83, 0x8f, 0x08, 0x83, 0x93, 0x05, 0x9f, 0x87, 0x05, 
    0x9e, 0x8b, 0xda, 0x74, 0x9a, 0x83, 0x08, 0x97, 0x87, 0x93, 0x8f, 0x8b, 
    0x93, 0x08, 0x8b, 0x8e, 0x93, 0x9f, 0x93, 0xa3, 0x08, 0x8f, 0xa2, 0x92, 
    0xa3, 0x8b, 0x8e, 0x08, 0x8b, 0x8f, 0x84, 0x8f, 0x73, 0x93, 0x08, 0x64, 
    0x9b, 0x68, 0x93, 0x7b, 0x8b, 0x08, 0x83, 0x8f, 0x83, 0x8b, 0x87, 0x8b, 
    0x08, 0x87, 0x8e, 0x84, 0x8b, 0x83, 0x8b, 0x08, 0x7f, 0x8f, 0x8b, 0x8b, 
    0x83, 0x78, 0x08, 0xbe, 0x7f, 0x15, 0x8f, 0x87, 0x8b, 0x8b, 0x83, 0x8b, 
    0x08, 0x87, 0x8b, 0x87, 0x8f, 0x8b, 0x8b, 0x08, 0x8b, 0x8f, 0x8b, 0x8f, 
    0x8f, 0x8b, 0x08, 0x8b, 0x8b, 0x8f, 0x87, 0x8f, 0x87, 0x08, 0xaa, 0xfb, 
    0x25, 0x15, 0x8b, 0x87, 0x88, 0x8b, 0x8b, 0x8b, 0x08, 0x87, 0x87, 0x87, 
    0x8b, 0x8b, 0x8f, 0x08, 0x8b, 0x8f, 0x8f, 0x8b, 0x8f, 0x8b, 0x08, 0x8b, 
    0x8b, 0x8e, 0x8b, 0x8b, 0x8b, 0x08, 0x93, 0x7b, 0x15, 0x87, 0x88, 0x87, 
    0x92, 0x8f, 0x8f, 0x08, 0x8b, 0x8f, 0x8b, 0x8b, 0x8f, 0x87, 0x08, 0x8b, 
    0x87, 0x8b, 0x8b, 0x8b, 0x87, 0x08, 0x9b, 0x93, 0x15, 0x8b, 0x87, 0x8b, 
    0x8b, 0x87, 0x8b, 0x08, 0x87, 0x8b, 0x8b, 0x8b, 0x8b, 0x8f, 0x08, 0x8b, 
    0x8f, 0x8b, 0x8b, 0x8f, 0x8b, 0x08, 0x8f, 0x8b, 0x8b, 0x8b, 0x8b, 0x87, 
    0x08, 0x3d, 0x83, 0x15, 0x8b, 0x8b, 0x8b, 0x88, 0x87, 0x8e, 0x08, 0x87, 
    0x8b, 0x8b, 0x8f, 0x8f, 0x8b, 0x08, 0x8b, 0x8f, 0x8f, 0x8b, 0x8b, 0x83, 
    0x08, 0x9a, 0x88, 0x15, 0x8b, 0x87, 0x8b, 0x8b, 0x87, 0x8b, 0x08, 0x87, 
    0x8b, 0x8b, 0x8b, 0x8b, 0x8f, 0x08, 0x8b, 0x8e, 0x8b, 0x8b, 0x8f, 0x8b, 
    0x08, 0x8f, 0x8b, 0x8b, 0x8b, 0x8b, 0x88, 0x08, 0x9f, 0x87, 0x15, 0x8b, 
    0x87, 0x8b, 0x8b, 0x87, 0x8b, 0x08, 0x87, 0x8b, 0x8b, 0x8b, 0x8b, 0x8f, 
    0x08, 0x8b, 0x8f, 0x8b, 0x8b, 0x8f, 0x8b, 0x08, 0x8f, 0x8b, 0x8b, 0x8b, 
    0x8b, 0x87, 0x08, 0xa6, 0x83, 0x15, 0x8b, 0x87, 0x8b, 0x8b, 0x83, 0x8f, 
    0x08, 0x80, 0x8b, 0x8f, 0x93, 0x92, 0x87, 0x08, 0x8f, 0x8b, 0x8f, 0x87, 
    0x8b, 0x8b, 0x08, 0x64, 0x73, 0x15, 0x93, 0x8b, 0x8f, 0x87, 0x87, 0x8b, 
    0x08, 0x83, 0x8b, 0x83, 0x8f, 0x87, 0x8b, 0x08, 0x7c, 0x93, 0x93, 0x8b, 
    0x9e, 0x83, 0x08, 0xb2, 0x83, 0x15, 0x87, 0x8b, 0x84, 0x8b, 0x87, 0x8b, 
    0x08, 0x87, 0x8f, 0x8b, 0x8b, 0x96, 0x8b, 0x08, 0x93, 0x8b, 0x8f, 0x8b, 
    0x87, 0x87, 0x08, 0x0e, 0xf8, 0xd4, 0xf7, 0xd1, 0xf9, 0x49, 0x15, 0x7d, 
    0x76, 0x87, 0x80, 0x9a, 0x8b, 0x08, 0x95, 0x8b, 0x92, 0x7d, 0x84, 0x79, 
    0x08, 0x88, 0x7d, 0x8b, 0x8b, 0x80, 0x8b, 0x08, 0x6e, 0x92, 0x61, 0x8b, 
    0x79, 0x87, 0x08, 0x79, 0x88, 0x80, 0x80, 0x8b, 0x79, 0x08, 0x8b, 0x80, 
    0xfb, 0x2a, 0xfc, 0x59, 0x80, 0x7d, 0x08, 0x84, 0x7c, 0x8b, 0x8b, 0x92, 
    0x88, 0x08, 0xa4, 0x75, 0xf7, 0x32, 0x56, 0xef, 0x7c, 0x08, 0x95, 0x88, 
    0x9a, 0x92, 0x87, 0x96, 0x08, 0x87, 0x8b, 0x8f, 0x99, 0x92, 0x99, 0x08, 
    0x8f, 0x9a, 0x8e, 0x99, 0x8b, 0x8b, 0x08, 0x88, 0x8b, 0x8e, 0x92, 0x8f, 
    0x92, 0x08, 0x8e, 0x92, 0x8f, 0x9a, 0x8f, 0x92, 0x08, 0x8e, 0x9d, 0x96, 
    0xa4, 0x8e, 0x99, 0x08, 0x8f, 0x92, 0xa4, 0xd6, 0xa8, 0xe4, 0x08, 0xb9, 
    0xf7, 0x20, 0x9d, 0xb5, 0x92, 0x8b, 0x08, 0x8b, 0x8b, 0x92, 0x88, 0x8f, 
    0x87, 0x08, 0x92, 0x84, 0x05, 0x4e, 0xfb, 0x2d, 0x05, 0x52, 0xfb, 0x23, 
    0x84, 0x7c, 0x92, 0x88, 0x08, 0x8f, 0x8b, 0x92, 0x8b, 0x8b, 0x8e, 0x08, 
    0x8e, 0x8f, 0xf7, 0x11, 0xf7, 0xcb, 0x8b, 0x92, 0x08, 0x8b, 0x8b, 0x81, 
    0x96, 0x80, 0x95, 0x08, 0x80, 0x96, 0x80, 0x96, 0x8f, 0x8b, 0x08, 0x8b, 
    0x8e, 0x7d, 0xb3, 0x80, 0x92, 0x08, 0x8b, 0x8e, 0x87, 0x96, 0x88, 0x99, 
    0x08, 0x8b, 0xa1, 0x05, 0x75, 0x92, 0x05, 0x7d, 0x8e, 0x7d, 0x8f, 0x84, 
    0x8b, 0x08, 0x84, 0x8f, 0x7c, 0x8e, 0x81, 0x8f, 0x08, 0x72, 0x92, 0x7c, 
    0x8e, 0x84, 0x84, 0x08, 0x88, 0x88, 0x8b, 0x8b, 0x87, 0x8e, 0x08, 0x87, 
    0x96, 0x88, 0x87, 0x80, 0x84, 0x08, 0xf7, 0x4a, 0xfb, 0x02, 0x15, 0x8b, 
    0x83, 0x8b, 0x88, 0x8b, 0x8b, 0x08, 0x88, 0x8b, 0x80, 0x99, 0x8b, 0x92, 
    0x08, 0x8b, 0x96, 0x96, 0x84, 0x8e, 0x7d, 0x08, 0xfb, 0xf2, 0xfc, 0x04, 
    0x15, 0x84, 0x87, 0x88, 0x8b, 0x8e, 0x8f, 0x08, 0x8f, 0x8e, 0x8e, 0x8f, 
    0x8b, 0x87, 0x08, 0x8f, 0x8b, 0x8b, 0x88, 0x87, 0x8b, 0x08, 0x81, 0x79, 
    0x15, 0x87, 0x8b, 0x8b, 0x8b, 0x87, 0x8b, 0x08, 0x88, 0x8e, 0x8b, 0x8b, 
    0x8e, 0x8b, 0x08, 0x8f, 0x8b, 0x8f, 0x8b, 0x8b, 0x88, 0x08, 0x0e, 0xf8, 
    0xd8, 0xf7, 0xd8, 0xf9, 0x4e, 0x15, 0x8b, 0x8b, 0x84, 0x84, 0x87, 0x83, 
    0x08, 0x83, 0x80, 0x8b, 0x80, 0x97, 0x8b, 0x08, 0x96, 0x8b, 0x8e, 0x80, 
    0x88, 0x78, 0x08, 0x87, 0x7c, 0x05, 0x75, 0x8f, 0x05, 0x70, 0x8f, 0x5b, 
    0x8b, 0x7c, 0x87, 0x08, 0x83, 0x87, 0x80, 0x78, 0x8b, 0x80, 0x08, 0x8b, 
    0x84, 0x87, 0x7c, 0x84, 0x7f, 0x08, 0x87, 0x7c, 0x69, 0x23, 0x62, 0xfb, 
    0x08, 0x08, 0x66, 0xfb, 0x05, 0x69, 0x2a, 0x8b, 0x8b, 0x08, 0x8b, 0x8b, 
    0x87, 0x87, 0x8b, 0x84, 0x08, 0x88, 0x83, 0x8e, 0x8b, 0xa2, 0x80, 0x08, 
    0xa5, 0x7c, 0xe1, 0x71, 0xc7, 0x78, 0x08, 0x96, 0x87, 0xa9, 0x84, 0xa2, 
    0x87, 0x08, 0xb7, 0x84, 0x8b, 0x8e, 0x8f, 0xa2, 0x08, 0x8b, 0x92, 0x8b, 
    0x97, 0x8f, 0x8b, 0x08, 0x8b, 0x8e, 0xb0, 0xf4, 0xb5, 0xf7, 0x13, 0x08, 
    0xb7, 0xf7, 0x17, 0xb1, 0xf4, 0x8f, 0x8f, 0x08, 0x8b, 0x8b, 0x8e, 0x93, 
    0x8b, 0x8b, 0x08, 0x8f, 0x8e, 0x8b, 0x8b, 0x93, 0x88, 0x08, 0x92, 0x87, 
    0x8f, 0x87, 0x8b, 0x87, 0x08, 0x8b, 0x8b, 0x71, 0x44, 0x69, 0x39, 0x08, 
    0x4b, 0xfb, 0x2a, 0x8b, 0x80, 0x97, 0x8b, 0x08, 0x8e, 0x8b, 0x97, 0x9e, 
    0xc3, 0xf7, 0x29, 0x08, 0xa9, 0xd2, 0xa5, 0xcb, 0x8f, 0x93, 0x08, 0x8e, 
    0x9a, 0x05, 0x7c, 0x99, 0x05, 0x84, 0x93, 0x80, 0x92, 0x87, 0x8f, 0x08, 
    0x87, 0x8b, 0x87, 0x8f, 0x8b, 0x8f, 0x08, 0x8f, 0x92, 0x80, 0xa9, 0x80, 
    0x9a, 0x08, 0x87, 0x8f, 0x87, 0x9a, 0x8b, 0x92, 0x08, 0x8b, 0x97, 0x8b, 
    0x96, 0x87, 0x8b, 0x08, 0x8b, 0x8f, 0x79, 0x8e, 0x74, 0x8f, 0x08, 0x79, 
    0x92, 0x74, 0x93, 0x80, 0x8b, 0x08, 0x74, 0x92, 0x7c, 0x8b, 0x88, 0x84, 
    0x08, 0x8b, 0x87, 0x87, 0x8b, 0x87, 0x93, 0x08, 0x87, 0x8e, 0x88, 0x8f, 
    0x87, 0x87, 0x08, 0xf7, 0x04, 0x5f, 0x15, 0x84, 0x87, 0x8b, 0x87, 0x8b, 
    0x87, 0x08, 0x8f, 0x88, 0x8b, 0x7f, 0x8b, 0x88, 0x08, 0x8e, 0x87, 0x88, 
    0x8b, 0x87, 0x96, 0x08, 0x80, 0x9e, 0x8e, 0x92, 0x9a, 0x8b, 0x08, 0x93, 
    0x8b, 0x8b, 0x8b, 0x83, 0x88, 0x08, 0x22, 0x65, 0x15, 0x8b, 0x87, 0x8b, 
    0x8b, 0x88, 0x88, 0x08, 0x87, 0x8b, 0x8b, 0x8b, 0x8b, 0x8e, 0x08, 0x8b, 
    0x8f, 0x8b, 0x8b, 0x8f, 0x8b, 0x08, 0x8e, 0x8b, 0x8b, 0x8b, 0x8b, 0x8b, 
    0x08, 0xf7, 0x05, 0x84, 0x15, 0x8b, 0x87, 0x8b, 0x8b, 0x87, 0x8b, 0x08, 
    0x87, 0x8f, 0x8b, 0x8e, 0x8b, 0x8b, 0x08, 0x8b, 0x8f, 0x8b, 0x8b, 0x8f, 
    0x87, 0x08, 0x8f, 0x8b, 0x8b, 0x88, 0x8b, 0x8b, 0x08, 0x2d, 0x8e, 0x15, 
    0x8b, 0x88, 0x7c, 0x87, 0x87, 0x8f, 0x08, 0x8b, 0x8e, 0x8f, 0x8b, 0x8f, 
    0x8b, 0x08, 0x92, 0x8b, 0x8f, 0x8b, 0x8b, 0x8b, 0x08, 0xc7, 0x79, 0x15, 
    0x9e, 0x87, 0x9a, 0x83, 0x8b, 0x88, 0x08, 0x8b, 0x87, 0x8b, 0x8b, 0x87, 
    0x8f, 0x08, 0x87, 0x8b, 0x7c, 0x92, 0x80, 0x8f, 0x08, 0x75, 0x92, 0x87, 
    0x8b, 0x83, 0x88, 0x08, 0x88, 0x83, 0x78, 0x93, 0x87, 0x92, 0x08, 0x8b, 
    0x93, 0x8f, 0x8b, 0x96, 0x8b, 0x08, 0x96, 0x87, 0x9e, 0x87, 0x9a, 0x84, 
    0x08, 0x31, 0x92, 0x15, 0x8b, 0x8b, 0x84, 0x8b, 0x8b, 0x8b, 0x08, 0x87, 
    0x8f, 0x8f, 0x8b, 0x8f, 0x8b, 0x08, 0x8e, 0x8b, 0x8f, 0x8b, 0x87, 0x87, 
    0x08, 0xf7, 0x44, 0x84, 0x15, 0x8f, 0x83, 0x8f, 0x84, 0x8b, 0x87, 0x08, 
    0x8b, 0x83, 0x78, 0xa2, 0x8b, 0x92, 0x08, 0x8b, 0x97, 0x8f, 0x87, 0x92, 
    0x80, 0x08, 0xfb, 0xbc, 0xfc, 0xa0, 0x15, 0x8b, 0x8b, 0x84, 0x8b, 0x8b, 
    0x8b, 0x08, 0x87, 0x8e, 0x8f, 0x8b, 0x8f, 0x8b, 0x08, 0x8e, 0x8b, 0x8f, 
    0x8b, 0x87, 0x88, 0x08, 0x0e, 0xf9, 0xad, 0xf8, 0x8d, 0xf9, 0x4d, 0x15, 
    0x8b, 0x8b, 0x87, 0x87, 0x8b, 0x8b, 0x08, 0x8b, 0x88, 0x84, 0x84, 0x84, 
    0x80, 0x08, 0x84, 0x84, 0x84, 0x84, 0x8b, 0x88, 0x08, 0x8b, 0x87, 0x81, 
    0x7d, 0x6b, 0x65, 0x08, 0x81, 0x80, 0x72, 0x6c, 0x73, 0x6b, 0x08, 0x53, 
    0x49, 0x84, 0x87, 0x64, 0x76, 0x08, 0x65, 0x76, 0x79, 0x7d, 0x6f, 0x5a, 
    0x08, 0x81, 0x7a, 0x80, 0x7d, 0x8b, 0x87, 0x08, 0x7d, 0x81, 0x7d, 0x76, 
    0x7a, 0x6f, 0x08, 0x8b, 0x84, 0x7d, 0x7d, 0x84, 0x7d, 0x08, 0x37, 0xfb, 
    0x04, 0x84, 0x72, 0xb1, 0x65, 0x08, 0x96, 0x80, 0xa0, 0x7d, 0x99, 0x84, 
    0x08, 0xa0, 0x81, 0x95, 0x87, 0xa0, 0x8b, 0x08, 0xa4, 0x8b, 0x8e, 0x8b, 
    0x9d, 0x92, 0x08, 0x9c, 0x96, 0x8b, 0x8b, 0xf4, 0xf7, 0x23, 0x08, 0xa4, 
    0xae, 0xa7, 0xb2, 0x95, 0x9c, 0x08, 0xab, 0xb5, 0x92, 0x9d, 0x8e, 0xb5, 
    0x08, 0x8f, 0xb5, 0x87, 0x87, 0xd1, 0xf7, 0x04, 0x08, 0xa0, 0xb5, 0xa4, 
    0xb2, 0x8e, 0x92, 0x08, 0x8f, 0x92, 0x8e, 0x92, 0x8f, 0x8b, 0x08, 0x8b, 
    0x8b, 0x92, 0x95, 0x92, 0x96, 0x08, 0x95, 0xa0, 0x8b, 0x8e, 0x88, 0x96, 
    0x08, 0x87, 0x99, 0x88, 0x92, 0x79, 0x8b, 0x08, 0x81, 0x8e, 0x8b, 0x8b, 
    0x8e, 0x84, 0x08, 0x92, 0x84, 0x7d, 0x8f, 0x81, 0x92, 0x08, 0x87, 0x92, 
    0x8b, 0x8b, 0x8f, 0x8e, 0x08, 0x8e, 0x8f, 0x8b, 0x8b, 0x88, 0x8b, 0x08, 
    0x87, 0x8e, 0x88, 0x8b, 0x8b, 0x8b, 0x08, 0x8b, 0x8b, 0x87, 0x8b, 0x88, 
    0x88, 0x08, 0xd8, 0x6b, 0x15, 0x8b, 0x88, 0x8b, 0x84, 0x87, 0x8b, 0x08, 
    0x88, 0x87, 0x8b, 0x8b, 0x8b, 0x84, 0x08, 0x8e, 0x88, 0x8b, 0x8b, 0x8f, 
    0x92, 0x08, 0x8b, 0x92, 0x8e, 0x84, 0x8f, 0x79, 0x08, 0x8e, 0x7a, 0x8b, 
    0x80, 0x8b, 0x88, 0x08, 0x88, 0x8b, 0x8b, 0x8e, 0x8b, 0x8f, 0x08, 0x8b, 
    0x8e, 0x87, 0x8f, 0x8b, 0x8e, 0x08, 0x88, 0x92, 0x8b, 0x88, 0x8b, 0x7d, 
    0x08, 0x8b, 0x6f, 0x8b, 0x87, 0x8e, 0x96, 0x08, 0x8f, 0x95, 0x92, 0x8f, 
    0x8b, 0x80, 0x08, 0x8b, 0x8b, 0x8b, 0x88, 0x8e, 0x8b, 0x08, 0x92, 0x8b, 
    0x7d, 0xd4, 0x81, 0x96, 0x08, 0x87, 0x8e, 0x8b, 0x8b, 0x8f, 0x84, 0x08, 
    0x45, 0x7d, 0x15, 0x84, 0x81, 0x87, 0x87, 0x84, 0x92, 0x08, 0x88, 0x92, 
    0x8b, 0x8b, 0x95, 0x92, 0x08, 0x92, 0x8f, 0x92, 0x8e, 0x8b, 0x8b, 0x08, 
    0x8b, 0x88, 0x88, 0x87, 0x8b, 0x84, 0x08, 0xe2, 0x8b, 0x15, 0x8b, 0x88, 
    0x8f, 0x84, 0x8b, 0x7d, 0x08, 0x8e, 0x80, 0x8f, 0x81, 0x8b, 0x84, 0x08, 
    0x87, 0x87, 0x8b, 0x84, 0x8b, 0x88, 0x08, 0x8b, 0x87, 0x8b, 0x88, 0x88, 
    0x8b, 0x08, 0x8b, 0x8e, 0x87, 0x88, 0x8f, 0x84, 0x08, 0x8e, 0x68, 0x8b, 
    0x76, 0x84, 0x80, 0x08, 0x88, 0x81, 0x8b, 0x8b, 0x8b, 0x92, 0x08, 0x8b, 
    0x92, 0x8b, 0x8b, 0x87, 0x87, 0x08, 0x84, 0x84, 0x8b, 0x76, 0x92, 0x73, 
    0x08, 0x8f, 0x7d, 0x8b, 0x7d, 0x8b, 0x76, 0x08, 0x87, 0x68, 0x05, 0xa0, 
    0x80, 0x05, 0xa4, 0x7a, 0x8e, 0x8e, 0x8f, 0xab, 0x08, 0x8b, 0x9c, 0x8b, 
    0x99, 0x87, 0x96, 0x08, 0x84, 0xaa, 0x81, 0xd1, 0x87, 0xb9, 0x08, 0x88, 
    0xa3, 0x87, 0xa7, 0x88, 0x99, 0x08, 0x84, 0x9d, 0x87, 0x92, 0x8b, 0x87, 
    0x08, 0x96, 0x37, 0x15, 0x87, 0x88, 0x8b, 0x8e, 0x8b, 0x8f, 0x08, 0x8b, 
    0x8e, 0x8b, 0x8f, 0x8f, 0x87, 0x08, 0x8b, 0x8b, 0x8b, 0x84, 0x8b, 0x8b, 
    0x08, 0x92, 0x61, 0x15, 0x8b, 0x7a, 0x8b, 0x8b, 0x87, 0x9c, 0x08, 0x88, 
    0x96, 0x8b, 0x8e, 0x8e, 0x8b, 0x08, 0x8f, 0x8b, 0x8b, 0x84, 0x8b, 0x84, 
    0x08, 0xfb, 0xb7, 0xfb, 0x19, 0x15, 0x8b, 0x88, 0x88, 0x84, 0x80, 0x84, 
    0x08, 0x7d, 0x7d, 0x7d, 0x8b, 0x8b, 0x95, 0x08, 0x8b, 0x99, 0x8f, 0x92, 
    0x8e, 0x8b, 0x08, 0x8f, 0x8b, 0x8e, 0x8f, 0x8f, 0x8e, 0x08, 0x92, 0x92, 
    0x99, 0x88, 0x8e, 0x80, 0x08, 0xf7, 0x19, 0xfb, 0x15, 0x15, 0x88, 0x5a, 
    0x95, 0x4f, 0x96, 0x84, 0x08, 0x8e, 0x88, 0xa4, 0x8b, 0xb5, 0x92, 0x08, 
    0x99, 0x8b, 0x05, 0xa7, 0x64, 0x05, 0x99, 0x76, 0x9c, 0x76, 0x92, 0x84, 
    0x08, 0x96, 0x81, 0x8b, 0x8b, 0x92, 0x8e, 0x08, 0x9c, 0x96, 0xe3, 0xc6, 
    0x8e, 0x8f, 0x08, 0x8b, 0x8e, 0x7a, 0xa4, 0x6f, 0xaa, 0x08, 0x80, 0x96, 
    0x84, 0x95, 0x8b, 0x8b, 0x08, 0x8b, 0x8f, 0x81, 0x8b, 0x80, 0x8b, 0x08, 
    0x7d, 0x8b, 0x84, 0x87, 0x8b, 0x88, 0x08, 0x8f, 0x87, 0x87, 0x8b, 0x88, 
    0x8b, 0x08, 0x84, 0x8b, 0x84, 0x8b, 0x87, 0x88, 0x08, 0x88, 0x8b, 0x8b, 
    0x8b, 0x92, 0x92, 0x08, 0x8e, 0x92, 0x8b, 0x8b, 0x7a, 0x84, 0x08, 0x79, 
    0x80, 0x8b, 0x8b, 0x88, 0x8f, 0x08, 0x87, 0x8e, 0x88, 0x8f, 0x87, 0x8b, 
    0x08, 0x88, 0x8b, 0x87, 0x8b, 0x8b, 0x8e, 0x08, 0x8b, 0x8f, 0x8b, 0x8b, 
    0x8f, 0x8b, 0x08, 0x8e, 0x8b, 0x8b, 0x8e, 0x8b, 0x8b, 0x08, 0x8b, 0x92, 
    0x84, 0x8f, 0x88, 0x84, 0x08, 0x8b, 0x87, 0x84, 0x8f, 0x8b, 0x92, 0x08, 
    0x8b, 0x95, 0x84, 0x8f, 0x84, 0x87, 0x08, 0x84, 0x88, 0x87, 0x84, 0x92, 
    0x84, 0x08, 0x8f, 0x87, 0x92, 0x84, 0x8e, 0x84, 0x08, 0x92, 0x81, 0x8b, 
    0x8b, 0x84, 0x8b, 0x08, 0x88, 0x8e, 0x87, 0x88, 0x8b, 0x87, 0x08, 0x88, 
    0x88, 0x8b, 0x8b, 0x8b, 0x92, 0x08, 0x8b, 0x8e, 0x87, 0x8f, 0x8b, 0x8e, 
    0x08, 0x88, 0x92, 0x87, 0x8b, 0x88, 0x88, 0x08, 0x84, 0x80, 0x79, 0x8f, 
    0x7a, 0x92, 0x08, 0x80, 0x8e, 0x81, 0x8f, 0x87, 0x8b, 0x08, 0x84, 0x8b, 
    0x8b, 0x8e, 0x8b, 0xa7, 0x08, 0x8b, 0xb2, 0x84, 0x95, 0x8b, 0x6c, 0x08, 
    0xf7, 0x24, 0x87, 0x15, 0x8b, 0x88, 0x8e, 0x87, 0x8b, 0x8b, 0x08, 0x8f, 
    0x8b, 0x92, 0x88, 0x8e, 0x84, 0x08, 0x92, 0x84, 0x8b, 0x8b, 0x92, 0x8e, 
    0x08, 0xa0, 0x92, 0x81, 0x9d, 0x72, 0x8b, 0x08, 0x7d, 0x8b, 0x88, 0x8b, 
    0x8b, 0x87, 0x08, 0xae, 0x8b, 0x15, 0x8b, 0x88, 0x87, 0x8b, 0x84, 0x8e, 
    0x08, 0x88, 0x8f, 0x8b, 0x8b, 0x8e, 0x8b, 0x08, 0x8f, 0x8b, 0x8e, 0x8b, 
    0x8f, 0x87, 0x08, 0x4f, 0x76, 0x15, 0x8b, 0x8b, 0x8b, 0x88, 0x8f, 0x8b, 
    0x08, 0x8e, 0x8b, 0x8b, 0x8e, 0x8b, 0x8b, 0x08, 0x8b, 0x8f, 0x8b, 0x8e, 
    0x88, 0x8b, 0x08, 0x87, 0x8b, 0x8b, 0x88, 0x8b, 0x87, 0x08, 0xa0, 0x88, 
    0x15, 0x8b, 0x87, 0x8f, 0x8b, 0x8e, 0x8b, 0x08, 0x8b, 0x8b, 0x8f, 0x8b, 
    0x8b, 0x8f, 0x08, 0x8b, 0x8e, 0x87, 0x8b, 0x8b, 0x8b, 0x08, 0x88, 0x8b, 
    0x87, 0x8b, 0x8b, 0x88, 0x08, 0xb2, 0x80, 0x15, 0x8b, 0x84, 0x8b, 0x8b, 
    0x92, 0x8f, 0x08, 0x8e, 0x8e, 0x8f, 0x8f, 0x87, 0x8b, 0x08, 0x84, 0x8e, 
    0x88, 0x8b, 0x8b, 0x84, 0x08, 0x64, 0x81, 0x15, 0x88, 0x8b, 0x8e, 0x84, 
    0x8f, 0x8b, 0x08, 0x8e, 0x8b, 0x8b, 0x8e, 0x8b, 0x8b, 0x08, 0x8b, 0x92, 
    0x88, 0x8b, 0x87, 0x88, 0x08, 0x65, 0x61, 0x15, 0x8b, 0x8b, 0x8b, 0x87, 
    0x87, 0x8b, 0x08, 0x88, 0x8b, 0x8b, 0x8f, 0x8b, 0x8b, 0x08, 0x8b, 0x8e, 
    0x8b, 0x8f, 0x8e, 0x8b, 0x08, 0x8f, 0x8b, 0x8b, 0x87, 0x8b, 0x88, 0x08, 
    0x0e, 0xf8, 0xd5, 0xf7, 0x71, 0xf9, 0x41, 0x15, 0x7b, 0x7c, 0x8b, 0x87, 
    0x8f, 0x83, 0x08, 0x8f, 0x84, 0x8f, 0x8b, 0x97, 0x8b, 0x08, 0x96, 0x8b, 
    0x97, 0x87, 0x8b, 0x83, 0x08, 0x8b, 0x7c, 0x7b, 0x50, 0x84, 0x84, 0x08, 
    0x7f, 0x7b, 0x8f, 0x87, 0xb2, 0x8b, 0x08, 0xa2, 0x87, 0xa2, 0x8b, 0x8f, 
    0x88, 0x08, 0x93, 0x87, 0x8f, 0x8f, 0x92, 0x9e, 0x08, 0x93, 0x97, 0x97, 
    0x96, 0x96, 0x93, 0x08, 0xa6, 0x9e, 0x97, 0x8f, 0xa6, 0x8b, 0x08, 0x9b, 
    0x8b, 0x92, 0x8b, 0x8b, 0x8b, 0x08, 0x88, 0x8f, 0x8b, 0x8f, 0x87, 0x8b, 
    0x08, 0x7b, 0x8b, 0x8b, 0x8b, 0x8b, 0x93, 0x08, 0x8b, 0x8f, 0x8f, 0x8e, 
    0x8f, 0x8b, 0x08, 0x8f, 0x8f, 0x8f, 0x8f, 0x8b, 0x8f, 0x08, 0x8b, 0x97, 
    0x7b, 0x92, 0x6c, 0x8b, 0x08, 0x7c, 0x8f, 0x7b, 0x8b, 0x8b, 0x8b, 0x08, 
    0x8b, 0x8b, 0x83, 0x8b, 0x88, 0x8b, 0x08, 0x83, 0x8b, 0x83, 0x8f, 0x87, 
    0x8f, 0x08, 0x87, 0x8f, 0x84, 0x8f, 0x83, 0x87, 0x08, 0x83, 0x8b, 0x83, 
    0x8f, 0x7c, 0x92, 0x08, 0x70, 0x9f, 0x7f, 0x8b, 0x74, 0x77, 0x08, 0xd5, 
    0x70, 0x15, 0x8e, 0x87, 0x74, 0x84, 0x87, 0x8f, 0x08, 0x87, 0x8e, 0x97, 
    0x93, 0x93, 0x8b, 0x08, 0x8f, 0x8b, 0x8f, 0x8b, 0x8b, 0x87, 0x08, 0xf7, 
    0x17, 0x80, 0x15, 0x8f, 0x87, 0x8b, 0x8b, 0x83, 0x83, 0x08, 0x87, 0x80, 
    0x80, 0x8b, 0x8f, 0x92, 0x08, 0x8b, 0x8f, 0x8b, 0x8b, 0x7f, 0x87, 0x08, 
    0x87, 0x8b, 0x8b, 0x8b, 0x8f, 0x87, 0x08, 0x8f, 0x88, 0x8b, 0x8b, 0x87, 
    0x8b, 0x08, 0x87, 0x8b, 0x87, 0x8b, 0x8f, 0x87, 0x08, 0x8b, 0x87, 0x8b, 
    0x8b, 0x8f, 0x8b, 0x08, 0x8b, 0x8f, 0x93, 0x87, 0x8f, 0x87, 0x08, 0x8f, 
    0x87, 0x8b, 0x8b, 0x83, 0x8f, 0x08, 0x87, 0x8b, 0x83, 0x8b, 0x87, 0x87, 
    0x08, 0x84, 0x87, 0x87, 0x8b, 0x8b, 0x8f, 0x08, 0x8b, 0x8f, 0x7b, 0x8b, 
    0x8b, 0x87, 0x08, 0x8b, 0x87, 0x87, 0x8b, 0x87, 0x8b, 0x08, 0x84, 0x8b, 
    0x8b, 0x8f, 0x87, 0x97, 0x08, 0x87, 0x96, 0x87, 0x93, 0x87, 0x8f, 0x08, 
    0x8b, 0x8f, 0x87, 0x8f, 0x8b, 0x8b, 0x08, 0x8b, 0x8e, 0xe8, 0x8b, 0x8f, 
    0x84, 0x08, 0x45, 0x83, 0x15, 0x8b, 0x8b, 0x8f, 0x87, 0x8b, 0x8b, 0x08, 
    0x8f, 0x8b, 0x8b, 0x8f, 0x8b, 0x8b, 0x08, 0x8b, 0x8f, 0x8b, 0x8f, 0x87, 
    0x8b, 0x08, 0x8b, 0x8b, 0x87, 0x87, 0x8b, 0x87, 0x08, 0x4a, 0x8b, 0x15, 
    0x8f, 0x8b, 0x8b, 0x83, 0x87, 0x80, 0x08, 0x87, 0x7f, 0x87, 0x83, 0x8f, 
    0x8b, 0x08, 0x8b, 0x8b, 0x8b, 0x8b, 0x87, 0x87, 0x08, 0x8b, 0x8b, 0x87, 
    0x80, 0x8b, 0x83, 0x08, 0x8b, 0x7f, 0x87, 0x84, 0x87, 0x8b, 0x08, 0x8b, 
    0x8b, 0x87, 0x8b, 0x8b, 0x87, 0x08, 0x8b, 0x87, 0x88, 0x8b, 0x87, 0x8b, 
    0x08, 0x83, 0x8b, 0x87, 0x8b, 0x8b, 0x8f, 0x08, 0x87, 0x8f, 0x8f, 0x8b, 
    0x93, 0x8b, 0x08, 0x93, 0x8b, 0x8b, 0x8b, 0x87, 0x8f, 0x08, 0x87, 0x8e, 
    0x8b, 0x8f, 0x8f, 0xa6, 0x08, 0x96, 0xba, 0x8f, 0x8f, 0x9b, 0x83, 0x08, 
    0xd8, 0x7c, 0x15, 0x8f, 0x8b, 0x93, 0x8b, 0x8b, 0x8b, 0x08, 0x8f, 0x8e, 
    0x87, 0x8b, 0x87, 0x8b, 0x08, 0x83, 0x8b, 0x87, 0x8b, 0x8f, 0x88, 0x08, 
    0x93, 0x73, 0x15, 0x8b, 0x8b, 0x8b, 0x87, 0x87, 0x8b, 0x08, 0x87, 0x8b, 
    0x8b, 0x8f, 0x8b, 0x8b, 0x08, 0x8b, 0x8f, 0x8b, 0x8f, 0x8f, 0x8b, 0x08, 
    0x8f, 0x8b, 0x8b, 0x87, 0x8b, 0x87, 0x08, 0x68, 0x78, 0x15, 0x83, 0x7b, 
    0x80, 0x88, 0x8b, 0x96, 0x08, 0x8b, 0x8f, 0x8f, 0x8b, 0x8b, 0x8b, 0x08, 
    0x8e, 0x87, 0x8f, 0x8f, 0x8f, 0x8b, 0x08, 0x8b, 0x8f, 0x87, 0x8b, 0x87, 
    0x8b, 0x08, 0x84, 0x8b, 0x8f, 0x93, 0x96, 0x8f, 0x08, 0x97, 0x8e, 0x8b, 
    0x8b, 0x83, 0x7c, 0x08, 0xc1, 0x97, 0x15, 0x68, 0x7f, 0x70, 0x68, 0x8b, 
    0x6c, 0x08, 0x8b, 0x83, 0x8b, 0x87, 0x8f, 0x8f, 0x08, 0x8b, 0x97, 0x93, 
    0x87, 0x8f, 0x83, 0x08, 0x8b, 0x87, 0x92, 0x88, 0xa7, 0x83, 0x08, 0x9a, 
    0x87, 0x9e, 0x87, 0x8f, 0x8f, 0x08, 0x93, 0x8b, 0x8b, 0x8b, 0x8b, 0x64, 
    0x08, 0x8b, 0x5d, 0x8b, 0x8b, 0xa6, 0x8b, 0x08, 0x93, 0x8b, 0x05, 0x8b, 
    0xe0, 0x05, 0x8b, 0xb9, 0x8b, 0xb6, 0x8b, 0x8b, 0x08, 0x8b, 0x8f, 0x8f, 
    0x8b, 0x8f, 0x87, 0x08, 0x8f, 0x87, 0x8e, 0x87, 0x8b, 0x87, 0x08, 0x88, 
    0x8b, 0x92, 0x80, 0x93, 0x83, 0x08, 0x97, 0x7f, 0x96, 0x80, 0x8f, 0x7f, 
    0x08, 0x8b, 0x83, 0x93, 0x80, 0x8b, 0x87, 0x08, 0x8f, 0x87, 0x8b, 0x83, 
    0x8b, 0x84, 0x08, 0x8b, 0x77, 0x8f, 0x93, 0x8f, 0xaa, 0x08, 0x8e, 0xa2, 
    0x8b, 0x8f, 0x88, 0x97, 0x08, 0x7f, 0xa2, 0x74, 0xa2, 0x73, 0x97, 0x08, 
    0x70, 0x96, 0x70, 0x8f, 0x6c, 0x84, 0x08, 0xb6, 0x7f, 0x15, 0x8b, 0x87, 
    0x8f, 0x8b, 0x8f, 0x8b, 0x08, 0x92, 0x8b, 0x8f, 0x87, 0x8b, 0x87, 0x08, 
    0x8b, 0x87, 0x83, 0x8b, 0x78, 0x93, 0x08, 0x78, 0x93, 0x8b, 0x8f, 0x9a, 
    0x8b, 0x08, 0x93, 0x8b, 0x8f, 0x8b, 0x8b, 0x87, 0x08, 0x51, 0x7f, 0x15, 
    0x8b, 0x87, 0x87, 0x8b, 0x87, 0x8b, 0x08, 0x87, 0x8b, 0x8b, 0x8b, 0x8f, 
    0x8f, 0x08, 0x93, 0x8f, 0x8b, 0x8b, 0x8b, 0x87, 0x08, 0x96, 0x7c, 0x15, 
    0x93, 0x83, 0x87, 0x87, 0x83, 0x8f, 0x08, 0x88, 0x8f, 0x83, 0x8b, 0x87, 
    0x8b, 0x08, 0x87, 0x8b, 0x87, 0x8b, 0x8b, 0x8f, 0x08, 0x8f, 0x8f, 0x9b, 
    0x8b, 0x92, 0x87, 0x08, 0xa6, 0x7b, 0x15, 0x8f, 0x8b, 0x8f, 0x87, 0x8b, 
    0x80, 0x08, 0x8f, 0x7f, 0x87, 0x8b, 0x78, 0x8f, 0x08, 0x7f, 0x8f, 0x87, 
    0x8f, 0x8b, 0x8f, 0x08, 0x8b, 0x8f, 0x8f, 0x92, 0x8f, 0x8b, 0x08, 0x93, 
    0x8f, 0x8b, 0x8b, 0x96, 0x87, 0x08, 0xfb, 0x61, 0x7c, 0x15, 0x87, 0x83, 
    0x93, 0x8b, 0x8f, 0x8f, 0x08, 0x8f, 0x8f, 0x8b, 0x8f, 0x87, 0x8b, 0x08, 
    0x8b, 0x8b, 0x87, 0x8b, 0x87, 0x87, 0x08, 0x83, 0x7f, 0x15, 0x88, 0x87, 
    0x8b, 0x8b, 0x8e, 0x8b, 0x08, 0x8f, 0x8b, 0x8b, 0x8b, 0x8b, 0x8f, 0x08, 
    0x8b, 0x8f, 0x8b, 0x8b, 0x8b, 0x8b, 0x08, 0x87, 0x8b, 0x8b, 0x8b, 0x8b, 
    0x87, 0x08, 0xf7, 0x05, 0x80, 0x15, 0x8b, 0x77, 0x93, 0x6c, 0x96, 0x7c, 
    0x08, 0x9b, 0x77, 0xa2, 0x7c, 0xaa, 0x7f, 0x08, 0x9e, 0x87, 0x05, 0x8b, 
    0x70, 0x05, 0x87, 0x68, 0x80, 0x5d, 0x87, 0x83, 0x08, 0x87, 0x8b, 0x8b, 
    0x8f, 0x8b, 0x93, 0x08, 0x8f, 0x9a, 0x83, 0x8f, 0x78, 0x93, 0x08, 0x7f, 
    0x8f, 0x7f, 0x8f, 0x88, 0x92, 0x08, 0x7f, 0x97, 0x8f, 0x8b, 0xa2, 0x7c, 
    0x08, 0x9e, 0x83, 0x97, 0x8b, 0x93, 0x93, 0x08, 0x8f, 0x92, 0x8b, 0x8b, 
    0x87, 0x93, 0x08, 0x83, 0x97, 0x8b, 0x92, 0x8b, 0x97, 0x08, 0x8b, 0x8f, 
    0x87, 0x8f, 0x83, 0x8b, 0x08, 0x84, 0x8b, 0x87, 0x83, 0x93, 0x8b, 0x08, 
    0x8e, 0x87, 0x8b, 0x8b, 0x88, 0x83, 0x08, 0x87, 0x88, 0x8b, 0x8b, 0x8b, 
    0x8e, 0x08, 0x8b, 0x93, 0x8b, 0x8b, 0x87, 0x87, 0x08, 0x87, 0x87, 0x7b, 
    0x84, 0x84, 0x8b, 0x08, 0x87, 0x8b, 0x87, 0x8f, 0x8b, 0x92, 0x08, 0x87, 
    0x93, 0x8b, 0x8f, 0x87, 0x8b, 0x08, 0x87, 0x87, 0x3a, 0x9e, 0x8b, 0x93, 
    0x08, 0x8b, 0x8b, 0x8f, 0x93, 0x8f, 0x93, 0x08, 0x8b, 0x92, 0x8f, 0x9f, 
    0x8b, 0x9a, 0x08, 0x8f, 0x9f, 0x8b, 0x8e, 0x87, 0x80, 0x08, 0x7f, 0x70, 
    0x74, 0x4d, 0x87, 0x8b, 0x08, 0x83, 0x8b, 0x87, 0xa2, 0x8f, 0x97, 0x08, 
    0x8b, 0x8b, 0x8f, 0x92, 0x8b, 0x93, 0x08, 0x8b, 0x9e, 0x83, 0x84, 0x87, 
    0x77, 0x08, 0x8b, 0x78, 0x05, 0x7c, 0x8b, 0x05, 0x7f, 0x8f, 0x80, 0x8b, 
    0x7f, 0x8f, 0x08, 0x7c, 0x8b, 0x8b, 0x8f, 0x8b, 0x92, 0x08, 0x8b, 0x97, 
    0x92, 0x97, 0x93, 0x8e, 0x08, 0x93, 0x8b, 0x8b, 0x8b, 0x87, 0x8f, 0x08, 
    0x83, 0x8f, 0x8b, 0x8b, 0xa2, 0xa2, 0x08, 0x97, 0x97, 0x97, 0x97, 0x8b, 
    0x8b, 0x08, 0x8b, 0x87, 0x87, 0x87, 0x87, 0x87, 0x08, 0x83, 0x7f, 0x7c, 
    0x74, 0x8b, 0x8b, 0x08, 0x8b, 0x87, 0x8f, 0x8b, 0x92, 0x8b, 0x08, 0x8f, 
    0x8b, 0x8f, 0x8f, 0x8b, 0x8f, 0x08, 0x87, 0x8f, 0x93, 0x97, 0x93, 0x92, 
    0x08, 0x8f, 0x97, 0x92, 0x93, 0x8b, 0x8b, 0x08, 0x8b, 0x8b, 0x87, 0x8f, 
    0x84, 0x8b, 0x08, 0x83, 0x8b, 0x83, 0x87, 0x78, 0x73, 0x08, 0x7f, 0x80, 
    0x80, 0x7b, 0x87, 0x84, 0x08, 0x8b, 0x87, 0x87, 0x83, 0x87, 0x87, 0x08, 
    0x87, 0x8b, 0x87, 0x83, 0x87, 0x84, 0x08, 0x84, 0x7b, 0x05, 0x83, 0x93, 
    0x05, 0x83, 0x93, 0x8b, 0x8b, 0x8f, 0x92, 0x08, 0x93, 0x93, 0x96, 0xa2, 
    0x88, 0x8b, 0x08, 0x83, 0x8b, 0x83, 0x84, 0x7f, 0x77, 0x08, 0x84, 0x80, 
    0x83, 0x83, 0x8b, 0x87, 0x08, 0x8b, 0x8b, 0x8f, 0x83, 0x8f, 0x87, 0x08, 
    0x96, 0x7c, 0x05, 0x7c, 0x8b, 0x05, 0x7b, 0x8b, 0x05, 0x80, 0x70, 0x05, 
    0x7f, 0x6c, 0x05, 0x93, 0x7f, 0x05, 0x93, 0x80, 0x8b, 0x8b, 0x83, 0x83, 
    0x08, 0x87, 0x8b, 0x87, 0x87, 0x87, 0x8b, 0x08, 0x8b, 0x8b, 0x87, 0x7f, 
    0x8b, 0x7c, 0x08, 0x87, 0x70, 0x8b, 0x8b, 0x97, 0x7f, 0x08, 0x93, 0x80, 
    0x05, 0x83, 0x83, 0x05, 0x83, 0x7f, 0x8b, 0x8b, 0x8f, 0x74, 0x08, 0x8f, 
    0x7b, 0x8f, 0x84, 0x93, 0x83, 0x08, 0x9a, 0x83, 0x8b, 0x87, 0x83, 0x84, 
    0x08, 0x88, 0x7f, 0x8b, 0x8b, 0x96, 0x70, 0x08, 0x93, 0x7f, 0x8f, 0x7c, 
    0x8f, 0x87, 0x08, 0x8f, 0x83, 0xef, 0x70, 0xa2, 0x8b, 0x08, 0x93, 0x8b, 
    0x9b, 0x93, 0x96, 0x96, 0x08, 0xa3, 0x9b, 0x92, 0x93, 0x8b, 0x92, 0x08, 
    0x8b, 0x97, 0x8f, 0x8f, 0x9b, 0x8b, 0x08, 0x9e, 0x93, 0xa6, 0xaa, 0x83, 
    0x8e, 0x08, 0x80, 0x93, 0x96, 0x9b, 0x9b, 0x8f, 0x08, 0x96, 0x8e, 0x93, 
    0x8f, 0x8b, 0x87, 0x08, 0x8b, 0x8b, 0x83, 0x78, 0x84, 0x78, 0x08, 0x7f, 
    0x73, 0x83, 0x78, 0x8f, 0x8b, 0x08, 0x8b, 0x87, 0x8f, 0x8b, 0x93, 0x8b, 
    0x08, 0x93, 0x8b, 0x8e, 0x8f, 0x9b, 0xa6, 0x08, 0xb2, 0xe8, 0xaa, 0xe8, 
    0x96, 0xcd, 0x08, 0x93, 0xb2, 0x8f, 0x96, 0x93, 0x8b, 0x08, 0x92, 0x8b, 
    0xa7, 0x9b, 0x9a, 0x96, 0x08, 0x97, 0x97, 0x9a, 0xa2, 0x87, 0x8f, 0x08, 
    0x87, 0x8b, 0x8b, 0x8b, 0x8b, 0x87, 0x08, 0x8b, 0x83, 0x70, 0x70, 0x80, 
    0x84, 0x08, 0x73, 0x7f, 0x74, 0x8b, 0x68, 0x93, 0x08, 0x7c, 0x8f, 0x7b, 
    0x8f, 0x8b, 0x8b, 0x08, 0x8b, 0x8e, 0x87, 0x8b, 0x88, 0x8b, 0x08, 0x7b, 
    0x8b, 0x6c, 0xb2, 0x83, 0xae, 0x08, 0x84, 0xa2, 0x87, 0x8f, 0x8b, 0x7c, 
    0x08, 0xf7, 0x5d, 0x54, 0x15, 0x8b, 0x8b, 0x87, 0x84, 0x84, 0x83, 0x08, 
    0x7f, 0x7b, 0x93, 0x8b, 0x9a, 0x9b, 0x08, 0x93, 0x93, 0x8b, 0x8e, 0x87, 
    0x8f, 0x08, 0x87, 0x8f, 0x8b, 0x8b, 0x8b, 0x87, 0x08, 0xfb, 0x2f, 0x59, 
    0x15, 0x8b, 0x87, 0x8b, 0x87, 0x8f, 0x87, 0x08, 0x93, 0x88, 0x8b, 0x92, 
    0x87, 0x93, 0x08, 0x83, 0x8f, 0x8b, 0x8b, 0x8b, 0x87, 0x08, 0xfb, 0x8f, 
    0x78, 0x15, 0x8b, 0x87, 0x87, 0x8b, 0x8b, 0x8b, 0x08, 0x87, 0x8b, 0x87, 
    0x8b, 0x8f, 0x8f, 0x08, 0x8b, 0x8f, 0x8b, 0x8b, 0x8f, 0x8b, 0x08, 0x8b, 
    0x8b, 0x8b, 0x8b, 0x8f, 0x87, 0x08, 0xd4, 0x83, 0x15, 0x9e, 0x87, 0x9b, 
    0x8b, 0x8b, 0x87, 0x08, 0x8b, 0x8b, 0x8b, 0x87, 0x8b, 0x87, 0x08, 0x87, 
    0x80, 0x83, 0x8b, 0x8b, 0x96, 0x08, 0x8b, 0x93, 0x8b, 0x8b, 0x80, 0x87, 
    0x08, 0x83, 0x8b, 0x83, 0x87, 0x8b, 0x88, 0x08, 0x87, 0x8b, 0x87, 0x87, 
    0x88, 0x8f, 0x08, 0x8b, 0x8b, 0x87, 0x8b, 0x8b, 0x87, 0x08, 0x8b, 0x87, 
    0x8b, 0x8b, 0x8f, 0x8b, 0x08, 0x92, 0x8b, 0x87, 0x7f, 0x80, 0x87, 0x08, 
    0x87, 0x87, 0x7f, 0x88, 0x84, 0x87, 0x08, 0x7b, 0x83, 0x78, 0x93, 0x87, 
    0x96, 0x08, 0x87, 0x93, 0x8b, 0x8f, 0x8f, 0x93, 0x08, 0x8f, 0x8f, 0x8f, 
    0x8e, 0x87, 0x8f, 0x08, 0x8b, 0x93, 0x8b, 0x8b, 0xa2, 0x8b, 0x08, 0x97, 
    0x87, 0x96, 0x8f, 0x8b, 0x8b, 0x08, 0x8b, 0x8f, 0x87, 0x8b, 0x84, 0x8b, 
    0x08, 0x7f, 0x8b, 0x05, 0x97, 0x8f, 0x05, 0x92, 0x8b, 0x93, 0x8f, 0x8b, 
    0x8b, 0x08, 0x8b, 0x8b, 0x9b, 0x87, 0x9a, 0x87, 0x08, 0xf7, 0x46, 0x8b, 
    0x15, 0x8b, 0x8b, 0x87, 0x87, 0x8f, 0x87, 0x08, 0x8f, 0x87, 0x8b, 0x8b, 
    0x8b, 0x93, 0x08, 0x8f, 0x93, 0x8b, 0x8b, 0x83, 0x87, 0x08, 0x23, 0x7b, 
    0x15, 0xb9, 0x84, 0xae, 0x7f, 0x8b, 0x83, 0x08, 0x8b, 0x87, 0x83, 0x8b, 
    0x74, 0x93, 0x08, 0x83, 0x8b, 0x8b, 0x8b, 0x8b, 0x87, 0x08, 0x8f, 0x87, 
    0x8b, 0x88, 0x87, 0x8b, 0x08, 0x87, 0x87, 0x8f, 0x8b, 0x8f, 0x8f, 0x08, 
    0x93, 0x8b, 0x8f, 0x8b, 0x8b, 0x87, 0x08, 0x87, 0x87, 0x8b, 0x8b, 0x93, 
    0x8f, 0x08, 0x8f, 0x8b, 0x8b, 0x8b, 0x87, 0x83, 0x08, 0x83, 0x83, 0x7f, 
    0x8b, 0x93, 0x93, 0x08, 0x8b, 0x8f, 0x87, 0x8b, 0x8b, 0x87, 0x08, 0x87, 
    0x8b, 0x87, 0x8b, 0x8b, 0x8f, 0x08, 0x88, 0x8f, 0x87, 0x8b, 0x87, 0x8b, 
    0x08, 0x83, 0x8b, 0x87, 0x8f, 0x87, 0x8e, 0x08, 0x84, 0x8b, 0x8b, 0x8f, 
    0x8e, 0x8b, 0x08, 0x93, 0x8b, 0x87, 0x8f, 0x80, 0x93, 0x08, 0x7f, 0x8f, 
    0x83, 0x8b, 0x8b, 0x87, 0x08, 0x8b, 0x87, 0x8b, 0x8b, 0x87, 0x8b, 0x08, 
    0x8b, 0x8b, 0x88, 0x8f, 0x8b, 0x8f, 0x08, 0x8e, 0x8f, 0x88, 0x8f, 0x87, 
    0x8e, 0x08, 0x87, 0x8f, 0x87, 0x93, 0x93, 0x8b, 0x08, 0x8b, 0x87, 0x9a, 
    0x87, 0x9b, 0x87, 0x08, 0xfb, 0x37, 0x69, 0x15, 0x8f, 0x8b, 0x8b, 0x87, 
    0x87, 0x8b, 0x08, 0x87, 0x8b, 0x8b, 0x8f, 0x8b, 0x8b, 0x08, 0x8b, 0x8e, 
    0x8b, 0x8f, 0x8b, 0x8b, 0x08, 0x8f, 0x8b, 0x8b, 0x87, 0x8b, 0x88, 0x08, 
    0xf7, 0x27, 0x8b, 0x15, 0x8f, 0x8b, 0x8b, 0x87, 0x87, 0x8b, 0x08, 0x8b, 
    0x8b, 0x87, 0x8f, 0x87, 0x8b, 0x08, 0x88, 0x8e, 0x8b, 0x8f, 0x8e, 0x8b, 
    0x08, 0x8b, 0x8b, 0x8f, 0x87, 0x8f, 0x88, 0x08, 0x32, 0x83, 0x15, 0x87, 
    0x8b, 0x8b, 0x8b, 0x87, 0x8b, 0x08, 0x87, 0x8f, 0x8b, 0x8b, 0x8f, 0x8b, 
    0x08, 0x8f, 0x8b, 0x8f, 0x8b, 0x8b, 0x87, 0x08, 0xf7, 0x10, 0x7f, 0x15, 
    0x93, 0x8b, 0x8f, 0x8b, 0x87, 0x87, 0x08, 0x87, 0x8b, 0x87, 0x87, 0x8f, 
    0x8b, 0x08, 0x8b, 0x84, 0x87, 0x8f, 0x83, 0x8e, 0x08, 0x7c, 0x8f, 0x83, 
    0x97, 0x9b, 0x87, 0x08, 0x8b, 0x87, 0x96, 0x8b, 0x8f, 0x8b, 0x08, 0xfb, 
    0x1f, 0x74, 0x15, 0x92, 0x87, 0x97, 0x8b, 0x93, 0x8b, 0x08, 0x9a, 0x87, 
    0x8b, 0x87, 0x7c, 0x87, 0x08, 0x7f, 0x84, 0x5d, 0x9a, 0x8b, 0x93, 0x08, 
    0x8b, 0x8f, 0x96, 0x8b, 0x9f, 0x87, 0x08, 0xf7, 0x00, 0x74, 0x15, 0x9e, 
    0x87, 0x9f, 0x83, 0x8b, 0x8b, 0x08, 0x8f, 0x87, 0x8f, 0x8b, 0x92, 0x8b, 
    0x08, 0x93, 0x8b, 0x8b, 0x87, 0x8b, 0x84, 0x08, 0x8b, 0x83, 0x8b, 0x8b, 
    0x83, 0x8b, 0x08, 0x87, 0x8f, 0x74, 0x8f, 0x74, 0x92, 0x08, 0x64, 0x97, 
    0x7c, 0x93, 0x8b, 0x92, 0x08, 0x8b, 0x8f, 0x8f, 0x8b, 0x8e, 0x8b, 0x08, 
    0x8f, 0x87, 0x9f, 0x88, 0x9e, 0x87, 0x08, 0xf7, 0x10, 0x68, 0x15, 0x9e, 
    0x93, 0x8f, 0x87, 0x83, 0x7b, 0x08, 0x88, 0x7c, 0x8b, 0x8b, 0x83, 0x8f, 
    0x08, 0x87, 0x8f, 0x83, 0x8e, 0x80, 0x8f, 0x08, 0x7b, 0x8f, 0x7c, 0x97, 
    0x8b, 0x92, 0x08, 0x8b, 0x8f, 0x92, 0x87, 0x97, 0x84, 0x08, 0x9e, 0x83, 
    0x8f, 0x8b, 0x93, 0x8f, 0x08, 0xfb, 0x88, 0x60, 0x15, 0x8b, 0x87, 0x93, 
    0x8b, 0x92, 0x8b, 0x08, 0x97, 0x8b, 0x8f, 0x88, 0x7f, 0x87, 0x08, 0x84, 
    0x87, 0x7f, 0x8b, 0x78, 0x93, 0x08, 0x7b, 0x8e, 0x87, 0x8f, 0x8f, 0x8f, 
    0x08, 0x8f, 0x93, 0x8f, 0x8b, 0x97, 0x87, 0x08, 0x92, 0x87, 0x93, 0x87, 
    0x8b, 0x8b, 0x08, 0xdc, 0x78, 0x15, 0x97, 0x87, 0x9a, 0x8b, 0x93, 0x87, 
    0x08, 0x93, 0x8b, 0x8f, 0x87, 0x8b, 0x8b, 0x08, 0x8b, 0x87, 0x8b, 0x8b, 
    0x8f, 0x8b, 0x08, 0x8b, 0x8f, 0x8f, 0x87, 0x8e, 0x8b, 0x08, 0x8f, 0x88, 
    0x8b, 0x8b, 0x87, 0x87, 0x08, 0x8b, 0x87, 0x7c, 0x8f, 0x6c, 0x92, 0x08, 
    0x68, 0x93, 0x7f, 0x8f, 0x8b, 0x8f, 0x08, 0x8b, 0x93, 0x8b, 0x8b, 0x93, 
    0x8b, 0x08, 0x8f, 0x87, 0x97, 0x87, 0x96, 0x8b, 0x08, 0xe8, 0x68, 0x15, 
    0x8b, 0x87, 0x80, 0x93, 0x8b, 0x8f, 0x08, 0x8b, 0x8f, 0x8f, 0x87, 0x8e, 
    0x8b, 0x08, 0x8f, 0x87, 0x8f, 0x87, 0x87, 0x8b, 0x08, 0x9b, 0x87, 0x15, 
    0x8b, 0x8b, 0x83, 0x8b, 0x8b, 0x8b, 0x08, 0x87, 0x8f, 0x8f, 0x8b, 0x8f, 
    0x8b, 0x08, 0x8f, 0x8b, 0x8f, 0x8b, 0x87, 0x87, 0x08, 0xfb, 0x52, 0x6c, 
    0x15, 0x93, 0x83, 0x7b, 0x8f, 0x80, 0x93, 0x08, 0x7f, 0x8f, 0x05, 0x9b, 
    0x87, 0x05, 0x92, 0x8b, 0x93, 0x87, 0x8b, 0x8b, 0x08, 0xcd, 0x7c, 0x15, 
    0x9a, 0x87, 0x93, 0x87, 0x87, 0x8b, 0x08, 0x80, 0x8b, 0x64, 0x93, 0x8b, 
    0x8f, 0x08, 0x8b, 0x8e, 0x8f, 0x8b, 0xa6, 0x84, 0x08, 0x0e, 0xf9, 0xf0, 
    0xf7, 0x2c, 0xf9, 0x4e, 0x15, 0x8a, 0x8a, 0x88, 0x8b, 0x7e, 0x8b, 0x08, 
    0x81, 0x8b, 0x85, 0x8b, 0x8a, 0x89, 0x08, 0x8a, 0x89, 0x8a, 0x69, 0x8d, 
    0x87, 0x08, 0x8b, 0x8a, 0x8c, 0x87, 0x8b, 0x8a, 0x08, 0x8c, 0x88, 0x05, 
    0x66, 0x8b, 0x05, 0x66, 0x8b, 0x8b, 0x8b, 0x7d, 0x86, 0x08, 0x8a, 0x8a, 
    0x88, 0x88, 0x88, 0x87, 0x08, 0x88, 0x85, 0x05, 0x8b, 0x2f, 0x05, 0x8c, 
    0x47, 0x8b, 0x73, 0x8a, 0x8b, 0x08, 0x8a, 0x8a, 0x8b, 0x4c, 0x8c, 0x8b, 
    0x08, 0x8b, 0x8b, 0x8c, 0x82, 0x8c, 0x80, 0x08, 0x8b, 0x79, 0x8b, 0x8a, 
    0x8f, 0x87, 0x08, 0x8e, 0x88, 0x8f, 0x88, 0x90, 0x8a, 0x08, 0x8e, 0x8a, 
    0x8d, 0x8b, 0x8d, 0x8a, 0x08, 0x8e, 0x8a, 0x8b, 0x8b, 0x84, 0x88, 0x08, 
    0x83, 0x88, 0x86, 0x89, 0x85, 0x86, 0x08, 0x89, 0x89, 0x05, 0x8b, 0xfb, 
    0x1e, 0x05, 0x8b, 0xfb, 0x10, 0x8b, 0x7d, 0x8d, 0x85, 0x08, 0x8f, 0x7d, 
    0x8d, 0x85, 0x8e, 0x87, 0x08, 0x8e, 0x86, 0x05, 0x98, 0x8b, 0x05, 0x93, 
    0x8b, 0x90, 0x8c, 0x8f, 0x8b, 0x08, 0x95, 0x90, 0x91, 0x8c, 0x8c, 0x8a, 
    0x08, 0x8b, 0x8a, 0xf7, 0x0e, 0x8b, 0x8e, 0x8c, 0x08, 0x8e, 0x8c, 0x8e, 
    0x8b, 0x98, 0x85, 0x08, 0x8e, 0x8a, 0xae, 0x8b, 0xf7, 0x36, 0x8b, 0x08, 
    0xf7, 0x57, 0x8b, 0x05, 0x91, 0x8e, 0x05, 0x91, 0x8f, 0x05, 0xc9, 0x8b, 
    0x05, 0xb0, 0x8b, 0xa6, 0x8b, 0x8c, 0x8a, 0x08, 0x8e, 0x88, 0x97, 0x88, 
    0x96, 0x8b, 0x08, 0x94, 0x8b, 0x8c, 0x8b, 0x90, 0x8e, 0x08, 0x8d, 0x8e, 
    0x90, 0x8d, 0x8e, 0x8c, 0x08, 0x8f, 0x8c, 0x8d, 0x8d, 0x8b, 0x8c, 0x08, 
    0x8b, 0x8b, 0x8c, 0x8d, 0x8c, 0x8d, 0x08, 0x8d, 0x8f, 0x8c, 0x92, 0x8b, 
    0xdc, 0x08, 0x8b, 0xe3, 0x05, 0x90, 0x91, 0x05, 0x8e, 0x8d, 0x8d, 0x8f, 
    0x8b, 0x8c, 0x08, 0x8b, 0x8f, 0x8a, 0x8e, 0x86, 0x8d, 0x08, 0x87, 0x8d, 
    0x05, 0x8b, 0xaf, 0x05, 0x8b, 0xae, 0x05, 0x8e, 0x8f, 0x05, 0x8f, 0x8e, 
    0x89, 0x8d, 0x86, 0x8a, 0x08, 0x85, 0x8b, 0x4c, 0x83, 0x80, 0x8a, 0x08, 
    0x84, 0x8a, 0x87, 0x8b, 0x8f, 0x8c, 0x08, 0x8d, 0x8c, 0xa1, 0x8f, 0x94, 
    0x8c, 0x08, 0x8e, 0x8b, 0x92, 0x8c, 0x8f, 0x8b, 0x08, 0x90, 0x8c, 0x91, 
    0x8b, 0x8d, 0x8b, 0x08, 0x8f, 0x8c, 0x91, 0x8b, 0x91, 0x8c, 0x08, 0x96, 
    0x8b, 0x05, 0x8b, 0x92, 0x05, 0x8b, 0x95, 0x88, 0x8d, 0x80, 0x8e, 0x08, 
    0x85, 0x8d, 0x88, 0x8c, 0x8b, 0x8b, 0x08, 0x8b, 0x8b, 0x8e, 0x8d, 0x91, 
    0x8c, 0x08, 0x93, 0x8f, 0x8c, 0x8b, 0x8d, 0x8f, 0x08, 0x8e, 0x8f, 0x8b, 
    0x8d, 0x8b, 0x99, 0x08, 0x8b, 0x9b, 0x05, 0x8f, 0x90, 0x05, 0x8e, 0x8d, 
    0x8d, 0x8d, 0x8b, 0x8d, 0x08, 0x8c, 0x8d, 0x8c, 0x8d, 0x8c, 0x8e, 0x08, 
    0x8e, 0x8e, 0x8b, 0x8d, 0x8b, 0x96, 0x08, 0x8a, 0x93, 0x8b, 0x93, 0x89, 
    0x8d, 0x08, 0x88, 0x97, 0x87, 0x98, 0x89, 0x8e, 0x08, 0x8a, 0x8d, 0x8b, 
    0x91, 0x8b, 0x95, 0x08, 0x8b, 0x94, 0x8b, 0x91, 0x8a, 0x8b, 0x08, 0x8a, 
    0x8c, 0x8b, 0xa1, 0x8b, 0xb3, 0x08, 0x8b, 0xc9, 0x05, 0x8f, 0x8e, 0x05, 
    0x92, 0x90, 0x8c, 0x8d, 0x87, 0x8e, 0x08, 0x88, 0x8c, 0x8a, 0x8b, 0x89, 
    0x8a, 0x08, 0x89, 0x89, 0x8b, 0x8b, 0x8b, 0x90, 0x08, 0x8b, 0x90, 0x86, 
    0x95, 0x89, 0x8b, 0x08, 0x8a, 0x8b, 0x89, 0x8c, 0x89, 0x8b, 0x08, 0x82, 
    0x91, 0x79, 0x8c, 0x84, 0x88, 0x08, 0x88, 0x8a, 0x89, 0x8b, 0x85, 0x8b, 
    0x08, 0x86, 0x8c, 0x71, 0x8a, 0x6e, 0x8b, 0x08, 0x56, 0x89, 0x05, 0x86, 
    0x8e, 0x05, 0x85, 0x8d, 0x89, 0x8b, 0x71, 0x8b, 0x08, 0x4e, 0x8a, 0xfb, 
    0x52, 0x89, 0x85, 0x8c, 0x08, 0x85, 0x8b, 0x05, 0x8d, 0x8d, 0x05, 0x8e, 
    0x8c, 0x8c, 0x8d, 0x8b, 0x8f, 0x08, 0x8c, 0x90, 0x8b, 0x8b, 0x92, 0x8c, 
    0x08, 0x95, 0x8d, 0x90, 0x8c, 0x8d, 0x8e, 0x08, 0x93, 0x90, 0x84, 0x8e, 
    0x79, 0x8b, 0x08, 0x64, 0x8b, 0xfb, 0x06, 0x7a, 0x6f, 0x82, 0x08, 0x7b, 
    0x87, 0x77, 0x7f, 0x88, 0x85, 0x08, 0x8a, 0x8a, 0x82, 0x85, 0x8b, 0x8c, 
    0x08, 0x8b, 0x8b, 0x8f, 0x8f, 0x8e, 0x8f, 0x08, 0x8f, 0x90, 0x8d, 0x8d, 
    0x89, 0x8b, 0x08, 0x87, 0x8a, 0x7a, 0x8a, 0x78, 0x8b, 0x08, 0x6c, 0x8b, 
    0x87, 0x8b, 0x89, 0x8d, 0x08, 0x8b, 0x8d, 0x91, 0x8d, 0x90, 0x8a, 0x08, 
    0x8d, 0x8b, 0x8d, 0x8b, 0x8b, 0x8c, 0x08, 0x8d, 0x8b, 0x95, 0x8c, 0x98, 
    0x8b, 0x08, 0x96, 0x8b, 0x96, 0x8b, 0x8d, 0x8b, 0x08, 0x8c, 0x8b, 0x8f, 
    0x8b, 0x8f, 0x8b, 0x08, 0x92, 0x8a, 0x05, 0x8b, 0x91, 0x05, 0x8d, 0x8d, 
    0x8b, 0x95, 0x8b, 0x95, 0x08, 0x8b, 0xa4, 0x8b, 0x8e, 0x8f, 0x8d, 0x08, 
    0x8d, 0x8c, 0x8b, 0x8b, 0x89, 0x8b, 0x08, 0x89, 0x8b, 0x8a, 0x8a, 0x8b, 
    0x8a, 0x08, 0x90, 0x8a, 0x15, 0x8a, 0x89, 0x8b, 0x8b, 0x8e, 0x8b, 0x08, 
    0x8c, 0x8b, 0x8c, 0x8b, 0x8c, 0x8a, 0x08, 0x8b, 0x8a, 0x8a, 0x8b, 0x8b, 
    0x8b, 0x08, 0x89, 0x8b, 0x88, 0x86, 0x8c, 0x89, 0x08, 0x8b, 0x8b, 0x8d, 
    0x8a, 0x8b, 0x8c, 0x08, 0x8c, 0x8b, 0x8c, 0x8a, 0x8c, 0x8b, 0x08, 0x8c, 
    0x89, 0x8b, 0x8b, 0x8a, 0x8b, 0x08, 0x8b, 0x8b, 0x8a, 0x89, 0x8b, 0x8a, 
    0x08, 0x8b, 0x8b, 0x8b, 0x8a, 0x8c, 0x8b, 0x08, 0x8c, 0x8b, 0x8b, 0x80, 
    0x89, 0x88, 0x08, 0x8b, 0x8a, 0x8b, 0x89, 0x8b, 0x8a, 0x08, 0x8b, 0x88, 
    0x8b, 0x8a, 0x89, 0x8a, 0x08, 0x89, 0x8a, 0x8a, 0x8a, 0x8b, 0x89, 0x08, 
    0x8b, 0x8b, 0x8b, 0x8a, 0x8c, 0x8b, 0x08, 0x8e, 0x8e, 0x8a, 0x87, 0x88, 
    0x89, 0x08, 0x89, 0x8a, 0x8a, 0x88, 0x8b, 0x8b, 0x08, 0x8b, 0x89, 0x8f, 
    0x8c, 0x92, 0x8f, 0x08, 0x94, 0x8e, 0x8c, 0x8c, 0x8c, 0x90, 0x08, 0x8c, 
    0x90, 0x8b, 0x8b, 0x88, 0x8b, 0x08, 0x89, 0x8b, 0x89, 0x89, 0x8a, 0x88, 
    0x08, 0x89, 0x86, 0x89, 0x8b, 0x8b, 0x8e, 0x08, 0x8b, 0x8c, 0x8b, 0x8d, 
    0x8d, 0x8d, 0x08, 0x8c, 0x8d, 0x8b, 0x8f, 0x8c, 0x8f, 0x08, 0x8b, 0x8e, 
    0x8c, 0x8f, 0x8b, 0x8d, 0x08, 0x8c, 0x8c, 0x8b, 0x8d, 0x8b, 0x8d, 0x08, 
    0x8b, 0x8d, 0x8c, 0x8c, 0x8e, 0x8b, 0x08, 0x8f, 0x8c, 0x8c, 0x8e, 0x87, 
    0x8b, 0x08, 0x87, 0x8b, 0x8b, 0x8b, 0x8b, 0x8d, 0x08, 0x8b, 0x8d, 0x8d, 
    0x8c, 0x8d, 0x8b, 0x08, 0x8f, 0x8d, 0x05, 0x87, 0x8b, 0x05, 0x89, 0x8b, 
    0x89, 0x8b, 0x8d, 0x8c, 0x08, 0x8b, 0x8c, 0x89, 0x8b, 0x8b, 0x8b, 0x08, 
    0x8a, 0x8b, 0x8a, 0x8b, 0x8b, 0x8a, 0x08, 0x8a, 0x8a, 0x8a, 0x8b, 0x88, 
    0x8b, 0x08, 0x8a, 0x8b, 0x8a, 0x8b, 0x8c, 0x8c, 0x08, 0x8b, 0x8d, 0x88, 
    0x8a, 0x88, 0x89, 0x08, 0xab, 0x8c, 0x15, 0x8b, 0x8a, 0x8b, 0x89, 0x8b, 
    0x8a, 0x08, 0x8b, 0x8b, 0x8a, 0x89, 0x89, 0x8a, 0x08, 0x89, 0x88, 0x8b, 
    0x8b, 0x8c, 0x89, 0x08, 0x8c, 0x8a, 0x8b, 0x89, 0x8b, 0x89, 0x08, 0x8a, 
    0x89, 0x8c, 0x8a, 0x8e, 0x8c, 0x08, 0x8b, 0x8b, 0x8c, 0x8d, 0x8c, 0x8d, 
    0x08, 0x8b, 0x8d, 0x8c, 0x8c, 0x8c, 0x8b, 0x08, 0x8d, 0x8b, 0x8b, 0x8a, 
    0x8b, 0x89, 0x08, 0x8b, 0x89, 0x8b, 0x89, 0x8b, 0x8a, 0x08, 0x8c, 0x8a, 
    0x8b, 0x89, 0x8a, 0x89, 0x08, 0x88, 0x8a, 0x8b, 0x8a, 0x8c, 0x8b, 0x08, 
    0x8e, 0x89, 0x8a, 0x87, 0x88, 0x8b, 0x08, 0x88, 0x8b, 0x88, 0x88, 0x8e, 
    0x8a, 0x08, 0x8d, 0x89, 0x89, 0x88, 0x88, 0x8c, 0x08, 0x89, 0x8b, 0x8a, 
    0x8b, 0x8a, 0x8a, 0x08, 0x88, 0x87, 0x8e, 0x8b, 0x93, 0x8f, 0x08, 0x90, 
    0x8c, 0x8f, 0x8c, 0x8f, 0x8c, 0x08, 0x8d, 0x8b, 0x8e, 0x8d, 0x8d, 0x8b, 
    0x08, 0x8c, 0x8d, 0x8c, 0x8b, 0x8c, 0x8a, 0x08, 0x8c, 0x88, 0x91, 0x8e, 
    0x8c, 0x8d, 0x08, 0x8b, 0x8c, 0x8c, 0x8c, 0x8d, 0x8d, 0x08, 0x8c, 0x8c, 
    0x8c, 0x8e, 0x8c, 0x8e, 0x08, 0x8c, 0x91, 0x8d, 0x8e, 0x8b, 0x87, 0x08, 
    0x8d, 0x89, 0x88, 0x81, 0x8a, 0x88, 0x08, 0x8a, 0x8a, 0x8c, 0x8b, 0x90, 
    0x8b, 0x08, 0x91, 0x8b, 0x8c, 0x8b, 0x8d, 0x8f, 0x08, 0x8c, 0x8e, 0x8e, 
    0x8b, 0x8b, 0x89, 0x08, 0x8b, 0x88, 0x8c, 0x8e, 0x8d, 0x91, 0x08, 0x8d, 
    0x93, 0x8f, 0x90, 0x8b, 0x88, 0x08, 0x8b, 0x8a, 0x88, 0x85, 0x87, 0x81, 
    0x08, 0x8b, 0x89, 0x8b, 0x8b, 0x8f, 0x8b, 0x08, 0x95, 0x8e, 0x9e, 0x8d, 
    0x96, 0x8c, 0x08, 0x99, 0x8c, 0x8d, 0x8d, 0x8b, 0x8d, 0x08, 0x8b, 0x8b, 
    0x8b, 0x8c, 0x8c, 0x8b, 0x08, 0x8c, 0x8b, 0x8b, 0x8c, 0x8a, 0x8c, 0x08, 
    0x8b, 0x8c, 0x8a, 0x90, 0x8b, 0x8f, 0x08, 0x8b, 0x90, 0x05, 0x75, 0x8d, 
    0x05, 0x7e, 0x8b, 0x83, 0x8b, 0x8b, 0x8c, 0x08, 0x8b, 0x8c, 0x7e, 0x8b, 
    0x77, 0x8b, 0x08, 0x75, 0x8b, 0x7f, 0x8b, 0x8c, 0x8a, 0x08, 0x8b, 0x8a, 
    0x8a, 0x8b, 0x8b, 0x8b, 0x08, 0x8a, 0x8b, 0x8a, 0x89, 0x8b, 0x8a, 0x08, 
    0x8b, 0x89, 0x88, 0x89, 0x8a, 0x8b, 0x08, 0x8a, 0x8b, 0x8b, 0x8c, 0x8b, 
    0x8c, 0x08, 0x8b, 0x8d, 0x8b, 0x8c, 0x8c, 0x8b, 0x08, 0x8b, 0x8b, 0x8c, 
    0x8d, 0x8b, 0x8b, 0x08, 0x8d, 0x8d, 0x87, 0x8b, 0x89, 0x8a, 0x08, 0x9b, 
    0x86, 0x15, 0x8b, 0x8a, 0x8a, 0x8a, 0x8a, 0x8b, 0x08, 0x8a, 0x8b, 0x8b, 
    0x8b, 0x8c, 0x8c, 0x08, 0x8b, 0x8d, 0x8d, 0x8c, 0x8b, 0x89, 0x08, 0xf0, 
    0x84, 0x15, 0x8b, 0x85, 0x05, 0x7c, 0x8b, 0x05, 0x7c, 0x8b, 0x7d, 0x8c, 
    0x8a, 0x8e, 0x08, 0x8b, 0x8b, 0x8b, 0x8d, 0x8b, 0x8d, 0x08, 0x8d, 0x8f, 
    0x05, 0xa0, 0x8c, 0x05, 0x95, 0x8b, 0x96, 0x8b, 0x8b, 0x8b, 0x08, 0x8c, 
    0x8b, 0x8b, 0x88, 0x8b, 0x87, 0x08, 0x95, 0x8d, 0x15, 0x8b, 0x8a, 0x8c, 
    0x8b, 0x91, 0x8b, 0x08, 0x92, 0x8b, 0x05, 0x8b, 0x88, 0x05, 0x8b, 0x87, 
    0x8b, 0x8b, 0x84, 0x8b, 0x08, 0x87, 0x8b, 0x88, 0x8b, 0x8b, 0x8a, 0x08, 
    0x8a, 0x88, 0x8d, 0x8b, 0x94, 0x8b, 0x08, 0x91, 0x8c, 0x05, 0x8a, 0x8f, 
    0x05, 0x8a, 0x96, 0x8c, 0x8a, 0x83, 0x8b, 0x08, 0x85, 0x8b, 0x8a, 0x8b, 
    0x8b, 0x88, 0x08, 0x26, 0x7f, 0x15, 0x8d, 0x88, 0x8b, 0x8b, 0x88, 0x8a, 
    0x08, 0x89, 0x8a, 0x05, 0x8d, 0x8a, 0x05, 0x8c, 0x8b, 0x8d, 0x8b, 0x8b, 
    0x8a, 0x08, 0x8b, 0x8a, 0x87, 0x88, 0x89, 0x8b, 0x08, 0x87, 0x8a, 0x8b, 
    0x8b, 0x8b, 0x8d, 0x08, 0x8b, 0x8d, 0x8b, 0x8d, 0x8c, 0x8c, 0x08, 0x8b, 
    0x8c, 0x8d, 0x8e, 0x8b, 0x8c, 0x08, 0x8c, 0x8e, 0x8d, 0x8a, 0x8d, 0x89, 
    0x08, 0xa1, 0x8a, 0x15, 0x89, 0x87, 0x86, 0x8c, 0x8e, 0x8f, 0x08, 0x8b, 
    0x8b, 0x8c, 0x8c, 0x8d, 0x8b, 0x08, 0x8e, 0x8b, 0x8b, 0x8b, 0x89, 0x89, 
    0x08, 0x94, 0x89, 0x15, 0x88, 0x89, 0x8b, 0x8d, 0x8c, 0x8e, 0x08, 0x8d, 
    0x8c, 0x8c, 0x8b, 0x8b, 0x8a, 0x08, 0x8b, 0x8a, 0x8b, 0x89, 0x8a, 0x8b, 
    0x08, 0x64, 0x8d, 0x15, 0x8b, 0x89, 0x8a, 0x8b, 0x8a, 0x8b, 0x08, 0x8a, 
    0x8b, 0x8a, 0x8b, 0x8b, 0x8d, 0x08, 0x8a, 0x8c, 0x8c, 0x8b, 0x8c, 0x8b, 
    0x08, 0x8d, 0x8b, 0x8c, 0x8b, 0x8b, 0x8a, 0x08, 0x67, 0x87, 0x15, 0x8b, 
    0x8a, 0x8b, 0x8b, 0x8d, 0x8b, 0x08, 0x8b, 0x8b, 0x8c, 0x8b, 0x8c, 0x8c, 
    0x08, 0x8b, 0x8c, 0x8a, 0x8b, 0x8b, 0x8b, 0x08, 0x8a, 0x8b, 0x89, 0x8b, 
    0x8b, 0x8a, 0x08, 0xf7, 0x5c, 0x8a, 0x15, 0x8c, 0x8a, 0x83, 0x88, 0x85, 
    0x8b, 0x08, 0x89, 0x8b, 0x85, 0x8e, 0x8b, 0x8c, 0x08, 0x8b, 0x8c, 0xa0, 
    0x8b, 0x8b, 0x8a, 0x08, 0xfb, 0x3b, 0x89, 0x15, 0x87, 0x88, 0x8a, 0x8b, 
    0x8c, 0x8e, 0x08, 0x8d, 0x8c, 0x8c, 0x8b, 0x8c, 0x8b, 0x08, 0x8d, 0x8b, 
    0x8b, 0x8b, 0x89, 0x8a, 0x08, 0xf7, 0x1d, 0x87, 0x15, 0x8b, 0x8b, 0x89, 
    0x8a, 0x8a, 0x8b, 0x08, 0x89, 0x8b, 0x8a, 0x89, 0x8d, 0x88, 0x08, 0x8b, 
    0x8a, 0x8d, 0x8b, 0x8f, 0x8c, 0x08, 0x91, 0x8c, 0x8d, 0x8b, 0x8b, 0x8a, 
    0x08, 0x8b, 0x89, 0x85, 0x87, 0x84, 0x89, 0x08, 0x87, 0x89, 0x05, 0x8b, 
    0x94, 0x05, 0x8b, 0x96, 0x05, 0x8e, 0x89, 0x05, 0x8c, 0x8b, 0x8e, 0x8a, 
    0x8b, 0x8a, 0x08, 0xfb, 0x3c, 0x8c, 0x15, 0x89, 0x8b, 0x8a, 0x8a, 0x8b, 
    0x8b, 0x08, 0x8b, 0x89, 0x8f, 0x8b, 0x8c, 0x8c, 0x08, 0x8d, 0x8c, 0x8a, 
    0x8d, 0x88, 0x8a, 0x08, 0xd0, 0x82, 0x15, 0x8b, 0x8a, 0x86, 0x88, 0x8a, 
    0x8b, 0x08, 0x8b, 0x8d, 0x8b, 0x8b, 0x8c, 0x8c, 0x08, 0x8b, 0x8d, 0x90, 
    0x8c, 0x8b, 0x89, 0x08, 0x85, 0x82, 0x15, 0x8b, 0x8b, 0x8a, 0x8a, 0x8b, 
    0x89, 0x08, 0x89, 0x8a, 0x8b, 0x8b, 0x8b, 0x8e, 0x08, 0x8b, 0x8c, 0x8c, 
    0x8c, 0x8c, 0x8b, 0x08, 0x8b, 0x8b, 0x8c, 0x8b, 0x8b, 0x8a, 0x08, 0xf8, 
    0x2c, 0x87, 0x15, 0x8e, 0x8a, 0x91, 0x89, 0x8f, 0x8b, 0x08, 0x8c, 0x8b, 
    0x8c, 0x8a, 0x8b, 0x88, 0x08, 0x8c, 0x89, 0x8b, 0x8b, 0x82, 0x8b, 0x08, 
    0x85, 0x8b, 0x88, 0x8b, 0x8b, 0x8c, 0x08, 0x8b, 0x8c, 0x8c, 0x8b, 0x8c, 
    0x8b, 0x08, 0x8c, 0x8b, 0x8b, 0x8b, 0x8a, 0x8c, 0x08, 0x8a, 0x8d, 0x8a, 
    0x8b, 0x86, 0x89, 0x08, 0x84, 0x8a, 0x84, 0x8b, 0x89, 0x8c, 0x08, 0x8b, 
    0x8b, 0x86, 0x8b, 0x88, 0x8a, 0x08, 0x82, 0x8a, 0x7c, 0x8a, 0x79, 0x8c, 
    0x08, 0x84, 0x8c, 0x87, 0x8b, 0x8b, 0x8a, 0x08, 0x89, 0x8a, 0x28, 0x8b, 
    0x88, 0x8c, 0x08, 0x8a, 0x8c, 0x8b, 0x8b, 0x8a, 0x8a, 0x08, 0x8a, 0x8a, 
    0x8a, 0x8b, 0x86, 0x8d, 0x08, 0x88, 0x8e, 0x88, 0x8b, 0x8b, 0x89, 0x08, 
    0x8b, 0x8b, 0x8a, 0x8a, 0x8a, 0x8b, 0x08, 0x8a, 0x8b, 0x8a, 0x8b, 0x8b, 
    0x8a, 0x08, 0x8a, 0x8b, 0x7c, 0x8a, 0x78, 0x8b, 0x08, 0x6b, 0x8b, 0x89, 
    0x8b, 0x87, 0x8d, 0x08, 0x86, 0x8e, 0x05, 0x93, 0x8c, 0x05, 0x91, 0x8c, 
    0x90, 0x8c, 0x8c, 0x8b, 0x08, 0x8c, 0x8c, 0xc5, 0x8b, 0x91, 0x8a, 0x08, 
    0x8d, 0x8b, 0x8d, 0x8b, 0x8d, 0x8b, 0x08, 0x8c, 0x8c, 0xd5, 0x8b, 0x9a, 
    0x8a, 0x08, 0x9b, 0x8a, 0x99, 0x8b, 0x90, 0x8c, 0x08, 0x8d, 0x8c, 0x92, 
    0x8b, 0x92, 0x8c, 0x08, 0x92, 0x8b, 0x91, 0x8b, 0x8b, 0x8d, 0x08, 0x8c, 
    0x8c, 0xb1, 0x88, 0x8c, 0x8a, 0x08, 0xf7, 0x36, 0x89, 0x15, 0x8e, 0x8b, 
    0x8c, 0x89, 0x8b, 0x88, 0x08, 0x8c, 0x88, 0x05, 0x84, 0x8c, 0x05, 0x82, 
    0x8c, 0x89, 0x8b, 0x8b, 0x89, 0x08, 0x8b, 0x8b, 0x88, 0x88, 0x8a, 0x89, 
    0x08, 0x88, 0x87, 0x88, 0x84, 0x8b, 0x89, 0x08, 0x8c, 0x88, 0x89, 0x85, 
    0x8a, 0x8b, 0x08, 0x8a, 0x8c, 0x8a, 0x99, 0x8c, 0x9b, 0x08, 0x8b, 0x8d, 
    0x8d, 0x8c, 0x8d, 0x8c, 0x08, 0x90, 0x8e, 0x8c, 0x8b, 0x92, 0x8b, 0x08, 
    0x8f, 0x8a, 0x8f, 0x8a, 0x8c, 0x8a, 0x08, 0xfd, 0x0c, 0x85, 0x15, 0x8a, 
    0x88, 0x89, 0x88, 0x8b, 0x8b, 0x08, 0x8a, 0x8b, 0x8c, 0x8e, 0x8b, 0x8d, 
    0x08, 0x8f, 0x91, 0x8a, 0x8b, 0x88, 0x88, 0x08, 0x8a, 0x8a, 0x8a, 0x8a, 
    0x8c, 0x8a, 0x08, 0x8b, 0x8a, 0x8a, 0x88, 0x8a, 0x89, 0x08, 0x89, 0x89, 
    0x8b, 0x8b, 0x8b, 0x8d, 0x08, 0x8b, 0x90, 0x8e, 0x91, 0x8f, 0x8d, 0x08, 
    0x8c, 0x8b, 0x8d, 0x8c, 0x8b, 0x8a, 0x08, 0x8b, 0x8b, 0x8a, 0x89, 0x8a, 
    0x87, 0x08, 0xf8, 0xb8, 0x90, 0x15, 0x8c, 0x88, 0x8b, 0x8b, 0x8b, 0x8d, 
    0x08, 0x8b, 0x8d, 0x8c, 0x8b, 0x8e, 0x8b, 0x08, 0x8d, 0x8b, 0x8f, 0x8b, 
    0x8e, 0x8c, 0x08, 0x8f, 0x8b, 0x8d, 0x8b, 0x8b, 0x89, 0x08, 0x8b, 0x8a, 
    0x8b, 0x8b, 0x8c, 0x8c, 0x08, 0x8b, 0x8c, 0x8c, 0x8c, 0x8c, 0x8b, 0x08, 
    0x8b, 0x8a, 0x8d, 0x8b, 0x8e, 0x8b, 0x08, 0x8d, 0x8b, 0x8c, 0x8a, 0x8c, 
    0x86, 0x08, 0x8c, 0x86, 0x8b, 0x81, 0x89, 0x90, 0x08, 0x8b, 0x8b, 0x8a, 
    0x8c, 0x8a, 0x8b, 0x08, 0x8a, 0x8b, 0x8b, 0x8d, 0x8d, 0x8d, 0x08, 0x8d, 
    0x8e, 0x8a, 0x8c, 0x88, 0x8b, 0x08, 0x8a, 0x8c, 0x89, 0x8a, 0x8a, 0x89, 
    0x08, 0x89, 0x87, 0x86, 0x8a, 0x8a, 0x8e, 0x08, 0x8b, 0x8d, 0x8a, 0x8b, 
    0x8a, 0x88, 0x08, 0x88, 0x8a, 0x86, 0x8b, 0x8b, 0x8d, 0x08, 0x8b, 0x8d, 
    0x8a, 0x8b, 0x8b, 0x8b, 0x08, 0x89, 0x89, 0x88, 0x8b, 0x87, 0x8b, 0x08, 
    0x86, 0x8a, 0x05, 0x8b, 0x91, 0x05, 0x8b, 0x8f, 0x8b, 0x8d, 0x8c, 0x8b, 
    0x08, 0x8c, 0x8a, 0x8c, 0x8b, 0x8c, 0x8c, 0x08, 0x8e, 0x8c, 0x8c, 0x8b, 
    0x8c, 0x89, 0x08, 0xbf, 0x79, 0x15, 0x8b, 0x81, 0x8a, 0x83, 0x8b, 0x8a, 
    0x08, 0x8a, 0x8b, 0x8b, 0x88, 0x8b, 0x89, 0x08, 0x8b, 0x89, 0x8b, 0x88, 
    0x8a, 0x8b, 0x08, 0x88, 0x8b, 0x8b, 0x8e, 0x8c, 0x8d, 0x08, 0x8d, 0x8d, 
    0x8b, 0x8c, 0x89, 0x8d, 0x08, 0x8a, 0x8c, 0x8b, 0x8d, 0x8c, 0x8d, 0x08, 
    0x8b, 0x8e, 0x8b, 0x8d, 0x8a, 0x8c, 0x08, 0x8a, 0x8c, 0x8b, 0x8d, 0x8c, 
    0x8d, 0x08, 0x8b, 0x8d, 0x8c, 0x8e, 0x8a, 0x8b, 0x08, 0x8b, 0x8c, 0x8b, 
    0x8d, 0x8b, 0x8e, 0x08, 0x8b, 0x8e, 0x8b, 0x8f, 0x8a, 0x8d, 0x08, 0x8a, 
    0x8e, 0x8b, 0x8b, 0x8e, 0x8b, 0x08, 0x90, 0x8a, 0x05, 0x8b, 0x78, 0x05, 
    0xfd, 0x6e, 0x9d, 0x15, 0x8b, 0x8a, 0x8e, 0x8b, 0x90, 0x8b, 0x08, 0x91, 
    0x8b, 0x8d, 0x8b, 0x8c, 0x89, 0x08, 0x8b, 0x8a, 0x89, 0x8b, 0x84, 0x8b, 
    0x08, 0x86, 0x8b, 0x87, 0x8b, 0x8b, 0x8a, 0x08, 0x8a, 0x8b, 0x89, 0x8b, 
    0x89, 0x8b, 0x08, 0x88, 0x8b, 0x05, 0x8d, 0x8f, 0x05, 0x8d, 0x8d, 0x90, 
    0x8c, 0x8b, 0x89, 0x08, 0xf9, 0x07, 0x88, 0x15, 0x8c, 0x8a, 0x90, 0x8a, 
    0x8b, 0x8d, 0x08, 0x8c, 0x8d, 0x8f, 0x89, 0x8e, 0x8a, 0x08, 0x8b, 0x8a, 
    0x8e, 0x8b, 0x8e, 0x8b, 0x08, 0x90, 0x8c, 0x8d, 0x89, 0x88, 0x87, 0x08, 
    0x89, 0x8a, 0x8b, 0x8b, 0x8a, 0x8c, 0x08, 0x8a, 0x8e, 0x89, 0x8b, 0x8b, 
    0x8a, 0x08, 0x8b, 0x89, 0x83, 0x8a, 0x87, 0x8b, 0x08, 0x88, 0x8b, 0x89, 
    0x8c, 0x8a, 0x8d, 0x08, 0x8a, 0x8c, 0x88, 0x8c, 0x8a, 0x8b, 0x08, 0x8a, 
    0x8a, 0x8a, 0x8c, 0x8b, 0x8b, 0x08, 0x8b, 0x8c, 0x8c, 0x8b, 0x8c, 0x8b, 
    0x08, 0x8e, 0x8b, 0x8c, 0x8f, 0x88, 0x8b, 0x08, 0x8a, 0x8c, 0x8b, 0x8b, 
    0x8c, 0x8b, 0x08, 0x8d, 0x8b, 0x8c, 0x8a, 0x8c, 0x89, 0x08, 0xd6, 0x8d, 
    0x15, 0x8b, 0x8b, 0x8b, 0x89, 0x8c, 0x8a, 0x08, 0x8d, 0x8b, 0x8b, 0x8b, 
    0x8b, 0x8c, 0x08, 0x8b, 0x8b, 0x8b, 0x8d, 0x89, 0x8b, 0x08, 0x8a, 0x8c, 
    0x8b, 0x8b, 0x8b, 0x8a, 0x08, 0xfc, 0x2c, 0x88, 0x15, 0x8a, 0x8a, 0x88, 
    0x8b, 0x84, 0x8a, 0x08, 0x83, 0x8b, 0x05, 0x92, 0x8d, 0x05, 0x8e, 0x8c, 
    0x90, 0x8d, 0x8d, 0x8b, 0x08, 0x8e, 0x8b, 0x8b, 0x8b, 0x8a, 0x88, 0x08, 
    0xf8, 0x01, 0x8a, 0x15, 0x8b, 0x8b, 0x8c, 0x8b, 0x8b, 0x8c, 0x08, 0x8b, 
    0x8f, 0x90, 0x85, 0x8b, 0x89, 0x08, 0x8b, 0x88, 0x8a, 0x8a, 0x8b, 0x8c, 
    0x08, 0x8a, 0x8b, 0x88, 0x8b, 0x89, 0x8b, 0x08, 0x85, 0x8c, 0x8a, 0x8d, 
    0x8e, 0x8d, 0x08, 0x8c, 0x8c, 0x8b, 0x8c, 0x8b, 0x8c, 0x08, 0x8b, 0x8d, 
    0x8b, 0x8b, 0x8c, 0x89, 0x08, 0x8c, 0x8a, 0x8c, 0x8a, 0x8c, 0x8b, 0x08, 
    0xc4, 0x8c, 0x15, 0x8b, 0x8a, 0x8b, 0x8b, 0x8a, 0x8b, 0x08, 0x8a, 0x8b, 
    0x8b, 0x8b, 0x8c, 0x8c, 0x08, 0x8b, 0x8c, 0x8b, 0x8b, 0x8c, 0x8b, 0x08, 
    0x8b, 0x8b, 0x8b, 0x8b, 0x8b, 0x8a, 0x08, 0x90, 0x83, 0x15, 0x8b, 0x8a, 
    0x8a, 0x89, 0x89, 0x8b, 0x08, 0x8b, 0x8b, 0x8b, 0x8c, 0x8b, 0x8d, 0x08, 
    0x8b, 0x90, 0x8e, 0x8b, 0x8b, 0x86, 0x08, 0xfc, 0xe7, 0x88, 0x15, 0x8b, 
    0x8a, 0x8a, 0x89, 0x8b, 0x8b, 0x08, 0x8a, 0x8b, 0x8b, 0x8d, 0x8c, 0x8c, 
    0x08, 0x8c, 0x8d, 0x8c, 0x8b, 0x8a, 0x89, 0x08, 0xf8, 0xdc, 0x81, 0x15, 
    0x8a, 0x8a, 0x8b, 0x8b, 0x89, 0x8c, 0x08, 0x8a, 0x8e, 0x8b, 0x8b, 0x8d, 
    0x8e, 0x08, 0x8c, 0x8c, 0x8c, 0x8b, 0x8b, 0x89, 0x08, 0x8b, 0x8a, 0x8b, 
    0x89, 0x8b, 0x89, 0x08, 0xfb, 0xcb, 0x8b, 0x15, 0x8c, 0x8a, 0x8a, 0x8b, 
    0x87, 0x8b, 0x08, 0x85, 0x8b, 0x89, 0x8a, 0x90, 0x89, 0x08, 0x8c, 0x8b, 
    0x8c, 0x87, 0x8a, 0x8b, 0x08, 0x8b, 0x8b, 0x80, 0x8a, 0x80, 0x8b, 0x08, 
    0x75, 0x8a, 0x05, 0x8a, 0x61, 0x05, 0x8b, 0x62, 0x05, 0x97, 0x8b, 0x05, 
    0x97, 0x8b, 0x8c, 0x8b, 0x84, 0x89, 0x08, 0x85, 0x8b, 0x8a, 0x8a, 0x8b, 
    0x8a, 0x08, 0x8b, 0x8a, 0x8d, 0x8a, 0x9c, 0x8b, 0x08, 0xbe, 0x88, 0x6f, 
    0x8a, 0xfb, 0x09, 0x8b, 0x08, 0x27, 0x8b, 0x05, 0x8b, 0xbf, 0x05, 0x8b, 
    0xc0, 0x05, 0xf5, 0x8b, 0x05, 0xc5, 0x8b, 0xbb, 0x89, 0x8e, 0x8b, 0x08, 
    0xf7, 0x68, 0x64, 0x15, 0x8b, 0x74, 0x8b, 0x79, 0x8b, 0x8b, 0x08, 0x89, 
    0x8b, 0x8b, 0x9c, 0x8b, 0x9e, 0x08, 0x8b, 0xb5, 0x8b, 0x8f, 0x8d, 0x8b, 
    0x08, 0x8b, 0x8b, 0x8b, 0x78, 0x8b, 0x75, 0x08, 0x86, 0x8c, 0x15, 0x8a, 
    0x6e, 0x05, 0x8b, 0xa7, 0x05, 0x8a, 0x9a, 0x8b, 0x9a, 0x8c, 0x8f, 0x08, 
    0x8b, 0x8f, 0x05, 0x8c, 0x88, 0x05, 0x8b, 0x88, 0x8c, 0x7c, 0x8a, 0x7b, 
    0x08, 0xf3, 0xaa, 0x15, 0x8b, 0x8a, 0x8a, 0x8a, 0x8a, 0x8b, 0x08, 0x8a, 
    0x8b, 0x8a, 0x8c, 0x8c, 0x8b, 0x08, 0x8b, 0x8c, 0x8b, 0x8e, 0x8b, 0x8c, 
    0x08, 0x8c, 0x8d, 0x8d, 0x89, 0x8b, 0x87, 0x08, 0xfc, 0xdb, 0x86, 0x15, 
    0x8a, 0x89, 0x8b, 0x8d, 0x8b, 0x8c, 0x08, 0x8b, 0x8c, 0x8b, 0x8c, 0x8c, 
    0x8a, 0x08, 0x8b, 0x8b, 0x8b, 0x89, 0x8b, 0x8b, 0x08, 0xcc, 0x79, 0x15, 
    0x8a, 0x81, 0x8b, 0x78, 0x8b, 0x80, 0x08, 0x8b, 0x74, 0x05, 0xa1, 0x8c, 
    0x05, 0x99, 0x8b, 0x94, 0x8c, 0x8c, 0x8b, 0x08, 0x8d, 0x8c, 0x8b, 0x8e, 
    0x8b, 0x94, 0x08, 0x89, 0x90, 0x8b, 0x99, 0x8b, 0x96, 0x08, 0x8a, 0x9e, 
    0x8b, 0x8f, 0x89, 0x8b, 0x08, 0x8a, 0x8b, 0x8b, 0x8c, 0x8b, 0x8b, 0x08, 
    0x8b, 0x8c, 0x8a, 0x8c, 0x8a, 0x8b, 0x08, 0x88, 0x8b, 0x8b, 0x8b, 0x8b, 
    0x8e, 0x08, 0x8c, 0x8c, 0x8a, 0x8c, 0x8b, 0x8b, 0x08, 0x8a, 0x8b, 0x8b, 
    0x8c, 0x8a, 0x8c, 0x08, 0x8a, 0x8f, 0x8b, 0x8b, 0x84, 0x8b, 0x08, 0x87, 
    0x8b, 0x84, 0x8b, 0x86, 0x8c, 0x08, 0x81, 0x8b, 0x05, 0x8b, 0x77, 0x05, 
    0xf7, 0x13, 0x9e, 0x15, 0x88, 0x8b, 0x8a, 0x8a, 0x8b, 0x89, 0x08, 0x8c, 
    0x8a, 0x8a, 0x8a, 0x8b, 0x8b, 0x08, 0x8a, 0x8a, 0x8b, 0x8b, 0x8c, 0x8b, 
    0x08, 0x8b, 0x8b, 0x8c, 0x8a, 0x8b, 0x8a, 0x08, 0x8b, 0x8a, 0x8b, 0x89, 
    0x8a, 0x8b, 0x08, 0x8a, 0x8b, 0x8b, 0x89, 0x8b, 0x88, 0x08, 0x8b, 0x87, 
    0x8b, 0x8a, 0x8a, 0x8b, 0x08, 0x88, 0x8b, 0x8a, 0x87, 0x8b, 0x82, 0x08, 
    0x8b, 0x85, 0x8b, 0x8a, 0x89, 0x89, 0x08, 0x89, 0x8a, 0x8a, 0x88, 0x8b, 
    0x89, 0x08, 0x8b, 0x89, 0x89, 0x8a, 0x8b, 0x89, 0x08, 0x89, 0x8a, 0x8b, 
    0x8b, 0x8b, 0x8f, 0x08, 0x8b, 0x8c, 0x8b, 0x8d, 0x8a, 0x8c, 0x08, 0x8a, 
    0x8f, 0x8a, 0x7b, 0x8b, 0x7d, 0x08, 0x8b, 0x84, 0x05, 0xa2, 0x8a, 0x05, 
    0x98, 0x8b, 0x95, 0x8b, 0x8b, 0x8b, 0x08, 0x8b, 0x8b, 0x8c, 0x96, 0x8a, 
    0xb2, 0x08, 0x8b, 0xab, 0x05, 0x81, 0x8b, 0x05, 0x85, 0x8b, 0x84, 0x8b, 
    0x8a, 0x8a, 0x08, 0xdb, 0x65, 0x15, 0x89, 0x77, 0x8b, 0x7b, 0x8b, 0x89, 
    0x08, 0x8a, 0x8b, 0x8a, 0xa8, 0x8b, 0xa4, 0x08, 0x8b, 0x95, 0x8b, 0x94, 
    0x8c, 0x8b, 0x08, 0x8e, 0x8f, 0x8b, 0x85, 0x8b, 0x6a, 0x08, 0xf7, 0xf4, 
    0xab, 0x15, 0x8b, 0x8a, 0x8b, 0x8b, 0x8a, 0x8b, 0x08, 0x8a, 0x8b, 0x8b, 
    0x8b, 0x8c, 0x8c, 0x08, 0x8b, 0x8c, 0x8b, 0x8b, 0x8c, 0x8b, 0x08, 0x8b, 
    0x8b, 0x8b, 0x8b, 0x8b, 0x8a, 0x08, 0x62, 0x8a, 0x15, 0x8b, 0x8a, 0x8a, 
    0x8b, 0x8b, 0x8b, 0x08, 0x8a, 0x8b, 0x8a, 0x8b, 0x8b, 0x8c, 0x08, 0x8a, 
    0x8c, 0x8c, 0x8b, 0x8c, 0x8b, 0x08, 0x8c, 0x8b, 0x8c, 0x8b, 0x8b, 0x8a, 
    0x08, 0x9d, 0x80, 0x15, 0x8b, 0x8a, 0x8a, 0x8a, 0x8b, 0x8b, 0x08, 0x88, 
    0x8b, 0x8a, 0x8c, 0x8c, 0x8e, 0x08, 0x8c, 0x8e, 0x8e, 0x8a, 0x8b, 0x87, 
    0x08, 0xfd, 0x41, 0x89, 0x15, 0x8c, 0x8a, 0x8d, 0x8a, 0x8e, 0x8a, 0x08, 
    0x8f, 0x88, 0x8e, 0x88, 0x88, 0x8a, 0x08, 0x8a, 0x8b, 0x89, 0x8c, 0x88, 
    0x8c, 0x08, 0x89, 0x8c, 0x81, 0x8f, 0x84, 0x8b, 0x08, 0x87, 0x8c, 0x8c, 
    0x8c, 0x90, 0x8d, 0x08, 0x91, 0x8c, 0x8f, 0x8b, 0x8e, 0x89, 0x08, 0xf7, 
    0x5d, 0x76, 0x15, 0x8a, 0x63, 0x8b, 0x8b, 0x8f, 0x8c, 0x08, 0x8c, 0x8b, 
    0x95, 0x8b, 0x97, 0x8b, 0x08, 0x9f, 0x8b, 0x05, 0x8b, 0x94, 0x05, 0x8b, 
    0x94, 0x8b, 0x8b, 0x88, 0x8b, 0x08, 0x89, 0x8b, 0x8a, 0x8a, 0x8b, 0x8a, 
    0x08, 0x8b, 0x8a, 0x8a, 0x8b, 0x87, 0x8b, 0x08, 0x88, 0x8b, 0x8a, 0x8c, 
    0x88, 0x8d, 0x08, 0x8a, 0x8e, 0x8a, 0x8d, 0x8b, 0x8b, 0x08, 0x8b, 0x8c, 
    0x8b, 0x8c, 0x8a, 0x8b, 0x08, 0x8a, 0x8c, 0x7c, 0x9f, 0x8b, 0x8c, 0x08, 
    0x8b, 0x8d, 0x89, 0x8b, 0x8b, 0x8b, 0x08, 0x8a, 0x8b, 0x8a, 0x8c, 0x8b, 
    0x8b, 0x08, 0x8b, 0x8c, 0x8a, 0x8c, 0x8b, 0x8b, 0x08, 0x8a, 0x8b, 0x8a, 
    0x8c, 0x8b, 0x8d, 0x08, 0x8b, 0x8e, 0x89, 0x84, 0x8b, 0x7f, 0x08, 0xfb, 
    0x71, 0x9d, 0x15, 0x8b, 0x89, 0x8b, 0x8b, 0x8a, 0x8b, 0x08, 0x8a, 0x8b, 
    0x8b, 0x8b, 0x8b, 0x8d, 0x08, 0x8b, 0x8c, 0x8b, 0x8b, 0x8c, 0x8b, 0x08, 
    0x8c, 0x8b, 0x8b, 0x8b, 0x8b, 0x8a, 0x08, 0xb9, 0x84, 0x15, 0x90, 0x86, 
    0x8d, 0x85, 0x88, 0x8b, 0x08, 0x89, 0x8b, 0x81, 0x97, 0x8b, 0x8d, 0x08, 
    0x8b, 0x8d, 0x8f, 0x8a, 0x8f, 0x87, 0x08, 0xf7, 0x6b, 0x63, 0x15, 0x89, 
    0x8b, 0x88, 0x8b, 0x89, 0x8b, 0x08, 0x89, 0x8b, 0x8c, 0x8c, 0x8f, 0x8b, 
    0x08, 0x90, 0x8b, 0x8c, 0x8a, 0x89, 0x8b, 0x08, 0xf7, 0xdb, 0x7b, 0x15, 
    0x8b, 0x89, 0x89, 0x8c, 0x8b, 0x90, 0x08, 0x8b, 0x8f, 0x8d, 0x8c, 0x8b, 
    0x89, 0x08, 0x8b, 0x89, 0x8b, 0x88, 0x8b, 0x89, 0x08, 0xba, 0x92, 0x15, 
    0x8b, 0x8a, 0x8b, 0x8a, 0x8a, 0x8a, 0x08, 0x8a, 0x8b, 0x8b, 0x8c, 0x8b, 
    0x8c, 0x08, 0x8b, 0x8c, 0x8b, 0x8c, 0x8c, 0x8b, 0x08, 0x8c, 0x8b, 0x8b, 
    0x8a, 0x8b, 0x8b, 0x08, 0xfb, 0xa9, 0x86, 0x15, 0x8b, 0x8b, 0x89, 0x8b, 
    0x8a, 0x8b, 0x08, 0x8a, 0x8d, 0x8c, 0x8b, 0x8d, 0x8b, 0x08, 0x8c, 0x8b, 
    0x8c, 0x8b, 0x8a, 0x89, 0x08, 0xaa, 0x84, 0x15, 0x8a, 0x8b, 0x89, 0x8b, 
    0x8a, 0x8b, 0x08, 0x8a, 0x8d, 0x8c, 0x8b, 0x8d, 0x8b, 0x08, 0x8d, 0x8b, 
    0x8d, 0x8b, 0x89, 0x89, 0x08, 0x9b, 0x8b, 0x15, 0x88, 0x8b, 0x89, 0x8b, 
    0x89, 0x8b, 0x08, 0x88, 0x8b, 0x8c, 0x8d, 0x90, 0x8b, 0x08, 0x8f, 0x8b, 
    0x8c, 0x8b, 0x8a, 0x89, 0x08, 0xa6, 0x8b, 0x15, 0x88, 0x8b, 0x84, 0x8b, 
    0x86, 0x8b, 0x08, 0x88, 0x8b, 0x8d, 0x8d, 0x94, 0x8b, 0x08, 0x94, 0x8b, 
    0x8e, 0x89, 0x86, 0x8b, 0x08, 0xf7, 0x5b, 0x8a, 0x15, 0x89, 0x8a, 0x8b, 
    0x8b, 0x8b, 0x8c, 0x08, 0x8b, 0x8c, 0x8b, 0x8d, 0x8d, 0x8b, 0x08, 0x8b, 
    0x89, 0x8b, 0x8b, 0x8b, 0x8a, 0x08, 0xfc, 0xd4, 0x75, 0x15, 0x8e, 0x84, 
    0x8b, 0x89, 0x8a, 0x84, 0x08, 0x8a, 0x81, 0x88, 0x89, 0x8d, 0x96, 0x08, 
    0x8b, 0x92, 0x8b, 0x8e, 0x88, 0x91, 0x08, 0x87, 0x99, 0x8d, 0x8b, 0x90, 
    0x7e, 0x08, 0x7f, 0x83, 0x15, 0x8c, 0x88, 0x8b, 0x88, 0x8a, 0x8b, 0x08, 
    0x8a, 0x8c, 0x88, 0x9d, 0x8d, 0x8c, 0x08, 0x8c, 0x8b, 0x8b, 0x86, 0x8c, 
    0x82, 0x08, 0xf7, 0x2b, 0x8c, 0x15, 0x8f, 0x85, 0x8b, 0x86, 0x87, 0x85, 
    0x08, 0x85, 0x86, 0x85, 0x8b, 0x85, 0x90, 0x08, 0x89, 0x8e, 0x8a, 0x8d, 
    0x8b, 0x8f, 0x08, 0x8b, 0x8f, 0x8c, 0x8c, 0x8d, 0x8e, 0x08, 0x91, 0x90, 
    0x91, 0x8b, 0x91, 0x86, 0x08, 0xaf, 0x8c, 0x15, 0x8d, 0x8a, 0x8d, 0x89, 
    0x8b, 0x8a, 0x08, 0x8b, 0x8a, 0x8c, 0x89, 0x8b, 0x8a, 0x08, 0x8c, 0x8a, 
    0x8b, 0x8a, 0x8a, 0x8a, 0x08, 0x8a, 0x87, 0x8b, 0x8b, 0x88, 0x8d, 0x08, 
    0x88, 0x8b, 0x89, 0x8b, 0x8a, 0x8b, 0x08, 0x89, 0x8b, 0x8b, 0x8b, 0x8c, 
    0x88, 0x08, 0x8c, 0x8a, 0x8b, 0x8b, 0x8a, 0x89, 0x08, 0x87, 0x88, 0x85, 
    0x8e, 0x8d, 0x8e, 0x08, 0x8b, 0x8c, 0x89, 0x8d, 0x8b, 0x8c, 0x08, 0x88, 
    0x8c, 0x8c, 0x8c, 0x8f, 0x8a, 0x08, 0x8f, 0x8b, 0x05, 0x87, 0x8d, 0x05, 
    0x87, 0x8c, 0x8b, 0x8b, 0x8c, 0x8f, 0x08, 0x8c, 0x8d, 0x8b, 0x8d, 0x8b, 
    0x8b, 0x08, 0x8b, 0x8b, 0x8d, 0x8b, 0x8c, 0x8b, 0x08, 0x8c, 0x8b, 0x8c, 
    0x8b, 0x8c, 0x8d, 0x08, 0x8c, 0x8d, 0x90, 0x8a, 0x8f, 0x88, 0x08, 0xfb, 
    0x88, 0x88, 0x15, 0x8b, 0x8a, 0x8b, 0x8a, 0x8a, 0x89, 0x08, 0x8a, 0x8b, 
    0x8b, 0x8d, 0x8b, 0x8c, 0x08, 0x8b, 0x8c, 0x8b, 0x8c, 0x8c, 0x8b, 0x08, 
    0x8c, 0x8b, 0x8b, 0x8a, 0x8b, 0x8b, 0x08, 0x90, 0x8a, 0x15, 0x8b, 0x8a, 
    0x8b, 0x89, 0x8a, 0x8b, 0x08, 0x8b, 0x8b, 0x8b, 0x8d, 0x8b, 0x8c, 0x08, 
    0x8b, 0x8c, 0x8b, 0x8c, 0x8c, 0x8b, 0x08, 0x8b, 0x8b, 0x8c, 0x8a, 0x8a, 
    0x8a, 0x08, 0x91, 0x8b, 0x15, 0x8b, 0x8b, 0x8b, 0x8a, 0x89, 0x8b, 0x08, 
    0x8a, 0x8b, 0x8b, 0x8c, 0x8c, 0x8b, 0x08, 0x8b, 0x8c, 0x8b, 0x8c, 0x8d, 
    0x8b, 0x08, 0x8b, 0x8b, 0x8b, 0x8a, 0x8b, 0x8a, 0x08, 0x90, 0x8b, 0x15, 
    0x8b, 0x8b, 0x8b, 0x8a, 0x8a, 0x8b, 0x08, 0x8b, 0x8b, 0x8b, 0x8c, 0x8b, 
    0x8b, 0x08, 0x8b, 0x8c, 0x8b, 0x8c, 0x8c, 0x8b, 0x08, 0x8d, 0x8b, 0x8b, 
    0x8a, 0x89, 0x8a, 0x08, 0xf7, 0xea, 0x84, 0x15, 0x8b, 0x8a, 0x8b, 0x8b, 
    0x8a, 0x8b, 0x08, 0x8a, 0x8b, 0x8b, 0x8b, 0x8b, 0x8c, 0x08, 0x8b, 0x8c, 
    0x8b, 0x8b, 0x8b, 0x8b, 0x08, 0x8c, 0x8b, 0x8b, 0x8b, 0x8c, 0x8a, 0x08, 
    0x97, 0x8b, 0x15, 0x8b, 0x8a, 0x8b, 0x8b, 0x8a, 0x8b, 0x08, 0x8a, 0x8b, 
    0x8b, 0x8b, 0x8b, 0x8c, 0x08, 0x8b, 0x8c, 0x8b, 0x8b, 0x8b, 0x8b, 0x08, 
    0x8c, 0x8b, 0x8b, 0x8b, 0x8c, 0x8a, 0x08, 0xd3, 0x83, 0x15, 0x8b, 0x86, 
    0x8b, 0x85, 0x8b, 0x88, 0x08, 0x8b, 0x85, 0x05, 0x8a, 0x91, 0x05, 0x89, 
    0x94, 0x8b, 0x9a, 0x8d, 0x89, 0x08, 0x8b, 0x8b, 0x8c, 0x87, 0x8b, 0x87, 
    0x08, 0x92, 0x83, 0x15, 0x8b, 0x83, 0x8b, 0x84, 0x8b, 0x8b, 0x08, 0x8a, 
    0x8c, 0x88, 0xa8, 0x8b, 0x8c, 0x08, 0x8e, 0x8e, 0x8c, 0x87, 0x8b, 0x7c, 
    0x08, 0x90, 0x99, 0x15, 0x8d, 0x85, 0x8b, 0x7c, 0x89, 0x87, 0x08, 0x8a, 
    0x8a, 0x8b, 0x8b, 0x8b, 0x8c, 0x08, 0x8a, 0xa4, 0x8b, 0x8e, 0x8c, 0x8b, 
    0x08, 0x8b, 0x8b, 0x8c, 0x8a, 0x8b, 0x89, 0x08, 0x92, 0x86, 0x15, 0x8b, 
    0x86, 0x8b, 0x84, 0x8b, 0x87, 0x08, 0x8b, 0x87, 0x8a, 0x8a, 0x8b, 0x8c, 
    0x08, 0x8b, 0x8c, 0x8b, 0x92, 0x8a, 0x91, 0x08, 0x8a, 0x96, 0x8b, 0x8e, 
    0x8d, 0x8b, 0x08, 0x8b, 0x8b, 0x8c, 0x88, 0x8b, 0x86, 0x08, 0x92, 0x87, 
    0x15, 0x8d, 0x86, 0x89, 0x83, 0x8b, 0x88, 0x08, 0x8a, 0x87, 0x8b, 0x8b, 
    0x8b, 0x8d, 0x08, 0x8b, 0x8d, 0x8b, 0x92, 0x8a, 0x92, 0x08, 0x8b, 0x92, 
    0x8a, 0x91, 0x8c, 0x8b, 0x08, 0x8c, 0x8d, 0x8c, 0x88, 0x8b, 0x81, 0x08, 
    0x91, 0x8f, 0x15, 0x8c, 0x7f, 0x8b, 0x83, 0x8a, 0x8a, 0x08, 0x8a, 0x8b, 
    0x8b, 0x8c, 0x8b, 0x8e, 0x08, 0x8b, 0x8d, 0x8b, 0x92, 0x8a, 0x91, 0x08, 
    0x8b, 0x97, 0x8c, 0x8e, 0x8c, 0x7e, 0x08, 0x93, 0x87, 0x15, 0x8b, 0x86, 
    0x8b, 0x83, 0x8a, 0x88, 0x08, 0x8a, 0x85, 0x8b, 0x8b, 0x8a, 0x9a, 0x08, 
    0x8b, 0x95, 0x8a, 0x93, 0x8c, 0x8b, 0x08, 0x8c, 0x8e, 0x8c, 0x88, 0x8c, 
    0x80, 0x08, 0x90, 0x92, 0x15, 0x8c, 0x86, 0x8b, 0x7c, 0x8a, 0x88, 0x08, 
    0x8a, 0x8a, 0x8a, 0x9a, 0x8b, 0x94, 0x08, 0x8b, 0x90, 0x8d, 0x8b, 0x8b, 
    0x86, 0x08, 0x93, 0x7f, 0x15, 0x8b, 0x84, 0x8b, 0x87, 0x8a, 0x8b, 0x08, 
    0x8b, 0x8c, 0x8a, 0x91, 0x8b, 0x92, 0x08, 0x8a, 0x94, 0x8b, 0x8f, 0x8c, 
    0x89, 0x08, 0x8c, 0x89, 0x8b, 0x86, 0x8c, 0x84, 0x08, 0xfc, 0x3d, 0x75, 
    0x15, 0x8b, 0x89, 0x8b, 0x8b, 0x8a, 0x8a, 0x08, 0x89, 0x8b, 0x8b, 0x8b, 
    0x8b, 0x8c, 0x08, 0x8b, 0x8d, 0x8b, 0x8b, 0x8d, 0x8b, 0x08, 0x8c, 0x8b, 
    0x8b, 0x8b, 0x8b, 0x8b, 0x08, 0xf9, 0x55, 0x81, 0x15, 0x8d, 0x89, 0x8b, 
    0x83, 0x8c, 0x84, 0x08, 0x8b, 0x82, 0x8b, 0x88, 0x88, 0x88, 0x08, 0x8a, 
    0x89, 0x89, 0x87, 0x8b, 0x8a, 0x08, 0x8a, 0x89, 0x8a, 0x8c, 0x8b, 0x98, 
    0x08, 0x8b, 0x94, 0x8b, 0x91, 0x8c, 0x8b, 0x08, 0x8c, 0x8b, 0x8b, 0x8f, 
    0x8b, 0x92, 0x08, 0x8b, 0x97, 0x8c, 0x8c, 0x8d, 0x7f, 0x08, 0xfd, 0x53, 
    0x91, 0x15, 0x8a, 0x8a, 0x8b, 0x8b, 0x8d, 0x8b, 0x08, 0x8d, 0x8c, 0x91, 
    0x88, 0x8c, 0x88, 0x08, 0x8b, 0x8a, 0x8b, 0x8b, 0x8d, 0x8b, 0x08, 0x8d, 
    0x8b, 0x8b, 0x8b, 0x8a, 0x8a, 0x08, 0x8a, 0x89, 0x85, 0x83, 0x87, 0x86, 
    0x08, 0x88, 0x87, 0x05, 0x86, 0x8f, 0x05, 0x88, 0x8e, 0x8b, 0x8e, 0x8f, 
    0x8a, 0x08, 0x8d, 0x8b, 0x8c, 0x8b, 0x8b, 0x8d, 0x08, 0x8b, 0x8c, 0x8a, 
    0x8c, 0x8b, 0x8a, 0x08, 0x89, 0x8b, 0x8a, 0x8c, 0x8a, 0x8c, 0x08, 0x89, 
    0x8d, 0x8b, 0x8c, 0x8c, 0x8c, 0x08, 0x8c, 0x8c, 0x8b, 0x8b, 0x89, 0x8b, 
    0x08, 0x88, 0x8b, 0x8b, 0x8b, 0x8d, 0x8c, 0x08, 0x8c, 0x8b, 0x8c, 0x8c, 
    0x8b, 0x8c, 0x08, 0x8a, 0x8b, 0x8c, 0x8d, 0x8c, 0x8b, 0x08, 0x8b, 0x8b, 
    0x8c, 0x89, 0x8b, 0x8b, 0x08, 0x8b, 0x8a, 0x8c, 0x8a, 0x8d, 0x8b, 0x08, 
    0x8c, 0x8a, 0x8c, 0x8b, 0x8c, 0x8b, 0x08, 0x8c, 0x8a, 0x8c, 0x8b, 0x8b, 
    0x8c, 0x08, 0x8b, 0x8c, 0x8b, 0x8b, 0x8a, 0x8a, 0x08, 0x8a, 0x8b, 0x8b, 
    0x8c, 0x8b, 0x8b, 0x08, 0x8b, 0x8d, 0x8d, 0x8b, 0x8e, 0x8a, 0x08, 0x8c, 
    0x89, 0x8b, 0x8b, 0x8a, 0x8b, 0x08, 0x89, 0x8a, 0x8b, 0x8b, 0x8d, 0x8b, 
    0x08, 0x8d, 0x8b, 0x8b, 0x8b, 0x8a, 0x8e, 0x08, 0x8a, 0x8e, 0x89, 0x8c, 
    0x8a, 0x8a, 0x08, 0x8a, 0x8b, 0x89, 0x8b, 0x89, 0x8b, 0x08, 0x88, 0x8c, 
    0x8b, 0x8b, 0x8e, 0x8d, 0x08, 0x8c, 0x8b, 0x8c, 0x8c, 0x8c, 0x8b, 0x08, 
    0x8c, 0x8b, 0x8b, 0x8b, 0x8a, 0x8a, 0x08, 0xf8, 0x73, 0x82, 0x15, 0x89, 
    0x8b, 0x89, 0x8b, 0x89, 0x8b, 0x08, 0x8a, 0x8c, 0x8c, 0x8b, 0x8e, 0x8b, 
    0x08, 0x8e, 0x8b, 0x8c, 0x8b, 0x8a, 0x8a, 0x08, 0x63, 0x8a, 0x15, 0x8a, 
    0x8b, 0x89, 0x8b, 0x8a, 0x8b, 0x08, 0x89, 0x8c, 0x8d, 0x8b, 0x8d, 0x8b, 
    0x08, 0x8d, 0x8b, 0x8c, 0x8b, 0x8a, 0x8a, 0x08, 0xfc, 0x57, 0x85, 0x15, 
    0x8b, 0x8a, 0x8b, 0x8b, 0x8b, 0x8b, 0x08, 0x8a, 0x8b, 0x8b, 0x8b, 0x8b, 
    0x8c, 0x08, 0x8a, 0x8c, 0x8b, 0x8b, 0x8c, 0x8b, 0x08, 0x8c, 0x8b, 0x8b, 
    0x8b, 0x8b, 0x8a, 0x08, 0xf8, 0x11, 0x86, 0x15, 0x8f, 0x8b, 0x83, 0x8a, 
    0x7b, 0x8c, 0x08, 0x7b, 0x8b, 0x7e, 0x8b, 0x8b, 0x8b, 0x08, 0x8a, 0x8c, 
    0xb3, 0x8b, 0x95, 0x8a, 0x08, 0xfc, 0x0c, 0x88, 0x15, 0x8c, 0x8b, 0x8b, 
    0x8b, 0x8b, 0x8a, 0x08, 0x8a, 0x8b, 0x8c, 0x89, 0x8c, 0x8a, 0x08, 0x8d, 
    0x8a, 0x8b, 0x8a, 0x89, 0x8b, 0x08, 0x8a, 0x8a, 0x8a, 0x8b, 0x8a, 0x8c, 
    0x08, 0x8b, 0x8d, 0x8a, 0x8b, 0x8b, 0x8a, 0x08, 0x8b, 0x8a, 0x8b, 0x8b, 
    0x8a, 0x8c, 0x08, 0x89, 0x8b, 0x8b, 0x8c, 0x8d, 0x8b, 0x08, 0x8c, 0x8c, 
    0x8b, 0x8d, 0x8a, 0x8c, 0x08, 0x89, 0x8c, 0x8b, 0x8b, 0x8d, 0x8b, 0x08, 
    0x8c, 0x8a, 0x8d, 0x8b, 0x8b, 0x8b, 0x08, 0x89, 0x7f, 0x15, 0x8b, 0x8a, 
    0x8b, 0x8b, 0x8a, 0x8b, 0x08, 0x8b, 0x8b, 0x89, 0x8b, 0x8b, 0x8c, 0x08, 
    0x8a, 0x8c, 0x8c, 0x8b, 0x8b, 0x8b, 0x08, 0x8d, 0x8b, 0x8c, 0x8b, 0x8b, 
    0x8a, 0x08, 0xf7, 0x94, 0x7d, 0x15, 0x8b, 0x85, 0x89, 0x80, 0x89, 0x8b, 
    0x08, 0x8a, 0x8b, 0x8b, 0x89, 0x8b, 0x88, 0x08, 0x8c, 0x89, 0x8b, 0x86, 
    0x8a, 0x88, 0x08, 0x8b, 0x84, 0x05, 0x73, 0x8b, 0x05, 0x73, 0x8b, 0x05, 
    0x8b, 0x9b, 0x05, 0x8b, 0x94, 0x8b, 0x92, 0x89, 0x8b, 0x08, 0x8a, 0x8c, 
    0x8b, 0x8e, 0x8b, 0x8d, 0x08, 0x8b, 0x90, 0x05, 0xa7, 0x8b, 0x05, 0xa7, 
    0x8b, 0x05, 0x8b, 0x87, 0x05, 0xeb, 0x88, 0x15, 0x8b, 0x86, 0x8a, 0x87, 
    0x8b, 0x88, 0x08, 0x8b, 0x8a, 0x8a, 0x85, 0x8b, 0x85, 0x08, 0x8b, 0x86, 
    0x8b, 0x86, 0x8a, 0x8b, 0x08, 0x8b, 0x8a, 0x73, 0x8b, 0x82, 0x8c, 0x08, 
    0x85, 0x8c, 0x88, 0x8b, 0x8b, 0x8a, 0x08, 0x8b, 0x8a, 0x89, 0x8b, 0x89, 
    0x8b, 0x08, 0x89, 0x8b, 0x8a, 0x8b, 0x8c, 0x8c, 0x08, 0x8c, 0x8b, 0x8b, 
    0x8c, 0x8a, 0x8c, 0x08, 0x89, 0x8e, 0x8b, 0x93, 0x8c, 0x91, 0x08, 0x8c, 
    0x8c, 0x8b, 0x8e, 0x8b, 0x8e, 0x08, 0x8c, 0x94, 0x8c, 0x8c, 0x91, 0x8c, 
    0x08, 0x8d, 0x8c, 0x96, 0x8b, 0x94, 0x8b, 0x08, 0x96, 0x8b, 0x93, 0x8b, 
    0x8b, 0x8b, 0x08, 0x8b, 0x8c, 0x7f, 0x8b, 0x7d, 0x8b, 0x08, 0x72, 0x8b, 
    0x05, 0x8b, 0x86, 0x05, 0x8b, 0x83, 0x8a, 0x8c, 0x8b, 0x93, 0x08, 0x89, 
    0x92, 0x05, 0xa8, 0x8b, 0x05, 0xa7, 0x8b, 0x05, 0x8a, 0x84, 0x05, 0xeb, 
    0x88, 0x15, 0x8b, 0x87, 0x8b, 0x86, 0x8a, 0x8b, 0x08, 0x8b, 0x8b, 0x8b, 
    0x8f, 0x8b, 0x8f, 0x08, 0x8b, 0x93, 0x05, 0x72, 0x8b, 0x05, 0x71, 0x8b, 
    0x05, 0x8b, 0x84, 0x05, 0x8b, 0x86, 0x8b, 0x8a, 0x8a, 0x8d, 0x08, 0x8b, 
    0x8d, 0x8a, 0x8f, 0x8b, 0x8e, 0x08, 0x8b, 0x90, 0x05, 0xa7, 0x8b, 0x05, 
    0xa6, 0x8b, 0x05, 0x8a, 0x81, 0x05, 0xfc, 0x83, 0x91, 0x15, 0x8a, 0x8a, 
    0x88, 0x8b, 0x88, 0x8b, 0x08, 0x87, 0x8b, 0x05, 0x8f, 0x8c, 0x05, 0x94, 
    0x8c, 0x8c, 0x8b, 0x88, 0x8a, 0x08, 0xf7, 0x90, 0x8b, 0x15, 0x8d, 0x8b, 
    0x8e, 0x8b, 0x8c, 0x8b, 0x08, 0x8c, 0x8c, 0x8a, 0x8b, 0x88, 0x8b, 0x08, 
    0x88, 0x8b, 0x8a, 0x8b, 0x8c, 0x8a, 0x08, 0xa1, 0x8b, 0x15, 0x8d, 0x8a, 
    0x8f, 0x8b, 0x8c, 0x8b, 0x08, 0x8d, 0x8c, 0x8c, 0x8a, 0x8c, 0x8b, 0x08, 
    0x8b, 0x8a, 0x8d, 0x8b, 0x8b, 0x8c, 0x08, 0x8c, 0x8b, 0x8e, 0x8c, 0x8f, 
    0x8b, 0x08, 0x8d, 0x8b, 0x86, 0x8c, 0x83, 0x8b, 0x08, 0x80, 0x8b, 0x87, 
    0x8b, 0x90, 0x8a, 0x08, 0x82, 0x85, 0x15, 0x89, 0x88, 0x8e, 0x8a, 0x91, 
    0x8b, 0x08, 0x90, 0x8b, 0x05, 0x8a, 0x86, 0x05, 0x8a, 0x88, 0x89, 0x86, 
    0x8a, 0x88, 0x08, 0x87, 0x83, 0x8b, 0x89, 0x90, 0x8b, 0x08, 0x8d, 0x8b, 
    0x8c, 0x8d, 0x8c, 0x8e, 0x08, 0x8b, 0x8e, 0x8d, 0x8e, 0x8c, 0x8c, 0x08, 
    0x8d, 0x91, 0x8d, 0x93, 0x8b, 0x8e, 0x08, 0x8b, 0x8f, 0x05, 0x82, 0x8b, 
    0x05, 0x84, 0x8b, 0x89, 0x8b, 0x8a, 0x88, 0x08, 0xed, 0x8a, 0x15, 0x8a, 
    0x89, 0x8a, 0x88, 0x8b, 0x88, 0x08, 0x8b, 0x88, 0x8b, 0x87, 0x8a, 0x89, 
    0x08, 0x8b, 0x86, 0x8b, 0x8a, 0x8e, 0x89, 0x08, 0x8f, 0x86, 0x90, 0x8b, 
    0x90, 0x8f, 0x08, 0x8f, 0x8e, 0x8b, 0x8b, 0x89, 0x9a, 0x08, 0x8a, 0x93, 
    0x89, 0x8f, 0x84, 0x8b, 0x08, 0x87, 0x8b, 0x8a, 0x8a, 0x8a, 0x88, 0x08, 
    0xfb, 0xfd, 0x8b, 0x15, 0x8b, 0x8b, 0x8b, 0x8a, 0x89, 0x8a, 0x08, 0x8a, 
    0x8b, 0x8b, 0x8c, 0x8b, 0x8b, 0x08, 0x8b, 0x8c, 0x8b, 0x8c, 0x8c, 0x8b, 
    0x08, 0x8d, 0x8b, 0x8b, 0x8b, 0x8b, 0x8a, 0x08, 0xf8, 0x5e, 0x89, 0x15, 
    0x89, 0x86, 0x8b, 0x89, 0x8c, 0x89, 0x08, 0x8e, 0x8a, 0x8c, 0x88, 0x88, 
    0x8b, 0x08, 0x8b, 0x8b, 0x8a, 0x8c, 0x8a, 0x8d, 0x08, 0x88, 0x8c, 0x8b, 
    0x8b, 0x8c, 0x87, 0x08, 0x8b, 0x88, 0x8a, 0x8a, 0x8a, 0x8d, 0x08, 0x89, 
    0x8c, 0x8b, 0x8a, 0x8b, 0x8b, 0x08, 0x8d, 0x8a, 0x8c, 0x8b, 0x8c, 0x8b, 
    0x08, 0x8d, 0x8b, 0x8c, 0x8a, 0x8b, 0x89, 0x08, 0x8b, 0x8b, 0x8b, 0x8a, 
    0x8a, 0x8b, 0x08, 0x8a, 0x8b, 0x8b, 0x8a, 0x8b, 0x8a, 0x08, 0x8b, 0x89, 
    0x8b, 0x8b, 0x8a, 0x8c, 0x08, 0x8b, 0x8c, 0x8a, 0x8c, 0x8a, 0x8b, 0x08, 
    0x89, 0x8b, 0x8a, 0x8c, 0x8b, 0x8b, 0x08, 0x8a, 0x8c, 0x8a, 0x8d, 0x8b, 
    0x8b, 0x08, 0x89, 0x8b, 0x8b, 0x8c, 0x8b, 0x8d, 0x08, 0x8b, 0x94, 0x8e, 
    0x8f, 0x8d, 0x84, 0x08, 0x8b, 0x89, 0x8d, 0x89, 0x8b, 0x8d, 0x08, 0x8b, 
    0x8c, 0x8c, 0x8c, 0x8c, 0x8b, 0x08, 0x8b, 0x8b, 0x8c, 0x8c, 0x8b, 0x8b, 
    0x08, 0x8a, 0x8d, 0x8d, 0x92, 0x8c, 0x8b, 0x08, 0x8c, 0x8b, 0x8b, 0x8a, 
    0x8b, 0x8a, 0x08, 0xa0, 0x8a, 0x15, 0x8d, 0x89, 0x05, 0x8d, 0x8d, 0x05, 
    0x8d, 0x8e, 0x8f, 0x8c, 0x89, 0x88, 0x08, 0x8a, 0x8b, 0x8b, 0x89, 0x8b, 
    0x88, 0x08, 0x8b, 0x89, 0x8b, 0x8b, 0x8a, 0x8d, 0x08, 0x8b, 0x8e, 0x8a, 
    0x8c, 0x8b, 0x8a, 0x08, 0x8b, 0x8a, 0x8b, 0x89, 0x8a, 0x8b, 0x08, 0x8a, 
    0x8b, 0x8b, 0x8a, 0x8b, 0x89, 0x08, 0x8b, 0x8a, 0x8c, 0x8a, 0x8c, 0x8b, 
    0x08, 0x8c, 0x8b, 0x8b, 0x89, 0x8b, 0x86, 0x08, 0x8b, 0x81, 0x8a, 0x8a, 
    0x7f, 0x8b, 0x08, 0x81, 0x8a, 0x87, 0x8b, 0x8b, 0x8f, 0x08, 0x8b, 0x8b, 
    0x8b, 0x8c, 0x8a, 0x8b, 0x08, 0x89, 0x8b, 0x8c, 0x8e, 0x8d, 0x8c, 0x08, 
    0x8e, 0x8c, 0x8c, 0x8d, 0x8c, 0x8c, 0x08, 0x8b, 0x8d, 0x8c, 0x8b, 0x8e, 
    0x8a, 0x08, 0x8c, 0x8b, 0x8a, 0x89, 0x88, 0x88, 0x08, 0x87, 0x87, 0x8b, 
    0x88, 0x8e, 0x8b, 0x08, 0x8d, 0x8a, 0x8d, 0x8c, 0x8e, 0x8f, 0x08, 0x91, 
    0x91, 0x8b, 0x8d, 0x8b, 0x95, 0x08, 0x8b, 0x8f, 0x8c, 0x8e, 0x8b, 0x8b, 
    0x08, 0x8b, 0x8b, 0x8c, 0x8a, 0x8c, 0x89, 0x08, 0xfb, 0x01, 0x89, 0x15, 
    0x8b, 0x88, 0x8a, 0x8a, 0x8a, 0x8b, 0x08, 0x88, 0x8b, 0x89, 0x90, 0x8e, 
    0x8c, 0x08, 0x8d, 0x8c, 0x8d, 0x8b, 0x8b, 0x88, 0x08, 0xee, 0x89, 0x15, 
    0x8b, 0x8a, 0x8a, 0x8a, 0x8a, 0x8b, 0x08, 0x89, 0x8b, 0x8a, 0x8b, 0x8a, 
    0x8c, 0x08, 0x8a, 0x8e, 0x8d, 0x8d, 0x8e, 0x8b, 0x08, 0x8c, 0x8b, 0x8c, 
    0x8a, 0x8b, 0x88, 0x08, 0x2a, 0x80, 0x15, 0x8b, 0x88, 0x89, 0x8a, 0x89, 
    0x8b, 0x08, 0x88, 0x8b, 0x8b, 0x8b, 0x8b, 0x8f, 0x08, 0x8b, 0x8e, 0x8b, 
    0x8b, 0x8e, 0x8b, 0x08, 0x8d, 0x8b, 0x8d, 0x8a, 0x8b, 0x89, 0x08, 0xf5, 
    0x8d, 0x15, 0x8b, 0x8a, 0x8b, 0x8b, 0x8c, 0x8b, 0x08, 0x8d, 0x8b, 0x8b, 
    0x8b, 0x8b, 0x8c, 0x08, 0x89, 0x8c, 0x8b, 0x8b, 0x8a, 0x8b, 0x08, 0x8b, 
    0x8b, 0x8b, 0x8b, 0x8b, 0x8a, 0x08, 0xfc, 0x59, 0x6b, 0x15, 0x8b, 0x72, 
    0x8f, 0x76, 0x90, 0x78, 0x08, 0x8f, 0x81, 0x94, 0x75, 0x90, 0x86, 0x08, 
    0x8e, 0x85, 0x8a, 0x8c, 0x86, 0x90, 0x08, 0x84, 0x92, 0x82, 0x9f, 0x88, 
    0x9c, 0x08, 0x85, 0x9e, 0x89, 0xa6, 0x8d, 0x9e, 0x08, 0x8b, 0x90, 0x8b, 
    0x90, 0x8c, 0x8b, 0x08, 0x8b, 0x8b, 0x8b, 0x83, 0x8b, 0x82, 0x08, 0xf8, 
    0xf8, 0x8d, 0x15, 0x8a, 0x8b, 0x88, 0x8b, 0x8a, 0x8b, 0x08, 0x8a, 0x8c, 
    0x8c, 0x8b, 0x8e, 0x8b, 0x08, 0x8d, 0x8b, 0x8c, 0x8b, 0x8a, 0x8a, 0x08, 
    0x84, 0x8a, 0x15, 0x8a, 0x8b, 0x89, 0x8b, 0x89, 0x8b, 0x08, 0x8a, 0x8c, 
    0x8c, 0x8b, 0x8e, 0x8b, 0x08, 0x8d, 0x8b, 0x8c, 0x8b, 0x8a, 0x8a, 0x08, 
    0x84, 0x8a, 0x15, 0x8a, 0x8b, 0x89, 0x8b, 0x89, 0x8b, 0x08, 0x8a, 0x8c, 
    0x8c, 0x8b, 0x8e, 0x8b, 0x08, 0x8d, 0x8b, 0x8c, 0x8b, 0x8a, 0x8a, 0x08, 
    0x79, 0x88, 0x15, 0x89, 0x8b, 0x89, 0x8b, 0x89, 0x8b, 0x08, 0x8a, 0x8d, 
    0x8c, 0x8b, 0x8e, 0x8b, 0x08, 0x8e, 0x8b, 0x8c, 0x8b, 0x8a, 0x89, 0x08, 
    0xfc, 0xb2, 0x87, 0x15, 0x8b, 0x8a, 0x8b, 0x88, 0x8b, 0x8a, 0x08, 0x8b, 
    0x8a, 0x8b, 0x8a, 0x8a, 0x8b, 0x08, 0x8a, 0x8b, 0x8a, 0x91, 0x8c, 0x8d, 
    0x08, 0x8d, 0x8d, 0x8c, 0x8a, 0x8a, 0x89, 0x08, 0xb6, 0x8c, 0x15, 0x89, 
    0x8b, 0x8b, 0x8a, 0x8c, 0x88, 0x08, 0x8c, 0x8a, 0x8b, 0x8b, 0x8a, 0x8b, 
    0x08, 0x89, 0x8b, 0x8a, 0x8f, 0x8c, 0x8c, 0x08, 0x8b, 0x8c, 0x8c, 0x8b, 
    0x8c, 0x8b, 0x08, 0x8d, 0x8b, 0x8b, 0x8b, 0x8a, 0x8a, 0x08, 0x94, 0x8a, 
    0x15, 0x8b, 0x8b, 0x89, 0x87, 0x8a, 0x8b, 0x08, 0x89, 0x8b, 0x88, 0x8f, 
    0x8b, 0x8c, 0x08, 0x8c, 0x8c, 0x91, 0x8a, 0x8c, 0x8a, 0x08, 0xa7, 0x8b, 
    0x15, 0x8c, 0x8b, 0x8a, 0x8a, 0x8b, 0x89, 0x08, 0x8a, 0x8a, 0x8b, 0x8b, 
    0x89, 0x8c, 0x08, 0x88, 0x8d, 0x85, 0x89, 0x8b, 0x8a, 0x08, 0x8b, 0x8a, 
    0x8b, 0x8b, 0x89, 0x8b, 0x08, 0x8a, 0x8b, 0x8b, 0x8c, 0x8b, 0x8c, 0x08, 
    0x8b, 0x8e, 0x8c, 0x8b, 0x8e, 0x8c, 0x08, 0x8d, 0x8b, 0x8d, 0x8b, 0x8b, 
    0x8c, 0x08, 0x8c, 0x8b, 0x90, 0x8a, 0x8c, 0x8a, 0x08, 0xb0, 0x8a, 0x15, 
    0x8b, 0x88, 0x8a, 0x8b, 0x7e, 0x8b, 0x08, 0x7f, 0x8b, 0x8a, 0x8b, 0x8b, 
    0x8e, 0x08, 0x8b, 0x8d, 0x8d, 0x8c, 0x99, 0x8a, 0x08, 0x95, 0x8b, 0x8c, 
    0x8b, 0x8b, 0x89, 0x08, 0xfb, 0x4c, 0x8c, 0x15, 0x8f, 0x8b, 0x8e, 0x8b, 
    0x8b, 0x8a, 0x08, 0x8a, 0x89, 0x6d, 0x8b, 0x8b, 0x8d, 0x08, 0x8b, 0x8d, 
    0x96, 0x8b, 0x98, 0x8a, 0x08, 0xf9, 0x7b, 0x88, 0x15, 0x8e, 0x88, 0x8d, 
    0x8a, 0x8d, 0x8c, 0x08, 0x8c, 0x8b, 0x8b, 0x8b, 0x8b, 0x8a, 0x08, 0x8a, 
    0x88, 0x82, 0x89, 0x87, 0x8d, 0x08, 0x8a, 0x8d, 0x86, 0x8b, 0x80, 0x89, 
    0x08, 0x83, 0x8b, 0x83, 0x8a, 0x8b, 0x8c, 0x08, 0x89, 0x8b, 0x8b, 0x8e, 
    0x8b, 0x8d, 0x08, 0x8b, 0x91, 0x8a, 0x8a, 0xa0, 0x8c, 0x08, 0x9b, 0x8b, 
    0x05, 0x90, 0x87, 0x05, 0xfd, 0x50, 0x8d, 0x15, 0x8b, 0x89, 0x8a, 0x8b, 
    0x88, 0x8b, 0x08, 0x88, 0x8b, 0x8a, 0x8b, 0x8c, 0x8d, 0x08, 0x8b, 0x8c, 
    0x8c, 0x8b, 0x8d, 0x8b, 0x08, 0x8d, 0x8b, 0x8c, 0x8b, 0x8c, 0x8a, 0x08, 
    0x9b, 0x89, 0x15, 0x8b, 0x8a, 0x8a, 0x8a, 0x8b, 0x8b, 0x08, 0x8a, 0x8b, 
    0x8b, 0x8c, 0x8b, 0x8c, 0x08, 0x8b, 0x8d, 0x8c, 0x8c, 0x8b, 0x8b, 0x08, 
    0x8c, 0x8b, 0x8c, 0x8a, 0x8a, 0x89, 0x08, 0x9f, 0x8b, 0x15, 0x8b, 0x8a, 
    0x8c, 0x8a, 0x8b, 0x8b, 0x08, 0x8c, 0x8a, 0x8a, 0x8b, 0x8a, 0x8b, 0x08, 
    0x89, 0x8b, 0x8b, 0x8c, 0x8b, 0x8c, 0x08, 0x8b, 0x8e, 0x8b, 0x8c, 0x8c, 
    0x8b, 0x08, 0x8c, 0x8b, 0x8b, 0x8a, 0x8b, 0x89, 0x08, 0xf8, 0x8c, 0x89, 
    0x15, 0x8b, 0x8b, 0x86, 0x8b, 0x88, 0x8c, 0x08, 0x84, 0x8b, 0x05, 0x92, 
    0x8c, 0x05, 0x92, 0x8b, 0x8d, 0x8b, 0x8a, 0x89, 0x08, 0xfc, 0x6d, 0x89, 
    0x15, 0x8a, 0x8a, 0x8a, 0x8b, 0x8b, 0x8b, 0x08, 0x8a, 0x8b, 0x8b, 0x8b, 
    0x8b, 0x8c, 0x08, 0x8b, 0x8c, 0x8c, 0x8b, 0x8c, 0x8b, 0x08, 0x8b, 0x8b, 
    0x8c, 0x8b, 0x8b, 0x8a, 0x08, 0xa2, 0x8a, 0x15, 0x8a, 0x89, 0x8a, 0x8b, 
    0x8b, 0x8b, 0x08, 0x8a, 0x8b, 0x8b, 0x8b, 0x8c, 0x8d, 0x08, 0x8b, 0x8c, 
    0x8c, 0x8b, 0x8b, 0x8b, 0x08, 0x8c, 0x8b, 0x8b, 0x8b, 0x8b, 0x8a, 0x08, 
    0xf7, 0x40, 0x6e, 0x15, 0x8a, 0x86, 0x8a, 0x86, 0x89, 0x89, 0x08, 0x8a, 
    0x8a, 0x8b, 0x86, 0x8b, 0x84, 0x08, 0x8b, 0x83, 0x8b, 0x89, 0x89, 0x8b, 
    0x08, 0x8a, 0x8a, 0x80, 0x8b, 0x80, 0x8c, 0x08, 0x75, 0x8b, 0x05, 0x8a, 
    0x99, 0x05, 0x8b, 0x94, 0x8b, 0x90, 0x8c, 0x8b, 0x08, 0x8c, 0x8c, 0x8b, 
    0x8d, 0x8b, 0x8d, 0x08, 0x8b, 0x8f, 0x8b, 0x8b, 0x91, 0x8b, 0x08, 0x8f, 
    0x8c, 0x8a, 0x8b, 0x85, 0x8b, 0x08, 0x84, 0x8b, 0x88, 0x8c, 0x8d, 0x8e, 
    0x08, 0x8b, 0x8c, 0x98, 0x8b, 0x9a, 0x8b, 0x08, 0xa7, 0x8b, 0x05, 0x8b, 
    0x83, 0x05, 0xec, 0x90, 0x15, 0x8b, 0x8a, 0x8b, 0x87, 0x8a, 0x86, 0x08, 
    0x8a, 0x85, 0x8b, 0x83, 0x8a, 0x85, 0x08, 0x8b, 0x85, 0x8b, 0x87, 0x8a, 
    0x8b, 0x08, 0x89, 0x8a, 0x6e, 0x8c, 0x8a, 0x8c, 0x08, 0x8b, 0x8b, 0x8a, 
    0x8c, 0x8a, 0x8a, 0x08, 0x86, 0x8a, 0x84, 0x8c, 0x89, 0x8c, 0x08, 0x89, 
    0x8d, 0x8b, 0xa3, 0x8d, 0x8e, 0x08, 0x8b, 0x8c, 0x8c, 0x8c, 0x8b, 0x8d, 
    0x08, 0x8b, 0x8c, 0x8c, 0x8c, 0x90, 0x8b, 0x08, 0x90, 0x8c, 0x8b, 0x8b, 
    0x84, 0x8b, 0x08, 0x84, 0x8b, 0x8b, 0x8b, 0x8b, 0x88, 0x08, 0x8b, 0x87, 
    0x8a, 0x8c, 0x8b, 0x91, 0x08, 0x89, 0x90, 0x05, 0xa7, 0x8b, 0x05, 0xa4, 
    0x8b, 0x8e, 0x8b, 0x8c, 0x88, 0x08, 0xeb, 0x8d, 0x15, 0x8b, 0x89, 0x8b, 
    0x87, 0x8a, 0x87, 0x08, 0x8a, 0x83, 0x05, 0x8b, 0x92, 0x05, 0x8b, 0x92, 
    0x05, 0x72, 0x8b, 0x05, 0x71, 0x8b, 0x05, 0x8b, 0x88, 0x05, 0x8b, 0x89, 
    0x8b, 0x8a, 0x8c, 0x8c, 0x08, 0x8b, 0x8d, 0x8c, 0x8c, 0x8e, 0x8c, 0x08, 
    0x8c, 0x8b, 0xaf, 0x8b, 0x8d, 0x8a, 0x08, 0x8b, 0x8b, 0x8b, 0x88, 0x8b, 
    0x89, 0x08, 0x8b, 0x88, 0x8b, 0x8a, 0x8c, 0x89, 0x08, 0x8c, 0x8b, 0x8b, 
    0x8a, 0x8b, 0x8a, 0x08, 0x8a, 0x8a, 0x8c, 0x8a, 0x8d, 0x8a, 0x08, 0x8c, 
    0x89, 0x8b, 0x89, 0x8a, 0x85, 0x08, 0x89, 0x88, 0x8a, 0x87, 0x8b, 0x8b, 
    0x08, 0x8a, 0x89, 0x80, 0x8b, 0x8b, 0x8c, 0x08, 0x8c, 0x8c, 0x8a, 0x8b, 
    0x8b, 0x8b, 0x08, 0x89, 0x8b, 0x8a, 0x8a, 0x8b, 0x8b, 0x08, 0x8b, 0x8a, 
    0x8a, 0x8a, 0x88, 0x8c, 0x08, 0x85, 0x8b, 0x88, 0x8c, 0x91, 0x8b, 0x08, 
    0x8f, 0x8b, 0x8d, 0x8c, 0x8d, 0x8e, 0x08, 0x8f, 0x8e, 0x8b, 0x8c, 0x8b, 
    0x8f, 0x08, 0x8a, 0x8f, 0x88, 0x8f, 0x87, 0x8c, 0x08, 0x86, 0x8b, 0x8b, 
    0x8c, 0x90, 0x90, 0x08, 0x8f, 0x91, 0x8b, 0x8c, 0x86, 0x8b, 0x08, 0x87, 
    0x8b, 0x89, 0x8a, 0x8c, 0x8b, 0x08, 0x8b, 0x89, 0x8a, 0x89, 0x88, 0x88, 
    0x08, 0x88, 0x83, 0x8a, 0x80, 0x8e, 0x88, 0x08, 0x8f, 0x87, 0x8a, 0x8a, 
    0x86, 0x8b, 0x08, 0x89, 0x8c, 0x88, 0x8c, 0x89, 0x8e, 0x08, 0x88, 0x8d, 
    0x8b, 0x8c, 0x8b, 0x90, 0x08, 0x8b, 0x8e, 0x8b, 0x8c, 0x89, 0x8b, 0x08, 
    0x8a, 0x8b, 0x8a, 0x8e, 0x8b, 0x8f, 0x08, 0x8a, 0x8f, 0x8b, 0x91, 0x8a, 
    0x8d, 0x08, 0x8b, 0x91, 0x05, 0xa5, 0x8b, 0x05, 0xa3, 0x8b, 0x8f, 0x8b, 
    0x8c, 0x8a, 0x08, 0xf7, 0x34, 0x8b, 0x15, 0x84, 0x87, 0x21, 0x82, 0x88, 
    0x8c, 0x08, 0x8a, 0x8c, 0x90, 0x8c, 0xa7, 0x8c, 0x08, 0xa5, 0x8e, 0x9e, 
    0x8d, 0xa4, 0x8f, 0x08, 0x91, 0x8b, 0x91, 0x8c, 0x8d, 0x8b, 0x08, 0x8e, 
    0x8b, 0x05, 0x88, 0x8a, 0x05, 0xfb, 0xa2, 0x86, 0x15, 0x8f, 0x8b, 0x8e, 
    0x8a, 0x8c, 0x8a, 0x08, 0x8e, 0x89, 0x8b, 0x8b, 0x8b, 0x8e, 0x08, 0x8b, 
    0x8d, 0x8b, 0x8b, 0x83, 0x8b, 0x08, 0x83, 0x8b, 0x8b, 0x8b, 0x90, 0x8a, 
    0x08, 0xfb, 0x08, 0x85, 0x15, 0x8a, 0x8a, 0x8a, 0x88, 0x89, 0x88, 0x08, 
    0x8a, 0x89, 0x89, 0x89, 0x8b, 0x8b, 0x08, 0x8a, 0x8b, 0x8b, 0x88, 0x8b, 
    0x89, 0x08, 0x8b, 0x87, 0x05, 0x92, 0x8b, 0x05, 0x91, 0x8b, 0x05, 0x8b, 
    0x87, 0x05, 0x8b, 0x86, 0x8b, 0x8b, 0x8f, 0x8b, 0x08, 0x8d, 0x8b, 0x8b, 
    0x8b, 0x8b, 0x96, 0x08, 0x8b, 0x93, 0x8b, 0x8c, 0x89, 0x8b, 0x08, 0x8b, 
    0x8a, 0x88, 0x8b, 0x8b, 0x8b, 0x08, 0x8a, 0x8b, 0x8b, 0x8a, 0x8b, 0x89, 
    0x08, 0x8b, 0x8b, 0x8a, 0x8a, 0x89, 0x8b, 0x08, 0x88, 0x8b, 0x05, 0x8f, 
    0x92, 0x05, 0x8d, 0x8f, 0x8d, 0x8e, 0x8b, 0x8c, 0x08, 0x8d, 0x8b, 0x8b, 
    0x8c, 0x89, 0x8b, 0x08, 0x8a, 0x8e, 0x88, 0x8a, 0x88, 0x87, 0x08, 0xe8, 
    0x8d, 0x15, 0x8a, 0x8a, 0x8b, 0x89, 0x8b, 0x85, 0x08, 0x8b, 0x83, 0x05, 
    0x90, 0x8b, 0x05, 0x90, 0x8c, 0x8e, 0x8a, 0x8b, 0x86, 0x08, 0x8a, 0x88, 
    0x87, 0x8a, 0x89, 0x8d, 0x08, 0x88, 0x8d, 0x87, 0x8b, 0x8b, 0x89, 0x08, 
    0x8b, 0x88, 0x91, 0x87, 0x8f, 0x8b, 0x08, 0x90, 0x8b, 0x8b, 0x8b, 0x8e, 
    0x90, 0x08, 0x8f, 0x8f, 0x8a, 0x8f, 0x87, 0x90, 0x08, 0x8a, 0x8c, 0x89, 
    0x8c, 0x88, 0x8c, 0x08, 0x89, 0x8b, 0x8a, 0x8c, 0x8b, 0x8c, 0x08, 0x8b, 
    0x8e, 0x8c, 0x8b, 0x90, 0x8b, 0x08, 0x8f, 0x8b, 0x8d, 0x8c, 0x8b, 0x8d, 
    0x08, 0x8b, 0x8c, 0x8b, 0x8c, 0x89, 0x8b, 0x08, 0x81, 0x8b, 0x87, 0x8b, 
    0x89, 0x8b, 0x08, 0xf6, 0x7a, 0x15, 0x8c, 0x8b, 0x8b, 0x89, 0x8b, 0x8a, 
    0x08, 0x8b, 0x88, 0x8a, 0x8a, 0x88, 0x8b, 0x08, 0x88, 0x8b, 0x8a, 0x8f, 
    0x8d, 0x8e, 0x08, 0x8c, 0x8c, 0x8c, 0x8b, 0x8e, 0x8a, 0x08, 0xfc, 0x26, 
    0x8b, 0x15, 0x8b, 0x8a, 0x8b, 0x8b, 0x89, 0x8a, 0x08, 0x8a, 0x8b, 0x8b, 
    0x8b, 0x8b, 0x8c, 0x08, 0x8b, 0x8c, 0x8b, 0x8b, 0x8c, 0x8b, 0x08, 0x8d, 
    0x8b, 0x8b, 0x8b, 0x8b, 0x8b, 0x08, 0x97, 0x7b, 0x15, 0x8b, 0x8a, 0x8a, 
    0x8a, 0x8a, 0x8b, 0x08, 0x88, 0x8b, 0x89, 0x8d, 0x8e, 0x8b, 0x08, 0x8e, 
    0x8c, 0x8c, 0x8b, 0x8b, 0x8a, 0x08, 0xf8, 0xa8, 0x82, 0x15, 0x8b, 0x8b, 
    0x89, 0x8b, 0x8b, 0x8b, 0x08, 0x8a, 0x8c, 0x8c, 0x8b, 0x8c, 0x8b, 0x08, 
    0x8c, 0x8b, 0x8c, 0x8b, 0x8a, 0x8a, 0x08, 0xfc, 0x66, 0x88, 0x15, 0x8b, 
    0x8b, 0x8b, 0x8a, 0x8a, 0x8c, 0x08, 0x8a, 0x8b, 0x8b, 0x8c, 0x8c, 0x8b, 
    0x08, 0x8b, 0x8d, 0x8c, 0x8b, 0x8b, 0x88, 0x08, 0x73, 0x85, 0x15, 0x8b, 
    0x8a, 0x8a, 0x8b, 0x87, 0x8b, 0x08, 0x88, 0x8b, 0x8a, 0x8b, 0x8b, 0x89, 
    0x08, 0x8b, 0x89, 0x8a, 0x8b, 0x89, 0x8d, 0x08, 0x89, 0x8c, 0x8b, 0x8b, 
    0x8c, 0x8c, 0x08, 0x8c, 0x8e, 0x96, 0x8c, 0x8c, 0x88, 0x08, 0xa3, 0x89, 
    0x15, 0x8a, 0x8a, 0x8b, 0x8a, 0x8a, 0x8b, 0x08, 0x8b, 0x8c, 0x8b, 0x8c, 
    0x8c, 0x8c, 0x08, 0x8b, 0x8c, 0x8b, 0x8d, 0x8c, 0x8b, 0x08, 0x8b, 0x89, 
    0x8b, 0x8a, 0x8b, 0x8a, 0x08, 0x7c, 0x8b, 0x15, 0x8b, 0x8a, 0x8b, 0x8b, 
    0x8a, 0x8b, 0x08, 0x8a, 0x8b, 0x8b, 0x8b, 0x8c, 0x8c, 0x08, 0x8b, 0x8c, 
    0x8b, 0x8b, 0x8c, 0x8b, 0x08, 0x8b, 0x8b, 0x8b, 0x8b, 0x8b, 0x8a, 0x08, 
    0x8f, 0x83, 0x15, 0x8c, 0x8a, 0x8c, 0x89, 0x8a, 0x89, 0x08, 0x8b, 0x89, 
    0x8b, 0x8b, 0x8d, 0x8b, 0x08, 0x8e, 0x8b, 0x8c, 0x8c, 0x88, 0x8e, 0x08, 
    0x8a, 0x8c, 0x8b, 0x8b, 0x8c, 0x8b, 0x08, 0x8d, 0x8b, 0x8c, 0x8a, 0x8b, 
    0x89, 0x08, 0x8b, 0x8a, 0x8c, 0x8a, 0x8c, 0x8a, 0x08, 0x8f, 0x8a, 0x89, 
    0x88, 0x87, 0x8b, 0x08, 0x88, 0x8a, 0x88, 0x8b, 0x8b, 0x8a, 0x08, 0x89, 
    0x8b, 0x8b, 0x8c, 0x8b, 0x8f, 0x08, 0x8b, 0x8f, 0x8b, 0x8d, 0x88, 0x8b, 
    0x08, 0x89, 0x8b, 0x8b, 0x8b, 0x8c, 0x8e, 0x08, 0x8e, 0x8f, 0x8c, 0x8b, 
    0x8c, 0x87, 0x08, 0x56, 0x74, 0x15, 0x91, 0x86, 0x94, 0x89, 0x96, 0x8a, 
    0x08, 0x90, 0x8a, 0x8d, 0x89, 0x8b, 0x8a, 0x08, 0x8c, 0x8a, 0x8e, 0x8b, 
    0x94, 0x8b, 0x08, 0x98, 0x8b, 0x8f, 0x8a, 0x89, 0x89, 0x08, 0x89, 0x89, 
    0x87, 0x8b, 0x89, 0x8d, 0x08, 0x8a, 0x8c, 0x88, 0x8c, 0x87, 0x8a, 0x08, 
    0x87, 0x8b, 0x85, 0x8b, 0x89, 0x8c, 0x08, 0x88, 0x8b, 0x84, 0x8d, 0x85, 
    0x8b, 0x08, 0x7f, 0x8e, 0x84, 0x8f, 0x82, 0x92, 0x08, 0x85, 0x91, 0x82, 
    0x98, 0x8b, 0x8d, 0x08, 0x8b, 0x8b, 0x90, 0x86, 0x90, 0x87, 0x08, 0x90, 
    0x85, 0x93, 0x84, 0x8e, 0x8a, 0x08, 0xf9, 0x36, 0x99, 0x15, 0x8a, 0x87, 
    0x8a, 0x8c, 0x8b, 0x8f, 0x08, 0x8b, 0x8e, 0x8b, 0x8b, 0x8c, 0x8a, 0x08, 
    0x8d, 0x8a, 0x8b, 0x8a, 0x8a, 0x8a, 0x08, 0xfc, 0xf6, 0x80, 0x15, 0x8d, 
    0x87, 0x8b, 0x8a, 0x89, 0x8b, 0x08, 0x8a, 0x8b, 0x8a, 0x8c, 0x8b, 0x8d, 
    0x08, 0x8b, 0x8d, 0x8a, 0x8c, 0x8b, 0x8b, 0x08, 0x8a, 0x8d, 0x8b, 0x8b, 
    0x8d, 0x8b, 0x08, 0x8c, 0x8b, 0x8c, 0x89, 0x8b, 0x8a, 0x08, 0xf7, 0x31, 
    0x81, 0x15, 0x8b, 0x83, 0x8a, 0x83, 0x88, 0x8b, 0x08, 0x8b, 0x8c, 0x8a, 
    0x89, 0x8b, 0x85, 0x08, 0x8b, 0x85, 0x8b, 0x8a, 0x89, 0x88, 0x08, 0x8a, 
    0x8b, 0x8a, 0x89, 0x8b, 0x8b, 0x08, 0x8b, 0x8a, 0x89, 0x8a, 0x8a, 0x8c, 
    0x08, 0x8a, 0x8b, 0x8a, 0x8b, 0x8b, 0x8a, 0x08, 0x8b, 0x8a, 0x8b, 0x8b, 
    0x8a, 0x8c, 0x08, 0x8a, 0x8c, 0x8b, 0x8b, 0x89, 0x8a, 0x08, 0x8b, 0x8b, 
    0x8a, 0x8a, 0x89, 0x8b, 0x08, 0x89, 0x8b, 0x05, 0x8b, 0x9b, 0x05, 0x8b, 
    0x9b, 0x05, 0x87, 0x8c, 0x05, 0x87, 0x8b, 0x82, 0x82, 0x8b, 0x88, 0x08, 
    0x8d, 0x87, 0x8e, 0x8b, 0x8d, 0x8f, 0x08, 0x8d, 0x8d, 0x8c, 0x8c, 0x8b, 
    0x8b, 0x08, 0x8b, 0x8a, 0x8b, 0x86, 0x8b, 0x84, 0x08, 0x8b, 0x85, 0x8b, 
    0x87, 0x8a, 0x8c, 0x08, 0x8b, 0x8b, 0x88, 0x8b, 0x88, 0x8b, 0x08, 0x85, 
    0x8b, 0x8a, 0x8b, 0x8a, 0x8d, 0x08, 0x8b, 0x8e, 0x8a, 0x8b, 0x89, 0x89, 
    0x08, 0x89, 0x8b, 0x8b, 0x8b, 0x8b, 0x8f, 0x08, 0x8b, 0x8d, 0x8b, 0x8c, 
    0x8a, 0x8b, 0x08, 0x8b, 0x8b, 0x8a, 0x8d, 0x8b, 0x8d, 0x08, 0x8b, 0x8d, 
    0x8c, 0x8c, 0x8b, 0x8b, 0x08, 0x8b, 0x8a, 0x8b, 0x8c, 0x8b, 0x8e, 0x08, 
    0x8b, 0x8d, 0x8a, 0x8c, 0x8b, 0x8b, 0x08, 0x8a, 0x8b, 0x8b, 0x8b, 0x8b, 
    0x8c, 0x08, 0x8b, 0x8c, 0x8b, 0x8b, 0x8c, 0x8a, 0x08, 0x8c, 0x8b, 0x8d, 
    0x8e, 0x90, 0x90, 0x08, 0x8b, 0x8b, 0x8d, 0x8d, 0x8d, 0x89, 0x08, 0x8e, 
    0x8b, 0x8e, 0x8b, 0x8e, 0x8d, 0x08, 0x8d, 0x8c, 0x89, 0x8b, 0x80, 0x8b, 
    0x08, 0x84, 0x8b, 0x85, 0x8b, 0x8b, 0x8b, 0x08, 0x8b, 0x8c, 0x8b, 0x8c, 
    0x8a, 0x8b, 0x08, 0x8b, 0x8d, 0x8e, 0x8b, 0xa4, 0x8b, 0x08, 0xa7, 0x8b, 
    0x05, 0x8b, 0x88, 0x05, 0xeb, 0x85, 0x15, 0x8b, 0x85, 0x8a, 0x87, 0x8b, 
    0x8a, 0x08, 0x8a, 0x89, 0x8b, 0x86, 0x8b, 0x86, 0x08, 0x8b, 0x83, 0x8b, 
    0x8a, 0x88, 0x8a, 0x08, 0x8a, 0x89, 0x5e, 0x8b, 0x8b, 0x8d, 0x08, 0x8a, 
    0x8b, 0x8b, 0x8e, 0x8c, 0x8e, 0x08, 0x8b, 0x90, 0x8c, 0x8d, 0x8c, 0x8b, 
    0x08, 0x8b, 0x8b, 0x8d, 0x8d, 0x8b, 0x8b, 0x08, 0x8b, 0x8e, 0x8d, 0x90, 
    0x8e, 0x8d, 0x08, 0x8c, 0x8c, 0x8d, 0x8c, 0x8b, 0x8c, 0x08, 0x89, 0x8d, 
    0x8b, 0x8c, 0x8d, 0x8c, 0x08, 0x8c, 0x8c, 0x8b, 0x8b, 0x88, 0x8b, 0x08, 
    0x88, 0x8b, 0x8e, 0x8d, 0x91, 0x8b, 0x08, 0x93, 0x8d, 0x89, 0x8c, 0x81, 
    0x8b, 0x08, 0x7f, 0x8b, 0x86, 0x8c, 0x8b, 0x8d, 0x08, 0x8b, 0x8c, 0x96, 
    0x8b, 0x9c, 0x8b, 0x08, 0xa7, 0x8a, 0x05, 0x8b, 0x83, 0x05, 0xec, 0x93, 
    0x15, 0x8d, 0x89, 0x8b, 0x86, 0x89, 0x88, 0x08, 0x8a, 0x8a, 0x8b, 0x88, 
    0x8b, 0x88, 0x08, 0x8b, 0x89, 0x8a, 0x8d, 0x8b, 0x8f, 0x08, 0x8b, 0x95, 
    0x05, 0x86, 0x8b, 0x05, 0x87, 0x8b, 0x8b, 0x8b, 0x8c, 0x88, 0x08, 0x8c, 
    0x8a, 0x8d, 0x8a, 0x8d, 0x8b, 0x08, 0x8c, 0x8b, 0x8c, 0x8b, 0x8b, 0x8a, 
    0x08, 0x89, 0x8a, 0x8b, 0x80, 0x8c, 0x8a, 0x08, 0x8c, 0x8a, 0x8c, 0x82, 
    0x8a, 0x8a, 0x08, 0x8a, 0x8b, 0x8b, 0x89, 0x8c, 0x89, 0x08, 0x8b, 0x89, 
    0x8b, 0x8a, 0x8a, 0x8b, 0x08, 0x8a, 0x8a, 0x67, 0x89, 0x8a, 0x8d, 0x08, 
    0x87, 0x8d, 0x88, 0x8b, 0x8b, 0x89, 0x08, 0x89, 0x89, 0x8b, 0x8d, 0x8b, 
    0x8e, 0x08, 0x8b, 0x8d, 0x8b, 0x8e, 0x8a, 0x8b, 0x08, 0x8b, 0x8c, 0x8a, 
    0x8e, 0x8b, 0x90, 0x08, 0x8b, 0x91, 0x8b, 0x8e, 0x8b, 0x8b, 0x08, 0x8b, 
    0x8b, 0x8a, 0x90, 0x8b, 0x8e, 0x08, 0x8a, 0x93, 0x05, 0xa7, 0x8b, 0x05, 
    0x9f, 0x8b, 0x91, 0x8b, 0x8c, 0x8a, 0x08, 0xfb, 0x64, 0x87, 0x15, 0x91, 
    0x8b, 0x8c, 0x89, 0x8d, 0x89, 0x08, 0x8d, 0x88, 0x05, 0x8b, 0x8e, 0x05, 
    0x8d, 0x90, 0x05, 0x81, 0x8b, 0x05, 0x82, 0x8b, 0x8b, 0x8b, 0x91, 0x8a, 
    0x08, 0xe6, 0x8b, 0x15, 0x8a, 0x89, 0x8b, 0x8b, 0x8c, 0x8b, 0x08, 0x8d, 
    0x8b, 0x8c, 0x8b, 0x8b, 0x8d, 0x08, 0x8b, 0x8c, 0x8b, 0x8b, 0x88, 0x8a, 
    0x08, 0x9c, 0x89, 0x15, 0x8b, 0x8a, 0x8b, 0x8a, 0x8c, 0x8b, 0x08, 0x8c, 
    0x8b, 0x8b, 0x8c, 0x8b, 0x8c, 0x08, 0x8b, 0x8d, 0x8b, 0x8c, 0x8a, 0x8b, 
    0x08, 0x8a, 0x8b, 0x8b, 0x8a, 0x8b, 0x89, 0x08, 0xba, 0x89, 0x15, 0x8b, 
    0x89, 0x8b, 0x8a, 0x8c, 0x8c, 0x08, 0x8b, 0x8c, 0x8c, 0x8c, 0x8b, 0x8b, 
    0x08, 0x8d, 0x8b, 0x8b, 0x8c, 0x8b, 0x8c, 0x08, 0x8b, 0x8d, 0x89, 0x8c, 
    0x8b, 0x8b, 0x08, 0x89, 0x8b, 0x8b, 0x8a, 0x8b, 0x87, 0x08, 0x93, 0x8f, 
    0x15, 0x8e, 0x8b, 0x8d, 0x8b, 0x8d, 0x8b, 0x08, 0x8c, 0x8c, 0x8a, 0x8b, 
    0x88, 0x8b, 0x08, 0x86, 0x8b, 0x8a, 0x8a, 0x8d, 0x8b, 0x08, 0x97, 0x8b, 
    0x15, 0x8c, 0x8b, 0x8d, 0x8b, 0x8c, 0x8b, 0x08, 0x8d, 0x8c, 0x89, 0x8b, 
    0x89, 0x8b, 0x08, 0x89, 0x8b, 0x8a, 0x8b, 0x8c, 0x8a, 0x08, 0x95, 0x8b, 
    0x15, 0x8e, 0x8b, 0x8d, 0x8b, 0x8d, 0x8b, 0x08, 0x8e, 0x8b, 0x89, 0x8c, 
    0x87, 0x8b, 0x08, 0x86, 0x8b, 0x8a, 0x8a, 0x8d, 0x8b, 0x08, 0x21, 0x87, 
    0x15, 0x88, 0x8a, 0x8a, 0x8a, 0x8a, 0x87, 0x08, 0x8a, 0x87, 0x8b, 0x8b, 
    0x8e, 0x8c, 0x08, 0x8c, 0x8b, 0x8e, 0x8c, 0x8c, 0x8c, 0x08, 0x8d, 0x8d, 
    0x8e, 0x8d, 0x8c, 0x87, 0x08, 0x8c, 0x8a, 0x8a, 0x89, 0x85, 0x84, 0x08, 
    0x86, 0x85, 0x89, 0x87, 0x8b, 0x8a, 0x08, 0x8b, 0x89, 0x8c, 0x8a, 0x94, 
    0x8b, 0x08, 0x95, 0x8b, 0x05, 0x8b, 0x8e, 0x05, 0x8b, 0x8e, 0x8a, 0x8c, 
    0x86, 0x8b, 0x08, 0x86, 0x8b, 0x05, 0x8f, 0x8f, 0x05, 0x93, 0x95, 0x8b, 
    0x90, 0x85, 0x90, 0x08, 0x88, 0x8d, 0x89, 0x8b, 0x86, 0x89, 0x08, 0xfb, 
    0x30, 0x8b, 0x15, 0x8e, 0x8b, 0x8b, 0x8a, 0x89, 0x8a, 0x08, 0x89, 0x88, 
    0x8a, 0x8a, 0x8b, 0x8e, 0x08, 0x8b, 0x8c, 0x8b, 0x8c, 0x8a, 0x8b, 0x08, 
    0x8a, 0x8b, 0x8b, 0x8b, 0x8c, 0x8c, 0x08, 0x8b, 0x8c, 0x8c, 0x8b, 0x8d, 
    0x8a, 0x08, 0xf7, 0x8b, 0x8a, 0x15, 0x8b, 0x89, 0x8c, 0x89, 0x90, 0x8b, 
    0x08, 0x8e, 0x8b, 0x8e, 0x8b, 0x8b, 0x8a, 0x08, 0x8b, 0x8b, 0x8a, 0x8a, 
    0x89, 0x8a, 0x08, 0x88, 0x89, 0x8b, 0x85, 0x8e, 0x8a, 0x08, 0x90, 0x8a, 
    0x8c, 0x87, 0x88, 0x89, 0x08, 0x8a, 0x8a, 0x89, 0x8c, 0x89, 0x8d, 0x08, 
    0x84, 0x90, 0x89, 0x86, 0x91, 0x85, 0x08, 0x8f, 0x87, 0x8f, 0x8b, 0x8f, 
    0x8f, 0x08, 0x90, 0x8f, 0x8b, 0x91, 0x86, 0x8f, 0x08, 0x89, 0x8e, 0x05, 
    0x8d, 0x8e, 0x05, 0x8e, 0x8d, 0x8c, 0x8e, 0x8b, 0x8d, 0x08, 0x8b, 0x8d, 
    0x8b, 0x8b, 0x80, 0x8b, 0x08, 0x82, 0x8b, 0x8b, 0x8b, 0x8b, 0x89, 0x08, 
    0xfb, 0xa4, 0x8b, 0x15, 0x8b, 0x8b, 0x88, 0x8b, 0x8b, 0x8b, 0x08, 0x8a, 
    0x8c, 0x8c, 0x8b, 0x8d, 0x8b, 0x08, 0x8c, 0x8b, 0x8c, 0x8b, 0x8a, 0x8a, 
    0x08, 0xf7, 0x09, 0x32, 0x15, 0x8b, 0x8a, 0x8b, 0x87, 0x8a, 0x88, 0x08, 
    0x8a, 0x86, 0x05, 0x8b, 0x92, 0x05, 0x8b, 0x91, 0x05, 0x70, 0x8b, 0x05, 
    0x77, 0x8b, 0x85, 0x8c, 0x8a, 0x8c, 0x08, 0x8b, 0x8c, 0x91, 0x8b, 0xa1, 
    0x8b, 0x08, 0xa7, 0x8b, 0x05, 0x8b, 0x88, 0x05, 0xeb, 0x87, 0x15, 0x8b, 
    0x82, 0x8a, 0x8a, 0x8b, 0x93, 0x08, 0x8b, 0x91, 0x05, 0x71, 0x8b, 0x05, 
    0x75, 0x8b, 0x87, 0x8b, 0x8a, 0x8c, 0x08, 0x89, 0x8d, 0x8f, 0x8b, 0xa3, 
    0x8b, 0x08, 0xa8, 0x8b, 0x05, 0x8a, 0x84, 0x05, 0xec, 0x8b, 0x15, 0x8b, 
    0x80, 0x89, 0x86, 0x8b, 0x95, 0x08, 0x8b, 0x95, 0x05, 0x72, 0x8b, 0x05, 
    0x71, 0x8b, 0x05, 0x8b, 0x85, 0x05, 0x8b, 0x85, 0x8a, 0x8c, 0x8b, 0x93, 
    0x08, 0x8a, 0x91, 0x05, 0xa7, 0x8b, 0x05, 0xa6, 0x8b, 0x05, 0x8b, 0x84, 
    0x05, 0xfb, 0x0a, 0x8a, 0x15, 0x8c, 0x8a, 0x8d, 0x8a, 0x8c, 0x8a, 0x08, 
    0x8e, 0x89, 0x8c, 0x88, 0x89, 0x8b, 0x08, 0x8b, 0x8b, 0x8a, 0x87, 0x8b, 
    0x88, 0x08, 0x8b, 0x83, 0x05, 0x8f, 0x8b, 0x05, 0x8f, 0x8b, 0x8c, 0x8b, 
    0x8b, 0x89, 0x08, 0x8b, 0x87, 0x8a, 0x8a, 0x85, 0x8a, 0x08, 0x88, 0x8b, 
    0x87, 0x8b, 0x8a, 0x8a, 0x08, 0x89, 0x8b, 0x8b, 0x8b, 0x8e, 0x8e, 0x08, 
    0x8f, 0x8f, 0x8b, 0x8c, 0x8b, 0x92, 0x08, 0x8b, 0x93, 0x88, 0x91, 0x87, 
    0x8e, 0x08, 0x87, 0x8c, 0x8b, 0x8b, 0x88, 0x8a, 0x08, 0x85, 0x88, 0x8a, 
    0x85, 0x8b, 0x80, 0x08, 0x8c, 0x82, 0x8d, 0x88, 0x92, 0x8b, 0x08, 0x8e, 
    0x8b, 0x8c, 0x8b, 0x8b, 0x89, 0x08, 0x8b, 0x8a, 0x8a, 0x8b, 0x88, 0x8b, 
    0x08, 0x81, 0x8e, 0x84, 0x8c, 0x8a, 0x8c, 0x08, 0x8a, 0x8d, 0x88, 0x9d, 
    0x8c, 0x90, 0x08, 0x8b, 0x8e, 0x8d, 0x8c, 0x8b, 0x8b, 0x08, 0x8c, 0x8b, 
    0x8c, 0x8c, 0x8c, 0x8b, 0x08, 0x8c, 0x8d, 0x8f, 0x8d, 0x95, 0x8b, 0x08, 
    0x92, 0x8b, 0x8c, 0x89, 0x8b, 0x89, 0x08, 0xee, 0x8d, 0x15, 0x8b, 0x8a, 
    0x8a, 0x8b, 0x89, 0x8b, 0x08, 0x89, 0x8b, 0x8b, 0x8b, 0x8c, 0x8c, 0x08, 
    0x8e, 0x8d, 0x8c, 0x8b, 0x8b, 0x89, 0x08, 0x7d, 0x8a, 0x15, 0x8a, 0x8b, 
    0x8c, 0x8a, 0x8b, 0x8b, 0x08, 0x8c, 0x8b, 0x8b, 0x89, 0x8b, 0x88, 0x08, 
    0x8a, 0x87, 0x8b, 0x8b, 0x88, 0x8b, 0x08, 0x89, 0x8c, 0x8b, 0x8a, 0x8b, 
    0x88, 0x08, 0x8b, 0x8a, 0x8c, 0x8a, 0x8c, 0x8b, 0x08, 0x8e, 0x8b, 0x8b, 
    0x8b, 0x8a, 0x89, 0x08, 0x8b, 0x8a, 0x89, 0x8a, 0x8a, 0x8b, 0x08, 0x8a, 
    0x8b, 0x8a, 0x89, 0x8b, 0x8a, 0x08, 0x8b, 0x8a, 0x8c, 0x8a, 0x8c, 0x8b, 
    0x08, 0x8e, 0x8b, 0x8b, 0x8b, 0x8b, 0x89, 0x08, 0x89, 0x8b, 0x8b, 0x87, 
    0x8b, 0x8a, 0x08, 0x8b, 0x87, 0x8b, 0x8b, 0x89, 0x8b, 0x08, 0x8a, 0x8d, 
    0x89, 0x8b, 0x87, 0x8c, 0x08, 0x87, 0x8c, 0x05, 0x8b, 0x91, 0x05, 0x8b, 
    0x92, 0x8e, 0x9a, 0x8c, 0x8b, 0x08, 0x8c, 0x8b, 0x8b, 0x8c, 0x8b, 0x8b, 
    0x08, 0x8b, 0x8c, 0x8d, 0x8c, 0x8d, 0x8b, 0x08, 0x8d, 0x8b, 0x8d, 0x8c, 
    0x8d, 0x8b, 0x08, 0x8c, 0x8b, 0x8b, 0x8b, 0x8b, 0x8a, 0x08, 0x94, 0x87, 
    0x15, 0x8b, 0x87, 0x8a, 0x89, 0x8a, 0x8b, 0x08, 0x8a, 0x8b, 0x8b, 0x8c, 
    0x8b, 0x8e, 0x08, 0x8b, 0x90, 0x8b, 0x8c, 0x88, 0x8b, 0x08, 0x8a, 0x8c, 
    0x8b, 0x8b, 0x8d, 0x8b, 0x08, 0x8f, 0x8b, 0x8c, 0x8a, 0x8b, 0x87, 0x08, 
    0x9c, 0x8f, 0x15, 0x8f, 0x8a, 0x8c, 0x89, 0x89, 0x88, 0x08, 0x8a, 0x8a, 
    0x8b, 0x8b, 0x8c, 0x8a, 0x08, 0x8c, 0x8b, 0x8b, 0x88, 0x8a, 0x8b, 0x08, 
    0x8a, 0x8b, 0x8b, 0x88, 0x8b, 0x84, 0x08, 0x8c, 0x86, 0x8a, 0x88, 0x89, 
    0x89, 0x08, 0x8a, 0x8a, 0x8b, 0x8b, 0x8e, 0x8b, 0x08, 0x8c, 0x8b, 0x88, 
    0x8a, 0x89, 0x8b, 0x08, 0x83, 0x89, 0x7a, 0x8a, 0x8d, 0x8c, 0x08, 0x8b, 
    0x8b, 0x8c, 0x8e, 0x8b, 0x8d, 0x08, 0x8c, 0x92, 0x8e, 0x8b, 0x8b, 0x85, 
    0x08, 0x8b, 0x88, 0x8b, 0x8a, 0x8d, 0x8b, 0x08, 0x8d, 0x8b, 0x8b, 0x8c, 
    0x8b, 0x8e, 0x08, 0x8b, 0x90, 0x8b, 0x8b, 0x8f, 0x8b, 0x08, 0x8c, 0x8b, 
    0x8c, 0x8b, 0x8b, 0x8d, 0x08, 0x8b, 0x8c, 0x8a, 0x8b, 0x8a, 0x8b, 0x08, 
    0x87, 0x8b, 0x8b, 0x91, 0x8f, 0x8b, 0x08, 0x8e, 0x8c, 0x8c, 0x8f, 0x88, 
    0x8b, 0x08, 0x89, 0x8b, 0x8b, 0x8b, 0x8b, 0x8d, 0x08, 0x8c, 0x8b, 0x8b, 
    0x8d, 0x8b, 0x8d, 0x08, 0x8b, 0x8c, 0x8c, 0x8b, 0x8c, 0x8b, 0x08, 0x8c, 
    0x8a, 0x8b, 0x8b, 0x8a, 0x8e, 0x08, 0x8a, 0x8d, 0x8b, 0x8b, 0x90, 0x8b, 
    0x08, 0x8e, 0x8a, 0x8d, 0x8b, 0x8c, 0x8b, 0x08, 0xfb, 0x64, 0x84, 0x15, 
    0x8b, 0x8b, 0x89, 0x8b, 0x89, 0x8b, 0x08, 0x8a, 0x8c, 0x8c, 0x8b, 0x8e, 
    0x8b, 0x08, 0x8c, 0x8b, 0x8c, 0x8b, 0x8a, 0x8a, 0x08, 0x86, 0x89, 0x15, 
    0x8b, 0x89, 0x89, 0x8c, 0x8a, 0x8d, 0x08, 0x8b, 0x8c, 0x8b, 0x8b, 0x8c, 
    0x8b, 0x08, 0x8c, 0x8b, 0x8c, 0x8a, 0x8b, 0x8a, 0x08, 0xed, 0x8c, 0x15, 
    0x8c, 0x8a, 0x8b, 0x7e, 0x8a, 0x89, 0x08, 0x8b, 0x89, 0x86, 0x89, 0x8a, 
    0x8e, 0x08, 0x8a, 0x8d, 0x8c, 0x98, 0x8c, 0x8d, 0x08, 0x8d, 0x8c, 0x8b, 
    0x8b, 0x8e, 0x8a, 0x08, 0x30, 0x89, 0x15, 0x8a, 0x8a, 0x8b, 0x8b, 0x8b, 
    0x8c, 0x08, 0x8b, 0x8c, 0x8b, 0x8c, 0x8c, 0x8b, 0x08, 0x8b, 0x8a, 0x8b, 
    0x8b, 0x8b, 0x8a, 0x08, 0x7e, 0x87, 0x15, 0x8b, 0x8b, 0x8a, 0x8a, 0x89, 
    0x8c, 0x08, 0x8a, 0x8b, 0x8a, 0x8c, 0x8c, 0x8b, 0x08, 0x8c, 0x8d, 0x8e, 
    0x89, 0x8b, 0x8a, 0x08, 0x97, 0x8b, 0x15, 0x8b, 0x8b, 0x8a, 0x8a, 0x8b, 
    0x8b, 0x08, 0x89, 0x8b, 0x8b, 0x8c, 0x8c, 0x8c, 0x08, 0x8c, 0x8d, 0x8c, 
    0x8b, 0x8b, 0x88, 0x08, 0x97, 0x88, 0x15, 0x8d, 0x8a, 0x8b, 0x8b, 0x8a, 
    0x8a, 0x08, 0x8a, 0x8b, 0x8b, 0x89, 0x8c, 0x8b, 0x08, 0x8b, 0x8a, 0x8c, 
    0x89, 0x8b, 0x89, 0x08, 0x8c, 0x87, 0x8a, 0x8a, 0x89, 0x8a, 0x08, 0x88, 
    0x88, 0x8a, 0x8b, 0x85, 0x8d, 0x08, 0x86, 0x8c, 0x89, 0x8b, 0x8a, 0x8a, 
    0x08, 0x8a, 0x89, 0x8b, 0x8b, 0x8b, 0x8d, 0x08, 0x8b, 0x8b, 0x8a, 0x8c, 
    0x89, 0x8b, 0x08, 0x87, 0x8b, 0x8a, 0x8e, 0x8e, 0x8c, 0x08, 0x8b, 0x8b, 
    0x8e, 0x8d, 0x8b, 0x8d, 0x08, 0x8c, 0x8c, 0x8b, 0x8c, 0x8c, 0x8b, 0x08, 
    0x8c, 0x8a, 0x8b, 0x88, 0x8a, 0x8b, 0x08, 0x8a, 0x8b, 0x8b, 0x8b, 0x8b, 
    0x89, 0x08, 0x8c, 0x8a, 0x90, 0x8c, 0x8c, 0x8e, 0x08, 0x8c, 0x8c, 0x8b, 
    0x8c, 0x89, 0x8d, 0x08, 0x88, 0x8e, 0x05, 0x8e, 0x8b, 0x05, 0x8d, 0x8a, 
    0x8d, 0x8b, 0x8e, 0x8d, 0x08, 0x8c, 0x8c, 0x8c, 0x8d, 0x8b, 0x8c, 0x08, 
    0x8b, 0x8d, 0x8c, 0x89, 0x8b, 0x8a, 0x08, 0x8c, 0x89, 0x8c, 0x8a, 0x8d, 
    0x8b, 0x08, 0xf7, 0x44, 0x8b, 0x15, 0x8b, 0x8a, 0x8b, 0x8a, 0x8a, 0x8b, 
    0x08, 0x89, 0x8b, 0x8b, 0x8c, 0x8b, 0x8c, 0x08, 0x8b, 0x8c, 0x8b, 0x8c, 
    0x8d, 0x8b, 0x08, 0x8c, 0x8b, 0x8b, 0x8a, 0x8b, 0x8a, 0x08, 0xfb, 0x63, 
    0x8b, 0x15, 0x8b, 0x8a, 0x8e, 0x8b, 0x8d, 0x8b, 0x08, 0x8f, 0x8b, 0x05, 
    0x88, 0x88, 0x05, 0x8a, 0x89, 0x8a, 0x8a, 0x8b, 0x8a, 0x08, 0x8c, 0x8a, 
    0x8b, 0x8b, 0x8a, 0x8b, 0x08, 0x8a, 0x8b, 0x8b, 0x89, 0x8b, 0x8a, 0x08, 
    0x8b, 0x8b, 0x8a, 0x8a, 0x8b, 0x8a, 0x08, 0x89, 0x8b, 0x8a, 0x8a, 0x8b, 
    0x8a, 0x08, 0x8b, 0x89, 0x8a, 0x8b, 0x89, 0x8d, 0x08, 0x87, 0x8d, 0x8d, 
    0x91, 0x8e, 0x8b, 0x08, 0x8d, 0x8c, 0x8b, 0x8b, 0x8b, 0x8e, 0x08, 0x8a, 
    0x8e, 0x8c, 0x8d, 0x8b, 0x8b, 0x08, 0x8c, 0x8b, 0x8b, 0x8b, 0x8b, 0x8a, 
    0x08, 0xf6, 0x85, 0x15, 0x8b, 0x8a, 0x8b, 0x8b, 0x8c, 0x8b, 0x08, 0x8c, 
    0x8b, 0x8b, 0x8b, 0x8b, 0x8c, 0x08, 0x8a, 0x8c, 0x8b, 0x8b, 0x8a, 0x8b, 
    0x08, 0x8b, 0x8b, 0x8b, 0x8b, 0x8b, 0x8a, 0x08, 0x0e, 0x00, 0x00, 0x00, 
    0x02, 0x58, 0x00, 0x00, 0x00, 0xfa, 0x00, 0x00, 0x02, 0x04, 0x00, 0x00, 
    0x02, 0x40, 0x00, 0x00, 0x02, 0x44, 0x00, 0x00, 0x03, 0x19, 0x00, 0x00, 
    0x02, 0x41, 0x00, 0x00, 0x03, 0x5c, 0x00, 0x00
};

static const unsigned int granades_font_size = sizeof(granades_font);

#endif // GRANADES_FONT_H
