// Font data for ImGui
// Generated from TTF/OTF file
// Size: 85808 bytes
// Use with: ImGui::GetIO().Fonts->AddFontFromMemoryTTF(iconsFont, sizeof(iconsFont), size, NULL, NULL);

#ifndef ICONSFONT_H
#define ICONSFONT_H

static unsigned char iconsFont[] = {
    0x00, 0x01, 0x00, 0x00, 0x00, 0x0b, 0x00, 0x80, 0x00, 0x03, 0x00, 0x30, 
    0x4f, 0x53, 0x2f, 0x32, 0x66, 0x4b, 0x3f, 0x17, 0x00, 0x00, 0x00, 0xbc, 
    0x00, 0x00, 0x00, 0x60, 0x63, 0x6d, 0x61, 0x70, 0x00, 0x32, 0x00, 0xb1, 
    0x00, 0x00, 0x01, 0x1c, 0x00, 0x00, 0x00, 0x3c, 0x63, 0x7a, 0x62, 0x66, 
    0x3f, 0x11, 0x1e, 0x0d, 0x00, 0x00, 0x01, 0x58, 0x00, 0x00, 0x00, 0xc3, 
    0x67, 0x6c, 0x79, 0x66, 0x70, 0xcb, 0x1f, 0x93, 0x00, 0x00, 0x02, 0x1c, 
    0x00, 0x01, 0x49, 0xdc, 0x68, 0x65, 0x61, 0x64, 0x32, 0x34, 0xec, 0x5e, 
    0x00, 0x01, 0x4b, 0xf8, 0x00, 0x00, 0x00, 0x36, 0x68, 0x68, 0x65, 0x61, 
    0x0e, 0x65, 0x06, 0x7b, 0x00, 0x01, 0x4c, 0x30, 0x00, 0x00, 0x00, 0x24, 
    0x68, 0x6d, 0x74, 0x78, 0x48, 0x00, 0x07, 0xef, 0x00, 0x01, 0x4c, 0x54, 
    0x00, 0x00, 0x00, 0x28, 0x6c, 0x6f, 0x63, 0x61, 0x00, 0x06, 0x4d, 0xd0, 
    0x00, 0x01, 0x4c, 0x7c, 0x00, 0x00, 0x00, 0x2c, 0x6d, 0x61, 0x78, 0x70, 
    0x00, 0x23, 0x19, 0x6e, 0x00, 0x01, 0x4c, 0xa8, 0x00, 0x00, 0x00, 0x20, 
    0x6e, 0x61, 0x6d, 0x65, 0xe5, 0xa7, 0xc2, 0xf9, 0x00, 0x01, 0x4c, 0xc8, 
    0x00, 0x00, 0x02, 0x2f, 0x70, 0x6f, 0x73, 0x74, 0xff, 0x96, 0x01, 0x1e, 
    0x00, 0x01, 0x4e, 0xf8, 0x00, 0x00, 0x00, 0x36, 0x00, 0x04, 0x07, 0x33, 
    0x01, 0x90, 0x00, 0x05, 0x00, 0x00, 0x04, 0xa3, 0x04, 0xa3, 0x00, 0x00, 
    0x02, 0xa3, 0x04, 0xa3, 0x04, 0xa3, 0x00, 0x00, 0x05, 0x47, 0x00, 0xcc, 
    0x02, 0x66, 0x00, 0x00, 0x03, 0x00, 0x05, 0x00, 0x00, 0x00, 0x00, 0x00, 
    0x00, 0x00, 0x00, 0x00, 0x00, 0x01, 0x00, 0x00, 0x00, 0x00, 0x00, 0x00, 
    0x00, 0x00, 0x00, 0x00, 0x00, 0x00, 0x43, 0x5a, 0x42, 0x46, 0x00, 0x00, 
    0x00, 0x20, 0x00, 0x68, 0x06, 0x66, 0xfe, 0x67, 0x01, 0x99, 0x06, 0x66, 
    0x01, 0x99, 0xe0, 0x3f, 0x01, 0xff, 0xff, 0xff, 0x00, 0x00, 0x00, 0x00, 
    0x00, 0x00, 0x00, 0x00, 0x00, 0x20, 0x00, 0x00, 0x00, 0x00, 0x00, 0x01, 
    0x00, 0x03, 0x00, 0x01, 0x00, 0x00, 0x00, 0x0c, 0x00, 0x04, 0x00, 0x30, 
    0x00, 0x00, 0x00, 0x08, 0x00, 0x08, 0x00, 0x02, 0x00, 0x00, 0x00, 0x00, 
    0x00, 0x20, 0x00, 0x68, 0xff, 0xff, 0x00, 0x00, 0x00, 0x00, 0x00, 0x20, 
    0x00, 0x61, 0xff, 0xff, 0x00, 0x00, 0xff, 0xe1, 0xff, 0xa1, 0x00, 0x01, 
    0x00, 0x00, 0x00, 0x00, 0x00, 0x00, 0x00, 0x00, 0x00, 0x01, 0x43, 0x5a, 
    0x42, 0x46, 0x00, 0x00, 0x00, 0xb9, 0x69, 0x64, 0x3a, 0x6f, 0x65, 0x48, 
    0x47, 0x69, 0x46, 0x4f, 0x4b, 0x3b, 0x73, 0x79, 0x73, 0x3a, 0x61, 0x6e, 
    0x64, 0x72, 0x6f, 0x69, 0x64, 0x3b, 0x6b, 0x65, 0x72, 0x3a, 0x6c, 0x69, 
    0x6e, 0x75, 0x78, 0x3b, 0x6b, 0x76, 0x65, 0x72, 0x3a, 0x34, 0x2e, 0x31, 
    0x34, 0x2e, 0x31, 0x34, 0x31, 0x2d, 0x67, 0x37, 0x32, 0x35, 0x63, 0x35, 
    0x38, 0x34, 0x3b, 0x68, 0x6f, 0x73, 0x3a, 0x6c, 0x6f, 0x63, 0x61, 0x6c, 
    0x68, 0x6f, 0x73, 0x74, 0x3b, 0x75, 0x69, 0x64, 0x3a, 0x3b, 0x70, 0x6e, 
    0x61, 0x6d, 0x65, 0x3a, 0x41, 0x6e, 0x64, 0x72, 0x6f, 0x69, 0x64, 0x20, 
    0x31, 0x30, 0x20, 0x28, 0x31, 0x30, 0x2e, 0x30, 0x29, 0x3b, 0x70, 0x74, 
    0x79, 0x70, 0x65, 0x3a, 0x61, 0x6e, 0x64, 0x72, 0x6f, 0x69, 0x64, 0x3b, 
    0x70, 0x76, 0x65, 0x72, 0x3a, 0x31, 0x30, 0x2e, 0x30, 0x3b, 0x6d, 0x61, 
    0x6e, 0x3a, 0x58, 0x69, 0x61, 0x6f, 0x6d, 0x69, 0x3b, 0x6d, 0x6f, 0x64, 
    0x3a, 0x52, 0x65, 0x64, 0x6d, 0x69, 0x20, 0x4e, 0x6f, 0x74, 0x65, 0x20, 
    0x38, 0x20, 0x50, 0x72, 0x6f, 0x3b, 0x70, 0x72, 0x6f, 0x3a, 0x62, 0x65, 
    0x67, 0x6f, 0x6e, 0x69, 0x61, 0x5f, 0x72, 0x75, 0x3b, 0x76, 0x65, 0x72, 
    0x3a, 0x31, 0x30, 0x3b, 0x73, 0x64, 0x6b, 0x3a, 0x32, 0x39, 0x3b, 0x00, 
    0x00, 0x06, 0x00, 0x06, 0xff, 0xcf, 0x07, 0xf7, 0x04, 0xfe, 0x06, 0x11, 
    0x0b, 0x2a, 0x0d, 0xc4, 0x0f, 0xda, 0x10, 0xd9, 0x11, 0x42, 0x00, 0x00, 
    0x05, 0x36, 0x26, 0x27, 0x2e, 0x01, 0x27, 0x2e, 0x01, 0x27, 0x2e, 0x01, 
    0x37, 0x36, 0x26, 0x27, 0x2e, 0x01, 0x37, 0x36, 0x26, 0x27, 0x2e, 0x01, 
    0x27, 0x2e, 0x01, 0x27, 0x2e, 0x01, 0x37, 0x36, 0x26, 0x27, 0x2e, 0x01, 
    0x37, 0x36, 0x26, 0x27, 0x2e, 0x01, 0x37, 0x36, 0x26, 0x27, 0x2e, 0x01, 
    0x37, 0x36, 0x26, 0x27, 0x2e, 0x01, 0x37, 0x2e, 0x01, 0x27, 0x2e, 0x01, 
    0x37, 0x36, 0x26, 0x27, 0x2e, 0x01, 0x27, 0x36, 0x26, 0x27, 0x2e, 0x01, 
    0x37, 0x36, 0x26, 0x27, 0x2e, 0x01, 0x27, 0x2e, 0x01, 0x27, 0x2e, 0x01, 
    0x37, 0x36, 0x26, 0x27, 0x2e, 0x01, 0x27, 0x2e, 0x01, 0x27, 0x2e, 0x01, 
    0x27, 0x36, 0x26, 0x27, 0x2e, 0x01, 0x37, 0x36, 0x26, 0x27, 0x2e, 0x01, 
    0x37, 0x36, 0x26, 0x27, 0x2e, 0x01, 0x37, 0x36, 0x26, 0x27, 0x2e, 0x01, 
    0x37, 0x36, 0x26, 0x27, 0x2e, 0x01, 0x37, 0x36, 0x26, 0x27, 0x2e, 0x01, 
    0x37, 0x36, 0x26, 0x27, 0x2e, 0x01, 0x37, 0x36, 0x26, 0x27, 0x2e, 0x01, 
    0x37, 0x36, 0x26, 0x27, 0x2e, 0x01, 0x37, 0x36, 0x26, 0x27, 0x2e, 0x01, 
    0x37, 0x36, 0x26, 0x27, 0x2e, 0x01, 0x37, 0x36, 0x26, 0x27, 0x2e, 0x01, 
    0x37, 0x36, 0x26, 0x27, 0x2e, 0x01, 0x37, 0x36, 0x26, 0x27, 0x2e, 0x01, 
    0x37, 0x36, 0x26, 0x27, 0x2e, 0x01, 0x37, 0x36, 0x26, 0x27, 0x2e, 0x01, 
    0x37, 0x36, 0x26, 0x27, 0x2e, 0x01, 0x37, 0x36, 0x26, 0x27, 0x2e, 0x01, 
    0x37, 0x36, 0x26, 0x27, 0x2e, 0x01, 0x37, 0x36, 0x26, 0x27, 0x2e, 0x01, 
    0x37, 0x36, 0x26, 0x27, 0x2e, 0x01, 0x37, 0x36, 0x26, 0x27, 0x2e, 0x01, 
    0x37, 0x36, 0x26, 0x27, 0x2e, 0x01, 0x37, 0x36, 0x26, 0x27, 0x2e, 0x01, 
    0x27, 0x2e, 0x01, 0x27, 0x2e, 0x01, 0x37, 0x36, 0x26, 0x27, 0x2e, 0x01, 
    0x37, 0x36, 0x26, 0x27, 0x2e, 0x01, 0x27, 0x2e, 0x01, 0x27, 0x2e, 0x01, 
    0x37, 0x36, 0x26, 0x27, 0x2e, 0x01, 0x37, 0x36, 0x26, 0x27, 0x2e, 0x01, 
    0x37, 0x36, 0x26, 0x27, 0x2e, 0x01, 0x27, 0x2e, 0x01, 0x27, 0x2e, 0x01, 
    0x37, 0x36, 0x26, 0x27, 0x2e, 0x01, 0x37, 0x36, 0x26, 0x27, 0x2e, 0x01, 
    0x37, 0x36, 0x26, 0x27, 0x2e, 0x01, 0x37, 0x36, 0x26, 0x27, 0x2e, 0x01, 
    0x37, 0x36, 0x26, 0x27, 0x2e, 0x01, 0x37, 0x36, 0x26, 0x27, 0x2e, 0x01, 
    0x37, 0x36, 0x26, 0x27, 0x2e, 0x01, 0x37, 0x36, 0x26, 0x27, 0x2e, 0x01, 
    0x37, 0x36, 0x26, 0x27, 0x2e, 0x01, 0x37, 0x36, 0x26, 0x27, 0x2e, 0x01, 
    0x37, 0x36, 0x26, 0x27, 0x2e, 0x01, 0x37, 0x36, 0x26, 0x27, 0x2e, 0x01, 
    0x37, 0x36, 0x26, 0x27, 0x2e, 0x01, 0x37, 0x36, 0x26, 0x27, 0x2e, 0x01, 
    0x37, 0x36, 0x26, 0x27, 0x2e, 0x01, 0x37, 0x36, 0x26, 0x27, 0x2e, 0x01, 
    0x37, 0x3e, 0x01, 0x37, 0x3e, 0x01, 0x37, 0x3e, 0x01, 0x37, 0x3e, 0x01, 
    0x37, 0x3e, 0x01, 0x37, 0x3e, 0x01, 0x37, 0x3e, 0x01, 0x37, 0x3e, 0x01, 
    0x37, 0x3e, 0x01, 0x37, 0x3e, 0x01, 0x37, 0x3e, 0x01, 0x37, 0x3e, 0x01, 
    0x37, 0x3e, 0x01, 0x37, 0x3e, 0x01, 0x37, 0x3e, 0x01, 0x37, 0x3e, 0x01, 
    0x37, 0x3e, 0x01, 0x37, 0x3e, 0x01, 0x37, 0x3e, 0x01, 0x37, 0x3e, 0x01, 
    0x37, 0x3e, 0x01, 0x37, 0x3e, 0x01, 0x37, 0x3e, 0x01, 0x37, 0x3e, 0x01, 
    0x37, 0x3e, 0x01, 0x37, 0x3e, 0x01, 0x37, 0x3e, 0x01, 0x37, 0x3e, 0x01, 
    0x37, 0x3e, 0x01, 0x37, 0x3e, 0x01, 0x37, 0x3e, 0x01, 0x37, 0x3e, 0x01, 
    0x37, 0x3e, 0x01, 0x37, 0x3e, 0x01, 0x37, 0x3e, 0x01, 0x37, 0x3e, 0x01, 
    0x37, 0x3e, 0x01, 0x37, 0x3e, 0x01, 0x37, 0x3e, 0x01, 0x37, 0x3e, 0x01, 
    0x37, 0x3e, 0x01, 0x37, 0x3e, 0x01, 0x37, 0x3e, 0x01, 0x37, 0x3e, 0x01, 
    0x37, 0x3e, 0x01, 0x37, 0x3e, 0x01, 0x37, 0x3e, 0x01, 0x37, 0x3e, 0x01, 
    0x37, 0x3e, 0x01, 0x37, 0x3e, 0x01, 0x37, 0x3e, 0x01, 0x37, 0x3e, 0x01, 
    0x37, 0x3e, 0x01, 0x37, 0x3e, 0x01, 0x37, 0x3e, 0x01, 0x37, 0x3e, 0x01, 
    0x37, 0x3e, 0x01, 0x37, 0x3e, 0x01, 0x37, 0x3e, 0x01, 0x37, 0x3e, 0x01, 
    0x37, 0x3e, 0x01, 0x37, 0x3e, 0x01, 0x37, 0x3e, 0x01, 0x37, 0x3e, 0x01, 
    0x37, 0x3e, 0x01, 0x37, 0x3e, 0x01, 0x37, 0x3e, 0x01, 0x37, 0x3e, 0x01, 
    0x37, 0x3e, 0x01, 0x37, 0x3e, 0x01, 0x37, 0x3e, 0x01, 0x37, 0x3e, 0x01, 
    0x37, 0x3e, 0x01, 0x37, 0x3e, 0x01, 0x37, 0x3e, 0x01, 0x37, 0x3e, 0x01, 
    0x37, 0x3e, 0x01, 0x37, 0x3e, 0x01, 0x37, 0x3e, 0x01, 0x37, 0x3e, 0x01, 
    0x37, 0x3e, 0x01, 0x37, 0x3e, 0x01, 0x37, 0x3e, 0x01, 0x37, 0x3e, 0x01, 
    0x37, 0x3e, 0x01, 0x37, 0x3e, 0x01, 0x37, 0x3e, 0x01, 0x37, 0x3e, 0x01, 
    0x37, 0x3e, 0x01, 0x37, 0x3e, 0x01, 0x37, 0x3e, 0x01, 0x37, 0x3e, 0x01, 
    0x37, 0x3e, 0x01, 0x37, 0x3e, 0x01, 0x37, 0x3e, 0x01, 0x37, 0x3e, 0x01, 
    0x37, 0x3e, 0x01, 0x37, 0x3e, 0x01, 0x37, 0x3e, 0x01, 0x37, 0x3e, 0x01, 
    0x37, 0x3e, 0x01, 0x37, 0x3e, 0x01, 0x37, 0x3e, 0x01, 0x37, 0x3e, 0x01, 
    0x37, 0x3e, 0x01, 0x37, 0x3e, 0x01, 0x37, 0x3e, 0x01, 0x37, 0x3e, 0x01, 
    0x37, 0x3e, 0x01, 0x37, 0x3e, 0x01, 0x37, 0x3e, 0x01, 0x37, 0x3e, 0x01, 
    0x37, 0x3e, 0x01, 0x37, 0x3e, 0x01, 0x37, 0x3e, 0x01, 0x37, 0x3e, 0x01, 
    0x37, 0x3e, 0x01, 0x37, 0x3e, 0x01, 0x37, 0x3e, 0x01, 0x37, 0x3e, 0x01, 
    0x37, 0x3e, 0x01, 0x37, 0x36, 0x16, 0x17, 0x1e, 0x01, 0x37, 0x36, 0x16, 
    0x17, 0x1e, 0x01, 0x37, 0x36, 0x16, 0x17, 0x16, 0x36, 0x37, 0x36, 0x16, 
    0x17, 0x1e, 0x01, 0x37, 0x36, 0x16, 0x17, 0x1e, 0x01, 0x37, 0x36, 0x16, 
    0x17, 0x1e, 0x01, 0x37, 0x36, 0x16, 0x17, 0x1e, 0x01, 0x37, 0x36, 0x16, 
    0x17, 0x1e, 0x01, 0x37, 0x36, 0x16, 0x17, 0x1e, 0x01, 0x37, 0x36, 0x16, 
    0x17, 0x1e, 0x01, 0x37, 0x36, 0x16, 0x17, 0x1e, 0x01, 0x37, 0x36, 0x16, 
    0x17, 0x1e, 0x01, 0x37, 0x36, 0x16, 0x17, 0x1e, 0x01, 0x37, 0x36, 0x16, 
    0x17, 0x1e, 0x01, 0x37, 0x36, 0x16, 0x17, 0x1e, 0x01, 0x37, 0x36, 0x16, 
    0x17, 0x1e, 0x01, 0x37, 0x36, 0x16, 0x17, 0x1e, 0x01, 0x37, 0x36, 0x16, 
    0x17, 0x1e, 0x01, 0x37, 0x36, 0x16, 0x17, 0x1e, 0x01, 0x37, 0x36, 0x16, 
    0x17, 0x1e, 0x01, 0x37, 0x36, 0x16, 0x17, 0x1e, 0x01, 0x37, 0x36, 0x16, 
    0x17, 0x1e, 0x01, 0x37, 0x36, 0x16, 0x17, 0x1e, 0x01, 0x37, 0x36, 0x16, 
    0x17, 0x1e, 0x01, 0x37, 0x36, 0x16, 0x17, 0x1e, 0x01, 0x37, 0x36, 0x16, 
    0x17, 0x1e, 0x01, 0x37, 0x36, 0x16, 0x17, 0x1e, 0x01, 0x37, 0x36, 0x16, 
    0x17, 0x1e, 0x01, 0x37, 0x36, 0x16, 0x17, 0x1e, 0x01, 0x37, 0x36, 0x16, 
    0x17, 0x1e, 0x01, 0x37, 0x36, 0x16, 0x17, 0x1e, 0x01, 0x37, 0x36, 0x16, 
    0x17, 0x1e, 0x01, 0x37, 0x36, 0x16, 0x17, 0x1e, 0x01, 0x37, 0x36, 0x16, 
    0x17, 0x1e, 0x01, 0x17, 0x1e, 0x01, 0x17, 0x1e, 0x01, 0x37, 0x36, 0x16, 
    0x17, 0x1e, 0x01, 0x37, 0x36, 0x16, 0x17, 0x1e, 0x01, 0x37, 0x36, 0x16, 
    0x17, 0x1e, 0x01, 0x37, 0x36, 0x16, 0x17, 0x1e, 0x01, 0x37, 0x36, 0x16, 
    0x17, 0x1e, 0x01, 0x17, 0x1e, 0x01, 0x17, 0x1e, 0x01, 0x37, 0x36, 0x16, 
    0x17, 0x1e, 0x01, 0x37, 0x36, 0x16, 0x17, 0x1e, 0x01, 0x17, 0x1e, 0x01, 
    0x17, 0x1e, 0x01, 0x37, 0x36, 0x16, 0x17, 0x1e, 0x01, 0x37, 0x36, 0x16, 
    0x17, 0x1e, 0x01, 0x37, 0x36, 0x16, 0x17, 0x1e, 0x01, 0x37, 0x36, 0x16, 
    0x17, 0x1e, 0x01, 0x37, 0x36, 0x16, 0x17, 0x1e, 0x01, 0x37, 0x36, 0x16, 
    0x17, 0x1e, 0x01, 0x37, 0x36, 0x16, 0x17, 0x1e, 0x01, 0x37, 0x36, 0x16, 
    0x17, 0x1e, 0x01, 0x37, 0x36, 0x16, 0x17, 0x1e, 0x01, 0x37, 0x36, 0x16, 
    0x17, 0x1e, 0x01, 0x37, 0x36, 0x16, 0x17, 0x1e, 0x01, 0x37, 0x36, 0x16, 
    0x17, 0x1e, 0x01, 0x37, 0x36, 0x16, 0x17, 0x1e, 0x01, 0x37, 0x36, 0x16, 
    0x17, 0x1e, 0x01, 0x37, 0x36, 0x16, 0x17, 0x1e, 0x01, 0x37, 0x36, 0x16, 
    0x17, 0x1e, 0x01, 0x37, 0x36, 0x16, 0x17, 0x1e, 0x01, 0x37, 0x36, 0x16, 
    0x17, 0x1e, 0x01, 0x37, 0x36, 0x16, 0x17, 0x1e, 0x01, 0x37, 0x36, 0x16, 
    0x17, 0x1e, 0x01, 0x37, 0x36, 0x16, 0x17, 0x1e, 0x01, 0x37, 0x36, 0x16, 
    0x17, 0x1e, 0x01, 0x37, 0x36, 0x16, 0x17, 0x1e, 0x01, 0x37, 0x36, 0x16, 
    0x17, 0x1e, 0x01, 0x37, 0x36, 0x16, 0x17, 0x1e, 0x01, 0x37, 0x36, 0x16, 
    0x17, 0x1e, 0x01, 0x37, 0x36, 0x16, 0x17, 0x16, 0x06, 0x27, 0x26, 0x06, 
    0x17, 0x16, 0x06, 0x27, 0x26, 0x06, 0x17, 0x16, 0x06, 0x27, 0x26, 0x06, 
    0x17, 0x16, 0x06, 0x27, 0x26, 0x06, 0x17, 0x16, 0x06, 0x27, 0x26, 0x06, 
    0x17, 0x16, 0x06, 0x27, 0x26, 0x06, 0x17, 0x16, 0x06, 0x27, 0x26, 0x06, 
    0x17, 0x16, 0x06, 0x27, 0x26, 0x06, 0x17, 0x16, 0x06, 0x27, 0x26, 0x06, 
    0x17, 0x16, 0x06, 0x27, 0x26, 0x06, 0x17, 0x16, 0x06, 0x27, 0x26, 0x06, 
    0x17, 0x16, 0x06, 0x27, 0x26, 0x06, 0x17, 0x16, 0x06, 0x27, 0x26, 0x06, 
    0x17, 0x16, 0x06, 0x27, 0x26, 0x06, 0x17, 0x16, 0x06, 0x27, 0x26, 0x06, 
    0x17, 0x16, 0x06, 0x27, 0x26, 0x06, 0x17, 0x16, 0x06, 0x27, 0x26, 0x06, 
    0x17, 0x16, 0x06, 0x27, 0x26, 0x06, 0x17, 0x16, 0x06, 0x27, 0x26, 0x06, 
    0x17, 0x16, 0x06, 0x27, 0x26, 0x06, 0x17, 0x16, 0x06, 0x27, 0x26, 0x06, 
    0x17, 0x16, 0x06, 0x27, 0x26, 0x06, 0x17, 0x0e, 0x01, 0x07, 0x26, 0x06, 
    0x17, 0x16, 0x06, 0x27, 0x26, 0x06, 0x17, 0x16, 0x06, 0x27, 0x26, 0x06, 
    0x17, 0x16, 0x06, 0x27, 0x26, 0x06, 0x17, 0x16, 0x06, 0x27, 0x26, 0x06, 
    0x17, 0x16, 0x06, 0x27, 0x26, 0x06, 0x17, 0x16, 0x06, 0x27, 0x26, 0x06, 
    0x17, 0x16, 0x06, 0x27, 0x26, 0x06, 0x17, 0x16, 0x06, 0x27, 0x26, 0x06, 
    0x17, 0x16, 0x06, 0x27, 0x26, 0x06, 0x07, 0x0e, 0x01, 0x27, 0x26, 0x06, 
    0x17, 0x16, 0x06, 0x27, 0x26, 0x06, 0x17, 0x16, 0x06, 0x27, 0x26, 0x06, 
    0x17, 0x16, 0x06, 0x27, 0x26, 0x06, 0x17, 0x16, 0x06, 0x27, 0x26, 0x06, 
    0x17, 0x16, 0x06, 0x27, 0x26, 0x06, 0x17, 0x16, 0x06, 0x27, 0x26, 0x06, 
    0x17, 0x16, 0x06, 0x27, 0x26, 0x06, 0x17, 0x16, 0x06, 0x27, 0x26, 0x06, 
    0x17, 0x16, 0x06, 0x27, 0x26, 0x06, 0x17, 0x16, 0x06, 0x27, 0x26, 0x06, 
    0x17, 0x16, 0x06, 0x27, 0x26, 0x06, 0x17, 0x16, 0x06, 0x27, 0x26, 0x06, 
    0x17, 0x16, 0x06, 0x27, 0x26, 0x06, 0x17, 0x0e, 0x01, 0x27, 0x26, 0x06, 
    0x17, 0x16, 0x06, 0x27, 0x26, 0x06, 0x17, 0x16, 0x06, 0x27, 0x26, 0x06, 
    0x07, 0x0e, 0x01, 0x27, 0x26, 0x06, 0x17, 0x16, 0x06, 0x27, 0x26, 0x06, 
    0x17, 0x16, 0x06, 0x27, 0x26, 0x06, 0x17, 0x16, 0x06, 0x27, 0x26, 0x06, 
    0x17, 0x16, 0x06, 0x27, 0x26, 0x06, 0x17, 0x16, 0x06, 0x27, 0x26, 0x06, 
    0x17, 0x16, 0x06, 0x27, 0x26, 0x06, 0x07, 0x0e, 0x01, 0x27, 0x26, 0x06, 
    0x07, 0x0e, 0x01, 0x27, 0x26, 0x06, 0x17, 0x16, 0x06, 0x07, 0x0e, 0x01, 
    0x17, 0x16, 0x06, 0x27, 0x26, 0x06, 0x17, 0x16, 0x06, 0x27, 0x26, 0x06, 
    0x17, 0x16, 0x06, 0x27, 0x26, 0x06, 0x07, 0x0e, 0x01, 0x27, 0x26, 0x06, 
    0x17, 0x16, 0x06, 0x27, 0x2e, 0x01, 0x37, 0x3e, 0x01, 0x37, 0x3e, 0x01, 
    0x37, 0x3e, 0x01, 0x37, 0x3e, 0x01, 0x37, 0x3e, 0x01, 0x37, 0x3e, 0x01, 
    0x37, 0x3e, 0x01, 0x37, 0x3e, 0x01, 0x37, 0x3e, 0x01, 0x37, 0x3e, 0x01, 
    0x37, 0x3e, 0x01, 0x37, 0x3e, 0x01, 0x37, 0x3e, 0x01, 0x37, 0x3e, 0x01, 
    0x37, 0x3e, 0x01, 0x37, 0x3e, 0x01, 0x37, 0x3e, 0x01, 0x37, 0x3e, 0x01, 
    0x37, 0x3e, 0x01, 0x37, 0x3e, 0x01, 0x37, 0x3e, 0x01, 0x37, 0x3e, 0x01, 
    0x37, 0x3e, 0x01, 0x37, 0x3e, 0x01, 0x37, 0x3e, 0x01, 0x37, 0x3e, 0x01, 
    0x37, 0x3e, 0x01, 0x37, 0x3e, 0x01, 0x37, 0x3e, 0x01, 0x37, 0x3e, 0x01, 
    0x37, 0x3e, 0x01, 0x37, 0x3e, 0x01, 0x37, 0x3e, 0x01, 0x37, 0x3e, 0x01, 
    0x37, 0x3e, 0x01, 0x37, 0x3e, 0x01, 0x37, 0x3e, 0x01, 0x37, 0x3e, 0x01, 
    0x37, 0x3e, 0x01, 0x37, 0x3e, 0x01, 0x37, 0x3e, 0x01, 0x37, 0x3e, 0x01, 
    0x37, 0x3e, 0x01, 0x37, 0x3e, 0x01, 0x37, 0x3e, 0x01, 0x37, 0x3e, 0x01, 
    0x37, 0x3e, 0x01, 0x37, 0x3e, 0x01, 0x37, 0x3e, 0x01, 0x37, 0x3e, 0x01, 
    0x37, 0x3e, 0x01, 0x37, 0x3e, 0x01, 0x37, 0x3e, 0x01, 0x37, 0x3e, 0x01, 
    0x37, 0x3e, 0x01, 0x37, 0x3e, 0x01, 0x37, 0x3e, 0x01, 0x37, 0x3e, 0x01, 
    0x37, 0x3e, 0x01, 0x37, 0x3e, 0x01, 0x37, 0x3e, 0x01, 0x37, 0x3e, 0x01, 
    0x37, 0x3e, 0x01, 0x37, 0x3e, 0x01, 0x37, 0x3e, 0x01, 0x37, 0x3e, 0x01, 
    0x37, 0x3e, 0x01, 0x37, 0x3e, 0x01, 0x37, 0x3e, 0x01, 0x37, 0x3e, 0x01, 
    0x37, 0x3e, 0x01, 0x37, 0x3e, 0x01, 0x37, 0x3e, 0x01, 0x37, 0x3e, 0x01, 
    0x37, 0x3e, 0x01, 0x37, 0x3e, 0x01, 0x37, 0x3e, 0x01, 0x37, 0x3e, 0x01, 
    0x37, 0x3e, 0x01, 0x37, 0x3e, 0x01, 0x37, 0x3e, 0x01, 0x37, 0x3e, 0x01, 
    0x37, 0x3e, 0x01, 0x37, 0x3e, 0x01, 0x37, 0x3e, 0x01, 0x37, 0x3e, 0x01, 
    0x37, 0x3e, 0x01, 0x37, 0x3e, 0x01, 0x37, 0x3e, 0x01, 0x37, 0x3e, 0x01, 
    0x37, 0x3e, 0x01, 0x37, 0x3e, 0x01, 0x37, 0x3e, 0x01, 0x37, 0x3e, 0x01, 
    0x37, 0x3e, 0x01, 0x37, 0x3e, 0x01, 0x37, 0x3e, 0x01, 0x37, 0x3e, 0x01, 
    0x37, 0x3e, 0x01, 0x37, 0x3e, 0x01, 0x37, 0x3e, 0x01, 0x37, 0x3e, 0x01, 
    0x37, 0x3e, 0x01, 0x37, 0x3e, 0x01, 0x37, 0x3e, 0x01, 0x37, 0x3e, 0x01, 
    0x37, 0x3e, 0x01, 0x37, 0x3e, 0x01, 0x37, 0x3e, 0x01, 0x37, 0x3e, 0x01, 
    0x37, 0x3e, 0x01, 0x37, 0x3e, 0x01, 0x37, 0x3e, 0x01, 0x37, 0x3e, 0x01, 
    0x37, 0x3e, 0x01, 0x37, 0x36, 0x26, 0x27, 0x2e, 0x01, 0x37, 0x36, 0x26, 
    0x27, 0x2e, 0x01, 0x37, 0x36, 0x26, 0x27, 0x2e, 0x01, 0x37, 0x36, 0x26, 
    0x27, 0x2e, 0x01, 0x37, 0x36, 0x26, 0x27, 0x2e, 0x01, 0x37, 0x36, 0x26, 
    0x27, 0x2e, 0x01, 0x37, 0x36, 0x26, 0x27, 0x2e, 0x01, 0x37, 0x36, 0x26, 
    0x27, 0x2e, 0x01, 0x37, 0x36, 0x26, 0x27, 0x2e, 0x01, 0x37, 0x36, 0x26, 
    0x27, 0x2e, 0x01, 0x37, 0x36, 0x26, 0x27, 0x2e, 0x01, 0x37, 0x36, 0x26, 
    0x27, 0x2e, 0x01, 0x37, 0x2e, 0x01, 0x27, 0x2e, 0x01, 0x37, 0x36, 0x26, 
    0x27, 0x2e, 0x01, 0x37, 0x36, 0x26, 0x27, 0x2e, 0x01, 0x37, 0x36, 0x26, 
    0x27, 0x2e, 0x01, 0x37, 0x36, 0x26, 0x27, 0x2e, 0x01, 0x37, 0x36, 0x26, 
    0x27, 0x2e, 0x01, 0x37, 0x36, 0x26, 0x27, 0x2e, 0x01, 0x37, 0x36, 0x26, 
    0x27, 0x2e, 0x01, 0x37, 0x36, 0x26, 0x27, 0x2e, 0x01, 0x27, 0x2e, 0x01, 
    0x27, 0x2e, 0x01, 0x37, 0x36, 0x26, 0x27, 0x2e, 0x01, 0x37, 0x36, 0x26, 
    0x27, 0x2e, 0x01, 0x37, 0x36, 0x26, 0x27, 0x2e, 0x01, 0x37, 0x36, 0x26, 
    0x27, 0x2e, 0x01, 0x37, 0x36, 0x26, 0x27, 0x2e, 0x01, 0x37, 0x36, 0x26, 
    0x27, 0x2e, 0x01, 0x37, 0x36, 0x26, 0x27, 0x2e, 0x01, 0x37, 0x36, 0x26, 
    0x27, 0x2e, 0x01, 0x37, 0x36, 0x26, 0x27, 0x2e, 0x01, 0x27, 0x2e, 0x01, 
    0x27, 0x2e, 0x01, 0x37, 0x36, 0x26, 0x27, 0x2e, 0x01, 0x27, 0x2e, 0x01, 
    0x27, 0x2e, 0x01, 0x37, 0x36, 0x26, 0x27, 0x2e, 0x01, 0x37, 0x36, 0x26, 
    0x27, 0x2e, 0x01, 0x37, 0x36, 0x26, 0x27, 0x2e, 0x01, 0x37, 0x36, 0x26, 
    0x27, 0x2e, 0x01, 0x37, 0x36, 0x26, 0x27, 0x2e, 0x01, 0x37, 0x36, 0x26, 
    0x27, 0x2e, 0x01, 0x37, 0x36, 0x26, 0x27, 0x2e, 0x01, 0x27, 0x2e, 0x01, 
    0x27, 0x2e, 0x01, 0x37, 0x36, 0x26, 0x27, 0x2e, 0x01, 0x37, 0x36, 0x26, 
    0x27, 0x2e, 0x01, 0x37, 0x36, 0x26, 0x27, 0x2e, 0x01, 0x27, 0x2e, 0x01, 
    0x27, 0x2e, 0x01, 0x37, 0x36, 0x26, 0x27, 0x2e, 0x01, 0x37, 0x36, 0x26, 
    0x27, 0x2e, 0x01, 0x37, 0x36, 0x26, 0x27, 0x2e, 0x01, 0x37, 0x36, 0x26, 
    0x27, 0x2e, 0x01, 0x37, 0x36, 0x26, 0x27, 0x2e, 0x01, 0x37, 0x36, 0x26, 
    0x27, 0x2e, 0x01, 0x37, 0x36, 0x26, 0x27, 0x2e, 0x01, 0x37, 0x36, 0x26, 
    0x27, 0x2e, 0x01, 0x37, 0x36, 0x26, 0x27, 0x2e, 0x01, 0x37, 0x36, 0x26, 
    0x27, 0x2e, 0x01, 0x37, 0x36, 0x26, 0x27, 0x26, 0x06, 0x17, 0x16, 0x06, 
    0x27, 0x26, 0x06, 0x17, 0x16, 0x06, 0x27, 0x26, 0x06, 0x07, 0x0e, 0x01, 
    0x27, 0x26, 0x06, 0x07, 0x0e, 0x01, 0x27, 0x26, 0x06, 0x07, 0x0e, 0x01, 
    0x27, 0x26, 0x06, 0x17, 0x16, 0x06, 0x27, 0x26, 0x06, 0x17, 0x16, 0x06, 
    0x27, 0x26, 0x06, 0x07, 0x0e, 0x01, 0x27, 0x26, 0x06, 0x17, 0x16, 0x06, 
    0x27, 0x26, 0x06, 0x17, 0x16, 0x06, 0x27, 0x26, 0x06, 0x17, 0x16, 0x06, 
    0x27, 0x26, 0x06, 0x17, 0x16, 0x06, 0x27, 0x26, 0x06, 0x17, 0x16, 0x06, 
    0x27, 0x26, 0x06, 0x17, 0x16, 0x06, 0x27, 0x26, 0x06, 0x17, 0x16, 0x06, 
    0x27, 0x26, 0x06, 0x17, 0x16, 0x06, 0x27, 0x26, 0x06, 0x17, 0x16, 0x06, 
    0x27, 0x26, 0x06, 0x17, 0x16, 0x06, 0x27, 0x26, 0x06, 0x17, 0x16, 0x06, 
    0x27, 0x26, 0x06, 0x17, 0x16, 0x06, 0x27, 0x26, 0x06, 0x17, 0x16, 0x06, 
    0x27, 0x26, 0x06, 0x17, 0x16, 0x06, 0x27, 0x26, 0x06, 0x17, 0x16, 0x06, 
    0x27, 0x26, 0x06, 0x17, 0x16, 0x06, 0x27, 0x26, 0x06, 0x17, 0x16, 0x06, 
    0x27, 0x26, 0x06, 0x17, 0x16, 0x06, 0x27, 0x26, 0x06, 0x07, 0x0e, 0x01, 
    0x27, 0x26, 0x06, 0x17, 0x16, 0x06, 0x07, 0x0e, 0x01, 0x17, 0x16, 0x06, 
    0x27, 0x26, 0x06, 0x17, 0x16, 0x06, 0x27, 0x26, 0x06, 0x17, 0x16, 0x06, 
    0x27, 0x26, 0x06, 0x17, 0x16, 0x06, 0x27, 0x26, 0x06, 0x17, 0x16, 0x06, 
    0x27, 0x26, 0x06, 0x17, 0x16, 0x06, 0x27, 0x26, 0x06, 0x17, 0x16, 0x06, 
    0x27, 0x26, 0x06, 0x17, 0x16, 0x06, 0x27, 0x26, 0x06, 0x17, 0x16, 0x06, 
    0x07, 0x0e, 0x01, 0x17, 0x16, 0x06, 0x27, 0x26, 0x06, 0x17, 0x16, 0x06, 
    0x27, 0x26, 0x06, 0x17, 0x16, 0x06, 0x27, 0x26, 0x06, 0x17, 0x16, 0x06, 
    0x27, 0x26, 0x06, 0x17, 0x16, 0x06, 0x27, 0x26, 0x06, 0x17, 0x16, 0x06, 
    0x27, 0x26, 0x06, 0x17, 0x16, 0x06, 0x27, 0x26, 0x06, 0x17, 0x16, 0x06, 
    0x27, 0x26, 0x06, 0x17, 0x16, 0x06, 0x27, 0x26, 0x06, 0x17, 0x16, 0x06, 
    0x27, 0x26, 0x06, 0x17, 0x16, 0x06, 0x27, 0x26, 0x06, 0x17, 0x16, 0x06, 
    0x27, 0x26, 0x06, 0x17, 0x16, 0x06, 0x27, 0x26, 0x06, 0x17, 0x16, 0x06, 
    0x27, 0x26, 0x06, 0x17, 0x1e, 0x01, 0x17, 0x1e, 0x01, 0x37, 0x36, 0x16, 
    0x17, 0x1e, 0x01, 0x37, 0x36, 0x16, 0x17, 0x1e, 0x01, 0x17, 0x1e, 0x01, 
    0x17, 0x1e, 0x01, 0x37, 0x36, 0x16, 0x17, 0x1e, 0x01, 0x37, 0x36, 0x16, 
    0x17, 0x1e, 0x01, 0x37, 0x36, 0x16, 0x17, 0x1e, 0x01, 0x37, 0x36, 0x16, 
    0x17, 0x1e, 0x01, 0x37, 0x36, 0x16, 0x17, 0x1e, 0x01, 0x37, 0x36, 0x16, 
    0x17, 0x1e, 0x01, 0x37, 0x36, 0x16, 0x17, 0x1e, 0x01, 0x17, 0x36, 0x16, 
    0x17, 0x1e, 0x01, 0x37, 0x36, 0x16, 0x17, 0x1e, 0x01, 0x37, 0x36, 0x16, 
    0x17, 0x1e, 0x01, 0x37, 0x36, 0x16, 0x17, 0x1e, 0x01, 0x37, 0x36, 0x16, 
    0x17, 0x1e, 0x01, 0x37, 0x36, 0x16, 0x17, 0x1e, 0x01, 0x37, 0x36, 0x16, 
    0x17, 0x1e, 0x01, 0x17, 0x1e, 0x01, 0x17, 0x1e, 0x01, 0x37, 0x36, 0x16, 
    0x17, 0x1e, 0x01, 0x17, 0x1e, 0x01, 0x17, 0x1e, 0x01, 0x37, 0x36, 0x16, 
    0x17, 0x1e, 0x01, 0x37, 0x36, 0x16, 0x17, 0x1e, 0x01, 0x37, 0x36, 0x16, 
    0x17, 0x1e, 0x01, 0x37, 0x36, 0x16, 0x17, 0x1e, 0x01, 0x37, 0x36, 0x16, 
    0x17, 0x1e, 0x01, 0x37, 0x36, 0x16, 0x17, 0x1e, 0x01, 0x37, 0x36, 0x16, 
    0x17, 0x1e, 0x01, 0x37, 0x36, 0x16, 0x17, 0x1e, 0x01, 0x37, 0x36, 0x16, 
    0x17, 0x1e, 0x01, 0x37, 0x36, 0x16, 0x17, 0x1e, 0x01, 0x37, 0x36, 0x16, 
    0x17, 0x1e, 0x01, 0x37, 0x36, 0x16, 0x17, 0x1e, 0x01, 0x37, 0x36, 0x16, 
    0x17, 0x1e, 0x01, 0x37, 0x36, 0x16, 0x17, 0x1e, 0x01, 0x37, 0x36, 0x16, 
    0x17, 0x1e, 0x01, 0x37, 0x36, 0x16, 0x17, 0x1e, 0x01, 0x37, 0x36, 0x16, 
    0x17, 0x1e, 0x01, 0x37, 0x36, 0x16, 0x17, 0x1e, 0x01, 0x37, 0x36, 0x16, 
    0x17, 0x1e, 0x01, 0x37, 0x36, 0x16, 0x17, 0x1e, 0x01, 0x37, 0x36, 0x16, 
    0x17, 0x1e, 0x01, 0x37, 0x36, 0x16, 0x17, 0x1e, 0x01, 0x37, 0x36, 0x16, 
    0x17, 0x1e, 0x01, 0x37, 0x36, 0x16, 0x17, 0x1e, 0x01, 0x37, 0x36, 0x16, 
    0x17, 0x1e, 0x01, 0x37, 0x36, 0x16, 0x17, 0x1e, 0x01, 0x37, 0x36, 0x16, 
    0x17, 0x1e, 0x01, 0x37, 0x36, 0x16, 0x17, 0x1e, 0x01, 0x37, 0x36, 0x16, 
    0x17, 0x1e, 0x01, 0x37, 0x36, 0x16, 0x17, 0x1e, 0x01, 0x37, 0x36, 0x16, 
    0x17, 0x16, 0x36, 0x27, 0x36, 0x26, 0x27, 0x2e, 0x01, 0x37, 0x36, 0x26, 
    0x27, 0x2e, 0x01, 0x37, 0x36, 0x26, 0x27, 0x2e, 0x01, 0x37, 0x36, 0x26, 
    0x27, 0x2e, 0x01, 0x37, 0x36, 0x26, 0x27, 0x2e, 0x01, 0x37, 0x36, 0x26, 
    0x27, 0x2e, 0x01, 0x37, 0x36, 0x26, 0x27, 0x2e, 0x01, 0x37, 0x36, 0x26, 
    0x27, 0x2e, 0x01, 0x37, 0x36, 0x26, 0x27, 0x2e, 0x01, 0x27, 0x2e, 0x01, 
    0x27, 0x2e, 0x01, 0x37, 0x36, 0x26, 0x27, 0x2e, 0x01, 0x37, 0x36, 0x26, 
    0x27, 0x2e, 0x01, 0x37, 0x36, 0x26, 0x27, 0x2e, 0x01, 0x37, 0x36, 0x26, 
    0x27, 0x2e, 0x01, 0x37, 0x36, 0x26, 0x27, 0x2e, 0x01, 0x37, 0x36, 0x26, 
    0x27, 0x2e, 0x01, 0x37, 0x36, 0x26, 0x27, 0x2e, 0x01, 0x37, 0x36, 0x26, 
    0x27, 0x2e, 0x01, 0x37, 0x36, 0x26, 0x27, 0x2e, 0x01, 0x37, 0x36, 0x26, 
    0x27, 0x2e, 0x01, 0x37, 0x36, 0x26, 0x27, 0x2e, 0x01, 0x27, 0x2e, 0x01, 
    0x27, 0x2e, 0x01, 0x37, 0x36, 0x26, 0x27, 0x2e, 0x01, 0x37, 0x36, 0x26, 
    0x27, 0x2e, 0x01, 0x37, 0x36, 0x26, 0x27, 0x2e, 0x01, 0x37, 0x36, 0x26, 
    0x27, 0x2e, 0x01, 0x37, 0x36, 0x26, 0x27, 0x26, 0x36, 0x37, 0x36, 0x26, 
    0x27, 0x2e, 0x01, 0x37, 0x3e, 0x01, 0x37, 0x3e, 0x01, 0x37, 0x3e, 0x01, 
    0x37, 0x3e, 0x01, 0x37, 0x3e, 0x01, 0x37, 0x3e, 0x01, 0x37, 0x3e, 0x01, 
    0x37, 0x3e, 0x01, 0x37, 0x3e, 0x01, 0x37, 0x3e, 0x01, 0x37, 0x3e, 0x01, 
    0x37, 0x3e, 0x01, 0x37, 0x3e, 0x01, 0x37, 0x3e, 0x01, 0x37, 0x3e, 0x01, 
    0x37, 0x3e, 0x01, 0x37, 0x3e, 0x01, 0x37, 0x3e, 0x01, 0x37, 0x3e, 0x01, 
    0x37, 0x3e, 0x01, 0x37, 0x3e, 0x01, 0x37, 0x3e, 0x01, 0x37, 0x3e, 0x01, 
    0x37, 0x3e, 0x01, 0x37, 0x3e, 0x01, 0x37, 0x3e, 0x01, 0x37, 0x3e, 0x01, 
    0x37, 0x3e, 0x01, 0x37, 0x3e, 0x01, 0x37, 0x3e, 0x01, 0x37, 0x3e, 0x01, 
    0x37, 0x3e, 0x01, 0x37, 0x3e, 0x01, 0x37, 0x3e, 0x01, 0x37, 0x3e, 0x01, 
    0x37, 0x3e, 0x01, 0x37, 0x3e, 0x01, 0x37, 0x3e, 0x01, 0x37, 0x3e, 0x01, 
    0x37, 0x3e, 0x01, 0x37, 0x3e, 0x01, 0x37, 0x3e, 0x01, 0x37, 0x3e, 0x01, 
    0x37, 0x3e, 0x01, 0x37, 0x3e, 0x01, 0x37, 0x3e, 0x01, 0x37, 0x3e, 0x01, 
    0x37, 0x3e, 0x01, 0x37, 0x3e, 0x01, 0x37, 0x3e, 0x01, 0x37, 0x3e, 0x01, 
    0x37, 0x3e, 0x01, 0x37, 0x3e, 0x01, 0x37, 0x3e, 0x01, 0x37, 0x3e, 0x01, 
    0x37, 0x3e, 0x01, 0x37, 0x3e, 0x01, 0x37, 0x3e, 0x01, 0x17, 0x16, 0x36, 
    0x37, 0x36, 0x16, 0x17, 0x1e, 0x01, 0x37, 0x36, 0x16, 0x17, 0x1e, 0x01, 
    0x37, 0x36, 0x16, 0x17, 0x1e, 0x01, 0x37, 0x36, 0x16, 0x17, 0x1e, 0x01, 
    0x37, 0x36, 0x16, 0x17, 0x1e, 0x01, 0x37, 0x36, 0x16, 0x17, 0x1e, 0x01, 
    0x17, 0x1e, 0x01, 0x17, 0x1e, 0x01, 0x37, 0x36, 0x16, 0x17, 0x1e, 0x01, 
    0x37, 0x36, 0x16, 0x17, 0x1e, 0x01, 0x37, 0x36, 0x16, 0x17, 0x1e, 0x01, 
    0x37, 0x36, 0x16, 0x17, 0x1e, 0x01, 0x37, 0x36, 0x16, 0x17, 0x1e, 0x01, 
    0x37, 0x36, 0x16, 0x17, 0x1e, 0x01, 0x37, 0x36, 0x16, 0x17, 0x1e, 0x01, 
    0x37, 0x36, 0x16, 0x17, 0x1e, 0x01, 0x37, 0x36, 0x16, 0x17, 0x1e, 0x01, 
    0x37, 0x36, 0x16, 0x17, 0x1e, 0x01, 0x37, 0x36, 0x16, 0x17, 0x1e, 0x01, 
    0x17, 0x1e, 0x01, 0x17, 0x1e, 0x01, 0x37, 0x36, 0x16, 0x17, 0x1e, 0x01, 
    0x37, 0x36, 0x16, 0x17, 0x1e, 0x01, 0x37, 0x36, 0x16, 0x17, 0x1e, 0x01, 
    0x37, 0x36, 0x16, 0x17, 0x1e, 0x01, 0x37, 0x36, 0x16, 0x17, 0x1e, 0x01, 
    0x37, 0x36, 0x16, 0x17, 0x1e, 0x01, 0x37, 0x36, 0x16, 0x17, 0x1e, 0x01, 
    0x37, 0x36, 0x16, 0x17, 0x1e, 0x01, 0x37, 0x36, 0x16, 0x17, 0x16, 0x06, 
    0x27, 0x26, 0x06, 0x17, 0x1e, 0x01, 0x27, 0x26, 0x06, 0x17, 0x16, 0x06, 
    0x27, 0x26, 0x06, 0x17, 0x16, 0x06, 0x27, 0x26, 0x06, 0x17, 0x16, 0x06, 
    0x27, 0x26, 0x06, 0x17, 0x16, 0x06, 0x27, 0x26, 0x06, 0x17, 0x16, 0x06, 
    0x07, 0x0e, 0x01, 0x27, 0x26, 0x06, 0x17, 0x16, 0x06, 0x27, 0x26, 0x06, 
    0x17, 0x16, 0x06, 0x07, 0x0e, 0x01, 0x17, 0x16, 0x06, 0x27, 0x26, 0x06, 
    0x17, 0x16, 0x06, 0x27, 0x26, 0x06, 0x17, 0x16, 0x06, 0x07, 0x0e, 0x01, 
    0x17, 0x16, 0x06, 0x27, 0x26, 0x06, 0x07, 0x0e, 0x01, 0x27, 0x26, 0x06, 
    0x17, 0x16, 0x06, 0x27, 0x26, 0x06, 0x17, 0x16, 0x06, 0x27, 0x26, 0x06, 
    0x07, 0x0e, 0x01, 0x27, 0x26, 0x06, 0x17, 0x16, 0x06, 0x27, 0x26, 0x06, 
    0x17, 0x16, 0x06, 0x07, 0x0e, 0x01, 0x27, 0x26, 0x06, 0x17, 0x0e, 0x01, 
    0x27, 0x26, 0x06, 0x17, 0x16, 0x06, 0x27, 0x26, 0x06, 0x17, 0x16, 0x06, 
    0x27, 0x26, 0x06, 0x17, 0x16, 0x06, 0x27, 0x26, 0x06, 0x17, 0x16, 0x06, 
    0x27, 0x2e, 0x01, 0x17, 0x16, 0x26, 0x27, 0x2e, 0x01, 0x37, 0x3e, 0x01, 
    0x37, 0x3e, 0x01, 0x37, 0x3e, 0x01, 0x37, 0x3e, 0x01, 0x37, 0x3e, 0x01, 
    0x37, 0x3e, 0x01, 0x37, 0x3e, 0x01, 0x37, 0x3e, 0x01, 0x37, 0x3e, 0x01, 
    0x37, 0x3e, 0x01, 0x37, 0x3e, 0x01, 0x37, 0x3e, 0x01, 0x37, 0x3e, 0x01, 
    0x37, 0x3e, 0x01, 0x37, 0x3e, 0x01, 0x37, 0x3e, 0x01, 0x37, 0x3e, 0x01, 
    0x37, 0x3e, 0x01, 0x37, 0x3e, 0x01, 0x37, 0x3e, 0x01, 0x37, 0x3e, 0x01, 
    0x37, 0x3e, 0x01, 0x37, 0x3e, 0x01, 0x37, 0x3e, 0x01, 0x37, 0x3e, 0x01, 
    0x37, 0x3e, 0x01, 0x37, 0x3e, 0x01, 0x37, 0x3e, 0x01, 0x37, 0x3e, 0x01, 
    0x37, 0x3e, 0x01, 0x37, 0x3e, 0x01, 0x37, 0x3e, 0x01, 0x37, 0x3e, 0x01, 
    0x37, 0x3e, 0x01, 0x37, 0x3e, 0x01, 0x37, 0x3e, 0x01, 0x37, 0x3e, 0x01, 
    0x37, 0x3e, 0x01, 0x37, 0x3e, 0x01, 0x37, 0x3e, 0x01, 0x37, 0x3e, 0x01, 
    0x37, 0x3e, 0x01, 0x37, 0x3e, 0x01, 0x37, 0x3e, 0x01, 0x37, 0x3e, 0x01, 
    0x37, 0x3e, 0x01, 0x37, 0x3e, 0x01, 0x37, 0x3e, 0x01, 0x37, 0x3e, 0x01, 
    0x37, 0x3e, 0x01, 0x37, 0x36, 0x26, 0x27, 0x2e, 0x01, 0x37, 0x36, 0x26, 
    0x27, 0x2e, 0x01, 0x37, 0x3e, 0x01, 0x27, 0x2e, 0x01, 0x37, 0x36, 0x26, 
    0x27, 0x2e, 0x01, 0x37, 0x36, 0x26, 0x27, 0x2e, 0x01, 0x37, 0x36, 0x26, 
    0x27, 0x2e, 0x01, 0x37, 0x36, 0x26, 0x27, 0x2e, 0x01, 0x37, 0x36, 0x26, 
    0x27, 0x2e, 0x01, 0x37, 0x36, 0x26, 0x27, 0x2e, 0x01, 0x37, 0x36, 0x26, 
    0x27, 0x2e, 0x01, 0x37, 0x36, 0x26, 0x27, 0x2e, 0x01, 0x37, 0x36, 0x26, 
    0x27, 0x2e, 0x01, 0x27, 0x2e, 0x01, 0x27, 0x2e, 0x01, 0x37, 0x36, 0x26, 
    0x27, 0x2e, 0x01, 0x37, 0x36, 0x26, 0x27, 0x2e, 0x01, 0x27, 0x2e, 0x01, 
    0x27, 0x2e, 0x01, 0x37, 0x36, 0x26, 0x27, 0x2e, 0x01, 0x37, 0x36, 0x26, 
    0x27, 0x2e, 0x01, 0x37, 0x36, 0x26, 0x27, 0x2e, 0x01, 0x37, 0x36, 0x26, 
    0x27, 0x2e, 0x01, 0x37, 0x36, 0x26, 0x27, 0x2e, 0x01, 0x37, 0x36, 0x26, 
    0x27, 0x2e, 0x01, 0x37, 0x36, 0x26, 0x27, 0x26, 0x06, 0x17, 0x16, 0x06, 
    0x27, 0x2e, 0x01, 0x17, 0x16, 0x06, 0x27, 0x26, 0x06, 0x17, 0x16, 0x06, 
    0x27, 0x26, 0x06, 0x17, 0x16, 0x06, 0x07, 0x0e, 0x01, 0x17, 0x16, 0x06, 
    0x27, 0x26, 0x06, 0x17, 0x16, 0x06, 0x27, 0x26, 0x06, 0x17, 0x16, 0x06, 
    0x27, 0x26, 0x06, 0x07, 0x0e, 0x01, 0x27, 0x26, 0x06, 0x17, 0x16, 0x06, 
    0x27, 0x26, 0x06, 0x17, 0x16, 0x06, 0x27, 0x26, 0x06, 0x17, 0x16, 0x06, 
    0x07, 0x0e, 0x01, 0x17, 0x16, 0x06, 0x27, 0x26, 0x06, 0x17, 0x16, 0x06, 
    0x27, 0x26, 0x06, 0x17, 0x16, 0x06, 0x27, 0x26, 0x06, 0x17, 0x16, 0x06, 
    0x07, 0x0e, 0x01, 0x17, 0x16, 0x06, 0x27, 0x26, 0x16, 0x17, 0x16, 0x06, 
    0x27, 0x26, 0x06, 0x17, 0x16, 0x06, 0x27, 0x26, 0x06, 0x17, 0x1e, 0x01, 
    0x37, 0x36, 0x16, 0x17, 0x1e, 0x01, 0x37, 0x36, 0x16, 0x17, 0x1e, 0x01, 
    0x37, 0x36, 0x16, 0x17, 0x1e, 0x01, 0x17, 0x1e, 0x01, 0x17, 0x1e, 0x01, 
    0x37, 0x36, 0x16, 0x17, 0x1e, 0x01, 0x37, 0x36, 0x16, 0x17, 0x1e, 0x01, 
    0x37, 0x36, 0x16, 0x17, 0x1e, 0x01, 0x17, 0x1e, 0x01, 0x17, 0x1e, 0x01, 
    0x37, 0x36, 0x16, 0x17, 0x1e, 0x01, 0x37, 0x36, 0x16, 0x17, 0x1e, 0x01, 
    0x17, 0x1e, 0x01, 0x17, 0x1e, 0x01, 0x37, 0x36, 0x16, 0x17, 0x1e, 0x01, 
    0x37, 0x36, 0x16, 0x17, 0x1e, 0x01, 0x37, 0x36, 0x16, 0x17, 0x1e, 0x01, 
    0x37, 0x36, 0x16, 0x17, 0x1e, 0x01, 0x37, 0x36, 0x16, 0x17, 0x1e, 0x01, 
    0x37, 0x36, 0x16, 0x17, 0x1e, 0x01, 0x37, 0x36, 0x16, 0x17, 0x1e, 0x01, 
    0x37, 0x36, 0x16, 0x17, 0x1e, 0x01, 0x37, 0x36, 0x16, 0x17, 0x1e, 0x01, 
    0x37, 0x36, 0x16, 0x17, 0x1e, 0x01, 0x37, 0x3e, 0x01, 0x17, 0x1e, 0x01, 
    0x37, 0x3e, 0x01, 0x27, 0x2e, 0x01, 0x37, 0x36, 0x26, 0x27, 0x2e, 0x01, 
    0x37, 0x36, 0x26, 0x27, 0x2e, 0x01, 0x37, 0x36, 0x26, 0x27, 0x2e, 0x01, 
    0x37, 0x36, 0x26, 0x27, 0x2e, 0x01, 0x37, 0x36, 0x26, 0x27, 0x2e, 0x01, 
    0x37, 0x36, 0x26, 0x27, 0x2e, 0x01, 0x37, 0x36, 0x26, 0x27, 0x2e, 0x01, 
    0x37, 0x36, 0x26, 0x27, 0x2e, 0x01, 0x37, 0x36, 0x26, 0x27, 0x2e, 0x01, 
    0x37, 0x36, 0x26, 0x27, 0x2e, 0x01, 0x37, 0x3e, 0x01, 0x37, 0x3e, 0x01, 
    0x37, 0x3e, 0x01, 0x37, 0x3e, 0x01, 0x37, 0x3e, 0x01, 0x37, 0x3e, 0x01, 
    0x37, 0x3e, 0x01, 0x37, 0x3e, 0x01, 0x37, 0x3e, 0x01, 0x37, 0x3e, 0x01, 
    0x37, 0x3e, 0x01, 0x37, 0x3e, 0x01, 0x37, 0x3e, 0x01, 0x37, 0x3e, 0x01, 
    0x37, 0x3e, 0x01, 0x37, 0x3e, 0x01, 0x37, 0x3e, 0x01, 0x37, 0x3e, 0x01, 
    0x37, 0x3e, 0x01, 0x37, 0x3e, 0x01, 0x37, 0x3e, 0x01, 0x37, 0x36, 0x16, 
    0x17, 0x1e, 0x01, 0x37, 0x36, 0x16, 0x17, 0x1e, 0x01, 0x37, 0x36, 0x16, 
    0x17, 0x1e, 0x01, 0x37, 0x36, 0x16, 0x17, 0x1e, 0x01, 0x37, 0x36, 0x16, 
    0x17, 0x1e, 0x01, 0x37, 0x36, 0x16, 0x17, 0x1e, 0x01, 0x37, 0x36, 0x16, 
    0x17, 0x1e, 0x01, 0x37, 0x36, 0x16, 0x17, 0x1e, 0x01, 0x37, 0x36, 0x16, 
    0x17, 0x1e, 0x01, 0x37, 0x36, 0x16, 0x17, 0x1e, 0x01, 0x17, 0x1e, 0x01, 
    0x17, 0x16, 0x06, 0x07, 0x0e, 0x01, 0x17, 0x16, 0x06, 0x27, 0x26, 0x06, 
    0x17, 0x16, 0x06, 0x27, 0x26, 0x06, 0x17, 0x16, 0x06, 0x27, 0x26, 0x06, 
    0x17, 0x16, 0x06, 0x27, 0x26, 0x06, 0x17, 0x16, 0x06, 0x27, 0x26, 0x06, 
    0x17, 0x16, 0x06, 0x27, 0x26, 0x06, 0x17, 0x16, 0x06, 0x27, 0x26, 0x06, 
    0x17, 0x16, 0x06, 0x27, 0x26, 0x06, 0x17, 0x16, 0x06, 0x27, 0x26, 0x06, 
    0x17, 0x0e, 0x01, 0x27, 0x2e, 0x01, 0x37, 0x3e, 0x01, 0x37, 0x3e, 0x01, 
    0x37, 0x3e, 0x01, 0x37, 0x3e, 0x01, 0x37, 0x3e, 0x01, 0x37, 0x3e, 0x01, 
    0x37, 0x3e, 0x01, 0x37, 0x3e, 0x01, 0x37, 0x36, 0x26, 0x27, 0x2e, 0x01, 
    0x37, 0x36, 0x26, 0x27, 0x2e, 0x01, 0x37, 0x36, 0x26, 0x27, 0x2e, 0x01, 
    0x37, 0x36, 0x26, 0x27, 0x2e, 0x01, 0x27, 0x2e, 0x01, 0x27, 0x26, 0x06, 
    0x07, 0x0e, 0x01, 0x27, 0x26, 0x06, 0x17, 0x16, 0x06, 0x27, 0x26, 0x06, 
    0x17, 0x16, 0x06, 0x27, 0x26, 0x06, 0x17, 0x16, 0x06, 0x07, 0x0e, 0x01, 
    0x17, 0x1e, 0x01, 0x17, 0x36, 0x16, 0x17, 0x1e, 0x01, 0x37, 0x36, 0x16, 
    0x17, 0x1e, 0x01, 0x37, 0x36, 0x16, 0x17, 0x1e, 0x01, 0x37, 0x36, 0x16, 
    0x17, 0x16, 0x36, 0x03, 0xb0, 0x00, 0x0a, 0x0f, 0x13, 0x07, 0x03, 0x02, 
    0x06, 0x08, 0x0a, 0x03, 0x00, 0x00, 0x03, 0x0e, 0x0e, 0x04, 0x00, 0x00, 
    0x03, 0x0e, 0x0d, 0x04, 0x01, 0x01, 0x03, 0x03, 0x03, 0x02, 0x00, 0x00, 
    0x05, 0x05, 0x07, 0x03, 0x00, 0x00, 0x03, 0x0b, 0x0a, 0x03, 0x00, 0x00, 
    0x03, 0x09, 0x06, 0x05, 0x00, 0x00, 0x07, 0x09, 0x06, 0x04, 0x00, 0x01, 
    0x04, 0x07, 0x07, 0x02, 0x00, 0x00, 0x03, 0x03, 0x04, 0x03, 0x01, 0x00, 
    0x04, 0x03, 0x04, 0x03, 0x00, 0x00, 0x02, 0x04, 0x03, 0x03, 0x01, 0x01, 
    0x03, 0x04, 0x04, 0x02, 0x00, 0x00, 0x03, 0x03, 0x03, 0x05, 0x03, 0x03, 
    0x04, 0x07, 0x06, 0x04, 0x01, 0x00, 0x04, 0x03, 0x04, 0x02, 0x00, 0x00, 
    0x02, 0x02, 0x02, 0x02, 0x00, 0x00, 0x02, 0x04, 0x03, 0x03, 0x00, 0x00, 
    0x03, 0x05, 0x04, 0x03, 0x00, 0x00, 0x03, 0x03, 0x04, 0x02, 0x00, 0x00, 
    0x04, 0x04, 0x04, 0x03, 0x00, 0x00, 0x03, 0x04, 0x04, 0x02, 0x00, 0x00, 
    0x02, 0x02, 0x02, 0x01, 0x00, 0x00, 0x03, 0x05, 0x04, 0x03, 0x00, 0x00, 
    0x07, 0x07, 0x03, 0x03, 0x00, 0x00, 0x03, 0x04, 0x03, 0x03, 0x00, 0x00, 
    0x03, 0x03, 0x07, 0x0e, 0x00, 0x00, 0x04, 0x04, 0x05, 0x02, 0x00, 0x00, 
    0x01, 0x02, 0x03, 0x07, 0x00, 0x00, 0x01, 0x02, 0x03, 0x01, 0x00, 0x00, 
    0x02, 0x02, 0x02, 0x02, 0x00, 0x00, 0x02, 0x04, 0x03, 0x03, 0x00, 0x00, 
    0x02, 0x02, 0x02, 0x02, 0x00, 0x00, 0x01, 0x02, 0x02, 0x02, 0x00, 0x00, 
    0x02, 0x04, 0x04, 0x03, 0x00, 0x00, 0x01, 0x02, 0x03, 0x01, 0x00, 0x00, 
    0x01, 0x07, 0x05, 0x02, 0x00, 0x00, 0x01, 0x02, 0x01, 0x01, 0x00, 0x00, 
    0x01, 0x02, 0x01, 0x04, 0x04, 0x03, 0x03, 0x02, 0x01, 0x02, 0x00, 0x00, 
    0x01, 0x01, 0x01, 0x02, 0x00, 0x00, 0x01, 0x01, 0x02, 0x04, 0x03, 0x03, 
    0x05, 0x03, 0x03, 0x02, 0x00, 0x00, 0x02, 0x02, 0x02, 0x01, 0x00, 0x00, 
    0x02, 0x04, 0x07, 0x07, 0x00, 0x00, 0x02, 0x01, 0x02, 0x04, 0x03, 0x03, 
    0x04, 0x01, 0x02, 0x01, 0x00, 0x00, 0x15, 0x04, 0x01, 0x01, 0x00, 0x00, 
    0x03, 0x04, 0x03, 0x03, 0x00, 0x00, 0x01, 0x03, 0x02, 0x01, 0x00, 0x00, 
    0x02, 0x02, 0x02, 0x02, 0x00, 0x00, 0x0c, 0x05, 0x02, 0x01, 0x00, 0x00, 
    0x01, 0x02, 0x03, 0x01, 0x00, 0x00, 0x01, 0x05, 0x05, 0x02, 0x00, 0x00, 
    0x01, 0x02, 0x02, 0x02, 0x00, 0x00, 0x02, 0x02, 0x02, 0x02, 0x00, 0x00, 
    0x01, 0x01, 0x05, 0x05, 0x00, 0x00, 0x02, 0x02, 0x02, 0x02, 0x00, 0x00, 
    0x01, 0x02, 0x02, 0x02, 0x00, 0x00, 0x03, 0x03, 0x04, 0x03, 0x00, 0x00, 
    0x01, 0x02, 0x03, 0x01, 0x00, 0x00, 0x01, 0x03, 0x02, 0x02, 0x00, 0x00, 
    0x01, 0x02, 0x04, 0x02, 0x00, 0x00, 0x02, 0x04, 0x02, 0x01, 0x00, 0x00, 
    0x02, 0x02, 0x03, 0x01, 0x00, 0x00, 0x01, 0x03, 0x02, 0x01, 0x00, 0x00, 
    0x02, 0x01, 0x01, 0x01, 0x00, 0x00, 0x08, 0x05, 0x01, 0x01, 0x00, 0x00, 
    0x02, 0x02, 0x02, 0x02, 0x00, 0x00, 0x05, 0x05, 0x01, 0x01, 0x00, 0x00, 
    0x02, 0x02, 0x02, 0x02, 0x00, 0x00, 0x02, 0x02, 0x02, 0x01, 0x00, 0x00, 
    0x03, 0x04, 0x03, 0x03, 0x00, 0x00, 0x01, 0x03, 0x02, 0x01, 0x00, 0x00, 
    0x01, 0x02, 0x04, 0x0d, 0x00, 0x00, 0x08, 0x05, 0x01, 0x01, 0x00, 0x00, 
    0x15, 0x04, 0x01, 0x02, 0x00, 0x00, 0x15, 0x03, 0x02, 0x01, 0x00, 0x00, 
    0x02, 0x02, 0x02, 0x02, 0x00, 0x00, 0x01, 0x01, 0x01, 0x02, 0x00, 0x00, 
    0x01, 0x06, 0x07, 0x01, 0x00, 0x00, 0x01, 0x02, 0x02, 0x02, 0x00, 0x00, 
    0x02, 0x04, 0x04, 0x03, 0x00, 0x00, 0x01, 0x02, 0x02, 0x02, 0x00, 0x00, 
    0x02, 0x02, 0x02, 0x01, 0x00, 0x00, 0x0e, 0x04, 0x01, 0x01, 0x00, 0x00, 
    0x02, 0x02, 0x02, 0x02, 0x00, 0x00, 0x09, 0x05, 0x05, 0x01, 0x00, 0x00, 
    0x01, 0x03, 0x02, 0x01, 0x00, 0x00, 0x03, 0x04, 0x04, 0x02, 0x00, 0x00, 
    0x02, 0x02, 0x02, 0x01, 0x00, 0x00, 0x02, 0x02, 0x02, 0x02, 0x00, 0x00, 
    0x02, 0x04, 0x04, 0x02, 0x00, 0x00, 0x02, 0x02, 0x02, 0x02, 0x00, 0x00, 
    0x01, 0x01, 0x04, 0x06, 0x00, 0x00, 0x02, 0x02, 0x02, 0x02, 0x00, 0x00, 
    0x02, 0x05, 0x04, 0x04, 0x00, 0x00, 0x0f, 0x06, 0x03, 0x03, 0x00, 0x00, 
    0x11, 0x04, 0x05, 0x07, 0x00, 0x00, 0x03, 0x04, 0x05, 0x03, 0x00, 0x00, 
    0x01, 0x02, 0x02, 0x02, 0x00, 0x00, 0x02, 0x04, 0x04, 0x03, 0x00, 0x00, 
    0x03, 0x04, 0x04, 0x04, 0x00, 0x00, 0x10, 0x06, 0x03, 0x02, 0x00, 0x00, 
    0x03, 0x03, 0x04, 0x02, 0x00, 0x00, 0x02, 0x02, 0x02, 0x02, 0x00, 0x00, 
    0x02, 0x04, 0x03, 0x04, 0x00, 0x01, 0x04, 0x06, 0x07, 0x04, 0x03, 0x03, 
    0x05, 0x03, 0x03, 0x03, 0x00, 0x00, 0x02, 0x04, 0x04, 0x03, 0x01, 0x01, 
    0x03, 0x03, 0x04, 0x02, 0x00, 0x00, 0x03, 0x04, 0x03, 0x04, 0x00, 0x01, 
    0x03, 0x04, 0x03, 0x03, 0x00, 0x00, 0x02, 0x07, 0x07, 0x04, 0x01, 0x00, 
    0x04, 0x06, 0x09, 0x07, 0x00, 0x00, 0x05, 0x06, 0x09, 0x03, 0x00, 0x00, 
    0x03, 0x0a, 0x0b, 0x03, 0x00, 0x00, 0x03, 0x07, 0x05, 0x05, 0x00, 0x00, 
    0x03, 0x03, 0x04, 0x02, 0x00, 0x00, 0x04, 0x0e, 0x0e, 0x03, 0x00, 0x00, 
    0x04, 0x0e, 0x0e, 0x03, 0x00, 0x00, 0x04, 0x0a, 0x08, 0x06, 0x00, 0x00, 
    0x0b, 0x10, 0x17, 0x05, 0x00, 0x00, 0x0a, 0x46, 0x45, 0x0a, 0x00, 0x00, 
    0x05, 0x17, 0x10, 0x0b, 0x00, 0x00, 0x06, 0x08, 0x0a, 0x04, 0x00, 0x00, 
    0x03, 0x0e, 0x0e, 0x04, 0x00, 0x00, 0x03, 0x0e, 0x0e, 0x04, 0x00, 0x00, 
    0x02, 0x04, 0x03, 0x03, 0x00, 0x00, 0x05, 0x05, 0x07, 0x04, 0x01, 0x01, 
    0x04, 0x08, 0x09, 0x04, 0x01, 0x01, 0x04, 0x06, 0x07, 0x03, 0x00, 0x00, 
    0x02, 0x02, 0x02, 0x01, 0x00, 0x00, 0x04, 0x05, 0x06, 0x04, 0x00, 0x01, 
    0x04, 0x07, 0x07, 0x02, 0x00, 0x00, 0x03, 0x05, 0x05, 0x02, 0x00, 0x00, 
    0x03, 0x04, 0x03, 0x03, 0x00, 0x00, 0x03, 0x03, 0x04, 0x03, 0x01, 0x01, 
    0x03, 0x03, 0x04, 0x02, 0x00, 0x00, 0x03, 0x05, 0x04, 0x03, 0x00, 0x00, 
    0x07, 0x09, 0x06, 0x04, 0x01, 0x00, 0x04, 0x03, 0x04, 0x02, 0x00, 0x00, 
    0x02, 0x02, 0x02, 0x02, 0x00, 0x00, 0x02, 0x04, 0x03, 0x03, 0x00, 0x00, 
    0x03, 0x03, 0x04, 0x03, 0x01, 0x01, 0x02, 0x02, 0x02, 0x01, 0x00, 0x00, 
    0x02, 0x01, 0x01, 0x01, 0x00, 0x00, 0x03, 0x05, 0x04, 0x03, 0x00, 0x00, 
    0x03, 0x04, 0x04, 0x02, 0x00, 0x00, 0x02, 0x02, 0x02, 0x01, 0x00, 0x00, 
    0x03, 0x05, 0x04, 0x03, 0x00, 0x00, 0x07, 0x06, 0x03, 0x03, 0x00, 0x01, 
    0x02, 0x02, 0x02, 0x02, 0x00, 0x00, 0x01, 0x01, 0x02, 0x01, 0x00, 0x00, 
    0x02, 0x04, 0x06, 0x0f, 0x00, 0x00, 0x04, 0x04, 0x05, 0x02, 0x00, 0x00, 
    0x02, 0x02, 0x02, 0x02, 0x00, 0x00, 0x03, 0x03, 0x03, 0x03, 0x00, 0x00, 
    0x02, 0x02, 0x02, 0x02, 0x00, 0x00, 0x02, 0x04, 0x03, 0x04, 0x03, 0x03, 
    0x03, 0x02, 0x02, 0x01, 0x00, 0x00, 0x02, 0x04, 0x07, 0x07, 0x00, 0x00, 
    0x02, 0x06, 0x04, 0x03, 0x00, 0x00, 0x03, 0x03, 0x04, 0x03, 0x00, 0x00, 
    0x01, 0x02, 0x02, 0x02, 0x00, 0x00, 0x02, 0x02, 0x02, 0x02, 0x00, 0x00, 
    0x02, 0x04, 0x03, 0x03, 0x00, 0x00, 0x02, 0x02, 0x02, 0x01, 0x00, 0x00, 
    0x03, 0x03, 0x07, 0x07, 0x00, 0x00, 0x02, 0x05, 0x08, 0x08, 0x00, 0x00, 
    0x01, 0x01, 0x02, 0x01, 0x00, 0x00, 0x02, 0x02, 0x02, 0x01, 0x00, 0x00, 
    0x02, 0x02, 0x02, 0x02, 0x00, 0x00, 0x02, 0x02, 0x02, 0x01, 0x00, 0x00, 
    0x01, 0x02, 0x01, 0x01, 0x00, 0x00, 0x02, 0x02, 0x02, 0x02, 0x00, 0x00, 
    0x01, 0x03, 0x02, 0x01, 0x00, 0x00, 0x02, 0x02, 0x02, 0x02, 0x00, 0x00, 
    0x01, 0x01, 0x02, 0x01, 0x00, 0x00, 0x01, 0x03, 0x02, 0x01, 0x00, 0x00, 
    0x02, 0x02, 0x02, 0x02, 0x00, 0x00, 0x01, 0x02, 0x03, 0x01, 0x00, 0x00, 
    0x07, 0x03, 0x02, 0x01, 0x00, 0x00, 0x01, 0x02, 0x03, 0x01, 0x00, 0x00, 
    0x01, 0x05, 0x05, 0x02, 0x00, 0x00, 0x01, 0x02, 0x02, 0x02, 0x00, 0x00, 
    0x02, 0x02, 0x02, 0x02, 0x00, 0x00, 0x01, 0x01, 0x05, 0x05, 0x00, 0x00, 
    0x02, 0x02, 0x02, 0x02, 0x00, 0x00, 0x01, 0x01, 0x05, 0x08, 0x00, 0x00, 
    0x01, 0x01, 0x01, 0x02, 0x00, 0x00, 0x01, 0x02, 0x03, 0x01, 0x00, 0x00, 
    0x01, 0x03, 0x02, 0x02, 0x00, 0x00, 0x01, 0x02, 0x03, 0x01, 0x00, 0x00, 
    0x01, 0x03, 0x02, 0x01, 0x00, 0x00, 0x02, 0x02, 0x03, 0x01, 0x00, 0x00, 
    0x01, 0x03, 0x02, 0x01, 0x00, 0x00, 0x02, 0x01, 0x01, 0x01, 0x00, 0x00, 
    0x08, 0x05, 0x01, 0x01, 0x00, 0x00, 0x02, 0x02, 0x02, 0x02, 0x00, 0x00, 
    0x05, 0x05, 0x01, 0x01, 0x00, 0x00, 0x02, 0x02, 0x02, 0x02, 0x00, 0x00, 
    0x02, 0x02, 0x02, 0x01, 0x00, 0x00, 0x01, 0x02, 0x01, 0x01, 0x00, 0x00, 
    0x02, 0x02, 0x02, 0x02, 0x00, 0x00, 0x01, 0x03, 0x02, 0x01, 0x00, 0x00, 
    0x01, 0x02, 0x03, 0x07, 0x00, 0x00, 0x01, 0x03, 0x02, 0x01, 0x00, 0x00, 
    0x02, 0x02, 0x02, 0x02, 0x00, 0x00, 0x01, 0x02, 0x03, 0x01, 0x00, 0x00, 
    0x01, 0x02, 0x01, 0x01, 0x00, 0x00, 0x02, 0x02, 0x02, 0x02, 0x00, 0x00, 
    0x01, 0x01, 0x04, 0x0e, 0x00, 0x00, 0x01, 0x02, 0x02, 0x02, 0x00, 0x00, 
    0x01, 0x02, 0x03, 0x0e, 0x00, 0x00, 0x02, 0x02, 0x02, 0x02, 0x00, 0x01, 
    0x01, 0x06, 0x05, 0x02, 0x00, 0x00, 0x07, 0x06, 0x04, 0x16, 0x00, 0x00, 
    0x02, 0x01, 0x03, 0x16, 0x00, 0x00, 0x03, 0x04, 0x06, 0x02, 0x00, 0x00, 
    0x07, 0x07, 0x04, 0x02, 0x00, 0x00, 0x02, 0x02, 0x02, 0x01, 0x00, 0x00, 
    0x08, 0x07, 0x03, 0x02, 0x00, 0x00, 0x02, 0x02, 0x02, 0x02, 0x00, 0x00, 
    0x0e, 0x03, 0x02, 0x01, 0x00, 0x00, 0x02, 0x03, 0x04, 0x05, 0x06, 0x06, 
    0x04, 0x05, 0x05, 0x02, 0x00, 0x00, 0x01, 0x02, 0x01, 0x01, 0x00, 0x00, 
    0x02, 0x02, 0x02, 0x02, 0x00, 0x00, 0x02, 0x04, 0x07, 0x07, 0x00, 0x00, 
    0x03, 0x04, 0x05, 0x03, 0x00, 0x00, 0x01, 0x02, 0x02, 0x02, 0x00, 0x00, 
    0x02, 0x04, 0x04, 0x03, 0x00, 0x00, 0x03, 0x04, 0x05, 0x03, 0x00, 0x00, 
    0x01, 0x01, 0x01, 0x02, 0x00, 0x00, 0x01, 0x02, 0x02, 0x02, 0x00, 0x00, 
    0x02, 0x05, 0x05, 0x03, 0x00, 0x00, 0x03, 0x03, 0x04, 0x02, 0x00, 0x00, 
    0x02, 0x02, 0x02, 0x02, 0x00, 0x00, 0x02, 0x04, 0x03, 0x04, 0x00, 0x01, 
    0x04, 0x06, 0x09, 0x07, 0x00, 0x00, 0x03, 0x04, 0x05, 0x03, 0x00, 0x00, 
    0x02, 0x04, 0x03, 0x03, 0x01, 0x01, 0x03, 0x04, 0x03, 0x03, 0x00, 0x00, 
    0x03, 0x03, 0x04, 0x03, 0x00, 0x00, 0x02, 0x05, 0x05, 0x03, 0x00, 0x00, 
    0x02, 0x08, 0x07, 0x03, 0x00, 0x00, 0x02, 0x08, 0x05, 0x05, 0x00, 0x00, 
    0x01, 0x02, 0x02, 0x02, 0x00, 0x00, 0x03, 0x07, 0x06, 0x04, 0x01, 0x01, 
    0x04, 0x09, 0x08, 0x04, 0x01, 0x01, 0x04, 0x07, 0x05, 0x05, 0x00, 0x00, 
    0x03, 0x03, 0x04, 0x02, 0x00, 0x00, 0x08, 0x0a, 0x0e, 0x03, 0x00, 0x00, 
    0x04, 0x0e, 0x0e, 0x03, 0x00, 0x00, 0x03, 0x0a, 0x08, 0x06, 0x02, 0x03, 
    0x07, 0x13, 0x0f, 0x0a, 0x00, 0x00, 0x1c, 0x33, 0x34, 0x1c, 0xad, 0x03, 
    0x06, 0x06, 0x06, 0x05, 0x00, 0x00, 0x08, 0x0a, 0x0e, 0x03, 0x00, 0x00, 
    0x03, 0x0b, 0x0a, 0x04, 0x00, 0x00, 0x03, 0x0a, 0x0a, 0x04, 0x01, 0x01, 
    0x03, 0x02, 0x03, 0x03, 0x00, 0x00, 0x04, 0x06, 0x07, 0x03, 0x00, 0x00, 
    0x02, 0x09, 0x08, 0x03, 0x00, 0x00, 0x03, 0x07, 0x06, 0x04, 0x01, 0x01, 
    0x03, 0x02, 0x03, 0x02, 0x00, 0x00, 0x04, 0x04, 0x05, 0x02, 0x00, 0x00, 
    0x03, 0x03, 0x04, 0x03, 0x01, 0x01, 0x03, 0x03, 0x04, 0x03, 0x01, 0x01, 
    0x02, 0x03, 0x03, 0x02, 0x00, 0x00, 0x04, 0x04, 0x05, 0x02, 0x00, 0x00, 
    0x03, 0x03, 0x03, 0x05, 0x04, 0x03, 0x05, 0x03, 0x04, 0x02, 0x00, 0x00, 
    0x03, 0x03, 0x04, 0x03, 0x00, 0x00, 0x02, 0x05, 0x04, 0x04, 0x00, 0x00, 
    0x08, 0x06, 0x03, 0x03, 0x00, 0x00, 0x01, 0x02, 0x02, 0x02, 0x00, 0x00, 
    0x02, 0x04, 0x04, 0x03, 0x00, 0x00, 0x01, 0x02, 0x02, 0x02, 0x00, 0x00, 
    0x02, 0x04, 0x04, 0x03, 0x01, 0x01, 0x03, 0x03, 0x06, 0x01, 0x00, 0x00, 
    0x01, 0x04, 0x04, 0x04, 0x03, 0x03, 0x04, 0x05, 0x04, 0x02, 0x00, 0x00, 
    0x02, 0x02, 0x02, 0x02, 0x00, 0x00, 0x09, 0x05, 0x03, 0x03, 0x00, 0x00, 
    0x02, 0x02, 0x02, 0x01, 0x00, 0x00, 0x02, 0x01, 0x01, 0x01, 0x00, 0x00, 
    0x02, 0x02, 0x02, 0x02, 0x00, 0x00, 0x02, 0x04, 0x07, 0x07, 0x00, 0x00, 
    0x02, 0x02, 0x02, 0x01, 0x00, 0x00, 0x02, 0x02, 0x02, 0x02, 0x00, 0x00, 
    0x01, 0x01, 0x04, 0x06, 0x00, 0x00, 0x04, 0x04, 0x05, 0x02, 0x00, 0x00, 
    0x02, 0x02, 0x02, 0x02, 0x00, 0x00, 0x01, 0x01, 0x02, 0x01, 0x00, 0x00, 
    0x01, 0x06, 0x05, 0x03, 0x00, 0x00, 0x01, 0x02, 0x02, 0x02, 0x00, 0x00, 
    0x07, 0x03, 0x01, 0x02, 0x00, 0x00, 0x01, 0x02, 0x02, 0x02, 0x00, 0x00, 
    0x02, 0x02, 0x02, 0x02, 0x00, 0x00, 0x06, 0x03, 0x02, 0x01, 0x00, 0x00, 
    0x02, 0x02, 0x02, 0x02, 0x00, 0x00, 0x01, 0x02, 0x02, 0x02, 0x00, 0x00, 
    0x06, 0x04, 0x01, 0x02, 0x00, 0x00, 0x01, 0x02, 0x03, 0x01, 0x00, 0x00, 
    0x01, 0x03, 0x02, 0x02, 0x00, 0x00, 0x02, 0x04, 0x05, 0x01, 0x00, 0x00, 
    0x01, 0x03, 0x02, 0x01, 0x00, 0x00, 0x02, 0x01, 0x04, 0x06, 0x00, 0x00, 
    0x02, 0x02, 0x02, 0x01, 0x00, 0x00, 0x02, 0x02, 0x02, 0x02, 0x00, 0x00, 
    0x02, 0x04, 0x05, 0x01, 0x00, 0x00, 0x02, 0x02, 0x02, 0x02, 0x00, 0x00, 
    0x01, 0x01, 0x02, 0x04, 0x04, 0x05, 0x03, 0x00, 0x00, 0x05, 0x05, 0x01, 
    0x02, 0x00, 0x00, 0x01, 0x02, 0x02, 0x02, 0x00, 0x00, 0x02, 0x02, 0x02, 
    0x02, 0x00, 0x00, 0x01, 0x05, 0x05, 0x01, 0x00, 0x00, 0x01, 0x03, 0x02, 
    0x02, 0x00, 0x00, 0x01, 0x01, 0x04, 0x06, 0x00, 0x00, 0x02, 0x02, 0x02, 
    0x02, 0x00, 0x00, 0x01, 0x02, 0x02, 0x02, 0x00, 0x00, 0x03, 0x03, 0x04, 
    0x02, 0x00, 0x00, 0x02, 0x02, 0x03, 0x01, 0x00, 0x00, 0x01, 0x03, 0x02, 
    0x01, 0x00, 0x00, 0x03, 0x03, 0x04, 0x02, 0x00, 0x01, 0x02, 0x02, 0x02, 
    0x01, 0x00, 0x00, 0x02, 0x01, 0x04, 0x0d, 0x00, 0x00, 0x02, 0x02, 0x02, 
    0x02, 0x00, 0x00, 0x01, 0x02, 0x03, 0x0e, 0x00, 0x00, 0x02, 0x02, 0x02, 
    0x01, 0x00, 0x00, 0x03, 0x05, 0x06, 0x01, 0x00, 0x00, 0x01, 0x02, 0x01, 
    0x01, 0x00, 0x00, 0x02, 0x02, 0x02, 0x02, 0x00, 0x00, 0x02, 0x05, 0x05, 
    0x03, 0x02, 0x02, 0x03, 0x02, 0x02, 0x01, 0x00, 0x00, 0x02, 0x02, 0x02, 
    0x02, 0x00, 0x00, 0x01, 0x02, 0x02, 0x02, 0x00, 0x00, 0x07, 0x07, 0x04, 
    0x02, 0x00, 0x00, 0x02, 0x02, 0x02, 0x02, 0x00, 0x00, 0x01, 0x01, 0x01, 
    0x02, 0x00, 0x00, 0x01, 0x02, 0x02, 0x02, 0x00, 0x00, 0x03, 0x03, 0x05, 
    0x09, 0x00, 0x00, 0x02, 0x02, 0x02, 0x02, 0x00, 0x00, 0x02, 0x04, 0x05, 
    0x04, 0x03, 0x03, 0x04, 0x04, 0x04, 0x01, 0x00, 0x00, 0x01, 0x06, 0x03, 
    0x03, 0x01, 0x01, 0x03, 0x04, 0x04, 0x02, 0x00, 0x00, 0x02, 0x02, 0x02, 
    0x01, 0x00, 0x00, 0x03, 0x04, 0x04, 0x02, 0x00, 0x00, 0x02, 0x02, 0x02, 
    0x01, 0x00, 0x00, 0x03, 0x03, 0x06, 0x08, 0x00, 0x00, 0x04, 0x04, 0x05, 
    0x02, 0x00, 0x00, 0x03, 0x04, 0x03, 0x03, 0x00, 0x00, 0x02, 0x04, 0x03, 
    0x05, 0x03, 0x04, 0x05, 0x03, 0x03, 0x03, 0x00, 0x00, 0x02, 0x05, 0x04, 
    0x04, 0x00, 0x00, 0x02, 0x04, 0x04, 0x02, 0x00, 0x00, 0x03, 0x03, 0x04, 
    0x03, 0x01, 0x01, 0x03, 0x04, 0x03, 0x03, 0x00, 0x00, 0x02, 0x08, 0x05, 
    0x05, 0x00, 0x00, 0x01, 0x02, 0x02, 0x02, 0x00, 0x00, 0x03, 0x07, 0x07, 
    0x03, 0x00, 0x00, 0x03, 0x08, 0x09, 0x02, 0x00, 0x00, 0x03, 0x07, 0x06, 
    0x04, 0x00, 0x00, 0x03, 0x04, 0x04, 0x02, 0x00, 0x00, 0x03, 0x0b, 0x0a, 
    0x03, 0x00, 0x00, 0x04, 0x0a, 0x0b, 0x03, 0x00, 0x00, 0x03, 0x0e, 0x0a, 
    0x08, 0x00, 0x00, 0x06, 0x07, 0x0b, 0x03, 0x00, 0x00, 0x0c, 0x50, 0x51, 
    0x0c, 0x00, 0x00, 0x03, 0x0b, 0x07, 0x06, 0x00, 0x00, 0x07, 0x09, 0x0c, 
    0x05, 0x01, 0x01, 0x04, 0x08, 0x09, 0x04, 0x01, 0x01, 0x04, 0x09, 0x09, 
    0x04, 0x01, 0x01, 0x03, 0x04, 0x03, 0x03, 0x00, 0x00, 0x04, 0x06, 0x07, 
    0x03, 0x00, 0x00, 0x02, 0x08, 0x06, 0x04, 0x01, 0x01, 0x04, 0x06, 0x07, 
    0x03, 0x00, 0x00, 0x02, 0x04, 0x04, 0x02, 0x00, 0x00, 0x04, 0x04, 0x05, 
    0x02, 0x00, 0x00, 0x03, 0x04, 0x04, 0x02, 0x00, 0x00, 0x02, 0x05, 0x05, 
    0x03, 0x00, 0x00, 0x02, 0x04, 0x04, 0x02, 0x00, 0x00, 0x04, 0x04, 0x05, 
    0x02, 0x00, 0x00, 0x03, 0x04, 0x03, 0x03, 0x00, 0x00, 0x01, 0x03, 0x02, 
    0x01, 0x00, 0x00, 0x03, 0x05, 0x04, 0x03, 0x00, 0x00, 0x03, 0x03, 0x04, 
    0x03, 0x00, 0x00, 0x02, 0x05, 0x04, 0x04, 0x00, 0x00, 0x08, 0x06, 0x03, 
    0x03, 0x00, 0x00, 0x01, 0x02, 0x02, 0x02, 0x00, 0x00, 0x02, 0x04, 0x04, 
    0x03, 0x00, 0x00, 0x01, 0x02, 0x02, 0x02, 0x00, 0x00, 0x02, 0x04, 0x04, 
    0x03, 0x00, 0x00, 0x03, 0x04, 0x07, 0x01, 0x00, 0x00, 0x01, 0x04, 0x02, 
    0x05, 0x04, 0x03, 0x05, 0x04, 0x03, 0x03, 0x00, 0x00, 0x03, 0x04, 0x03, 
    0x03, 0x00, 0x00, 0x03, 0x03, 0x07, 0x07, 0x00, 0x00, 0x02, 0x02, 0x02, 
    0x01, 0x00, 0x00, 0x02, 0x02, 0x02, 0x02, 0x00, 0x00, 0x02, 0x04, 0x04, 
    0x02, 0x00, 0x00, 0x02, 0x02, 0x02, 0x02, 0x00, 0x00, 0x01, 0x03, 0x02, 
    0x01, 0x00, 0x00, 0x02, 0x02, 0x02, 0x02, 0x00, 0x00, 0x0f, 0x06, 0x03, 
    0x03, 0x00, 0x00, 0x03, 0x03, 0x04, 0x03, 0x00, 0x00, 0x01, 0x06, 0x04, 
    0x04, 0x00, 0x00, 0x15, 0x03, 0x02, 0x01, 0x00, 0x00, 0x16, 0x03, 0x01, 
    0x02, 0x00, 0x00, 0x15, 0x03, 0x02, 0x01, 0x00, 0x00, 0x01, 0x03, 0x02, 
    0x02, 0x00, 0x00, 0x02, 0x04, 0x05, 0x01, 0x00, 0x00, 0x01, 0x03, 0x02, 
    0x01, 0x00, 0x00, 0x02, 0x02, 0x02, 0x02, 0x00, 0x00, 0x06, 0x04, 0x01, 
    0x01, 0x00, 0x00, 0x02, 0x02, 0x03, 0x01, 0x00, 0x00, 0x01, 0x05, 0x05, 
    0x01, 0x00, 0x00, 0x02, 0x02, 0x02, 0x02, 0x00, 0x00, 0x02, 0x02, 0x02, 
    0x01, 0x00, 0x00, 0x02, 0x01, 0x05, 0x05, 0x00, 0x00, 0x03, 0x05, 0x04, 
    0x04, 0x02, 0x01, 0x01, 0x00, 0x00, 0x02, 0x02, 0x02, 0x02, 0x00, 0x00, 
    0x01, 0x05, 0x04, 0x02, 0x00, 0x00, 0x02, 0x02, 0x02, 0x02, 0x00, 0x00, 
    0x01, 0x02, 0x02, 0x02, 0x00, 0x00, 0x06, 0x04, 0x01, 0x02, 0x00, 0x00, 
    0x01, 0x02, 0x02, 0x02, 0x00, 0x00, 0x02, 0x04, 0x04, 0x02, 0x00, 0x00, 
    0x02, 0x02, 0x03, 0x01, 0x00, 0x00, 0x01, 0x03, 0x02, 0x01, 0x00, 0x00, 
    0x03, 0x04, 0x05, 0x02, 0x01, 0x00, 0x02, 0x01, 0x01, 0x01, 0x00, 0x00, 
    0x02, 0x02, 0x02, 0x02, 0x00, 0x00, 0x01, 0x01, 0x04, 0x0e, 0x00, 0x00, 
    0x02, 0x02, 0x02, 0x01, 0x00, 0x00, 0x02, 0x01, 0x03, 0x0e, 0x00, 0x00, 
    0x04, 0x04, 0x06, 0x01, 0x00, 0x00, 0x03, 0x04, 0x03, 0x03, 0x00, 0x00, 
    0x03, 0x04, 0x05, 0x03, 0x00, 0x00, 0x03, 0x03, 0x03, 0x03, 0x00, 0x00, 
    0x02, 0x02, 0x02, 0x02, 0x00, 0x00, 0x01, 0x02, 0x03, 0x01, 0x00, 0x00, 
    0x02, 0x02, 0x02, 0x02, 0x00, 0x00, 0x02, 0x04, 0x04, 0x02, 0x00, 0x00, 
    0x02, 0x02, 0x02, 0x02, 0x00, 0x00, 0x0e, 0x05, 0x04, 0x11, 0x00, 0x00, 
    0x03, 0x03, 0x04, 0x05, 0x03, 0x04, 0x05, 0x02, 0x04, 0x01, 0x00, 0x00, 
    0x01, 0x07, 0x04, 0x03, 0x00, 0x00, 0x03, 0x03, 0x02, 0x03, 0x01, 0x01, 
    0x02, 0x02, 0x02, 0x01, 0x00, 0x00, 0x03, 0x04, 0x04, 0x02, 0x00, 0x00, 
    0x02, 0x02, 0x02, 0x01, 0x00, 0x00, 0x03, 0x03, 0x06, 0x08, 0x00, 0x00, 
    0x04, 0x04, 0x05, 0x02, 0x00, 0x00, 0x03, 0x04, 0x03, 0x03, 0x00, 0x00, 
    0x02, 0x04, 0x03, 0x05, 0x03, 0x04, 0x05, 0x03, 0x03, 0x03, 0x00, 0x00, 
    0x02, 0x05, 0x04, 0x04, 0x00, 0x00, 0x02, 0x03, 0x03, 0x02, 0x01, 0x01, 
    0x03, 0x04, 0x03, 0x03, 0x01, 0x01, 0x03, 0x04, 0x03, 0x03, 0x00, 0x00, 
    0x02, 0x07, 0x06, 0x04, 0x05, 0x04, 0x04, 0x06, 0x05, 0x04, 0x01, 0x01, 
    0x04, 0x06, 0x08, 0x02, 0x00, 0x00, 0x03, 0x07, 0x06, 0x04, 0x00, 0x00, 
    0x03, 0x02, 0x03, 0x03, 0x02, 0x02, 0x05, 0x08, 0x09, 0x04, 0x01, 0x01, 
    0x04, 0x09, 0x08, 0x04, 0x01, 0x01, 0x05, 0x0c, 0x09, 0x07, 0x00, 0x00, 
    0x05, 0x06, 0x06, 0x06, 0x02, 0x05, 0xb2, 0x94, 0x00, 0x05, 0x13, 0x13, 
    0x05, 0x00, 0x00, 0x03, 0x0b, 0x07, 0x06, 0x00, 0x00, 0x05, 0x05, 0x07, 
    0x03, 0x00, 0x00, 0x03, 0x05, 0x05, 0x02, 0x00, 0x00, 0x03, 0x03, 0x04, 
    0x03, 0x00, 0x00, 0x02, 0x08, 0x0a, 0x07, 0x00, 0x00, 0x02, 0x02, 0x02, 
    0x02, 0x00, 0x00, 0x02, 0x05, 0x05, 0x03, 0x00, 0x00, 0x02, 0x03, 0x03, 
    0x05, 0x03, 0x03, 0x04, 0x01, 0x02, 0x01, 0x00, 0x00, 0x02, 0x04, 0x04, 
    0x02, 0x00, 0x00, 0x02, 0x01, 0x04, 0x0d, 0x00, 0x00, 0x04, 0x04, 0x06, 
    0x01, 0x00, 0x00, 0x03, 0x04, 0x03, 0x03, 0x00, 0x00, 0x02, 0x02, 0x02, 
    0x01, 0x00, 0x00, 0x02, 0x02, 0x02, 0x02, 0x00, 0x00, 0x01, 0x03, 0x02, 
    0x01, 0x00, 0x00, 0x01, 0x02, 0x01, 0x01, 0x00, 0x00, 0x02, 0x02, 0x02, 
    0x02, 0x00, 0x00, 0x01, 0x03, 0x02, 0x01, 0x00, 0x00, 0x02, 0x02, 0x01, 
    0x03, 0x02, 0x02, 0x03, 0x02, 0x02, 0x01, 0x00, 0x00, 0x01, 0x03, 0x02, 
    0x02, 0x00, 0x00, 0x01, 0x02, 0x03, 0x01, 0x00, 0x00, 0x02, 0x02, 0x02, 
    0x02, 0x00, 0x00, 0x01, 0x01, 0x02, 0x01, 0x00, 0x00, 0x01, 0x02, 0x04, 
    0x00, 0x00, 0x00, 0x01, 0x03, 0x03, 0x01, 0x00, 0x00, 0x01, 0x03, 0x03, 
    0x01, 0x00, 0x00, 0x00, 0x04, 0x02, 0x01, 0x00, 0x00, 0x01, 0x02, 0x01, 
    0x01, 0x00, 0x00, 0x02, 0x02, 0x02, 0x02, 0x00, 0x00, 0x01, 0x03, 0x02, 
    0x01, 0x00, 0x00, 0x02, 0x02, 0x03, 0x01, 0x00, 0x00, 0x01, 0x01, 0x04, 
    0x06, 0x00, 0x00, 0x02, 0x02, 0x02, 0x02, 0x00, 0x00, 0x01, 0x02, 0x03, 
    0x01, 0x00, 0x00, 0x02, 0x02, 0x02, 0x02, 0x00, 0x00, 0x02, 0x04, 0x03, 
    0x03, 0x00, 0x00, 0x02, 0x02, 0x02, 0x02, 0x00, 0x00, 0x01, 0x02, 0x02, 
    0x02, 0x00, 0x00, 0x06, 0x04, 0x01, 0x02, 0x00, 0x00, 0x00, 0x07, 0x04, 
    0x04, 0x00, 0x00, 0x06, 0x03, 0x02, 0x01, 0x00, 0x00, 0x02, 0x02, 0x02, 
    0x02, 0x00, 0x00, 0x02, 0x03, 0x02, 0x05, 0x04, 0x03, 0x04, 0x01, 0x02, 
    0x01, 0x00, 0x00, 0x02, 0x04, 0x04, 0x02, 0x00, 0x00, 0x03, 0x05, 0x05, 
    0x02, 0x00, 0x00, 0x02, 0x01, 0x04, 0x06, 0x00, 0x00, 0x05, 0x06, 0x08, 
    0x03, 0x00, 0x00, 0x03, 0x04, 0x03, 0x03, 0x00, 0x00, 0x02, 0x04, 0x04, 
    0x04, 0x02, 0x02, 0x05, 0x04, 0x04, 0x04, 0x00, 0x00, 0x06, 0x07, 0x0b, 
    0x03, 0x00, 0x00, 0x05, 0x13, 0x13, 0x05, 0x00, 0x00, 0x08, 0x34, 0x33, 
    0x08, 0x00, 0x00, 0x05, 0x13, 0x13, 0x05, 0x00, 0x00, 0x03, 0x0b, 0x07, 
    0x06, 0x00, 0x00, 0x04, 0x04, 0x04, 0x05, 0x02, 0x02, 0x04, 0x04, 0x04, 
    0x02, 0x00, 0x00, 0x02, 0x04, 0x03, 0x04, 0x01, 0x00, 0x04, 0x07, 0x07, 
    0x03, 0x00, 0x00, 0x03, 0x03, 0x04, 0x03, 0x00, 0x00, 0x02, 0x05, 0x05, 
    0x03, 0x00, 0x00, 0x02, 0x04, 0x04, 0x02, 0x00, 0x00, 0x02, 0x02, 0x02, 
    0x02, 0x00, 0x00, 0x01, 0x02, 0x02, 0x02, 0x00, 0x00, 0x02, 0x04, 0x04, 
    0x02, 0x00, 0x00, 0x02, 0x02, 0x02, 0x02, 0x00, 0x00, 0x01, 0x02, 0x01, 
    0x04, 0x03, 0x04, 0x04, 0x03, 0x04, 0x01, 0x00, 0x00, 0x02, 0x01, 0x04, 
    0x0d, 0x00, 0x00, 0x02, 0x02, 0x02, 0x02, 0x00, 0x00, 0x01, 0x03, 0x02, 
    0x01, 0x00, 0x00, 0x03, 0x04, 0x03, 0x03, 0x00, 0x00, 0x01, 0x03, 0x02, 
    0x01, 0x00, 0x00, 0x02, 0x02, 0x02, 0x02, 0x00, 0x00, 0x01, 0x01, 0x06, 
    0x04, 0x00, 0x00, 0x01, 0x03, 0x02, 0x02, 0x00, 0x00, 0x01, 0x02, 0x03, 
    0x01, 0x00, 0x00, 0x01, 0x03, 0x03, 0x01, 0x00, 0x00, 0x01, 0x01, 0x02, 
    0x01, 0x00, 0x00, 0x01, 0x02, 0x04, 0x00, 0x00, 0x00, 0x01, 0x03, 0x03, 
    0x01, 0x00, 0x00, 0x01, 0x03, 0x03, 0x01, 0x00, 0x00, 0x00, 0x04, 0x02, 
    0x01, 0x00, 0x00, 0x01, 0x02, 0x01, 0x01, 0x00, 0x00, 0x01, 0x03, 0x03, 
    0x01, 0x00, 0x00, 0x01, 0x03, 0x02, 0x01, 0x00, 0x00, 0x02, 0x02, 0x03, 
    0x01, 0x00, 0x00, 0x01, 0x06, 0x04, 0x05, 0x01, 0x02, 0x01, 0x00, 0x00, 
    0x01, 0x02, 0x03, 0x01, 0x00, 0x00, 0x03, 0x03, 0x04, 0x03, 0x00, 0x00, 
    0x01, 0x02, 0x03, 0x01, 0x00, 0x00, 0x02, 0x02, 0x02, 0x02, 0x00, 0x00, 
    0x04, 0x06, 0x05, 0x05, 0x00, 0x00, 0x01, 0x04, 0x02, 0x07, 0x05, 0x06, 
    0x05, 0x02, 0x01, 0x02, 0x00, 0x00, 0x02, 0x04, 0x04, 0x02, 0x00, 0x00, 
    0x01, 0x02, 0x01, 0x04, 0x03, 0x03, 0x05, 0x03, 0x03, 0x02, 0x00, 0x00, 
    0x03, 0x05, 0x04, 0x03, 0x00, 0x00, 0x04, 0x04, 0x05, 0x05, 0x06, 0x06, 
    0x04, 0x00, 0x01, 0x04, 0x03, 0x04, 0x02, 0x00, 0x00, 0x02, 0x05, 0x05, 
    0x03, 0x00, 0x00, 0x03, 0x07, 0x05, 0x05, 0x00, 0x00, 0x06, 0x07, 0x0b, 
    0x03, 0x00, 0x00, 0x05, 0x13, 0x13, 0x05, 0x00, 0x00, 0x08, 0x33, 0x34, 
    0x08, 0x45, 0x00, 0x05, 0x17, 0x17, 0x04, 0x00, 0x00, 0x04, 0x0a, 0x0b, 
    0x03, 0x00, 0x00, 0x02, 0x04, 0x03, 0x03, 0x00, 0x00, 0x04, 0x04, 0x05, 
    0x02, 0x00, 0x00, 0x03, 0x04, 0x03, 0x03, 0x00, 0x00, 0x02, 0x05, 0x05, 
    0x03, 0x00, 0x00, 0x02, 0x04, 0x03, 0x03, 0x00, 0x00, 0x02, 0x02, 0x02, 
    0x02, 0x00, 0x00, 0x01, 0x02, 0x02, 0x02, 0x00, 0x00, 0x02, 0x02, 0x02, 
    0x02, 0x00, 0x00, 0x02, 0x04, 0x03, 0x03, 0x00, 0x00, 0x02, 0x02, 0x02, 
    0x02, 0x00, 0x00, 0x01, 0x02, 0x02, 0x02, 0x00, 0x00, 0x01, 0x02, 0x01, 
    0x01, 0x00, 0x00, 0x01, 0x03, 0x02, 0x02, 0x00, 0x00, 0x01, 0x02, 0x02, 
    0x02, 0x00, 0x00, 0x02, 0x02, 0x02, 0x02, 0x00, 0x00, 0x01, 0x01, 0x01, 
    0x02, 0x00, 0x00, 0x01, 0x02, 0x03, 0x01, 0x00, 0x00, 0x01, 0x03, 0x02, 
    0x01, 0x00, 0x00, 0x02, 0x02, 0x03, 0x01, 0x00, 0x00, 0x01, 0x01, 0x02, 
    0x01, 0x00, 0x00, 0x01, 0x03, 0x03, 0x00, 0x00, 0x00, 0x01, 0x03, 0x03, 
    0x01, 0x00, 0x00, 0x01, 0x03, 0x02, 0x01, 0x00, 0x00, 0x01, 0x02, 0x03, 
    0x01, 0x00, 0x00, 0x01, 0x03, 0x03, 0x01, 0x00, 0x00, 0x00, 0x03, 0x03, 
    0x01, 0x00, 0x00, 0x01, 0x02, 0x01, 0x01, 0x00, 0x00, 0x01, 0x03, 0x02, 
    0x02, 0x00, 0x00, 0x01, 0x02, 0x03, 0x01, 0x00, 0x00, 0x01, 0x03, 0x02, 
    0x01, 0x00, 0x00, 0x02, 0x01, 0x01, 0x01, 0x00, 0x00, 0x02, 0x02, 0x02, 
    0x02, 0x00, 0x00, 0x01, 0x01, 0x05, 0x08, 0x00, 0x00, 0x01, 0x01, 0x02, 
    0x01, 0x00, 0x00, 0x01, 0x02, 0x01, 0x04, 0x03, 0x03, 0x05, 0x03, 0x03, 
    0x02, 0x00, 0x00, 0x02, 0x02, 0x02, 0x02, 0x00, 0x00, 0x01, 0x01, 0x02, 
    0x04, 0x03, 0x03, 0x05, 0x03, 0x03, 0x02, 0x00, 0x00, 0x03, 0x05, 0x05, 
    0x02, 0x00, 0x00, 0x03, 0x03, 0x04, 0x03, 0x00, 0x00, 0x03, 0x04, 0x04, 
    0x04, 0x00, 0x00, 0x03, 0x03, 0x04, 0x02, 0x00, 0x00, 0x03, 0x0b, 0x0a, 
    0x04, 0x00, 0x00, 0x04, 0x17, 0x17, 0x05, 0x00, 0x00, 0x02, 0x07, 0x08, 
    0x02, 0x00, 0x00, 0x05, 0x17, 0x17, 0x04, 0x00, 0x00, 0x04, 0x0a, 0x0b, 
    0x03, 0x00, 0x00, 0x02, 0x04, 0x03, 0x03, 0x00, 0x00, 0x04, 0x04, 0x04, 
    0x03, 0x00, 0x00, 0x03, 0x04, 0x03, 0x03, 0x00, 0x00, 0x02, 0x05, 0x05, 
    0x03, 0x00, 0x00, 0x02, 0x03, 0x03, 0x05, 0x03, 0x03, 0x04, 0x02, 0x01, 
    0x01, 0x00, 0x00, 0x09, 0x04, 0x06, 0x15, 0x00, 0x00, 0x08, 0x05, 0x01, 
    0x01, 0x00, 0x00, 0x03, 0x03, 0x04, 0x03, 0x00, 0x00, 0x01, 0x02, 0x03, 
    0x01, 0x00, 0x00, 0x01, 0x03, 0x02, 0x01, 0x00, 0x00, 0x02, 0x01, 0x01, 
    0x01, 0x00, 0x00, 0x02, 0x02, 0x02, 0x02, 0x00, 0x00, 0x02, 0x02, 0x03, 
    0x00, 0x00, 0x00, 0x01, 0x03, 0x03, 0x01, 0x00, 0x00, 0x01, 0x03, 0x02, 
    0x01, 0x00, 0x00, 0x01, 0x02, 0x03, 0x01, 0x00, 0x00, 0x01, 0x03, 0x03, 
    0x01, 0x00, 0x00, 0x00, 0x03, 0x02, 0x02, 0x00, 0x00, 0x02, 0x02, 0x02, 
    0x02, 0x00, 0x00, 0x01, 0x01, 0x01, 0x02, 0x00, 0x00, 0x01, 0x02, 0x03, 
    0x01, 0x00, 0x00, 0x01, 0x03, 0x02, 0x01, 0x00, 0x00, 0x03, 0x04, 0x03, 
    0x03, 0x00, 0x00, 0x02, 0x02, 0x02, 0x01, 0x00, 0x00, 0x02, 0x02, 0x02, 
    0x02, 0x00, 0x00, 0x03, 0x03, 0x04, 0x02, 0x00, 0x00, 0x02, 0x02, 0x02, 
    0x02, 0x00, 0x00, 0x02, 0x04, 0x05, 0x09, 0x00, 0x00, 0x02, 0x02, 0x02, 
    0x01, 0x00, 0x00, 0x02, 0x02, 0x02, 0x02, 0x00, 0x00, 0x03, 0x03, 0x04, 
    0x02, 0x00, 0x00, 0x03, 0x05, 0x05, 0x02, 0x00, 0x00, 0x03, 0x03, 0x04, 
    0x03, 0x00, 0x00, 0x02, 0x05, 0x04, 0x04, 0x00, 0x00, 0x03, 0x03, 0x04, 
    0x02, 0x00, 0x00, 0x03, 0x0b, 0x0a, 0x04, 0x00, 0x00, 0x04, 0x17, 0x17, 
    0x05, 0x00, 0x00, 0x02, 0x08, 0x07, 0x02, 0x41, 0x02, 0x02, 0x00, 0x00, 
    0x05, 0x05, 0x08, 0x02, 0x00, 0x00, 0x02, 0x02, 0x02, 0x02, 0x00, 0x00, 
    0x02, 0x04, 0x04, 0x02, 0x00, 0x00, 0x03, 0x04, 0x06, 0x0f, 0x00, 0x00, 
    0x01, 0x02, 0x03, 0x01, 0x00, 0x00, 0x01, 0x02, 0x05, 0x0c, 0x00, 0x00, 
    0x02, 0x02, 0x02, 0x02, 0x00, 0x00, 0x01, 0x02, 0x02, 0x02, 0x00, 0x00, 
    0x02, 0x02, 0x03, 0x01, 0x00, 0x00, 0x01, 0x01, 0x02, 0x01, 0x00, 0x00, 
    0x01, 0x02, 0x01, 0x01, 0x00, 0x00, 0x01, 0x03, 0x02, 0x02, 0x00, 0x00, 
    0x02, 0x02, 0x02, 0x01, 0x00, 0x00, 0x02, 0x02, 0x02, 0x02, 0x00, 0x00, 
    0x0c, 0x05, 0x02, 0x01, 0x00, 0x00, 0x01, 0x03, 0x02, 0x01, 0x00, 0x00, 
    0x0f, 0x06, 0x04, 0x03, 0x00, 0x00, 0x02, 0x04, 0x04, 0x02, 0x00, 0x00, 
    0x02, 0x02, 0x02, 0x02, 0x00, 0x00, 0x02, 0x08, 0x05, 0x05, 0x00, 0x00, 
    0x15, 0x27, 0x26, 0x15, 0x00, 0x00, 0x05, 0x05, 0x08, 0x02, 0x00, 0x00, 
    0x02, 0x02, 0x02, 0x02, 0x00, 0x00, 0x02, 0x04, 0x04, 0x02, 0x00, 0x00, 
    0x03, 0x04, 0x06, 0x0f, 0x00, 0x00, 0x01, 0x02, 0x03, 0x01, 0x00, 0x00, 
    0x01, 0x02, 0x05, 0x0c, 0x00, 0x00, 0x02, 0x02, 0x02, 0x02, 0x00, 0x00, 
    0x01, 0x02, 0x02, 0x02, 0x00, 0x00, 0x02, 0x02, 0x03, 0x01, 0x00, 0x00, 
    0x01, 0x02, 0x03, 0x01, 0x00, 0x00, 0x01, 0x03, 0x02, 0x01, 0x00, 0x00, 
    0x01, 0x03, 0x02, 0x02, 0x00, 0x00, 0x02, 0x02, 0x02, 0x01, 0x00, 0x00, 
    0x02, 0x02, 0x02, 0x02, 0x00, 0x00, 0x0c, 0x05, 0x02, 0x01, 0x00, 0x00, 
    0x01, 0x03, 0x02, 0x01, 0x00, 0x00, 0x0f, 0x06, 0x04, 0x03, 0x00, 0x00, 
    0x02, 0x04, 0x04, 0x02, 0x00, 0x00, 0x02, 0x02, 0x02, 0x02, 0x00, 0x00, 
    0x02, 0x07, 0x06, 0x05, 0x00, 0x01, 0x0e, 0x29, 0x1e, 0x1b, 0x47, 0x02, 
    0x03, 0x03, 0x02, 0x02, 0x00, 0x00, 0x02, 0x02, 0x02, 0x02, 0x00, 0x00, 
    0x01, 0x01, 0x02, 0x01, 0x00, 0x00, 0x02, 0x02, 0x02, 0x01, 0x00, 0x00, 
    0x01, 0x02, 0x02, 0x02, 0x00, 0x00, 0x01, 0x02, 0x01, 0x01, 0x00, 0x00, 
    0x02, 0x02, 0x02, 0x02, 0x00, 0x00, 0x02, 0x04, 0x03, 0x03, 0x01, 0x01, 
    0x04, 0x0b, 0x0b, 0x04, 0x01, 0x01, 0x04, 0x03, 0x04, 0x02, 0x00, 0x00, 
    0x02, 0x02, 0x02, 0x02, 0x00, 0x00, 0x01, 0x01, 0x02, 0x01, 0x00, 0x00, 
    0x02, 0x02, 0x02, 0x01, 0x00, 0x00, 0x01, 0x02, 0x02, 0x02, 0x00, 0x00, 
    0x01, 0x02, 0x01, 0x01, 0x00, 0x00, 0x02, 0x02, 0x02, 0x02, 0x00, 0x00, 
    0x02, 0x02, 0x03, 0x04, 0x02, 0x04, 0x1a, 0x2e, 0x01, 0x01, 0x00, 0x00, 
    0x01, 0x03, 0x02, 0x02, 0x00, 0x00, 0x01, 0x02, 0x03, 0x01, 0x00, 0x00, 
    0x01, 0x03, 0x03, 0x01, 0x00, 0x00, 0x01, 0x02, 0x02, 0x02, 0x00, 0x00, 
    0x01, 0x02, 0x01, 0x01, 0x00, 0x00, 0x01, 0x03, 0x03, 0x01, 0x00, 0x00, 
    0x00, 0x02, 0x03, 0x01, 0x00, 0x00, 0x01, 0x02, 0x05, 0x05, 0x00, 0x00, 
    0x01, 0x02, 0x03, 0x01, 0x00, 0x00, 0x01, 0x03, 0x02, 0x02, 0x00, 0x00, 
    0x01, 0x02, 0x02, 0x02, 0x00, 0x00, 0x01, 0x02, 0x01, 0x01, 0x00, 0x00, 
    0x02, 0x02, 0x02, 0x01, 0x00, 0x00, 0x02, 0x02, 0x03, 0x01, 0x00, 0x00, 
    0x03, 0x03, 0x05, 0x01, 0x00, 0x00, 0x02, 0x02, 0x02, 0x02, 0x00, 0x00, 
    0x01, 0x03, 0x02, 0x01, 0x00, 0x00, 0x02, 0x02, 0x02, 0x02, 0x00, 0x00, 
    0x01, 0x01, 0x02, 0x01, 0x00, 0x00, 0x01, 0x02, 0x01, 0x04, 0x03, 0x03, 
    0x04, 0x02, 0x01, 0x01, 0x00, 0x00, 0x01, 0x02, 0x01, 0x01, 0x00, 0x00, 
    0x02, 0x02, 0x02, 0x02, 0x00, 0x00, 0x02, 0x02, 0x02, 0x01, 0x00, 0x00, 
    0x02, 0x01, 0x05, 0x05, 0x00, 0x00, 0x01, 0x01, 0x02, 0x04, 0x03, 0x03, 
    0x04, 0x01, 0x02, 0x01, 0x00, 0x00, 0x0c, 0x06, 0x01, 0x01, 0x00, 0x00, 
    0x01, 0x03, 0x02, 0x02, 0x00, 0x00, 0x06, 0x04, 0x01, 0x01, 0x00, 0x00, 
    0x02, 0x02, 0x02, 0x02, 0x00, 0x00, 0x01, 0x02, 0x03, 0x01, 0x00, 0x00, 
    0x01, 0x02, 0x01, 0x01, 0x00, 0x00, 0x02, 0x02, 0x02, 0x02, 0x00, 0x00, 
    0x01, 0x02, 0x03, 0x01, 0x00, 0x00, 0x02, 0x02, 0x02, 0x02, 0x00, 0x00, 
    0x02, 0x04, 0x05, 0x01, 0x00, 0x00, 0x01, 0x03, 0x02, 0x02, 0x00, 0x00, 
    0x01, 0x02, 0x02, 0x02, 0x00, 0x00, 0x03, 0x03, 0x04, 0x03, 0x00, 0x00, 
    0x01, 0x02, 0x02, 0x02, 0x00, 0x00, 0x02, 0x02, 0x02, 0x01, 0x00, 0x00, 
    0x03, 0x04, 0x03, 0x03, 0x00, 0x00, 0x02, 0x02, 0x02, 0x01, 0x00, 0x00, 
    0x03, 0x04, 0x05, 0x01, 0x00, 0x00, 0x08, 0x08, 0x04, 0x02, 0x00, 0x00, 
    0x03, 0x04, 0x03, 0x03, 0x00, 0x00, 0x01, 0x02, 0x03, 0x15, 0x00, 0x00, 
    0x01, 0x02, 0x01, 0x04, 0x03, 0x03, 0x04, 0x02, 0x01, 0x02, 0x00, 0x00, 
    0x01, 0x01, 0x02, 0x01, 0x00, 0x00, 0x02, 0x04, 0x06, 0x0f, 0x00, 0x00, 
    0x02, 0x02, 0x02, 0x02, 0x00, 0x00, 0x02, 0x05, 0x06, 0x02, 0x00, 0x00, 
    0x01, 0x05, 0x04, 0x02, 0x00, 0x00, 0x02, 0x02, 0x02, 0x02, 0x00, 0x00, 
    0x01, 0x02, 0x02, 0x02, 0x00, 0x00, 0x07, 0x07, 0x04, 0x02, 0x00, 0x00, 
    0x02, 0x02, 0x02, 0x02, 0x00, 0x00, 0x02, 0x03, 0x02, 0x05, 0x04, 0x03, 
    0x04, 0x01, 0x02, 0x01, 0x00, 0x00, 0x02, 0x04, 0x04, 0x02, 0x00, 0x00, 
    0x02, 0x02, 0x02, 0x02, 0x00, 0x00, 0x08, 0x11, 0x11, 0x08, 0x00, 0x00, 
    0x02, 0x02, 0x02, 0x01, 0x00, 0x00, 0x03, 0x04, 0x03, 0x03, 0x00, 0x00, 
    0x01, 0x03, 0x02, 0x01, 0x00, 0x00, 0x03, 0x03, 0x06, 0x08, 0x00, 0x00, 
    0x02, 0x02, 0x02, 0x02, 0x00, 0x00, 0x02, 0x04, 0x07, 0x07, 0x00, 0x00, 
    0x01, 0x02, 0x03, 0x01, 0x00, 0x00, 0x02, 0x02, 0x02, 0x02, 0x00, 0x00, 
    0x02, 0x03, 0x03, 0x05, 0x03, 0x03, 0x04, 0x02, 0x01, 0x01, 0x00, 0x00, 
    0x02, 0x02, 0x02, 0x02, 0x00, 0x00, 0x0e, 0x05, 0x05, 0x08, 0x00, 0x00, 
    0x01, 0x02, 0x03, 0x15, 0x00, 0x00, 0x02, 0x01, 0x03, 0x16, 0x00, 0x00, 
    0x02, 0x02, 0x02, 0x01, 0x00, 0x00, 0x02, 0x02, 0x02, 0x02, 0x00, 0x00, 
    0x03, 0x03, 0x05, 0x01, 0x00, 0x00, 0x01, 0x07, 0x05, 0x02, 0x00, 0x00, 
    0x02, 0x02, 0x02, 0x02, 0x00, 0x00, 0x01, 0x01, 0x02, 0x01, 0x00, 0x00, 
    0x02, 0x02, 0x02, 0x01, 0x00, 0x00, 0x02, 0x01, 0x03, 0x0e, 0x00, 0x00, 
    0x02, 0x02, 0x02, 0x02, 0x00, 0x00, 0x01, 0x01, 0x05, 0x08, 0x00, 0x00, 
    0x01, 0x05, 0x04, 0x02, 0x00, 0x00, 0x02, 0x02, 0x02, 0x02, 0x00, 0x00, 
    0x01, 0x02, 0x02, 0x02, 0x00, 0x00, 0x01, 0x02, 0x01, 0x01, 0x00, 0x00, 
    0x02, 0x02, 0x02, 0x02, 0x00, 0x00, 0x01, 0x02, 0x02, 0x02, 0x00, 0x00, 
    0x02, 0x02, 0x02, 0x02, 0x00, 0x00, 0x06, 0x03, 0x02, 0x01, 0x00, 0x00, 
    0x02, 0x02, 0x02, 0x02, 0x00, 0x00, 0x01, 0x01, 0x05, 0x0d, 0x00, 0x00, 
    0x01, 0x01, 0x05, 0x0f, 0x00, 0x00, 0x06, 0x04, 0x01, 0x01, 0x00, 0x00, 
    0x02, 0x02, 0x02, 0x02, 0x00, 0x00, 0x02, 0x02, 0x02, 0x01, 0x00, 0x00, 
    0x02, 0x01, 0x01, 0x01, 0x00, 0x00, 0x02, 0x01, 0x05, 0x0f, 0x00, 0x00, 
    0x01, 0x01, 0x02, 0x01, 0x00, 0x00, 0x01, 0x03, 0x02, 0x01, 0x00, 0x00, 
    0x02, 0x02, 0x02, 0x02, 0x00, 0x00, 0x02, 0x02, 0x02, 0x01, 0x00, 0x00, 
    0x02, 0x05, 0x03, 0x03, 0x00, 0x00, 0x01, 0x03, 0x02, 0x01, 0x00, 0x00, 
    0x02, 0x02, 0x02, 0x02, 0x00, 0x00, 0x01, 0x01, 0x02, 0x01, 0x00, 0x00, 
    0x01, 0x03, 0x02, 0x01, 0x00, 0x00, 0x02, 0x02, 0x03, 0x01, 0x00, 0x00, 
    0x01, 0x02, 0x03, 0x01, 0x00, 0x00, 0x05, 0x05, 0x02, 0x01, 0x00, 0x00, 
    0x01, 0x02, 0x03, 0x01, 0x00, 0x00, 0x01, 0x03, 0x03, 0x01, 0x00, 0x00, 
    0x01, 0x01, 0x02, 0x01, 0x00, 0x00, 0x01, 0x02, 0x03, 0x01, 0x00, 0x00, 
    0x01, 0x03, 0x03, 0x01, 0x00, 0x00, 0x00, 0x03, 0x03, 0x01, 0x00, 0x00, 
    0x01, 0x02, 0x01, 0x01, 0x00, 0x00, 0x01, 0x03, 0x03, 0x01, 0x00, 0x00, 
    0x01, 0x03, 0x03, 0x01, 0x00, 0x00, 0x01, 0x01, 0x02, 0x01, 0x00, 0x00, 
    0x01, 0x03, 0x03, 0x00, 0x00, 0x00, 0x01, 0x03, 0x03, 0x01, 0x00, 0x00, 
    0x01, 0x03, 0x02, 0x01, 0x00, 0x00, 0x01, 0x02, 0x01, 0x01, 0x00, 0x00, 
    0x02, 0x02, 0x03, 0x01, 0x00, 0x00, 0x01, 0x03, 0x02, 0x01, 0x00, 0x00, 
    0x01, 0x03, 0x02, 0x02, 0x00, 0x00, 0x01, 0x01, 0x02, 0x01, 0x00, 0x00, 
    0x01, 0x03, 0x02, 0x01, 0x00, 0x00, 0x01, 0x03, 0x02, 0x02, 0x00, 0x00, 
    0x01, 0x02, 0x03, 0x01, 0x00, 0x00, 0x01, 0x02, 0x01, 0x01, 0x00, 0x00, 
    0x02, 0x02, 0x02, 0x02, 0x00, 0x00, 0x01, 0x02, 0x03, 0x01, 0x00, 0x00, 
    0x01, 0x02, 0x05, 0x05, 0x00, 0x00, 0x01, 0x02, 0x02, 0x02, 0x00, 0x00, 
    0x02, 0x02, 0x02, 0x02, 0x00, 0x00, 0x01, 0x02, 0x03, 0x01, 0x00, 0x00, 
    0x01, 0x02, 0x01, 0x01, 0x00, 0x00, 0x02, 0x02, 0x02, 0x02, 0x00, 0x00, 
    0x01, 0x02, 0x02, 0x02, 0x00, 0x00, 0x02, 0x02, 0x02, 0x02, 0x00, 0x00, 
    0x01, 0x01, 0x01, 0x02, 0x00, 0x00, 0x01, 0x02, 0x02, 0x02, 0x00, 0x00, 
    0x02, 0x02, 0x02, 0x02, 0x00, 0x00, 0x01, 0x01, 0x05, 0x05, 0x00, 0x00, 
    0x02, 0x02, 0x02, 0x01, 0x00, 0x00, 0x02, 0x02, 0x02, 0x02, 0x00, 0x00, 
    0x02, 0x02, 0x02, 0x01, 0x00, 0x00, 0x0d, 0x05, 0x01, 0x01, 0x00, 0x00, 
    0x02, 0x02, 0x02, 0x02, 0x00, 0x00, 0x01, 0x02, 0x02, 0x03, 0x02, 0x02, 
    0x03, 0x02, 0x01, 0x02, 0x00, 0x00, 0x02, 0x02, 0x02, 0x01, 0x00, 0x00, 
    0x03, 0x04, 0x03, 0x03, 0x00, 0x00, 0x02, 0x02, 0x02, 0x01, 0x00, 0x00, 
    0x08, 0x07, 0x04, 0x01, 0x00, 0x00, 0x01, 0x02, 0x01, 0x04, 0x03, 0x03, 
    0x04, 0x02, 0x01, 0x02, 0x00, 0x00, 0x01, 0x01, 0x02, 0x01, 0x00, 0x00, 
    0x01, 0x01, 0x02, 0x04, 0x03, 0x03, 0x04, 0x01, 0x02, 0x01, 0x00, 0x00, 
    0x01, 0x02, 0x01, 0x01, 0x00, 0x00, 0x08, 0x08, 0x05, 0x02, 0x00, 0x00, 
    0x07, 0x07, 0x03, 0x03, 0x00, 0x00, 0x01, 0x02, 0x02, 0x02, 0x00, 0x00, 
    0x01, 0x02, 0x01, 0x01, 0x00, 0x00, 0x02, 0x02, 0x02, 0x02, 0x00, 0x00, 
    0x01, 0x02, 0x02, 0x02, 0x00, 0x00, 0x02, 0x02, 0x02, 0x02, 0x00, 0x00, 
    0x01, 0x01, 0x01, 0x01, 0x00, 0x00, 0x02, 0x02, 0x02, 0x02, 0x00, 0x00, 
    0x02, 0x02, 0x02, 0x01, 0x00, 0x00, 0x02, 0x02, 0x02, 0x02, 0x00, 0x00, 
    0x01, 0x01, 0x02, 0x01, 0x00, 0x00, 0x02, 0x05, 0x05, 0x03, 0x00, 0x00, 
    0x01, 0x02, 0x03, 0x06, 0x00, 0x00, 0x02, 0x02, 0x02, 0x02, 0x00, 0x00, 
    0x02, 0x05, 0x07, 0x01, 0x00, 0x00, 0x01, 0x05, 0x04, 0x02, 0x00, 0x00, 
    0x02, 0x02, 0x02, 0x02, 0x00, 0x00, 0x01, 0x03, 0x02, 0x01, 0x00, 0x00, 
    0x07, 0x07, 0x04, 0x02, 0x00, 0x00, 0x02, 0x02, 0x02, 0x02, 0x00, 0x00, 
    0x08, 0x06, 0x03, 0x03, 0x00, 0x00, 0x01, 0x02, 0x03, 0x01, 0x00, 0x00, 
    0x03, 0x03, 0x04, 0x03, 0x00, 0x00, 0x01, 0x02, 0x02, 0x02, 0x00, 0x00, 
    0x05, 0x14, 0x15, 0x04, 0x00, 0x00, 0x02, 0x02, 0x02, 0x02, 0x00, 0x00, 
    0x02, 0x04, 0x04, 0x02, 0x00, 0x00, 0x02, 0x02, 0x02, 0x01, 0x00, 0x00, 
    0x03, 0x03, 0x06, 0x08, 0x00, 0x00, 0x02, 0x02, 0x02, 0x02, 0x00, 0x00, 
    0x02, 0x04, 0x07, 0x07, 0x00, 0x00, 0x02, 0x02, 0x02, 0x01, 0x00, 0x00, 
    0x02, 0x02, 0x02, 0x02, 0x00, 0x00, 0x02, 0x04, 0x04, 0x02, 0x00, 0x00, 
    0x02, 0x02, 0x02, 0x02, 0x00, 0x00, 0x02, 0x02, 0x02, 0x01, 0x00, 0x00, 
    0x02, 0x02, 0x02, 0x02, 0x00, 0x00, 0x06, 0x04, 0x01, 0x01, 0x00, 0x00, 
    0x03, 0x05, 0x05, 0x02, 0x00, 0x00, 0x01, 0x02, 0x01, 0x01, 0x00, 0x00, 
    0x02, 0x02, 0x02, 0x02, 0x00, 0x00, 0x01, 0x02, 0x03, 0x01, 0x00, 0x00, 
    0x02, 0x02, 0x02, 0x02, 0x00, 0x00, 0x0d, 0x04, 0x01, 0x02, 0x00, 0x00, 
    0x01, 0x02, 0x02, 0x02, 0x00, 0x00, 0x0e, 0x04, 0x01, 0x01, 0x00, 0x00, 
    0x03, 0x04, 0x05, 0x02, 0x01, 0x00, 0x02, 0x03, 0x07, 0x08, 0x00, 0x00, 
    0x15, 0x04, 0x01, 0x01, 0x00, 0x00, 0x16, 0x04, 0x01, 0x01, 0x00, 0x00, 
    0x01, 0x04, 0x07, 0x08, 0x00, 0x00, 0x01, 0x03, 0x02, 0x01, 0x00, 0x00, 
    0x02, 0x01, 0x04, 0x06, 0x00, 0x00, 0x01, 0x03, 0x02, 0x01, 0x00, 0x00, 
    0x01, 0x02, 0x03, 0x0e, 0x00, 0x00, 0x02, 0x02, 0x02, 0x02, 0x00, 0x00, 
    0x04, 0x06, 0x07, 0x03, 0x00, 0x00, 0x01, 0x02, 0x03, 0x01, 0x00, 0x00, 
    0x02, 0x02, 0x02, 0x02, 0x00, 0x00, 0x01, 0x02, 0x03, 0x01, 0x00, 0x00, 
    0x05, 0x05, 0x01, 0x02, 0x00, 0x00, 0x01, 0x02, 0x02, 0x02, 0x00, 0x00, 
    0x02, 0x02, 0x02, 0x02, 0x00, 0x00, 0x01, 0x01, 0x02, 0x01, 0x00, 0x00, 
    0x01, 0x02, 0x02, 0x02, 0x00, 0x00, 0x02, 0x02, 0x02, 0x02, 0x00, 0x00, 
    0x01, 0x02, 0x03, 0x01, 0x00, 0x00, 0x01, 0x02, 0x01, 0x01, 0x00, 0x00, 
    0x02, 0x02, 0x02, 0x02, 0x00, 0x00, 0x01, 0x02, 0x03, 0x01, 0x00, 0x00, 
    0x02, 0x02, 0x02, 0x02, 0x00, 0x00, 0x04, 0x05, 0x02, 0x01, 0x00, 0x00, 
    0x01, 0x03, 0x02, 0x02, 0x00, 0x00, 0x01, 0x02, 0x02, 0x02, 0x00, 0x00, 
    0x01, 0x01, 0x02, 0x01, 0x00, 0x00, 0x01, 0x03, 0x02, 0x01, 0x00, 0x00, 
    0x02, 0x02, 0x03, 0x01, 0x00, 0x00, 0x01, 0x03, 0x02, 0x01, 0x00, 0x00, 
    0x02, 0x01, 0x01, 0x01, 0x00, 0x00, 0x02, 0x02, 0x03, 0x01, 0x00, 0x00, 
    0x01, 0x03, 0x01, 0x01, 0x00, 0x00, 0x02, 0x02, 0x03, 0x01, 0x00, 0x00, 
    0x01, 0x01, 0x01, 0x02, 0x01, 0x01, 0x02, 0x01, 0x01, 0x01, 0x00, 0x00, 
    0x01, 0x03, 0x03, 0x01, 0x00, 0x00, 0x01, 0x03, 0x02, 0x01, 0x00, 0x00, 
    0x02, 0x02, 0x03, 0x01, 0x00, 0x00, 0x01, 0x01, 0x02, 0x01, 0x00, 0x00, 
    0x01, 0x8e, 0x02, 0x01, 0x00, 0x00, 0x02, 0x01, 0x01, 0x01, 0x00, 0x00, 
    0x01, 0x03, 0x03, 0x01, 0x00, 0x00, 0x01, 0x03, 0x02, 0x01, 0x00, 0x00, 
    0x01, 0x03, 0x02, 0x02, 0x00, 0x00, 0x01, 0x01, 0x02, 0x01, 0x00, 0x00, 
    0x01, 0x03, 0x02, 0x01, 0x00, 0x00, 0x01, 0x03, 0x03, 0x01, 0x00, 0x00, 
    0x01, 0x03, 0x02, 0x01, 0x00, 0x00, 0x01, 0x02, 0x01, 0x01, 0x00, 0x00, 
    0x02, 0x02, 0x02, 0x02, 0x00, 0x00, 0x01, 0x03, 0x02, 0x01, 0x00, 0x00, 
    0x02, 0x02, 0x02, 0x02, 0x00, 0x00, 0x01, 0x01, 0x02, 0x01, 0x00, 0x00, 
    0x01, 0x02, 0x03, 0x01, 0x00, 0x00, 0x04, 0x04, 0x04, 0x03, 0x00, 0x00, 
    0x01, 0x02, 0x01, 0x01, 0x00, 0x00, 0x02, 0x02, 0x02, 0x02, 0x00, 0x00, 
    0x01, 0x01, 0x05, 0x08, 0x00, 0x00, 0x01, 0x01, 0x02, 0x01, 0x00, 0x00, 
    0x01, 0x02, 0x03, 0x01, 0x00, 0x00, 0x02, 0x02, 0x02, 0x02, 0x00, 0x00, 
    0x01, 0x02, 0x03, 0x01, 0x00, 0x00, 0x01, 0x02, 0x01, 0x01, 0x00, 0x00, 
    0x01, 0x07, 0x06, 0x01, 0x00, 0x00, 0x03, 0x03, 0x04, 0x03, 0x00, 0x00, 
    0x01, 0x02, 0x02, 0x02, 0x00, 0x00, 0x01, 0x01, 0x05, 0x08, 0x00, 0x00, 
    0x01, 0x01, 0x02, 0x01, 0x00, 0x00, 0x02, 0x02, 0x02, 0x01, 0x00, 0x00, 
    0x02, 0x02, 0x02, 0x02, 0x00, 0x00, 0x02, 0x02, 0x02, 0x01, 0x00, 0x00, 
    0x05, 0x05, 0x02, 0x01, 0x00, 0x00, 0x02, 0x02, 0x02, 0x01, 0x00, 0x00, 
    0x02, 0x02, 0x02, 0x02, 0x00, 0x00, 0x06, 0x04, 0x01, 0x01, 0x00, 0x00, 
    0x02, 0x02, 0x02, 0x02, 0x00, 0x00, 0x02, 0x02, 0x02, 0x01, 0x00, 0x00, 
    0x03, 0x04, 0x05, 0x01, 0x00, 0x00, 0x01, 0x03, 0x02, 0x01, 0x00, 0x00, 
    0x01, 0x02, 0x03, 0x07, 0x00, 0x00, 0x01, 0x02, 0x03, 0x01, 0x00, 0x00, 
    0x02, 0x02, 0x02, 0x02, 0x00, 0x00, 0x01, 0x01, 0x04, 0x06, 0x00, 0x00, 
    0x02, 0x02, 0x02, 0x02, 0x00, 0x00, 0x01, 0x02, 0x02, 0x02, 0x00, 0x00, 
    0x01, 0x02, 0x03, 0x07, 0x00, 0x00, 0x01, 0x02, 0x02, 0x02, 0x00, 0x00, 
    0x03, 0x05, 0x05, 0x02, 0x00, 0x00, 0x01, 0x02, 0x01, 0x01, 0x00, 0x00, 
    0x01, 0x07, 0x05, 0x02, 0x00, 0x00, 0x02, 0x02, 0x02, 0x02, 0x00, 0x00, 
    0x06, 0x03, 0x02, 0x01, 0x00, 0x00, 0x02, 0x02, 0x02, 0x02, 0x00, 0x00, 
    0x02, 0x04, 0x04, 0x02, 0x01, 0x02, 0x02, 0x04, 0x04, 0x02, 0x00, 0x00, 
    0x02, 0x02, 0x02, 0x01, 0x00, 0x00, 0x04, 0x04, 0x05, 0x05, 0x05, 0x08, 
    0x07, 0x00, 0x00, 0x02, 0x02, 0x02, 0x01, 0x00, 0x00, 0x02, 0x02, 0x02, 
    0x02, 0x01, 0x01, 0x02, 0x03, 0x04, 0x01, 0x00, 0x00, 0x01, 0x07, 0x05, 
    0x02, 0x00, 0x00, 0x02, 0x02, 0x02, 0x02, 0x00, 0x00, 0x06, 0x04, 0x01, 
    0x01, 0x00, 0x00, 0x03, 0x05, 0x05, 0x02, 0x00, 0x00, 0x01, 0x02, 0x01, 
    0x01, 0x00, 0x00, 0x02, 0x02, 0x02, 0x02, 0x00, 0x00, 0x02, 0x05, 0x05, 
    0x03, 0x00, 0x00, 0x01, 0x01, 0x01, 0x02, 0x00, 0x01, 0x02, 0x05, 0x04, 
    0x03, 0x00, 0x00, 0x01, 0x02, 0x02, 0x02, 0x00, 0x00, 0x0e, 0x03, 0x02, 
    0x01, 0x00, 0x00, 0x02, 0x02, 0x02, 0x02, 0x00, 0x00, 0x0d, 0x04, 0x01, 
    0x02, 0x00, 0x00, 0x01, 0x02, 0x03, 0x01, 0x00, 0x00, 0x01, 0x05, 0x04, 
    0x02, 0x00, 0x00, 0x02, 0x02, 0x02, 0x02, 0x00, 0x00, 0x02, 0x02, 0x02, 
    0x01, 0x00, 0x00, 0x02, 0x05, 0x03, 0x03, 0x00, 0x00, 0x02, 0x02, 0x02, 
    0x01, 0x00, 0x00, 0x02, 0x02, 0x02, 0x02, 0x00, 0x00, 0x01, 0x02, 0x04, 
    0x05, 0x00, 0x00, 0x02, 0x02, 0x02, 0x02, 0x00, 0x00, 0x02, 0x02, 0x02, 
    0x01, 0x00, 0x00, 0x02, 0x02, 0x02, 0x02, 0x00, 0x00, 0x01, 0x01, 0x02, 
    0x01, 0x00, 0x00, 0x07, 0x05, 0x02, 0x01, 0x00, 0x00, 0x01, 0x03, 0x02, 
    0x01, 0x00, 0x00, 0x02, 0x05, 0x03, 0x03, 0x00, 0x00, 0x01, 0x06, 0x07, 
    0x01, 0x00, 0x00, 0x01, 0x01, 0x02, 0x01, 0x00, 0x00, 0x01, 0x02, 0x03, 
    0x01, 0x00, 0x00, 0x02, 0x02, 0x02, 0x02, 0x00, 0x00, 0x01, 0x02, 0x02, 
    0x02, 0x00, 0x00, 0x01, 0x02, 0x01, 0x01, 0x00, 0x00, 0x08, 0x05, 0x01, 
    0x01, 0x00, 0x00, 0x01, 0x03, 0x02, 0x02, 0x00, 0x00, 0x01, 0x01, 0x01, 
    0x02, 0x00, 0x00, 0x03, 0x04, 0x04, 0x03, 0x00, 0x01, 0x01, 0x02, 0x03, 
    0x01, 0x00, 0x00, 0x01, 0x02, 0x01, 0x01, 0x00, 0x00, 0x01, 0x03, 0x02, 
    0x02, 0x00, 0x00, 0x01, 0x02, 0x02, 0x02, 0x00, 0x00, 0x01, 0x03, 0x02, 
    0x02, 0x00, 0x00, 0x01, 0x01, 0x01, 0x01, 0x00, 0x00, 0x02, 0x02, 0x03, 
    0x01, 0x00, 0x00, 0x01, 0x03, 0x02, 0x01, 0x00, 0x00, 0x01, 0x03, 0x03, 
    0x01, 0x00, 0x00, 0x01, 0x01, 0x02, 0x01, 0x00, 0x00, 0x01, 0x03, 0x03, 
    0x00, 0x00, 0x00, 0x01, 0x03, 0x03, 0x01, 0x00, 0x00, 0x01, 0x03, 0x03, 
    0x00, 0x00, 0x00, 0x01, 0x02, 0x01, 0x01, 0x00, 0x00, 0x01, 0x03, 0x03, 
    0x01, 0x00, 0x00, 0x01, 0x03, 0x03, 0x01, 0x00, 0x00, 0x01, 0x01, 0x02, 
    0x01, 0x00, 0x00, 0x01, 0x02, 0x03, 0x01, 0x00, 0x00, 0x01, 0x03, 0x02, 
    0x02, 0x00, 0x00, 0x01, 0x02, 0x02, 0x02, 0x00, 0x00, 0x01, 0x02, 0x01, 
    0x01, 0x00, 0x00, 0x01, 0x03, 0x02, 0x02, 0x00, 0x00, 0x01, 0x02, 0x03, 
    0x01, 0x00, 0x00, 0x01, 0x03, 0x02, 0x02, 0x00, 0x00, 0x01, 0x01, 0x01, 
    0x01, 0x00, 0x00, 0x02, 0x02, 0x03, 0x01, 0x00, 0x00, 0x01, 0x03, 0x02, 
    0x01, 0x00, 0x00, 0x02, 0x02, 0x03, 0x01, 0x00, 0x00, 0x01, 0x01, 0x02, 
    0x01, 0x00, 0x00, 0x01, 0x03, 0x02, 0x01, 0x00, 0x00, 0x02, 0x02, 0x02, 
    0x02, 0x00, 0x00, 0x02, 0x02, 0x02, 0x01, 0x00, 0x00, 0x02, 0x01, 0x01, 
    0x01, 0x00, 0x00, 0x02, 0x02, 0x03, 0x01, 0x00, 0x00, 0x01, 0x01, 0x05, 
    0x08, 0x00, 0x00, 0x01, 0x01, 0x02, 0x01, 0x00, 0x00, 0x02, 0x02, 0x02, 
    0x01, 0x00, 0x00, 0x02, 0x02, 0x02, 0x02, 0x00, 0x00, 0x01, 0x03, 0x02, 
    0x01, 0x00, 0x00, 0x01, 0x02, 0x01, 0x01, 0x00, 0x00, 0x01, 0x07, 0x06, 
    0x01, 0x00, 0x00, 0x03, 0x03, 0x04, 0x03, 0x00, 0x00, 0x01, 0x02, 0x01, 
    0x04, 0x03, 0x03, 0x04, 0x02, 0x01, 0x01, 0x00, 0x00, 0x05, 0x05, 0x01, 
    0x02, 0x00, 0x00, 0x01, 0x02, 0x02, 0x02, 0x00, 0x00, 0x02, 0x02, 0x02, 
    0x02, 0x00, 0x00, 0x01, 0x01, 0x01, 0x02, 0x00, 0x00, 0x01, 0x02, 0x02, 
    0x02, 0x00, 0x00, 0x02, 0x02, 0x02, 0x02, 0x00, 0x00, 0x01, 0x01, 0x05, 
    0x0d, 0x00, 0x00, 0x01, 0x01, 0x02, 0x04, 0x03, 0x03, 0x05, 0x03, 0x04, 
    0x01, 0x00, 0x00, 0x01, 0x01, 0x04, 0x15, 0x00, 0x00, 0x02, 0x01, 0x03, 
    0x16, 0x00, 0x00, 0x01, 0x01, 0x04, 0x15, 0x00, 0x00, 0x04, 0x04, 0x05, 
    0x02, 0x00, 0x00, 0x02, 0x02, 0x02, 0x02, 0x00, 0x00, 0x01, 0x05, 0x04, 
    0x02, 0x00, 0x00, 0x02, 0x02, 0x02, 0x02, 0x00, 0x00, 0x01, 0x01, 0x04, 
    0x06, 0x00, 0x00, 0x02, 0x02, 0x02, 0x02, 0x00, 0x00, 0x02, 0x05, 0x07, 
    0x01, 0x00, 0x00, 0x01, 0x05, 0x04, 0x02, 0x00, 0x00, 0x02, 0x02, 0x02, 
    0x02, 0x00, 0x00, 0x01, 0x02, 0x02, 0x02, 0x00, 0x00, 0x07, 0x08, 0x05, 
    0x05, 0x05, 0x04, 0x04, 0x00, 0x00, 0x01, 0x02, 0x02, 0x02, 0x00, 0x00, 
    0x02, 0x04, 0x04, 0x02, 0x02, 0x01, 0x02, 0x04, 0x04, 0x02, 0x00, 0x00, 
    0x02, 0x02, 0x02, 0x02, 0x00, 0x00, 0x01, 0x02, 0x03, 0x06, 0x00, 0x00, 
    0x04, 0x04, 0x05, 0x02, 0x00, 0x00, 0x02, 0x02, 0x02, 0x02, 0x00, 0x00, 
    0x01, 0x01, 0x02, 0x01, 0x00, 0x00, 0x02, 0x05, 0x05, 0x03, 0x00, 0x00, 
    0x01, 0x02, 0x02, 0x02, 0x01, 0x00, 0x02, 0x04, 0x03, 0x03, 0x00, 0x00, 
    0x02, 0x02, 0x02, 0x01, 0x00, 0x00, 0x02, 0x02, 0x02, 0x02, 0x00, 0x00, 
    0x0e, 0x03, 0x02, 0x01, 0x00, 0x00, 0x01, 0x03, 0x02, 0x01, 0x00, 0x00, 
    0x0f, 0x03, 0x01, 0x01, 0x00, 0x00, 0x01, 0x04, 0x03, 0x05, 0x03, 0x03, 
    0x04, 0x02, 0x01, 0x02, 0x00, 0x00, 0x01, 0x02, 0x02, 0x03, 0x02, 0x01, 
    0x03, 0x02, 0x02, 0x02, 0x00, 0x00, 0x01, 0x02, 0x02, 0x02, 0x00, 0x00, 
    0x02, 0x02, 0x02, 0x02, 0x00, 0x00, 0x01, 0x01, 0x01, 0x02, 0x00, 0x00, 
    0x01, 0x02, 0x02, 0x02, 0x00, 0x00, 0x01, 0x01, 0x05, 0x0d, 0x00, 0x00, 
    0x10, 0x04, 0x01, 0x01, 0x00, 0x00, 0x03, 0x04, 0x03, 0x03, 0x00, 0x00, 
    0x02, 0x05, 0x07, 0x01, 0x00, 0x00, 0x01, 0x01, 0x02, 0x01, 0x00, 0x00, 
    0x02, 0x02, 0x02, 0x01, 0x00, 0x00, 0x02, 0x02, 0x02, 0x02, 0x00, 0x00, 
    0x01, 0x03, 0x02, 0x01, 0x00, 0x00, 0x01, 0x02, 0x01, 0x01, 0x00, 0x00, 
    0x08, 0x05, 0x01, 0x01, 0x00, 0x00, 0x02, 0x02, 0x02, 0x02, 0x00, 0x00, 
    0x01, 0x01, 0x02, 0x01, 0x00, 0x00, 0x03, 0x04, 0x04, 0x04, 0x00, 0x00, 
    0x01, 0x03, 0x02, 0x01, 0x00, 0x00, 0x01, 0x02, 0x01, 0x01, 0x00, 0x00, 
    0x02, 0x02, 0x02, 0x02, 0x00, 0x00, 0x01, 0x02, 0x03, 0x01, 0x00, 0x00, 
    0x02, 0x02, 0x03, 0x01, 0x00, 0x00, 0x01, 0x05, 0x04, 0x02, 0x00, 0x00, 
    0x02, 0x02, 0x02, 0x02, 0x00, 0x00, 0x01, 0x02, 0x03, 0x01, 0x00, 0x00, 
    0x01, 0x02, 0x01, 0x01, 0x00, 0x00, 0x02, 0x02, 0x02, 0x02, 0x00, 0x00, 
    0x01, 0x02, 0x03, 0x01, 0x00, 0x00, 0x01, 0x03, 0x03, 0x01, 0x00, 0x00, 
    0x01, 0x01, 0x01, 0x02, 0x00, 0x00, 0x01, 0x02, 0x06, 0x00, 0x69, 0x04, 
    0x00, 0x00, 0x00, 0x01, 0x03, 0x03, 0x01, 0x00, 0x00, 0x01, 0x01, 0x02, 
    0x01, 0x00, 0x00, 0x01, 0x02, 0x03, 0x01, 0x00, 0x00, 0x01, 0x03, 0x02, 
    0x02, 0x00, 0x00, 0x01, 0x02, 0x03, 0x01, 0x00, 0x00, 0x04, 0x06, 0x01, 
    0x02, 0x00, 0x00, 0x01, 0x02, 0x03, 0x01, 0x00, 0x00, 0x01, 0x03, 0x02, 
    0x02, 0x00, 0x00, 0x02, 0x04, 0x03, 0x03, 0x00, 0x00, 0x02, 0x02, 0x02, 
    0x02, 0x00, 0x00, 0x01, 0x02, 0x02, 0x02, 0x00, 0x00, 0x0e, 0x03, 0x02, 
    0x01, 0x00, 0x00, 0x01, 0x04, 0x03, 0x05, 0x03, 0x03, 0x04, 0x02, 0x01, 
    0x01, 0x00, 0x00, 0x02, 0x02, 0x02, 0x02, 0x00, 0x00, 0x02, 0x04, 0x04, 
    0x02, 0x00, 0x00, 0x02, 0x02, 0x02, 0x02, 0x00, 0x00, 0x02, 0x02, 0x02, 
    0x01, 0x00, 0x00, 0x03, 0x04, 0x03, 0x03, 0x00, 0x00, 0x02, 0x05, 0x05, 
    0x03, 0x00, 0x00, 0x03, 0x03, 0x03, 0x03, 0x00, 0x00, 0x04, 0x08, 0x08, 
    0x03, 0x00, 0x00, 0x02, 0x04, 0x04, 0x02, 0x00, 0x00, 0x03, 0x04, 0x05, 
    0x03, 0x01, 0x01, 0x04, 0x05, 0x05, 0x04, 0x00, 0x00, 0x06, 0x08, 0x0a, 
    0x04, 0x00, 0x00, 0x04, 0x13, 0x14, 0x04, 0x00, 0x00, 0x08, 0x34, 0x33, 
    0x09, 0x00, 0x00, 0x04, 0x13, 0x14, 0x04, 0x00, 0x00, 0x03, 0x0b, 0x07, 
    0x07, 0x00, 0x00, 0x04, 0x04, 0x06, 0x04, 0x01, 0x01, 0x03, 0x04, 0x05, 
    0x03, 0x00, 0x00, 0x02, 0x04, 0x04, 0x02, 0x00, 0x00, 0x03, 0x08, 0x07, 
    0x05, 0x00, 0x00, 0x06, 0x03, 0x02, 0x01, 0x00, 0x00, 0x02, 0x05, 0x05, 
    0x03, 0x00, 0x00, 0x02, 0x04, 0x04, 0x02, 0x00, 0x00, 0x02, 0x01, 0x02, 
    0x04, 0x03, 0x03, 0x05, 0x03, 0x03, 0x02, 0x00, 0x00, 0x02, 0x02, 0x02, 
    0x01, 0x00, 0x00, 0x02, 0x01, 0x03, 0x07, 0x00, 0x00, 0x03, 0x04, 0x07, 
    0x01, 0x00, 0x00, 0x01, 0x01, 0x04, 0x06, 0x00, 0x00, 0x02, 0x02, 0x02, 
    0x02, 0x00, 0x00, 0x01, 0x03, 0x02, 0x01, 0x00, 0x00, 0x03, 0x03, 0x04, 
    0x03, 0x00, 0x00, 0x01, 0x02, 0x03, 0x01, 0x00, 0x00, 0x02, 0x02, 0x02, 
    0x02, 0x00, 0x00, 0x01, 0x02, 0x02, 0x02, 0x00, 0x00, 0x07, 0x03, 0x01, 
    0x02, 0x00, 0x00, 0x01, 0x02, 0x03, 0x01, 0x00, 0x00, 0x02, 0x02, 0x02, 
    0x02, 0x00, 0x00, 0x01, 0x02, 0x02, 0x02, 0x00, 0x00, 0x01, 0x02, 0x01, 
    0x01, 0x00, 0x00, 0x01, 0x03, 0x03, 0x01, 0x00, 0x00, 0x00, 0x03, 0x04, 
    0x00, 0x00, 0x00, 0x00, 0x04, 0x03, 0x00, 0x00, 0x00, 0x01, 0x03, 0x03, 
    0x01, 0x00, 0x00, 0x01, 0x01, 0x02, 0x01, 0x00, 0x00, 0x02, 0x02, 0x02, 
    0x01, 0x00, 0x00, 0x02, 0x02, 0x02, 0x02, 0x00, 0x00, 0x02, 0x02, 0x02, 
    0x01, 0x00, 0x00, 0x01, 0x03, 0x01, 0x03, 0x02, 0x02, 0x03, 0x02, 0x02, 
    0x01, 0x00, 0x00, 0x02, 0x02, 0x02, 0x02, 0x00, 0x00, 0x01, 0x03, 0x02, 
    0x01, 0x00, 0x00, 0x01, 0x02, 0x01, 0x01, 0x00, 0x00, 0x02, 0x02, 0x02, 
    0x02, 0x00, 0x00, 0x01, 0x02, 0x03, 0x01, 0x00, 0x00, 0x02, 0x02, 0x02, 
    0x02, 0x00, 0x00, 0x03, 0x03, 0x03, 0x03, 0x00, 0x00, 0x02, 0x06, 0x04, 
    0x03, 0x00, 0x00, 0x0e, 0x03, 0x02, 0x01, 0x00, 0x00, 0x02, 0x04, 0x04, 
    0x03, 0x00, 0x00, 0x01, 0x01, 0x02, 0x03, 0x04, 0x03, 0x05, 0x03, 0x03, 
    0x02, 0x00, 0x00, 0x03, 0x05, 0x05, 0x02, 0x00, 0x00, 0x02, 0x02, 0x02, 
    0x02, 0x00, 0x00, 0x07, 0x0a, 0x07, 0x03, 0x00, 0x00, 0x02, 0x04, 0x04, 
    0x02, 0x00, 0x00, 0x03, 0x05, 0x05, 0x02, 0x00, 0x00, 0x03, 0x07, 0x06, 
    0x04, 0x00, 0x00, 0x07, 0x07, 0x0b, 0x03, 0x00, 0x00, 0x04, 0x14, 0x13, 
    0x04, 0x00, 0x00, 0x09, 0x33, 0x34, 0x08, 0x00, 0x00, 0x04, 0x14, 0x13, 
    0x04, 0x00, 0x00, 0x04, 0x0a, 0x08, 0x06, 0x00, 0x00, 0x04, 0x06, 0x07, 
    0x03, 0x00, 0x00, 0x02, 0x05, 0x05, 0x03, 0x00, 0x00, 0x02, 0x04, 0x04, 
    0x02, 0x00, 0x00, 0x03, 0x07, 0x08, 0x04, 0x06, 0x04, 0x03, 0x00, 0x00, 
    0x04, 0x04, 0x05, 0x02, 0x00, 0x00, 0x02, 0x03, 0x03, 0x05, 0x04, 0x03, 
    0x04, 0x01, 0x01, 0x02, 0x00, 0x00, 0x02, 0x04, 0x04, 0x02, 0x00, 0x00, 
    0x01, 0x02, 0x01, 0x06, 0x05, 0x06, 0x06, 0x03, 0x03, 0x02, 0x00, 0x00, 
    0x04, 0x06, 0x05, 0x05, 0x00, 0x00, 0x02, 0x02, 0x02, 0x01, 0x00, 0x00, 
    0x02, 0x02, 0x02, 0x02, 0x00, 0x00, 0x03, 0x03, 0x04, 0x02, 0x00, 0x00, 
    0x02, 0x02, 0x03, 0x01, 0x00, 0x00, 0x01, 0x01, 0x02, 0x04, 0x04, 0x06, 
    0x02, 0x00, 0x00, 0x01, 0x03, 0x02, 0x01, 0x00, 0x00, 0x02, 0x02, 0x03, 
    0x01, 0x00, 0x00, 0x01, 0x03, 0x02, 0x01, 0x00, 0x00, 0x01, 0x02, 0x01, 
    0x01, 0x00, 0x00, 0x01, 0x03, 0x03, 0x01, 0x00, 0x00, 0x00, 0x04, 0x03, 
    0x00, 0x00, 0x00, 0x00, 0x88, 0x03, 0x00, 0x00, 0x00, 0x01, 0x03, 0x03, 
    0x01, 0x00, 0x00, 0x01, 0x03, 0x02, 0x01, 0x00, 0x00, 0x02, 0x01, 0x01, 
    0x01, 0x00, 0x00, 0x02, 0x02, 0x02, 0x02, 0x00, 0x00, 0x01, 0x03, 0x02, 
    0x01, 0x00, 0x00, 0x02, 0x02, 0x02, 0x02, 0x00, 0x00, 0x01, 0x01, 0x02, 
    0x01, 0x00, 0x00, 0x02, 0x02, 0x02, 0x01, 0x00, 0x00, 0x02, 0x02, 0x02, 
    0x02, 0x00, 0x00, 0x02, 0x02, 0x02, 0x01, 0x00, 0x00, 0x01, 0x02, 0x01, 
    0x01, 0x00, 0x00, 0x02, 0x02, 0x02, 0x02, 0x00, 0x00, 0x01, 0x03, 0x02, 
    0x01, 0x00, 0x00, 0x03, 0x04, 0x03, 0x03, 0x00, 0x00, 0x01, 0x02, 0x03, 
    0x01, 0x00, 0x00, 0x02, 0x02, 0x02, 0x02, 0x00, 0x00, 0x01, 0x02, 0x03, 
    0x01, 0x00, 0x00, 0x03, 0x03, 0x04, 0x03, 0x00, 0x00, 0x02, 0x05, 0x05, 
    0x03, 0x00, 0x00, 0x02, 0x04, 0x04, 0x02, 0x00, 0x00, 0x03, 0x05, 0x04, 
    0x03, 0x00, 0x00, 0x03, 0x03, 0x04, 0x03, 0x00, 0x00, 0x03, 0x0a, 0x0b, 
    0x03, 0x00, 0x00, 0x05, 0x16, 0x17, 0x05, 0x00, 0x00, 0x03, 0x07, 0x07, 
    0x03, 0x00, 0x00, 0x05, 0x16, 0x17, 0x05, 0x00, 0x00, 0x03, 0x0a, 0x0b, 
    0x03, 0x00, 0x00, 0x03, 0x03, 0x04, 0x03, 0x00, 0x00, 0x03, 0x04, 0x05, 
    0x03, 0x00, 0x00, 0x02, 0x04, 0x04, 0x02, 0x00, 0x00, 0x03, 0x05, 0x05, 
    0x02, 0x00, 0x00, 0x02, 0x04, 0x04, 0x03, 0x00, 0x00, 0x01, 0x02, 0x02, 
    0x02, 0x00, 0x00, 0x02, 0x02, 0x02, 0x02, 0x00, 0x00, 0x08, 0x06, 0x03, 
    0x03, 0x00, 0x00, 0x01, 0x02, 0x02, 0x02, 0x00, 0x00, 0x03, 0x03, 0x04, 
    0x02, 0x00, 0x00, 0x02, 0x02, 0x02, 0x02, 0x00, 0x00, 0x02, 0x02, 0x02, 
    0x01, 0x00, 0x00, 0x03, 0x04, 0x03, 0x03, 0x00, 0x00, 0x02, 0x02, 0x02, 
    0x01, 0x00, 0x00, 0x02, 0x02, 0x02, 0x02, 0x00, 0x00, 0x01, 0x01, 0x01, 
    0x02, 0x01, 0x01, 0x02, 0x01, 0x01, 0x01, 0x00, 0x00, 0x02, 0x02, 0x03, 
    0x01, 0x00, 0x00, 0x01, 0x03, 0x03, 0x00, 0x00, 0x00, 0x01, 0x03, 0x03, 
    0x01, 0x00, 0x00, 0x01, 0x03, 0x03, 0x01, 0x00, 0x00, 0x00, 0x03, 0x03, 
    0x01, 0x00, 0x00, 0x01, 0x03, 0x02, 0x02, 0x00, 0x00, 0x01, 0x01, 0x01, 
    0x02, 0x01, 0x01, 0x02, 0x01, 0x01, 0x01, 0x00, 0x00, 0x02, 0x02, 0x02, 
    0x02, 0x00, 0x00, 0x01, 0x02, 0x02, 0x02, 0x00, 0x00, 0x03, 0x03, 0x04, 
    0x03, 0x00, 0x00, 0x01, 0x01, 0x04, 0x09, 0x00, 0x00, 0x15, 0x05, 0x05, 
    0x08, 0x00, 0x00, 0x02, 0x01, 0x01, 0x04, 0x03, 0x04, 0x05, 0x03, 0x03, 
    0x02, 0x00, 0x00, 0x02, 0x05, 0x05, 0x03, 0x00, 0x00, 0x02, 0x04, 0x04, 
    0x02, 0x00, 0x00, 0x02, 0x03, 0x03, 0x04, 0x02, 0x02, 0x04, 0x03, 0x03, 
    0x02, 0x00, 0x00, 0x03, 0x0b, 0x0a, 0x03, 0x00, 0x00, 0x05, 0x17, 0x16, 
    0x05, 0x00, 0x00, 0x03, 0x07, 0x07, 0x03, 0x00, 0x00, 0x05, 0x17, 0x16, 
    0x05, 0x00, 0x00, 0x03, 0x0b, 0x0a, 0x03, 0x00, 0x00, 0x03, 0x03, 0x02, 
    0x04, 0x02, 0x03, 0x03, 0x03, 0x03, 0x02, 0x00, 0x00, 0x03, 0x03, 0x04, 
    0x02, 0x00, 0x00, 0x03, 0x05, 0x05, 0x02, 0x00, 0x00, 0x03, 0x03, 0x03, 
    0x05, 0x03, 0x03, 0x04, 0x01, 0x02, 0x01, 0x00, 0x00, 0x01, 0x03, 0x02, 
    0x01, 0x00, 0x00, 0x02, 0x03, 0x03, 0x05, 0x03, 0x03, 0x04, 0x02, 0x01, 
    0x02, 0x00, 0x00, 0x01, 0x01, 0x02, 0x01, 0x00, 0x00, 0x07, 0x05, 0x02, 
    0x01, 0x00, 0x00, 0x01, 0x02, 0x02, 0x02, 0x00, 0x00, 0x01, 0x02, 0x01, 
    0x01, 0x00, 0x00, 0x02, 0x02, 0x02, 0x02, 0x00, 0x00, 0x01, 0x02, 0x03, 
    0x01, 0x00, 0x00, 0x02, 0x02, 0x02, 0x02, 0x00, 0x00, 0x01, 0x01, 0x01, 
    0x02, 0x00, 0x00, 0x01, 0x02, 0x03, 0x01, 0x00, 0x00, 0x01, 0x03, 0x03, 
    0x01, 0x00, 0x00, 0x00, 0x03, 0x03, 0x01, 0x00, 0x00, 0x01, 0x6c, 0x01, 
    0x01, 0x01, 0x02, 0x01, 0x00, 0x00, 0x01, 0x02, 0x03, 0x01, 0x00, 0x00, 
    0x02, 0x02, 0x02, 0x02, 0x00, 0x00, 0x01, 0x02, 0x03, 0x01, 0x00, 0x00, 
    0x0c, 0x05, 0x02, 0x01, 0x00, 0x00, 0x02, 0x02, 0x02, 0x02, 0x00, 0x00, 
    0x0e, 0x07, 0x04, 0x02, 0x00, 0x00, 0x02, 0x04, 0x04, 0x03, 0x00, 0x00, 
    0x01, 0x02, 0x02, 0x02, 0x00, 0x00, 0x03, 0x07, 0x06, 0x04, 0x00, 0x00, 
    0x16, 0x26, 0x26, 0x16, 0x00, 0x00, 0x04, 0x06, 0x07, 0x03, 0x00, 0x00, 
    0x01, 0x02, 0x03, 0x01, 0x00, 0x00, 0x03, 0x03, 0x04, 0x03, 0x00, 0x00, 
    0x02, 0x04, 0x07, 0x0e, 0x00, 0x00, 0x02, 0x02, 0x02, 0x02, 0x00, 0x00, 
    0x01, 0x01, 0x06, 0x0c, 0x00, 0x00, 0x01, 0x02, 0x03, 0x01, 0x00, 0x00, 
    0x01, 0x03, 0x02, 0x02, 0x00, 0x00, 0x01, 0x02, 0x03, 0x01, 0x00, 0x00, 
    0x01, 0x02, 0x01, 0x01, 0x00, 0x00, 0x01, 0x01, 0x02, 0x01, 0x00, 0x00, 
    0x01, 0x03, 0x02, 0x01, 0x00, 0x00, 0x02, 0x02, 0x03, 0x01, 0x00, 0x00, 
    0x01, 0x03, 0x02, 0x01, 0x00, 0x00, 0x0c, 0x06, 0x01, 0x01, 0x00, 0x00, 
    0x02, 0x02, 0x02, 0x02, 0x00, 0x00, 0x0e, 0x07, 0x04, 0x02, 0x00, 0x00, 
    0x03, 0x04, 0x03, 0x03, 0x00, 0x00, 0x01, 0x03, 0x02, 0x01, 0x00, 0x00, 
    0x03, 0x06, 0x05, 0x06, 0x02, 0x03, 0x0a, 0x2d, 0x2d, 0x0a, 0x03, 0x02, 
    0x06, 0x05, 0x06, 0x03, 0x00, 0x00, 0x02, 0x02, 0x02, 0x01, 0x00, 0x00, 
    0x03, 0x04, 0x04, 0x02, 0x00, 0x00, 0x02, 0x04, 0x07, 0x0e, 0x00, 0x00, 
    0x02, 0x02, 0x02, 0x02, 0x00, 0x00, 0x01, 0x02, 0x05, 0x0c, 0x00, 0x00, 
    0x01, 0x03, 0x02, 0x01, 0x00, 0x00, 0x02, 0x02, 0x02, 0x02, 0x00, 0x00, 
    0x01, 0x03, 0x02, 0x01, 0x00, 0x00, 0x02, 0x01, 0x03, 0x01, 0x00, 0x00, 
    0x00, 0x8a, 0x02, 0x01, 0x00, 0x00, 0x02, 0x01, 0x01, 0x01, 0x00, 0x00, 
    0x02, 0x02, 0x02, 0x02, 0x00, 0x00, 0x02, 0x03, 0x02, 0x04, 0x01, 0x02, 
    0x06, 0x09, 0x09, 0x06, 0x02, 0x03, 0x03, 0x03, 0x03, 0x02, 0x00, 0x00, 
    0x02, 0x02, 0x02, 0x01, 0x00, 0x00, 0x01, 0x02, 0x01, 0x01, 0x00, 0x00, 
    0x02, 0x02, 0x03, 0x01, 0x00, 0x00, 0x01, 0x03, 0x02, 0x02, 0x00, 0x00, 
    0x01, 0x01, 0x02, 0x01, 0x00, 0x00, 0x01, 0x02, 0x02, 0x02, 0x00, 0x00, 
    0x03, 0x03, 0x04, 0x03, 0x01, 0x01, 0x05, 0x0a, 0x0b, 0x05, 0x01, 0x00, 
    0x04, 0x03, 0x03, 0x03, 0x00, 0x00, 0x02, 0x02, 0x02, 0x02, 0x00, 0x00, 
    0x01, 0x01, 0x01, 0x02, 0x00, 0x00, 0x01, 0x02, 0x05, 0x00, 0x00, 0x00, 
    0x00, 0x0e, 0x00, 0x07, 0xfe, 0x6f, 0x07, 0xf7, 0x06, 0x5f, 0x06, 0x55, 
    0x06, 0x97, 0x08, 0xdc, 0x0b, 0x09, 0x10, 0x82, 0x10, 0xc4, 0x11, 0x09, 
    0x13, 0x27, 0x15, 0x69, 0x15, 0xa5, 0x17, 0x0d, 0x18, 0x2d, 0x19, 0x11, 
    0x19, 0x6b, 0x00, 0x00, 0x01, 0x36, 0x26, 0x27, 0x2e, 0x01, 0x37, 0x36, 
    0x26, 0x27, 0x2e, 0x01, 0x37, 0x36, 0x26, 0x27, 0x2e, 0x01, 0x37, 0x36, 
    0x26, 0x27, 0x2e, 0x01, 0x37, 0x36, 0x26, 0x27, 0x2e, 0x01, 0x37, 0x36, 
    0x26, 0x27, 0x2e, 0x01, 0x3f, 0x01, 0x27, 0x2e, 0x01, 0x27, 0x2e, 0x01, 
    0x27, 0x2e, 0x01, 0x37, 0x36, 0x26, 0x27, 0x2e, 0x01, 0x37, 0x36, 0x26, 
    0x27, 0x2e, 0x01, 0x37, 0x36, 0x26, 0x27, 0x2e, 0x01, 0x37, 0x36, 0x26, 
    0x27, 0x2e, 0x01, 0x37, 0x36, 0x26, 0x27, 0x2e, 0x01, 0x37, 0x36, 0x26, 
    0x27, 0x2e, 0x01, 0x27, 0x2e, 0x01, 0x27, 0x2e, 0x01, 0x37, 0x36, 0x26, 
    0x27, 0x2e, 0x01, 0x37, 0x36, 0x26, 0x27, 0x2e, 0x01, 0x37, 0x36, 0x26, 
    0x27, 0x2e, 0x01, 0x27, 0x2e, 0x01, 0x27, 0x2e, 0x01, 0x37, 0x36, 0x26, 
    0x27, 0x2e, 0x01, 0x37, 0x36, 0x26, 0x27, 0x2e, 0x01, 0x37, 0x36, 0x26, 
    0x27, 0x2e, 0x01, 0x27, 0x2e, 0x01, 0x27, 0x2e, 0x01, 0x37, 0x36, 0x26, 
    0x27, 0x2e, 0x01, 0x27, 0x2e, 0x01, 0x27, 0x2e, 0x01, 0x37, 0x36, 0x26, 
    0x27, 0x2e, 0x01, 0x27, 0x2e, 0x01, 0x27, 0x2e, 0x01, 0x37, 0x36, 0x26, 
    0x27, 0x2e, 0x01, 0x27, 0x36, 0x26, 0x27, 0x2e, 0x01, 0x37, 0x36, 0x26, 
    0x27, 0x2e, 0x01, 0x37, 0x36, 0x26, 0x27, 0x2e, 0x01, 0x37, 0x36, 0x26, 
    0x27, 0x2e, 0x01, 0x37, 0x36, 0x26, 0x27, 0x2e, 0x01, 0x37, 0x36, 0x26, 
    0x27, 0x2e, 0x01, 0x37, 0x36, 0x26, 0x27, 0x2e, 0x01, 0x37, 0x36, 0x26, 
    0x27, 0x2e, 0x01, 0x37, 0x36, 0x26, 0x27, 0x2e, 0x01, 0x37, 0x36, 0x26, 
    0x27, 0x2e, 0x01, 0x37, 0x36, 0x26, 0x27, 0x2e, 0x01, 0x37, 0x36, 0x26, 
    0x27, 0x2e, 0x01, 0x37, 0x36, 0x26, 0x27, 0x2e, 0x01, 0x37, 0x36, 0x26, 
    0x27, 0x2e, 0x01, 0x37, 0x36, 0x26, 0x27, 0x2e, 0x01, 0x37, 0x36, 0x26, 
    0x27, 0x2e, 0x01, 0x37, 0x36, 0x26, 0x27, 0x2e, 0x01, 0x37, 0x36, 0x26, 
    0x27, 0x2e, 0x01, 0x37, 0x36, 0x26, 0x27, 0x2e, 0x01, 0x37, 0x36, 0x26, 
    0x27, 0x2e, 0x01, 0x37, 0x36, 0x26, 0x27, 0x2e, 0x01, 0x37, 0x36, 0x26, 
    0x27, 0x2e, 0x01, 0x37, 0x36, 0x26, 0x27, 0x2e, 0x01, 0x37, 0x36, 0x26, 
    0x27, 0x2e, 0x01, 0x37, 0x36, 0x26, 0x27, 0x2e, 0x01, 0x37, 0x36, 0x26, 
    0x27, 0x2e, 0x01, 0x37, 0x36, 0x26, 0x27, 0x2e, 0x01, 0x37, 0x36, 0x26, 
    0x27, 0x2e, 0x01, 0x37, 0x36, 0x26, 0x27, 0x2e, 0x01, 0x37, 0x36, 0x26, 
    0x27, 0x2e, 0x01, 0x37, 0x36, 0x26, 0x27, 0x2e, 0x01, 0x37, 0x36, 0x26, 
    0x27, 0x2e, 0x01, 0x37, 0x3e, 0x01, 0x27, 0x2e, 0x01, 0x37, 0x36, 0x26, 
    0x27, 0x26, 0x36, 0x37, 0x36, 0x26, 0x27, 0x2e, 0x01, 0x3f, 0x01, 0x27, 
    0x2e, 0x01, 0x37, 0x36, 0x26, 0x27, 0x2e, 0x01, 0x37, 0x36, 0x26, 0x27, 
    0x2e, 0x01, 0x37, 0x36, 0x26, 0x27, 0x2e, 0x01, 0x37, 0x36, 0x26, 0x27, 
    0x2e, 0x01, 0x37, 0x36, 0x26, 0x27, 0x2e, 0x01, 0x37, 0x36, 0x26, 0x27, 
    0x26, 0x36, 0x3f, 0x02, 0x3e, 0x01, 0x37, 0x3e, 0x01, 0x37, 0x3e, 0x01, 
    0x37, 0x3e, 0x01, 0x37, 0x3e, 0x01, 0x37, 0x3e, 0x01, 0x37, 0x3e, 0x01, 
    0x37, 0x3e, 0x01, 0x37, 0x3e, 0x01, 0x3f, 0x02, 0x3e, 0x01, 0x37, 0x3e, 
    0x01, 0x37, 0x3e, 0x01, 0x37, 0x3e, 0x01, 0x37, 0x3e, 0x01, 0x37, 0x3e, 
    0x01, 0x37, 0x3e, 0x01, 0x37, 0x3e, 0x01, 0x37, 0x3e, 0x01, 0x37, 0x3e, 
    0x01, 0x37, 0x3e, 0x01, 0x37, 0x3e, 0x01, 0x37, 0x3e, 0x01, 0x37, 0x3e, 
    0x01, 0x37, 0x3e, 0x01, 0x37, 0x3e, 0x01, 0x37, 0x3e, 0x01, 0x37, 0x3e, 
    0x01, 0x37, 0x3e, 0x01, 0x37, 0x3e, 0x01, 0x37, 0x3e, 0x01, 0x37, 0x3e, 
    0x01, 0x37, 0x3e, 0x01, 0x37, 0x3e, 0x01, 0x37, 0x3e, 0x01, 0x37, 0x3e, 
    0x01, 0x37, 0x3e, 0x01, 0x37, 0x3e, 0x01, 0x37, 0x3e, 0x01, 0x37, 0x3e, 
    0x01, 0x37, 0x3e, 0x01, 0x37, 0x3e, 0x01, 0x37, 0x3e, 0x01, 0x37, 0x3e, 
    0x01, 0x37, 0x3e, 0x01, 0x37, 0x3e, 0x01, 0x37, 0x3e, 0x01, 0x37, 0x3e, 
    0x01, 0x37, 0x3e, 0x01, 0x37, 0x3e, 0x01, 0x37, 0x3e, 0x01, 0x37, 0x3e, 
    0x01, 0x37, 0x3e, 0x01, 0x37, 0x3e, 0x01, 0x37, 0x3e, 0x01, 0x37, 0x3e, 
    0x01, 0x37, 0x3e, 0x01, 0x37, 0x3e, 0x01, 0x37, 0x3e, 0x01, 0x37, 0x3e, 
    0x01, 0x37, 0x3e, 0x01, 0x37, 0x3e, 0x01, 0x37, 0x3e, 0x01, 0x37, 0x3e, 
    0x01, 0x37, 0x3e, 0x01, 0x37, 0x3e, 0x01, 0x37, 0x3e, 0x01, 0x37, 0x3e, 
    0x01, 0x37, 0x3e, 0x01, 0x37, 0x3e, 0x01, 0x37, 0x3e, 0x01, 0x37, 0x3e, 
    0x01, 0x37, 0x3e, 0x01, 0x37, 0x3e, 0x01, 0x37, 0x3e, 0x01, 0x37, 0x3e, 
    0x01, 0x37, 0x3e, 0x01, 0x37, 0x3e, 0x01, 0x37, 0x3e, 0x01, 0x37, 0x3e, 
    0x01, 0x37, 0x3e, 0x01, 0x37, 0x3e, 0x01, 0x37, 0x3e, 0x01, 0x37, 0x3e, 
    0x01, 0x37, 0x3e, 0x01, 0x37, 0x3e, 0x01, 0x37, 0x3e, 0x01, 0x37, 0x3e, 
    0x01, 0x37, 0x3e, 0x01, 0x37, 0x3e, 0x01, 0x37, 0x3e, 0x01, 0x37, 0x3e, 
    0x01, 0x37, 0x3e, 0x01, 0x37, 0x3e, 0x01, 0x37, 0x3e, 0x01, 0x37, 0x3e, 
    0x01, 0x37, 0x3e, 0x01, 0x37, 0x3e, 0x01, 0x37, 0x3e, 0x01, 0x37, 0x3e, 
    0x01, 0x37, 0x3e, 0x01, 0x37, 0x3e, 0x01, 0x37, 0x3e, 0x01, 0x37, 0x3e, 
    0x01, 0x37, 0x3e, 0x01, 0x37, 0x3e, 0x01, 0x37, 0x3e, 0x01, 0x37, 0x3e, 
    0x01, 0x37, 0x3e, 0x01, 0x3f, 0x02, 0x3e, 0x01, 0x37, 0x3e, 0x01, 0x37, 
    0x3e, 0x01, 0x37, 0x3e, 0x01, 0x37, 0x3e, 0x01, 0x37, 0x3e, 0x01, 0x37, 
    0x3e, 0x01, 0x37, 0x3e, 0x01, 0x37, 0x3e, 0x01, 0x3f, 0x02, 0x36, 0x16, 
    0x17, 0x1e, 0x01, 0x37, 0x36, 0x16, 0x17, 0x1e, 0x01, 0x37, 0x36, 0x16, 
    0x17, 0x1e, 0x01, 0x37, 0x36, 0x16, 0x17, 0x1e, 0x01, 0x37, 0x36, 0x16, 
    0x17, 0x1e, 0x01, 0x37, 0x36, 0x16, 0x17, 0x1e, 0x01, 0x37, 0x36, 0x16, 
    0x1f, 0x01, 0x37, 0x36, 0x16, 0x17, 0x1e, 0x01, 0x37, 0x36, 0x16, 0x17, 
    0x1e, 0x01, 0x37, 0x36, 0x16, 0x17, 0x1e, 0x01, 0x37, 0x36, 0x16, 0x17, 
    0x1e, 0x01, 0x37, 0x36, 0x16, 0x17, 0x1e, 0x01, 0x37, 0x36, 0x16, 0x17, 
    0x1e, 0x01, 0x37, 0x36, 0x16, 0x17, 0x1e, 0x01, 0x37, 0x36, 0x16, 0x17, 
    0x1e, 0x01, 0x37, 0x36, 0x16, 0x17, 0x1e, 0x01, 0x37, 0x36, 0x16, 0x17, 
    0x1e, 0x01, 0x37, 0x36, 0x16, 0x17, 0x1e, 0x01, 0x37, 0x36, 0x16, 0x17, 
    0x1e, 0x01, 0x37, 0x36, 0x16, 0x17, 0x1e, 0x01, 0x37, 0x36, 0x16, 0x17, 
    0x1e, 0x01, 0x37, 0x36, 0x16, 0x17, 0x1e, 0x01, 0x37, 0x36, 0x16, 0x17, 
    0x1e, 0x01, 0x37, 0x36, 0x16, 0x17, 0x1e, 0x01, 0x37, 0x36, 0x16, 0x17, 
    0x1e, 0x01, 0x37, 0x36, 0x16, 0x17, 0x1e, 0x01, 0x37, 0x36, 0x16, 0x17, 
    0x1e, 0x01, 0x37, 0x36, 0x16, 0x17, 0x1e, 0x01, 0x37, 0x36, 0x16, 0x17, 
    0x1e, 0x01, 0x37, 0x36, 0x16, 0x17, 0x1e, 0x01, 0x37, 0x36, 0x16, 0x17, 
    0x1e, 0x01, 0x37, 0x36, 0x16, 0x17, 0x1e, 0x01, 0x37, 0x36, 0x16, 0x17, 
    0x1e, 0x01, 0x37, 0x36, 0x16, 0x17, 0x1e, 0x01, 0x37, 0x36, 0x16, 0x17, 
    0x1e, 0x01, 0x37, 0x36, 0x16, 0x17, 0x1e, 0x01, 0x37, 0x36, 0x16, 0x17, 
    0x1e, 0x01, 0x37, 0x36, 0x16, 0x17, 0x1e, 0x01, 0x37, 0x36, 0x16, 0x17, 
    0x1e, 0x01, 0x37, 0x36, 0x16, 0x17, 0x1e, 0x01, 0x37, 0x36, 0x16, 0x17, 
    0x1e, 0x01, 0x37, 0x36, 0x16, 0x17, 0x1e, 0x01, 0x17, 0x1e, 0x01, 0x17, 
    0x1e, 0x01, 0x37, 0x36, 0x16, 0x17, 0x1e, 0x01, 0x17, 0x1e, 0x01, 0x17, 
    0x1e, 0x01, 0x37, 0x1e, 0x01, 0x17, 0x1e, 0x01, 0x37, 0x36, 0x16, 0x17, 
    0x1e, 0x01, 0x17, 0x1e, 0x01, 0x17, 0x1e, 0x01, 0x37, 0x36, 0x16, 0x17, 
    0x1e, 0x01, 0x37, 0x36, 0x16, 0x17, 0x1e, 0x01, 0x37, 0x36, 0x16, 0x17, 
    0x1e, 0x01, 0x17, 0x1e, 0x01, 0x17, 0x1e, 0x01, 0x37, 0x36, 0x16, 0x17, 
    0x1e, 0x01, 0x37, 0x36, 0x16, 0x17, 0x1e, 0x01, 0x37, 0x36, 0x16, 0x17, 
    0x1e, 0x01, 0x37, 0x36, 0x16, 0x17, 0x1e, 0x01, 0x37, 0x36, 0x16, 0x17, 
    0x1e, 0x01, 0x37, 0x36, 0x16, 0x17, 0x1e, 0x01, 0x37, 0x36, 0x16, 0x17, 
    0x1e, 0x01, 0x37, 0x36, 0x16, 0x17, 0x1e, 0x01, 0x37, 0x36, 0x16, 0x17, 
    0x1e, 0x01, 0x37, 0x36, 0x16, 0x17, 0x1e, 0x01, 0x17, 0x1e, 0x01, 0x1f, 
    0x01, 0x37, 0x3e, 0x01, 0x17, 0x1e, 0x01, 0x37, 0x36, 0x16, 0x17, 0x1e, 
    0x01, 0x37, 0x36, 0x16, 0x17, 0x1e, 0x01, 0x37, 0x36, 0x16, 0x17, 0x1e, 
    0x01, 0x37, 0x36, 0x16, 0x17, 0x1e, 0x01, 0x37, 0x36, 0x16, 0x17, 0x1e, 
    0x01, 0x37, 0x36, 0x16, 0x17, 0x16, 0x06, 0x27, 0x26, 0x06, 0x17, 0x16, 
    0x06, 0x27, 0x26, 0x06, 0x17, 0x16, 0x06, 0x27, 0x26, 0x06, 0x17, 0x16, 
    0x06, 0x27, 0x26, 0x06, 0x17, 0x16, 0x06, 0x27, 0x26, 0x06, 0x17, 0x16, 
    0x06, 0x27, 0x26, 0x06, 0x17, 0x16, 0x06, 0x27, 0x26, 0x06, 0x17, 0x16, 
    0x26, 0x2f, 0x01, 0x17, 0x16, 0x06, 0x27, 0x0e, 0x01, 0x17, 0x1e, 0x01, 
    0x27, 0x26, 0x06, 0x17, 0x16, 0x06, 0x27, 0x26, 0x06, 0x17, 0x16, 0x06, 
    0x27, 0x26, 0x16, 0x17, 0x16, 0x06, 0x27, 0x26, 0x06, 0x17, 0x16, 0x06, 
    0x27, 0x26, 0x06, 0x17, 0x16, 0x06, 0x27, 0x26, 0x06, 0x17, 0x16, 0x06, 
    0x27, 0x26, 0x06, 0x17, 0x16, 0x06, 0x27, 0x26, 0x06, 0x17, 0x16, 0x06, 
    0x27, 0x26, 0x06, 0x17, 0x16, 0x06, 0x27, 0x26, 0x06, 0x17, 0x16, 0x06, 
    0x07, 0x0e, 0x01, 0x17, 0x16, 0x06, 0x27, 0x26, 0x06, 0x17, 0x16, 0x06, 
    0x27, 0x26, 0x06, 0x17, 0x16, 0x06, 0x27, 0x26, 0x06, 0x17, 0x16, 0x06, 
    0x27, 0x0e, 0x01, 0x17, 0x16, 0x06, 0x27, 0x26, 0x06, 0x17, 0x16, 0x06, 
    0x27, 0x26, 0x06, 0x17, 0x16, 0x06, 0x07, 0x0e, 0x01, 0x17, 0x16, 0x06, 
    0x27, 0x26, 0x06, 0x17, 0x16, 0x06, 0x27, 0x26, 0x06, 0x17, 0x16, 0x06, 
    0x27, 0x26, 0x06, 0x17, 0x16, 0x06, 0x27, 0x26, 0x06, 0x17, 0x16, 0x06, 
    0x27, 0x26, 0x06, 0x17, 0x16, 0x06, 0x27, 0x26, 0x06, 0x17, 0x16, 0x06, 
    0x27, 0x26, 0x06, 0x17, 0x16, 0x06, 0x27, 0x26, 0x06, 0x17, 0x16, 0x06, 
    0x27, 0x26, 0x06, 0x17, 0x16, 0x06, 0x27, 0x26, 0x06, 0x17, 0x16, 0x06, 
    0x27, 0x26, 0x06, 0x17, 0x16, 0x06, 0x27, 0x26, 0x06, 0x17, 0x16, 0x06, 
    0x27, 0x26, 0x06, 0x17, 0x16, 0x06, 0x27, 0x26, 0x06, 0x17, 0x16, 0x06, 
    0x27, 0x26, 0x06, 0x17, 0x16, 0x06, 0x27, 0x26, 0x06, 0x17, 0x16, 0x06, 
    0x27, 0x26, 0x06, 0x17, 0x16, 0x06, 0x27, 0x26, 0x06, 0x07, 0x0e, 0x01, 
    0x27, 0x26, 0x06, 0x17, 0x16, 0x06, 0x27, 0x26, 0x06, 0x17, 0x16, 0x06, 
    0x27, 0x26, 0x06, 0x07, 0x0e, 0x01, 0x27, 0x26, 0x06, 0x17, 0x16, 0x06, 
    0x27, 0x26, 0x06, 0x17, 0x16, 0x06, 0x27, 0x26, 0x06, 0x17, 0x16, 0x06, 
    0x27, 0x26, 0x06, 0x07, 0x0e, 0x01, 0x27, 0x26, 0x06, 0x17, 0x16, 0x06, 
    0x27, 0x26, 0x06, 0x17, 0x16, 0x06, 0x27, 0x26, 0x06, 0x17, 0x16, 0x06, 
    0x27, 0x26, 0x06, 0x07, 0x0e, 0x01, 0x27, 0x26, 0x06, 0x17, 0x16, 0x06, 
    0x27, 0x26, 0x06, 0x17, 0x16, 0x06, 0x27, 0x26, 0x06, 0x17, 0x16, 0x06, 
    0x27, 0x26, 0x06, 0x17, 0x16, 0x06, 0x27, 0x26, 0x06, 0x07, 0x0e, 0x01, 
    0x27, 0x2e, 0x01, 0x17, 0x16, 0x06, 0x27, 0x26, 0x06, 0x07, 0x0e, 0x01, 
    0x2f, 0x01, 0x17, 0x16, 0x06, 0x27, 0x26, 0x06, 0x17, 0x16, 0x06, 0x27, 
    0x26, 0x06, 0x17, 0x16, 0x06, 0x27, 0x26, 0x06, 0x17, 0x16, 0x06, 0x27, 
    0x26, 0x06, 0x17, 0x16, 0x06, 0x27, 0x26, 0x06, 0x17, 0x16, 0x06, 0x27, 
    0x26, 0x06, 0x17, 0x16, 0x06, 0x27, 0x26, 0x06, 0x17, 0x16, 0x06, 0x27, 
    0x2e, 0x01, 0x37, 0x3e, 0x01, 0x37, 0x3e, 0x01, 0x37, 0x3e, 0x01, 0x37, 
    0x3e, 0x01, 0x37, 0x3e, 0x01, 0x37, 0x36, 0x26, 0x27, 0x2e, 0x01, 0x37, 
    0x36, 0x26, 0x27, 0x2e, 0x01, 0x27, 0x2e, 0x01, 0x27, 0x26, 0x06, 0x07, 
    0x0e, 0x01, 0x27, 0x26, 0x06, 0x17, 0x16, 0x06, 0x27, 0x26, 0x06, 0x17, 
    0x1e, 0x01, 0x37, 0x36, 0x16, 0x17, 0x1e, 0x01, 0x37, 0x36, 0x16, 0x17, 
    0x1e, 0x01, 0x37, 0x36, 0x16, 0x17, 0x16, 0x36, 0x03, 0x27, 0x2e, 0x01, 
    0x37, 0x36, 0x26, 0x27, 0x2e, 0x01, 0x27, 0x2e, 0x01, 0x27, 0x2e, 0x01, 
    0x37, 0x36, 0x26, 0x27, 0x2e, 0x01, 0x37, 0x36, 0x26, 0x27, 0x2e, 0x01, 
    0x37, 0x36, 0x26, 0x27, 0x2e, 0x01, 0x27, 0x2e, 0x01, 0x27, 0x2e, 0x01, 
    0x37, 0x36, 0x26, 0x27, 0x2e, 0x01, 0x37, 0x36, 0x26, 0x27, 0x2e, 0x01, 
    0x37, 0x36, 0x26, 0x27, 0x2e, 0x01, 0x37, 0x36, 0x26, 0x27, 0x2e, 0x01, 
    0x37, 0x36, 0x26, 0x27, 0x2e, 0x01, 0x37, 0x36, 0x26, 0x27, 0x2e, 0x01, 
    0x37, 0x36, 0x26, 0x27, 0x2e, 0x01, 0x37, 0x36, 0x26, 0x27, 0x2e, 0x01, 
    0x37, 0x36, 0x26, 0x27, 0x2e, 0x01, 0x37, 0x36, 0x26, 0x27, 0x2e, 0x01, 
    0x37, 0x36, 0x26, 0x27, 0x2e, 0x01, 0x37, 0x36, 0x26, 0x27, 0x2e, 0x01, 
    0x27, 0x36, 0x26, 0x27, 0x2e, 0x01, 0x37, 0x36, 0x26, 0x27, 0x2e, 0x01, 
    0x37, 0x36, 0x26, 0x27, 0x2e, 0x01, 0x37, 0x36, 0x26, 0x27, 0x2e, 0x01, 
    0x37, 0x36, 0x26, 0x27, 0x2e, 0x01, 0x37, 0x36, 0x26, 0x27, 0x2e, 0x01, 
    0x37, 0x36, 0x26, 0x27, 0x2e, 0x01, 0x37, 0x36, 0x26, 0x27, 0x2e, 0x01, 
    0x37, 0x36, 0x26, 0x27, 0x2e, 0x01, 0x37, 0x36, 0x26, 0x27, 0x2e, 0x01, 
    0x37, 0x36, 0x26, 0x27, 0x2e, 0x01, 0x37, 0x2e, 0x01, 0x27, 0x2e, 0x01, 
    0x37, 0x36, 0x26, 0x27, 0x2e, 0x01, 0x37, 0x36, 0x26, 0x27, 0x2e, 0x01, 
    0x37, 0x36, 0x26, 0x27, 0x2e, 0x01, 0x37, 0x36, 0x26, 0x27, 0x2e, 0x01, 
    0x37, 0x36, 0x26, 0x27, 0x2e, 0x01, 0x37, 0x36, 0x26, 0x27, 0x2e, 0x01, 
    0x37, 0x36, 0x26, 0x27, 0x2e, 0x01, 0x37, 0x36, 0x26, 0x27, 0x2e, 0x01, 
    0x37, 0x36, 0x26, 0x27, 0x2e, 0x01, 0x37, 0x36, 0x26, 0x27, 0x2e, 0x01, 
    0x37, 0x36, 0x26, 0x27, 0x2e, 0x01, 0x37, 0x36, 0x26, 0x27, 0x2e, 0x01, 
    0x37, 0x36, 0x26, 0x27, 0x2e, 0x01, 0x37, 0x36, 0x26, 0x27, 0x2e, 0x01, 
    0x37, 0x36, 0x26, 0x27, 0x2e, 0x01, 0x37, 0x36, 0x26, 0x27, 0x2e, 0x01, 
    0x37, 0x36, 0x26, 0x27, 0x2e, 0x01, 0x3f, 0x01, 0x2f, 0x01, 0x17, 0x1e, 
    0x01, 0x17, 0x1e, 0x01, 0x17, 0x1e, 0x01, 0x37, 0x36, 0x16, 0x17, 0x1e, 
    0x01, 0x37, 0x36, 0x16, 0x17, 0x1e, 0x01, 0x17, 0x1e, 0x01, 0x17, 0x1e, 
    0x01, 0x17, 0x1e, 0x01, 0x17, 0x1e, 0x01, 0x37, 0x36, 0x16, 0x17, 0x1e, 
    0x01, 0x37, 0x36, 0x16, 0x17, 0x1e, 0x01, 0x37, 0x36, 0x16, 0x17, 0x1e, 
    0x01, 0x17, 0x1e, 0x01, 0x17, 0x1e, 0x01, 0x37, 0x36, 0x16, 0x17, 0x1e, 
    0x01, 0x37, 0x36, 0x16, 0x17, 0x1e, 0x01, 0x37, 0x36, 0x16, 0x17, 0x1e, 
    0x01, 0x17, 0x1e, 0x01, 0x37, 0x36, 0x16, 0x17, 0x1e, 0x01, 0x37, 0x36, 
    0x16, 0x17, 0x1e, 0x01, 0x37, 0x36, 0x16, 0x17, 0x1e, 0x01, 0x37, 0x36, 
    0x16, 0x17, 0x1e, 0x01, 0x37, 0x36, 0x16, 0x17, 0x1e, 0x01, 0x17, 0x1e, 
    0x01, 0x17, 0x1e, 0x01, 0x37, 0x36, 0x16, 0x17, 0x1e, 0x01, 0x37, 0x36, 
    0x16, 0x17, 0x1e, 0x01, 0x37, 0x36, 0x16, 0x17, 0x1e, 0x01, 0x37, 0x36, 
    0x16, 0x17, 0x1e, 0x01, 0x37, 0x36, 0x16, 0x17, 0x1e, 0x01, 0x37, 0x36, 
    0x16, 0x17, 0x1e, 0x01, 0x37, 0x36, 0x16, 0x17, 0x1e, 0x01, 0x37, 0x36, 
    0x16, 0x17, 0x1e, 0x01, 0x37, 0x36, 0x16, 0x17, 0x1e, 0x01, 0x37, 0x36, 
    0x16, 0x17, 0x1e, 0x01, 0x37, 0x36, 0x16, 0x17, 0x1e, 0x01, 0x37, 0x36, 
    0x16, 0x17, 0x1e, 0x01, 0x37, 0x36, 0x16, 0x17, 0x1e, 0x01, 0x37, 0x36, 
    0x16, 0x17, 0x1e, 0x01, 0x37, 0x36, 0x16, 0x17, 0x1e, 0x01, 0x37, 0x36, 
    0x16, 0x17, 0x1e, 0x01, 0x37, 0x36, 0x16, 0x17, 0x1e, 0x01, 0x37, 0x36, 
    0x16, 0x17, 0x1e, 0x01, 0x37, 0x36, 0x16, 0x17, 0x1e, 0x01, 0x37, 0x36, 
    0x16, 0x17, 0x1e, 0x01, 0x37, 0x36, 0x16, 0x17, 0x1e, 0x01, 0x37, 0x36, 
    0x16, 0x17, 0x1e, 0x01, 0x37, 0x36, 0x16, 0x17, 0x1e, 0x01, 0x37, 0x36, 
    0x16, 0x17, 0x1e, 0x01, 0x37, 0x36, 0x16, 0x17, 0x1e, 0x01, 0x37, 0x36, 
    0x16, 0x17, 0x1e, 0x01, 0x37, 0x36, 0x16, 0x17, 0x1e, 0x01, 0x37, 0x36, 
    0x16, 0x17, 0x16, 0x36, 0x37, 0x36, 0x16, 0x17, 0x1e, 0x01, 0x3f, 0x02, 
    0x17, 0x3e, 0x01, 0x37, 0x3e, 0x01, 0x37, 0x3e, 0x01, 0x37, 0x3e, 0x01, 
    0x37, 0x3e, 0x01, 0x37, 0x3e, 0x01, 0x37, 0x3e, 0x01, 0x37, 0x3e, 0x01, 
    0x37, 0x3e, 0x01, 0x37, 0x3e, 0x01, 0x37, 0x3e, 0x01, 0x37, 0x3e, 0x01, 
    0x37, 0x3e, 0x01, 0x37, 0x3e, 0x01, 0x37, 0x3e, 0x01, 0x37, 0x3e, 0x01, 
    0x37, 0x3e, 0x01, 0x37, 0x3e, 0x01, 0x37, 0x3e, 0x01, 0x37, 0x3e, 0x01, 
    0x37, 0x3e, 0x01, 0x37, 0x3e, 0x01, 0x37, 0x3e, 0x01, 0x37, 0x3e, 0x01, 
    0x37, 0x3e, 0x01, 0x37, 0x3e, 0x01, 0x37, 0x3e, 0x01, 0x37, 0x3e, 0x01, 
    0x37, 0x3e, 0x01, 0x37, 0x3e, 0x01, 0x37, 0x3e, 0x01, 0x37, 0x3e, 0x01, 
    0x37, 0x3e, 0x01, 0x37, 0x3e, 0x01, 0x37, 0x3e, 0x01, 0x37, 0x3e, 0x01, 
    0x37, 0x3e, 0x01, 0x37, 0x3e, 0x01, 0x37, 0x3e, 0x01, 0x37, 0x3e, 0x01, 
    0x37, 0x3e, 0x01, 0x37, 0x3e, 0x01, 0x37, 0x3e, 0x01, 0x37, 0x3e, 0x01, 
    0x37, 0x3e, 0x01, 0x37, 0x3e, 0x01, 0x37, 0x3e, 0x01, 0x37, 0x3e, 0x01, 
    0x37, 0x3e, 0x01, 0x37, 0x3e, 0x01, 0x37, 0x3e, 0x01, 0x37, 0x3e, 0x01, 
    0x37, 0x3e, 0x01, 0x37, 0x3e, 0x01, 0x37, 0x3e, 0x01, 0x37, 0x3e, 0x01, 
    0x37, 0x3e, 0x01, 0x37, 0x3e, 0x01, 0x37, 0x3e, 0x01, 0x37, 0x3e, 0x01, 
    0x37, 0x3e, 0x01, 0x37, 0x3e, 0x01, 0x37, 0x3e, 0x01, 0x37, 0x3e, 0x01, 
    0x37, 0x3e, 0x01, 0x37, 0x3e, 0x01, 0x37, 0x3e, 0x01, 0x37, 0x3e, 0x01, 
    0x37, 0x3e, 0x01, 0x37, 0x3e, 0x01, 0x37, 0x3e, 0x01, 0x37, 0x3e, 0x01, 
    0x37, 0x3e, 0x01, 0x37, 0x3e, 0x01, 0x37, 0x3e, 0x01, 0x37, 0x3e, 0x01, 
    0x37, 0x3e, 0x01, 0x37, 0x3e, 0x01, 0x37, 0x3e, 0x01, 0x37, 0x3e, 0x01, 
    0x37, 0x3e, 0x01, 0x37, 0x3e, 0x01, 0x37, 0x3e, 0x01, 0x3f, 0x01, 0x2f, 
    0x01, 0x17, 0x16, 0x06, 0x27, 0x26, 0x06, 0x17, 0x16, 0x06, 0x07, 0x0e, 
    0x01, 0x17, 0x16, 0x06, 0x27, 0x26, 0x06, 0x17, 0x16, 0x06, 0x07, 0x0e, 
    0x01, 0x17, 0x16, 0x06, 0x27, 0x26, 0x06, 0x17, 0x16, 0x06, 0x27, 0x0e, 
    0x01, 0x17, 0x16, 0x06, 0x27, 0x26, 0x06, 0x17, 0x16, 0x06, 0x27, 0x26, 
    0x06, 0x17, 0x16, 0x06, 0x27, 0x26, 0x06, 0x17, 0x16, 0x06, 0x27, 0x26, 
    0x06, 0x17, 0x16, 0x06, 0x27, 0x26, 0x06, 0x17, 0x16, 0x06, 0x27, 0x26, 
    0x06, 0x17, 0x16, 0x06, 0x27, 0x26, 0x06, 0x17, 0x16, 0x06, 0x07, 0x0e, 
    0x01, 0x17, 0x16, 0x06, 0x27, 0x26, 0x06, 0x17, 0x16, 0x06, 0x27, 0x26, 
    0x06, 0x17, 0x16, 0x06, 0x27, 0x26, 0x06, 0x17, 0x16, 0x06, 0x27, 0x26, 
    0x06, 0x17, 0x16, 0x06, 0x27, 0x26, 0x06, 0x17, 0x16, 0x06, 0x27, 0x26, 
    0x06, 0x17, 0x16, 0x06, 0x27, 0x26, 0x06, 0x17, 0x16, 0x06, 0x27, 0x26, 
    0x06, 0x17, 0x16, 0x06, 0x27, 0x26, 0x06, 0x17, 0x16, 0x06, 0x27, 0x26, 
    0x06, 0x17, 0x16, 0x06, 0x27, 0x26, 0x06, 0x17, 0x16, 0x06, 0x27, 0x26, 
    0x06, 0x17, 0x16, 0x06, 0x27, 0x26, 0x06, 0x17, 0x16, 0x06, 0x27, 0x26, 
    0x06, 0x17, 0x16, 0x06, 0x27, 0x26, 0x06, 0x17, 0x16, 0x06, 0x27, 0x26, 
    0x06, 0x17, 0x16, 0x06, 0x27, 0x26, 0x06, 0x17, 0x16, 0x06, 0x27, 0x26, 
    0x06, 0x17, 0x16, 0x06, 0x27, 0x26, 0x06, 0x17, 0x16, 0x06, 0x27, 0x26, 
    0x06, 0x17, 0x16, 0x06, 0x27, 0x26, 0x06, 0x17, 0x16, 0x06, 0x27, 0x26, 
    0x06, 0x07, 0x16, 0x06, 0x27, 0x26, 0x06, 0x17, 0x16, 0x06, 0x27, 0x26, 
    0x06, 0x17, 0x16, 0x06, 0x27, 0x26, 0x06, 0x17, 0x16, 0x06, 0x27, 0x26, 
    0x06, 0x17, 0x16, 0x06, 0x27, 0x26, 0x06, 0x17, 0x16, 0x06, 0x27, 0x26, 
    0x06, 0x17, 0x16, 0x06, 0x27, 0x26, 0x06, 0x17, 0x16, 0x06, 0x27, 0x26, 
    0x06, 0x07, 0x0e, 0x01, 0x07, 0x0e, 0x01, 0x17, 0x0e, 0x01, 0x27, 0x26, 
    0x06, 0x07, 0x0e, 0x01, 0x27, 0x26, 0x06, 0x07, 0x0e, 0x01, 0x27, 0x26, 
    0x06, 0x07, 0x0e, 0x01, 0x27, 0x26, 0x06, 0x17, 0x16, 0x06, 0x2f, 0x01, 
    0x1f, 0x01, 0x37, 0x3e, 0x01, 0x27, 0x3e, 0x01, 0x37, 0x3e, 0x01, 0x37, 
    0x3e, 0x01, 0x37, 0x3e, 0x01, 0x37, 0x3e, 0x01, 0x37, 0x3e, 0x01, 0x37, 
    0x3e, 0x01, 0x37, 0x3e, 0x01, 0x37, 0x3e, 0x01, 0x37, 0x3e, 0x01, 0x37, 
    0x3e, 0x01, 0x37, 0x3e, 0x01, 0x37, 0x3e, 0x01, 0x37, 0x36, 0x16, 0x17, 
    0x1e, 0x01, 0x37, 0x36, 0x16, 0x17, 0x1e, 0x01, 0x37, 0x36, 0x16, 0x17, 
    0x1e, 0x01, 0x37, 0x36, 0x16, 0x17, 0x1e, 0x01, 0x37, 0x36, 0x16, 0x17, 
    0x1e, 0x01, 0x37, 0x36, 0x16, 0x17, 0x1e, 0x01, 0x17, 0x1e, 0x01, 0x17, 
    0x1e, 0x01, 0x37, 0x3e, 0x01, 0x37, 0x3e, 0x01, 0x37, 0x3e, 0x01, 0x37, 
    0x3e, 0x01, 0x37, 0x3e, 0x01, 0x37, 0x3e, 0x01, 0x37, 0x3e, 0x01, 0x37, 
    0x3e, 0x01, 0x37, 0x3e, 0x01, 0x37, 0x3e, 0x01, 0x37, 0x3e, 0x01, 0x37, 
    0x3e, 0x01, 0x37, 0x3e, 0x01, 0x37, 0x3e, 0x01, 0x37, 0x3e, 0x01, 0x37, 
    0x3e, 0x01, 0x37, 0x3e, 0x01, 0x37, 0x3e, 0x01, 0x37, 0x3e, 0x01, 0x37, 
    0x3e, 0x01, 0x37, 0x3e, 0x01, 0x37, 0x3e, 0x01, 0x37, 0x3e, 0x01, 0x37, 
    0x3e, 0x01, 0x37, 0x3e, 0x01, 0x37, 0x3e, 0x01, 0x37, 0x3e, 0x01, 0x37, 
    0x3e, 0x01, 0x37, 0x3e, 0x01, 0x37, 0x3e, 0x01, 0x37, 0x3e, 0x01, 0x37, 
    0x3e, 0x01, 0x37, 0x3e, 0x01, 0x37, 0x3e, 0x01, 0x37, 0x3e, 0x01, 0x37, 
    0x3e, 0x01, 0x37, 0x3e, 0x01, 0x37, 0x3e, 0x01, 0x37, 0x3e, 0x01, 0x37, 
    0x3e, 0x01, 0x37, 0x3e, 0x01, 0x37, 0x3e, 0x01, 0x37, 0x3e, 0x01, 0x37, 
    0x3e, 0x01, 0x37, 0x3e, 0x01, 0x37, 0x3e, 0x01, 0x37, 0x3e, 0x01, 0x37, 
    0x3e, 0x01, 0x37, 0x3e, 0x01, 0x37, 0x3e, 0x01, 0x37, 0x3e, 0x01, 0x37, 
    0x3e, 0x01, 0x37, 0x3e, 0x01, 0x37, 0x3e, 0x01, 0x37, 0x3e, 0x01, 0x37, 
    0x3e, 0x01, 0x37, 0x3e, 0x01, 0x37, 0x3e, 0x01, 0x37, 0x3e, 0x01, 0x37, 
    0x3e, 0x01, 0x37, 0x3e, 0x01, 0x37, 0x3e, 0x01, 0x37, 0x3e, 0x01, 0x37, 
    0x3e, 0x01, 0x37, 0x3e, 0x01, 0x37, 0x3e, 0x01, 0x37, 0x3e, 0x01, 0x37, 
    0x3e, 0x01, 0x37, 0x3e, 0x01, 0x37, 0x3e, 0x01, 0x37, 0x3e, 0x01, 0x37, 
    0x3e, 0x01, 0x37, 0x3e, 0x01, 0x37, 0x3e, 0x01, 0x37, 0x3e, 0x01, 0x37, 
    0x3e, 0x01, 0x37, 0x3e, 0x01, 0x37, 0x3e, 0x01, 0x37, 0x3e, 0x01, 0x37, 
    0x3e, 0x01, 0x37, 0x3e, 0x01, 0x37, 0x3e, 0x01, 0x37, 0x3e, 0x01, 0x37, 
    0x3e, 0x01, 0x37, 0x3e, 0x01, 0x37, 0x36, 0x26, 0x27, 0x2e, 0x01, 0x27, 
    0x2e, 0x01, 0x27, 0x2e, 0x01, 0x37, 0x36, 0x26, 0x27, 0x2e, 0x01, 0x37, 
    0x36, 0x26, 0x27, 0x2e, 0x01, 0x37, 0x36, 0x26, 0x27, 0x2e, 0x01, 0x37, 
    0x36, 0x26, 0x27, 0x2e, 0x01, 0x37, 0x36, 0x26, 0x27, 0x2e, 0x01, 0x37, 
    0x3e, 0x01, 0x37, 0x3e, 0x01, 0x37, 0x3e, 0x01, 0x37, 0x3e, 0x01, 0x37, 
    0x3e, 0x01, 0x37, 0x3e, 0x01, 0x37, 0x3e, 0x01, 0x37, 0x3e, 0x01, 0x37, 
    0x3e, 0x01, 0x37, 0x3e, 0x01, 0x37, 0x3e, 0x01, 0x37, 0x3e, 0x01, 0x37, 
    0x3e, 0x01, 0x37, 0x3e, 0x01, 0x37, 0x36, 0x26, 0x27, 0x2e, 0x01, 0x37, 
    0x36, 0x26, 0x27, 0x2e, 0x01, 0x37, 0x3e, 0x01, 0x27, 0x2e, 0x01, 0x37, 
    0x36, 0x26, 0x27, 0x2e, 0x01, 0x37, 0x36, 0x26, 0x27, 0x2e, 0x01, 0x37, 
    0x36, 0x26, 0x27, 0x2e, 0x01, 0x37, 0x36, 0x26, 0x27, 0x2e, 0x01, 0x37, 
    0x36, 0x26, 0x27, 0x2e, 0x01, 0x37, 0x36, 0x26, 0x27, 0x2e, 0x01, 0x37, 
    0x36, 0x26, 0x27, 0x2e, 0x01, 0x37, 0x36, 0x26, 0x27, 0x2e, 0x01, 0x37, 
    0x36, 0x26, 0x27, 0x2e, 0x01, 0x37, 0x36, 0x26, 0x27, 0x2e, 0x01, 0x37, 
    0x36, 0x26, 0x27, 0x2e, 0x01, 0x37, 0x36, 0x26, 0x27, 0x2e, 0x01, 0x37, 
    0x36, 0x26, 0x27, 0x2e, 0x01, 0x37, 0x36, 0x26, 0x27, 0x2e, 0x01, 0x37, 
    0x36, 0x26, 0x27, 0x2e, 0x01, 0x37, 0x36, 0x26, 0x27, 0x2e, 0x01, 0x37, 
    0x36, 0x26, 0x27, 0x2e, 0x01, 0x37, 0x36, 0x26, 0x27, 0x2e, 0x01, 0x37, 
    0x36, 0x26, 0x27, 0x2e, 0x01, 0x37, 0x36, 0x26, 0x27, 0x2e, 0x01, 0x37, 
    0x36, 0x26, 0x27, 0x2e, 0x01, 0x37, 0x36, 0x26, 0x27, 0x2e, 0x01, 0x27, 
    0x2e, 0x01, 0x27, 0x2e, 0x01, 0x37, 0x36, 0x26, 0x27, 0x2e, 0x01, 0x37, 
    0x36, 0x26, 0x27, 0x2e, 0x01, 0x37, 0x36, 0x26, 0x27, 0x2e, 0x01, 0x27, 
    0x2e, 0x01, 0x27, 0x2e, 0x01, 0x37, 0x36, 0x26, 0x27, 0x2e, 0x01, 0x37, 
    0x36, 0x26, 0x27, 0x2e, 0x01, 0x37, 0x36, 0x26, 0x27, 0x2e, 0x01, 0x27, 
    0x36, 0x26, 0x27, 0x2e, 0x01, 0x37, 0x36, 0x26, 0x27, 0x2e, 0x01, 0x37, 
    0x36, 0x26, 0x27, 0x2e, 0x01, 0x37, 0x36, 0x26, 0x27, 0x2e, 0x01, 0x27, 
    0x2e, 0x01, 0x27, 0x2e, 0x01, 0x37, 0x36, 0x26, 0x27, 0x2e, 0x01, 0x37, 
    0x36, 0x26, 0x27, 0x2e, 0x01, 0x27, 0x2e, 0x01, 0x27, 0x2e, 0x01, 0x37, 
    0x36, 0x26, 0x27, 0x2e, 0x01, 0x37, 0x36, 0x26, 0x27, 0x2e, 0x01, 0x37, 
    0x36, 0x26, 0x27, 0x26, 0x06, 0x17, 0x16, 0x06, 0x27, 0x26, 0x06, 0x17, 
    0x16, 0x06, 0x27, 0x26, 0x06, 0x17, 0x16, 0x06, 0x27, 0x26, 0x06, 0x17, 
    0x16, 0x06, 0x27, 0x26, 0x06, 0x17, 0x16, 0x06, 0x27, 0x26, 0x06, 0x17, 
    0x16, 0x06, 0x27, 0x26, 0x06, 0x17, 0x16, 0x06, 0x27, 0x26, 0x06, 0x17, 
    0x16, 0x26, 0x27, 0x2e, 0x01, 0x27, 0x2e, 0x01, 0x37, 0x36, 0x26, 0x27, 
    0x2e, 0x01, 0x37, 0x36, 0x26, 0x27, 0x2e, 0x01, 0x27, 0x2e, 0x01, 0x27, 
    0x2e, 0x01, 0x37, 0x36, 0x26, 0x27, 0x2e, 0x01, 0x37, 0x36, 0x26, 0x27, 
    0x2e, 0x01, 0x37, 0x36, 0x26, 0x27, 0x2e, 0x01, 0x37, 0x36, 0x26, 0x27, 
    0x26, 0x06, 0x17, 0x16, 0x06, 0x27, 0x26, 0x06, 0x17, 0x16, 0x26, 0x27, 
    0x26, 0x06, 0x17, 0x16, 0x06, 0x27, 0x26, 0x06, 0x07, 0x0e, 0x01, 0x27, 
    0x26, 0x06, 0x17, 0x16, 0x06, 0x27, 0x26, 0x06, 0x17, 0x16, 0x06, 0x27, 
    0x26, 0x06, 0x17, 0x16, 0x06, 0x27, 0x26, 0x06, 0x17, 0x0e, 0x01, 0x27, 
    0x26, 0x06, 0x17, 0x16, 0x06, 0x27, 0x26, 0x06, 0x17, 0x16, 0x06, 0x27, 
    0x26, 0x06, 0x17, 0x16, 0x06, 0x27, 0x26, 0x06, 0x17, 0x16, 0x06, 0x27, 
    0x26, 0x06, 0x17, 0x16, 0x06, 0x27, 0x26, 0x06, 0x17, 0x16, 0x06, 0x27, 
    0x26, 0x06, 0x07, 0x0e, 0x01, 0x27, 0x26, 0x06, 0x17, 0x16, 0x06, 0x27, 
    0x26, 0x06, 0x17, 0x16, 0x06, 0x27, 0x26, 0x06, 0x17, 0x16, 0x06, 0x27, 
    0x26, 0x06, 0x17, 0x16, 0x06, 0x27, 0x26, 0x06, 0x17, 0x16, 0x06, 0x27, 
    0x26, 0x06, 0x17, 0x16, 0x06, 0x27, 0x26, 0x06, 0x17, 0x16, 0x06, 0x27, 
    0x26, 0x06, 0x17, 0x16, 0x06, 0x27, 0x26, 0x06, 0x17, 0x16, 0x06, 0x27, 
    0x26, 0x06, 0x17, 0x16, 0x06, 0x27, 0x26, 0x06, 0x17, 0x16, 0x06, 0x27, 
    0x26, 0x06, 0x17, 0x16, 0x06, 0x27, 0x26, 0x06, 0x17, 0x16, 0x06, 0x27, 
    0x26, 0x06, 0x17, 0x16, 0x06, 0x27, 0x26, 0x06, 0x17, 0x16, 0x06, 0x07, 
    0x0e, 0x01, 0x17, 0x16, 0x06, 0x27, 0x26, 0x06, 0x17, 0x16, 0x06, 0x27, 
    0x26, 0x06, 0x17, 0x16, 0x06, 0x27, 0x26, 0x06, 0x17, 0x16, 0x06, 0x27, 
    0x26, 0x06, 0x17, 0x16, 0x06, 0x27, 0x26, 0x06, 0x17, 0x16, 0x06, 0x27, 
    0x26, 0x06, 0x17, 0x16, 0x06, 0x27, 0x26, 0x06, 0x17, 0x16, 0x06, 0x27, 
    0x26, 0x06, 0x17, 0x16, 0x06, 0x27, 0x26, 0x06, 0x17, 0x16, 0x06, 0x27, 
    0x26, 0x06, 0x17, 0x16, 0x06, 0x07, 0x0e, 0x01, 0x17, 0x16, 0x06, 0x27, 
    0x26, 0x16, 0x17, 0x16, 0x06, 0x27, 0x26, 0x06, 0x17, 0x16, 0x06, 0x27, 
    0x26, 0x06, 0x17, 0x1e, 0x01, 0x37, 0x3e, 0x01, 0x17, 0x1e, 0x01, 0x37, 
    0x36, 0x16, 0x17, 0x1e, 0x01, 0x37, 0x36, 0x16, 0x17, 0x1e, 0x01, 0x37, 
    0x36, 0x16, 0x17, 0x1e, 0x01, 0x17, 0x1e, 0x01, 0x17, 0x1e, 0x01, 0x37, 
    0x36, 0x16, 0x17, 0x1e, 0x01, 0x37, 0x36, 0x16, 0x17, 0x1e, 0x01, 0x17, 
    0x1e, 0x01, 0x17, 0x16, 0x06, 0x27, 0x26, 0x06, 0x17, 0x1e, 0x01, 0x27, 
    0x26, 0x06, 0x17, 0x16, 0x06, 0x27, 0x26, 0x06, 0x17, 0x16, 0x06, 0x27, 
    0x26, 0x06, 0x17, 0x16, 0x06, 0x27, 0x26, 0x06, 0x17, 0x16, 0x06, 0x27, 
    0x26, 0x06, 0x17, 0x16, 0x06, 0x27, 0x26, 0x06, 0x17, 0x16, 0x26, 0x27, 
    0x26, 0x06, 0x17, 0x1e, 0x01, 0x37, 0x36, 0x16, 0x17, 0x1e, 0x01, 0x37, 
    0x36, 0x16, 0x17, 0x1e, 0x01, 0x37, 0x36, 0x16, 0x17, 0x1e, 0x01, 0x17, 
    0x1e, 0x01, 0x17, 0x1e, 0x01, 0x37, 0x36, 0x16, 0x17, 0x1e, 0x01, 0x37, 
    0x36, 0x16, 0x17, 0x1e, 0x01, 0x17, 0x1e, 0x01, 0x17, 0x1e, 0x01, 0x37, 
    0x36, 0x16, 0x17, 0x1e, 0x01, 0x37, 0x36, 0x16, 0x17, 0x1e, 0x01, 0x37, 
    0x36, 0x16, 0x17, 0x1e, 0x01, 0x17, 0x1e, 0x01, 0x17, 0x1e, 0x01, 0x37, 
    0x36, 0x16, 0x17, 0x1e, 0x01, 0x37, 0x36, 0x16, 0x17, 0x1e, 0x01, 0x37, 
    0x36, 0x16, 0x17, 0x1e, 0x01, 0x17, 0x1e, 0x01, 0x17, 0x1e, 0x01, 0x37, 
    0x36, 0x16, 0x17, 0x1e, 0x01, 0x37, 0x36, 0x16, 0x17, 0x1e, 0x01, 0x37, 
    0x36, 0x16, 0x17, 0x1e, 0x01, 0x17, 0x1e, 0x01, 0x17, 0x1e, 0x01, 0x37, 
    0x36, 0x16, 0x17, 0x1e, 0x01, 0x37, 0x36, 0x16, 0x17, 0x1e, 0x01, 0x37, 
    0x36, 0x16, 0x17, 0x1e, 0x01, 0x37, 0x36, 0x16, 0x17, 0x1e, 0x01, 0x37, 
    0x36, 0x16, 0x17, 0x1e, 0x01, 0x37, 0x36, 0x16, 0x17, 0x1e, 0x01, 0x37, 
    0x36, 0x16, 0x17, 0x1e, 0x01, 0x37, 0x36, 0x16, 0x17, 0x1e, 0x01, 0x37, 
    0x36, 0x16, 0x17, 0x1e, 0x01, 0x37, 0x36, 0x16, 0x17, 0x1e, 0x01, 0x37, 
    0x36, 0x16, 0x17, 0x1e, 0x01, 0x37, 0x36, 0x16, 0x17, 0x1e, 0x01, 0x37, 
    0x36, 0x16, 0x17, 0x1e, 0x01, 0x37, 0x36, 0x16, 0x17, 0x1e, 0x01, 0x37, 
    0x36, 0x16, 0x17, 0x1e, 0x01, 0x37, 0x36, 0x16, 0x17, 0x1e, 0x01, 0x37, 
    0x36, 0x16, 0x17, 0x1e, 0x01, 0x37, 0x36, 0x16, 0x17, 0x1e, 0x01, 0x37, 
    0x36, 0x16, 0x17, 0x1e, 0x01, 0x37, 0x36, 0x16, 0x17, 0x16, 0x36, 0x37, 
    0x36, 0x16, 0x17, 0x1e, 0x01, 0x37, 0x36, 0x16, 0x17, 0x1e, 0x01, 0x37, 
    0x3e, 0x01, 0x17, 0x1e, 0x01, 0x37, 0x36, 0x16, 0x17, 0x1e, 0x01, 0x37, 
    0x3e, 0x01, 0x01, 0x3e, 0x01, 0x37, 0x3e, 0x01, 0x37, 0x3e, 0x01, 0x37, 
    0x3e, 0x01, 0x37, 0x3e, 0x01, 0x27, 0x2e, 0x01, 0x37, 0x36, 0x26, 0x27, 
    0x2e, 0x01, 0x37, 0x36, 0x26, 0x27, 0x26, 0x06, 0x17, 0x16, 0x06, 0x27, 
    0x26, 0x06, 0x17, 0x16, 0x06, 0x27, 0x26, 0x06, 0x17, 0x1e, 0x01, 0x37, 
    0x36, 0x16, 0x17, 0x1e, 0x01, 0x37, 0x36, 0x16, 0x17, 0x1e, 0x01, 0x37, 
    0x36, 0x16, 0x17, 0x1e, 0x01, 0x37, 0x3e, 0x01, 0x25, 0x3e, 0x01, 0x37, 
    0x3e, 0x01, 0x37, 0x3e, 0x01, 0x37, 0x3e, 0x01, 0x37, 0x3e, 0x01, 0x27, 
    0x2e, 0x01, 0x27, 0x2e, 0x01, 0x37, 0x36, 0x26, 0x27, 0x2e, 0x01, 0x37, 
    0x36, 0x26, 0x27, 0x26, 0x06, 0x17, 0x16, 0x06, 0x27, 0x26, 0x06, 0x17, 
    0x16, 0x06, 0x07, 0x06, 0x16, 0x17, 0x1e, 0x01, 0x37, 0x36, 0x16, 0x17, 
    0x1e, 0x01, 0x37, 0x36, 0x16, 0x17, 0x1e, 0x01, 0x37, 0x36, 0x16, 0x17, 
    0x1e, 0x01, 0x37, 0x3e, 0x01, 0x25, 0x3e, 0x01, 0x37, 0x3e, 0x01, 0x37, 
    0x3e, 0x01, 0x37, 0x3e, 0x01, 0x37, 0x3e, 0x01, 0x37, 0x3e, 0x01, 0x37, 
    0x3e, 0x01, 0x37, 0x3e, 0x01, 0x37, 0x3e, 0x01, 0x37, 0x3e, 0x01, 0x37, 
    0x3e, 0x01, 0x37, 0x3e, 0x01, 0x37, 0x3e, 0x01, 0x37, 0x3e, 0x01, 0x37, 
    0x3e, 0x01, 0x37, 0x3e, 0x01, 0x37, 0x3e, 0x01, 0x37, 0x3e, 0x01, 0x37, 
    0x3e, 0x01, 0x37, 0x3e, 0x01, 0x37, 0x3e, 0x01, 0x37, 0x3e, 0x01, 0x37, 
    0x3e, 0x01, 0x37, 0x3e, 0x01, 0x37, 0x3e, 0x01, 0x37, 0x3e, 0x01, 0x37, 
    0x3e, 0x01, 0x37, 0x3e, 0x01, 0x37, 0x3e, 0x01, 0x37, 0x3e, 0x01, 0x37, 
    0x3e, 0x01, 0x37, 0x3e, 0x01, 0x37, 0x3e, 0x01, 0x37, 0x3e, 0x01, 0x37, 
    0x3e, 0x01, 0x37, 0x3e, 0x01, 0x37, 0x3e, 0x01, 0x37, 0x3e, 0x01, 0x37, 
    0x3e, 0x01, 0x37, 0x3e, 0x01, 0x37, 0x3e, 0x01, 0x37, 0x3e, 0x01, 0x37, 
    0x3e, 0x01, 0x37, 0x3e, 0x01, 0x37, 0x3e, 0x01, 0x37, 0x3e, 0x01, 0x37, 
    0x3e, 0x01, 0x37, 0x3e, 0x01, 0x37, 0x3e, 0x01, 0x37, 0x3e, 0x01, 0x37, 
    0x3e, 0x01, 0x37, 0x3e, 0x01, 0x37, 0x3e, 0x01, 0x37, 0x3e, 0x01, 0x37, 
    0x3e, 0x01, 0x37, 0x3e, 0x01, 0x37, 0x3e, 0x01, 0x37, 0x3e, 0x01, 0x37, 
    0x3e, 0x01, 0x37, 0x3e, 0x01, 0x37, 0x3e, 0x01, 0x37, 0x3e, 0x01, 0x37, 
    0x3e, 0x01, 0x37, 0x3e, 0x01, 0x37, 0x3e, 0x01, 0x37, 0x3e, 0x01, 0x37, 
    0x3e, 0x01, 0x37, 0x3e, 0x01, 0x37, 0x3e, 0x01, 0x37, 0x3e, 0x01, 0x37, 
    0x3e, 0x01, 0x37, 0x3e, 0x01, 0x37, 0x3e, 0x01, 0x37, 0x3e, 0x01, 0x37, 
    0x3e, 0x01, 0x37, 0x3e, 0x01, 0x37, 0x3e, 0x01, 0x37, 0x3e, 0x01, 0x37, 
    0x3e, 0x01, 0x37, 0x3e, 0x01, 0x37, 0x3e, 0x01, 0x37, 0x3e, 0x01, 0x37, 
    0x3e, 0x01, 0x37, 0x3e, 0x01, 0x37, 0x3e, 0x01, 0x3f, 0x03, 0x27, 0x26, 
    0x06, 0x07, 0x0e, 0x01, 0x27, 0x26, 0x06, 0x17, 0x16, 0x06, 0x27, 0x26, 
    0x06, 0x17, 0x16, 0x06, 0x27, 0x26, 0x06, 0x17, 0x16, 0x06, 0x27, 0x26, 
    0x06, 0x07, 0x0e, 0x01, 0x27, 0x26, 0x06, 0x17, 0x16, 0x06, 0x27, 0x26, 
    0x06, 0x17, 0x16, 0x06, 0x27, 0x26, 0x06, 0x17, 0x16, 0x06, 0x27, 0x26, 
    0x06, 0x07, 0x0e, 0x01, 0x27, 0x26, 0x06, 0x17, 0x16, 0x06, 0x27, 0x26, 
    0x06, 0x17, 0x16, 0x06, 0x27, 0x26, 0x06, 0x17, 0x16, 0x06, 0x27, 0x26, 
    0x06, 0x17, 0x16, 0x06, 0x27, 0x26, 0x06, 0x17, 0x16, 0x06, 0x27, 0x26, 
    0x06, 0x07, 0x0e, 0x01, 0x27, 0x26, 0x06, 0x17, 0x16, 0x06, 0x27, 0x26, 
    0x06, 0x17, 0x16, 0x06, 0x27, 0x26, 0x06, 0x17, 0x16, 0x06, 0x27, 0x26, 
    0x06, 0x07, 0x0e, 0x01, 0x27, 0x26, 0x06, 0x17, 0x16, 0x06, 0x27, 0x26, 
    0x06, 0x17, 0x16, 0x06, 0x27, 0x26, 0x06, 0x17, 0x16, 0x06, 0x27, 0x26, 
    0x06, 0x17, 0x16, 0x06, 0x27, 0x26, 0x06, 0x17, 0x16, 0x06, 0x27, 0x26, 
    0x06, 0x17, 0x16, 0x06, 0x27, 0x26, 0x06, 0x17, 0x16, 0x06, 0x27, 0x26, 
    0x06, 0x17, 0x16, 0x06, 0x27, 0x26, 0x06, 0x17, 0x16, 0x06, 0x07, 0x0e, 
    0x01, 0x17, 0x16, 0x06, 0x27, 0x26, 0x06, 0x17, 0x16, 0x06, 0x27, 0x26, 
    0x06, 0x17, 0x16, 0x06, 0x27, 0x26, 0x06, 0x17, 0x16, 0x06, 0x27, 0x0e, 
    0x01, 0x17, 0x16, 0x06, 0x27, 0x26, 0x06, 0x17, 0x16, 0x06, 0x27, 0x26, 
    0x06, 0x17, 0x16, 0x06, 0x27, 0x26, 0x06, 0x17, 0x16, 0x06, 0x27, 0x26, 
    0x06, 0x17, 0x16, 0x06, 0x27, 0x26, 0x06, 0x17, 0x16, 0x06, 0x07, 0x0e, 
    0x01, 0x17, 0x16, 0x06, 0x27, 0x26, 0x06, 0x17, 0x16, 0x06, 0x27, 0x26, 
    0x06, 0x17, 0x16, 0x06, 0x27, 0x26, 0x06, 0x17, 0x16, 0x06, 0x07, 0x0e, 
    0x01, 0x17, 0x16, 0x06, 0x27, 0x26, 0x06, 0x17, 0x16, 0x06, 0x27, 0x26, 
    0x06, 0x17, 0x16, 0x06, 0x27, 0x26, 0x06, 0x17, 0x16, 0x06, 0x07, 0x0e, 
    0x01, 0x1f, 0x01, 0x3f, 0x01, 0x25, 0x36, 0x26, 0x27, 0x2e, 0x01, 0x37, 
    0x36, 0x26, 0x27, 0x2e, 0x01, 0x37, 0x36, 0x26, 0x27, 0x2e, 0x01, 0x37, 
    0x36, 0x26, 0x27, 0x2e, 0x01, 0x37, 0x36, 0x26, 0x27, 0x2e, 0x01, 0x37, 
    0x36, 0x26, 0x27, 0x2e, 0x01, 0x37, 0x36, 0x26, 0x27, 0x2e, 0x01, 0x37, 
    0x36, 0x26, 0x27, 0x2e, 0x01, 0x37, 0x36, 0x26, 0x27, 0x2e, 0x01, 0x37, 
    0x36, 0x26, 0x27, 0x2e, 0x01, 0x37, 0x36, 0x26, 0x27, 0x2e, 0x01, 0x37, 
    0x36, 0x26, 0x27, 0x2e, 0x01, 0x37, 0x36, 0x26, 0x27, 0x2e, 0x01, 0x37, 
    0x36, 0x26, 0x27, 0x2e, 0x01, 0x37, 0x36, 0x26, 0x27, 0x2e, 0x01, 0x37, 
    0x36, 0x26, 0x27, 0x2e, 0x01, 0x37, 0x36, 0x26, 0x27, 0x2e, 0x01, 0x37, 
    0x36, 0x26, 0x27, 0x2e, 0x01, 0x37, 0x36, 0x26, 0x27, 0x2e, 0x01, 0x37, 
    0x36, 0x26, 0x27, 0x2e, 0x01, 0x37, 0x36, 0x26, 0x27, 0x2e, 0x01, 0x37, 
    0x36, 0x26, 0x27, 0x2e, 0x01, 0x37, 0x36, 0x26, 0x27, 0x2e, 0x01, 0x37, 
    0x36, 0x26, 0x27, 0x2e, 0x01, 0x37, 0x36, 0x26, 0x27, 0x2e, 0x01, 0x37, 
    0x36, 0x26, 0x27, 0x2e, 0x01, 0x37, 0x36, 0x26, 0x27, 0x2e, 0x01, 0x37, 
    0x36, 0x26, 0x27, 0x2e, 0x01, 0x37, 0x36, 0x26, 0x27, 0x2e, 0x01, 0x37, 
    0x36, 0x26, 0x27, 0x2e, 0x01, 0x27, 0x2e, 0x01, 0x27, 0x2e, 0x01, 0x37, 
    0x36, 0x26, 0x27, 0x2e, 0x01, 0x37, 0x36, 0x26, 0x27, 0x2e, 0x01, 0x37, 
    0x36, 0x26, 0x27, 0x2e, 0x01, 0x27, 0x2e, 0x01, 0x27, 0x2e, 0x01, 0x37, 
    0x36, 0x26, 0x27, 0x2e, 0x01, 0x37, 0x36, 0x26, 0x27, 0x2e, 0x01, 0x37, 
    0x36, 0x26, 0x27, 0x2e, 0x01, 0x37, 0x36, 0x26, 0x27, 0x2e, 0x01, 0x27, 
    0x2e, 0x01, 0x27, 0x2e, 0x01, 0x37, 0x36, 0x26, 0x27, 0x2e, 0x01, 0x37, 
    0x36, 0x26, 0x27, 0x2e, 0x01, 0x37, 0x36, 0x26, 0x27, 0x2e, 0x01, 0x27, 
    0x36, 0x26, 0x27, 0x2e, 0x01, 0x27, 0x2e, 0x01, 0x27, 0x2e, 0x01, 0x37, 
    0x36, 0x26, 0x27, 0x2e, 0x01, 0x37, 0x36, 0x26, 0x27, 0x2e, 0x01, 0x27, 
    0x2e, 0x01, 0x2f, 0x01, 0x1f, 0x01, 0x37, 0x36, 0x16, 0x17, 0x16, 0x36, 
    0x37, 0x36, 0x16, 0x17, 0x1e, 0x01, 0x37, 0x36, 0x16, 0x17, 0x1e, 0x01, 
    0x37, 0x36, 0x16, 0x17, 0x1e, 0x01, 0x37, 0x36, 0x16, 0x17, 0x1e, 0x01, 
    0x37, 0x36, 0x16, 0x17, 0x1e, 0x01, 0x37, 0x36, 0x16, 0x17, 0x1e, 0x01, 
    0x37, 0x36, 0x16, 0x17, 0x1e, 0x01, 0x37, 0x36, 0x16, 0x17, 0x1e, 0x01, 
    0x37, 0x36, 0x16, 0x17, 0x1e, 0x01, 0x37, 0x36, 0x16, 0x17, 0x1e, 0x01, 
    0x37, 0x36, 0x16, 0x17, 0x1e, 0x01, 0x37, 0x36, 0x16, 0x17, 0x1e, 0x01, 
    0x37, 0x36, 0x16, 0x17, 0x1e, 0x01, 0x37, 0x36, 0x16, 0x17, 0x1e, 0x01, 
    0x37, 0x36, 0x16, 0x17, 0x1e, 0x01, 0x37, 0x36, 0x16, 0x17, 0x1e, 0x01, 
    0x37, 0x36, 0x16, 0x17, 0x1e, 0x01, 0x37, 0x36, 0x16, 0x17, 0x1e, 0x01, 
    0x37, 0x1e, 0x01, 0x17, 0x1e, 0x01, 0x37, 0x36, 0x16, 0x17, 0x1e, 0x01, 
    0x37, 0x36, 0x16, 0x17, 0x1e, 0x01, 0x37, 0x36, 0x16, 0x17, 0x1e, 0x01, 
    0x37, 0x36, 0x16, 0x17, 0x1e, 0x01, 0x37, 0x36, 0x16, 0x17, 0x1e, 0x01, 
    0x37, 0x36, 0x16, 0x17, 0x1e, 0x01, 0x37, 0x36, 0x16, 0x17, 0x1e, 0x01, 
    0x37, 0x36, 0x16, 0x17, 0x1e, 0x01, 0x37, 0x36, 0x16, 0x17, 0x1e, 0x01, 
    0x37, 0x36, 0x16, 0x17, 0x1e, 0x01, 0x17, 0x1e, 0x01, 0x17, 0x1e, 0x01, 
    0x37, 0x36, 0x16, 0x17, 0x1e, 0x01, 0x37, 0x36, 0x16, 0x17, 0x1e, 0x01, 
    0x37, 0x36, 0x16, 0x17, 0x1e, 0x01, 0x37, 0x36, 0x16, 0x17, 0x1e, 0x01, 
    0x37, 0x36, 0x16, 0x17, 0x1e, 0x01, 0x37, 0x36, 0x16, 0x17, 0x1e, 0x01, 
    0x37, 0x36, 0x16, 0x17, 0x1e, 0x01, 0x37, 0x36, 0x16, 0x17, 0x1e, 0x01, 
    0x37, 0x36, 0x16, 0x17, 0x1e, 0x01, 0x37, 0x36, 0x16, 0x17, 0x1e, 0x01, 
    0x37, 0x36, 0x16, 0x17, 0x1e, 0x01, 0x37, 0x36, 0x16, 0x17, 0x1e, 0x01, 
    0x37, 0x36, 0x16, 0x17, 0x1e, 0x01, 0x37, 0x36, 0x16, 0x17, 0x1e, 0x01, 
    0x37, 0x36, 0x16, 0x17, 0x1e, 0x01, 0x37, 0x1e, 0x01, 0x17, 0x1e, 0x01, 
    0x37, 0x36, 0x16, 0x1f, 0x01, 0x3f, 0x01, 0x01, 0x3e, 0x01, 0x37, 0x3e, 
    0x01, 0x37, 0x3e, 0x01, 0x37, 0x3e, 0x01, 0x37, 0x36, 0x26, 0x27, 0x2e, 
    0x01, 0x37, 0x36, 0x26, 0x27, 0x2e, 0x01, 0x37, 0x36, 0x26, 0x27, 0x26, 
    0x06, 0x17, 0x16, 0x06, 0x27, 0x26, 0x06, 0x17, 0x16, 0x06, 0x27, 0x26, 
    0x06, 0x17, 0x1e, 0x01, 0x37, 0x36, 0x16, 0x17, 0x1e, 0x01, 0x37, 0x36, 
    0x16, 0x17, 0x1e, 0x01, 0x37, 0x3e, 0x01, 0x03, 0x36, 0x26, 0x27, 0x2e, 
    0x01, 0x37, 0x36, 0x26, 0x27, 0x2e, 0x01, 0x37, 0x36, 0x26, 0x27, 0x2e, 
    0x01, 0x27, 0x2e, 0x01, 0x27, 0x2e, 0x01, 0x37, 0x36, 0x26, 0x27, 0x2e, 
    0x01, 0x37, 0x36, 0x26, 0x27, 0x2e, 0x01, 0x37, 0x36, 0x26, 0x27, 0x2e, 
    0x01, 0x37, 0x36, 0x26, 0x27, 0x2e, 0x01, 0x37, 0x36, 0x26, 0x27, 0x2e, 
    0x01, 0x37, 0x36, 0x26, 0x27, 0x2e, 0x01, 0x37, 0x36, 0x26, 0x27, 0x2e, 
    0x01, 0x37, 0x36, 0x26, 0x27, 0x2e, 0x01, 0x37, 0x36, 0x26, 0x27, 0x2e, 
    0x01, 0x37, 0x36, 0x26, 0x27, 0x2e, 0x01, 0x37, 0x36, 0x26, 0x27, 0x2e, 
    0x01, 0x37, 0x3e, 0x01, 0x37, 0x3e, 0x01, 0x37, 0x3e, 0x01, 0x37, 0x3e, 
    0x01, 0x37, 0x3e, 0x01, 0x37, 0x3e, 0x01, 0x37, 0x3e, 0x01, 0x37, 0x3e, 
    0x01, 0x37, 0x3e, 0x01, 0x37, 0x3e, 0x01, 0x37, 0x3e, 0x01, 0x37, 0x3e, 
    0x01, 0x37, 0x3e, 0x01, 0x37, 0x3e, 0x01, 0x37, 0x3e, 0x01, 0x37, 0x3e, 
    0x01, 0x37, 0x3e, 0x01, 0x37, 0x3e, 0x01, 0x37, 0x3e, 0x01, 0x37, 0x3e, 
    0x01, 0x37, 0x3e, 0x01, 0x37, 0x3e, 0x01, 0x37, 0x3e, 0x01, 0x37, 0x3e, 
    0x01, 0x37, 0x3e, 0x01, 0x37, 0x3e, 0x01, 0x37, 0x3e, 0x01, 0x37, 0x3e, 
    0x01, 0x37, 0x3e, 0x01, 0x37, 0x3e, 0x01, 0x37, 0x3e, 0x01, 0x37, 0x36, 
    0x16, 0x17, 0x1e, 0x01, 0x37, 0x3e, 0x01, 0x17, 0x1e, 0x01, 0x37, 0x36, 
    0x16, 0x17, 0x1e, 0x01, 0x37, 0x36, 0x16, 0x17, 0x1e, 0x01, 0x37, 0x36, 
    0x16, 0x17, 0x1e, 0x01, 0x37, 0x36, 0x16, 0x17, 0x1e, 0x01, 0x37, 0x36, 
    0x16, 0x17, 0x1e, 0x01, 0x37, 0x36, 0x16, 0x17, 0x1e, 0x01, 0x37, 0x36, 
    0x16, 0x17, 0x1e, 0x01, 0x37, 0x36, 0x16, 0x17, 0x1e, 0x01, 0x37, 0x36, 
    0x16, 0x17, 0x1e, 0x01, 0x17, 0x1e, 0x01, 0x17, 0x1e, 0x01, 0x37, 0x36, 
    0x16, 0x17, 0x1e, 0x01, 0x37, 0x36, 0x16, 0x17, 0x1e, 0x01, 0x37, 0x36, 
    0x16, 0x17, 0x16, 0x06, 0x27, 0x26, 0x06, 0x17, 0x16, 0x06, 0x27, 0x26, 
    0x06, 0x17, 0x16, 0x06, 0x27, 0x26, 0x06, 0x17, 0x16, 0x06, 0x27, 0x0e, 
    0x01, 0x17, 0x16, 0x06, 0x27, 0x26, 0x06, 0x17, 0x16, 0x06, 0x27, 0x26, 
    0x06, 0x17, 0x16, 0x06, 0x27, 0x26, 0x06, 0x17, 0x16, 0x06, 0x27, 0x26, 
    0x06, 0x17, 0x16, 0x06, 0x27, 0x26, 0x06, 0x17, 0x16, 0x06, 0x27, 0x26, 
    0x06, 0x17, 0x16, 0x06, 0x27, 0x26, 0x06, 0x07, 0x0e, 0x01, 0x27, 0x26, 
    0x06, 0x17, 0x16, 0x06, 0x27, 0x26, 0x06, 0x17, 0x16, 0x06, 0x27, 0x26, 
    0x06, 0x17, 0x16, 0x26, 0x27, 0x2e, 0x01, 0x37, 0x3e, 0x01, 0x37, 0x3e, 
    0x01, 0x37, 0x3e, 0x01, 0x37, 0x3e, 0x01, 0x37, 0x3e, 0x01, 0x37, 0x3e, 
    0x01, 0x37, 0x3e, 0x01, 0x37, 0x3e, 0x01, 0x37, 0x3e, 0x01, 0x37, 0x3e, 
    0x01, 0x37, 0x3e, 0x01, 0x37, 0x3e, 0x01, 0x37, 0x3e, 0x01, 0x37, 0x3e, 
    0x01, 0x37, 0x3e, 0x01, 0x37, 0x3e, 0x01, 0x37, 0x3e, 0x01, 0x37, 0x3e, 
    0x01, 0x37, 0x3e, 0x01, 0x37, 0x3e, 0x01, 0x37, 0x3e, 0x01, 0x37, 0x3e, 
    0x01, 0x37, 0x3e, 0x01, 0x37, 0x3e, 0x01, 0x37, 0x36, 0x26, 0x27, 0x2e, 
    0x01, 0x37, 0x36, 0x26, 0x27, 0x2e, 0x01, 0x37, 0x36, 0x26, 0x27, 0x2e, 
    0x01, 0x37, 0x36, 0x26, 0x27, 0x2e, 0x01, 0x37, 0x36, 0x26, 0x27, 0x2e, 
    0x01, 0x37, 0x36, 0x26, 0x27, 0x2e, 0x01, 0x37, 0x36, 0x26, 0x27, 0x2e, 
    0x01, 0x37, 0x36, 0x26, 0x27, 0x2e, 0x01, 0x37, 0x36, 0x26, 0x27, 0x2e, 
    0x01, 0x37, 0x36, 0x26, 0x27, 0x2e, 0x01, 0x37, 0x36, 0x26, 0x27, 0x2e, 
    0x01, 0x37, 0x2e, 0x01, 0x27, 0x2e, 0x01, 0x37, 0x36, 0x26, 0x27, 0x26, 
    0x06, 0x17, 0x16, 0x06, 0x27, 0x26, 0x06, 0x07, 0x0e, 0x01, 0x27, 0x26, 
    0x06, 0x17, 0x16, 0x06, 0x27, 0x26, 0x06, 0x17, 0x16, 0x06, 0x27, 0x26, 
    0x06, 0x17, 0x16, 0x06, 0x27, 0x26, 0x06, 0x17, 0x16, 0x06, 0x27, 0x26, 
    0x06, 0x17, 0x16, 0x06, 0x27, 0x26, 0x06, 0x17, 0x16, 0x06, 0x27, 0x26, 
    0x06, 0x17, 0x16, 0x06, 0x07, 0x0e, 0x01, 0x17, 0x16, 0x06, 0x27, 0x26, 
    0x06, 0x17, 0x1e, 0x01, 0x37, 0x36, 0x16, 0x17, 0x1e, 0x01, 0x17, 0x1e, 
    0x01, 0x17, 0x1e, 0x01, 0x37, 0x36, 0x16, 0x17, 0x1e, 0x01, 0x37, 0x36, 
    0x16, 0x17, 0x1e, 0x01, 0x37, 0x36, 0x16, 0x17, 0x1e, 0x01, 0x37, 0x36, 
    0x16, 0x17, 0x1e, 0x01, 0x37, 0x36, 0x16, 0x17, 0x1e, 0x01, 0x37, 0x36, 
    0x16, 0x17, 0x1e, 0x01, 0x37, 0x36, 0x16, 0x17, 0x1e, 0x01, 0x37, 0x36, 
    0x16, 0x17, 0x1e, 0x01, 0x37, 0x36, 0x16, 0x17, 0x1e, 0x01, 0x37, 0x36, 
    0x16, 0x17, 0x16, 0x36, 0x37, 0x3e, 0x01, 0x27, 0x36, 0x26, 0x27, 0x2e, 
    0x01, 0x37, 0x36, 0x26, 0x27, 0x2e, 0x01, 0x37, 0x36, 0x26, 0x27, 0x2e, 
    0x01, 0x37, 0x36, 0x26, 0x27, 0x2e, 0x01, 0x37, 0x36, 0x26, 0x27, 0x2e, 
    0x01, 0x37, 0x36, 0x26, 0x27, 0x2e, 0x01, 0x37, 0x36, 0x26, 0x27, 0x2e, 
    0x01, 0x37, 0x36, 0x26, 0x27, 0x2e, 0x01, 0x37, 0x36, 0x26, 0x27, 0x26, 
    0x36, 0x37, 0x3e, 0x01, 0x37, 0x3e, 0x01, 0x37, 0x3e, 0x01, 0x37, 0x3e, 
    0x01, 0x37, 0x3e, 0x01, 0x37, 0x3e, 0x01, 0x37, 0x3e, 0x01, 0x37, 0x3e, 
    0x01, 0x37, 0x3e, 0x01, 0x37, 0x3e, 0x01, 0x37, 0x3e, 0x01, 0x37, 0x3e, 
    0x01, 0x37, 0x3e, 0x01, 0x37, 0x3e, 0x01, 0x37, 0x3e, 0x01, 0x37, 0x3e, 
    0x01, 0x37, 0x3e, 0x01, 0x37, 0x3e, 0x01, 0x37, 0x3e, 0x01, 0x37, 0x36, 
    0x16, 0x17, 0x1e, 0x01, 0x37, 0x36, 0x16, 0x17, 0x1e, 0x01, 0x37, 0x36, 
    0x16, 0x17, 0x1e, 0x01, 0x37, 0x36, 0x16, 0x17, 0x1e, 0x01, 0x37, 0x36, 
    0x16, 0x17, 0x1e, 0x01, 0x37, 0x36, 0x16, 0x17, 0x1e, 0x01, 0x37, 0x36, 
    0x16, 0x17, 0x1e, 0x01, 0x37, 0x36, 0x16, 0x17, 0x1e, 0x01, 0x37, 0x36, 
    0x16, 0x17, 0x1e, 0x01, 0x37, 0x36, 0x16, 0x17, 0x1e, 0x01, 0x27, 0x26, 
    0x06, 0x17, 0x16, 0x06, 0x27, 0x26, 0x06, 0x17, 0x16, 0x06, 0x27, 0x26, 
    0x06, 0x17, 0x16, 0x06, 0x27, 0x26, 0x06, 0x17, 0x16, 0x06, 0x27, 0x26, 
    0x06, 0x17, 0x16, 0x06, 0x27, 0x26, 0x06, 0x17, 0x16, 0x06, 0x27, 0x26, 
    0x06, 0x17, 0x16, 0x06, 0x27, 0x26, 0x06, 0x17, 0x16, 0x06, 0x27, 0x26, 
    0x06, 0x17, 0x16, 0x06, 0x27, 0x2e, 0x01, 0x37, 0x3e, 0x01, 0x37, 0x3e, 
    0x01, 0x37, 0x3e, 0x01, 0x37, 0x3e, 0x01, 0x37, 0x3e, 0x01, 0x37, 0x3e, 
    0x01, 0x37, 0x36, 0x26, 0x27, 0x2e, 0x01, 0x37, 0x3e, 0x01, 0x27, 0x2e, 
    0x01, 0x37, 0x2e, 0x01, 0x27, 0x2e, 0x01, 0x37, 0x36, 0x26, 0x27, 0x26, 
    0x06, 0x17, 0x16, 0x06, 0x27, 0x26, 0x06, 0x17, 0x16, 0x06, 0x27, 0x26, 
    0x06, 0x07, 0x16, 0x06, 0x27, 0x06, 0x16, 0x17, 0x16, 0x06, 0x27, 0x26, 
    0x06, 0x17, 0x1e, 0x01, 0x37, 0x36, 0x16, 0x17, 0x1e, 0x01, 0x17, 0x1e, 
    0x01, 0x17, 0x1e, 0x01, 0x37, 0x36, 0x16, 0x17, 0x1e, 0x01, 0x37, 0x3e, 
    0x01, 0x03, 0xc4, 0x00, 0x03, 0x04, 0x03, 0x03, 0x00, 0x00, 0x02, 0x02, 
    0x02, 0x01, 0x00, 0x00, 0x02, 0x02, 0x03, 0x01, 0x00, 0x00, 0x01, 0x03, 
    0x02, 0x01, 0x00, 0x00, 0x01, 0x02, 0x01, 0x01, 0x00, 0x00, 0x01, 0x03, 
    0x03, 0x01, 0x00, 0x00, 0x06, 0x04, 0x03, 0x01, 0x01, 0x04, 0x0a, 0x0a, 
    0x03, 0x00, 0x00, 0x04, 0x0c, 0x0a, 0x07, 0x00, 0x00, 0x07, 0x0a, 0x0e, 
    0x04, 0x00, 0x00, 0x03, 0x0a, 0x0b, 0x03, 0x00, 0x00, 0x03, 0x05, 0x04, 
    0x03, 0x00, 0x00, 0x03, 0x07, 0x05, 0x05, 0x00, 0x00, 0x04, 0x05, 0x05, 
    0x04, 0x01, 0x01, 0x04, 0x04, 0x04, 0x03, 0x00, 0x00, 0x02, 0x04, 0x04, 
    0x02, 0x00, 0x00, 0x03, 0x05, 0x04, 0x03, 0x00, 0x00, 0x04, 0x05, 0x06, 
    0x03, 0x01, 0x01, 0x02, 0x02, 0x02, 0x02, 0x00, 0x00, 0x02, 0x04, 0x04, 
    0x02, 0x00, 0x00, 0x03, 0x05, 0x04, 0x03, 0x00, 0x00, 0x03, 0x02, 0x03, 
    0x03, 0x01, 0x01, 0x02, 0x02, 0x02, 0x01, 0x00, 0x00, 0x03, 0x04, 0x03, 
    0x03, 0x01, 0x01, 0x03, 0x04, 0x03, 0x03, 0x00, 0x00, 0x01, 0x01, 0x02, 
    0x04, 0x03, 0x03, 0x05, 0x03, 0x03, 0x02, 0x00, 0x00, 0x03, 0x04, 0x05, 
    0x02, 0x01, 0x00, 0x02, 0x04, 0x04, 0x03, 0x00, 0x00, 0x01, 0x02, 0x02, 
    0x02, 0x00, 0x00, 0x02, 0x02, 0x02, 0x01, 0x00, 0x00, 0x07, 0x07, 0x04, 
    0x02, 0x00, 0x00, 0x03, 0x04, 0x03, 0x03, 0x00, 0x00, 0x01, 0x06, 0x05, 
    0x03, 0x00, 0x00, 0x02, 0x02, 0x02, 0x01, 0x00, 0x00, 0x01, 0x06, 0x03, 
    0x03, 0x00, 0x00, 0x02, 0x02, 0x02, 0x01, 0x00, 0x00, 0x02, 0x02, 0x02, 
    0x02, 0x00, 0x00, 0x05, 0x05, 0x01, 0x01, 0x00, 0x00, 0x02, 0x02, 0x02, 
    0x02, 0x00, 0x00, 0x01, 0x03, 0x02, 0x01, 0x00, 0x00, 0x02, 0x05, 0x05, 
    0x01, 0x00, 0x00, 0x01, 0x02, 0x03, 0x01, 0x00, 0x00, 0x03, 0x03, 0x04, 
    0x03, 0x00, 0x00, 0x01, 0x02, 0x03, 0x01, 0x00, 0x00, 0x02, 0x02, 0x02, 
    0x02, 0x00, 0x00, 0x01, 0x02, 0x02, 0x02, 0x00, 0x00, 0x01, 0x02, 0x01, 
    0x01, 0x00, 0x00, 0x02, 0x02, 0x02, 0x02, 0x00, 0x00, 0x01, 0x02, 0x03, 
    0x01, 0x00, 0x00, 0x02, 0x02, 0x02, 0x02, 0x00, 0x00, 0x01, 0x01, 0x01, 
    0x02, 0x00, 0x00, 0x01, 0x02, 0x03, 0x01, 0x00, 0x00, 0x01, 0x03, 0x02, 
    0x02, 0x00, 0x00, 0x01, 0x02, 0x03, 0x01, 0x00, 0x00, 0x01, 0x02, 0x01, 
    0x01, 0x00, 0x00, 0x01, 0x03, 0x03, 0x01, 0x00, 0x00, 0x01, 0x02, 0x03, 
    0x01, 0x00, 0x00, 0x01, 0x03, 0x03, 0x01, 0x00, 0x00, 0x01, 0x01, 0x01, 
    0x02, 0x00, 0x00, 0x00, 0x03, 0x03, 0x01, 0x00, 0x00, 0x01, 0x03, 0x03, 
    0x00, 0x00, 0x00, 0x02, 0x02, 0x02, 0x02, 0x00, 0x00, 0x4f, 0x44, 0x0a, 
    0x00, 0x00, 0x03, 0x07, 0x06, 0x04, 0x00, 0x00, 0x02, 0x02, 0x02, 0x02, 
    0x00, 0x00, 0x02, 0x03, 0x06, 0x09, 0x00, 0x00, 0x01, 0x02, 0x02, 0x02, 
    0x00, 0x00, 0x02, 0x02, 0x02, 0x02, 0x00, 0x00, 0x01, 0x03, 0x04, 0x00, 
    0x00, 0x00, 0x09, 0x05, 0x05, 0x02, 0x01, 0x01, 0x00, 0x00, 0x09, 0x06, 
    0x03, 0x02, 0x00, 0x00, 0x02, 0x02, 0x02, 0x02, 0x00, 0x00, 0x04, 0x06, 
    0x07, 0x03, 0x00, 0x00, 0x0a, 0x44, 0x4f, 0x00, 0x00, 0x02, 0x02, 0x02, 
    0x02, 0x00, 0x00, 0x00, 0x03, 0x03, 0x01, 0x00, 0x00, 0x01, 0x03, 0x03, 
    0x00, 0x00, 0x00, 0x02, 0x01, 0x01, 0x01, 0x00, 0x00, 0x01, 0x03, 0x03, 
    0x01, 0x00, 0x00, 0x01, 0x03, 0x02, 0x01, 0x00, 0x00, 0x01, 0x03, 0x03, 
    0x01, 0x00, 0x00, 0x01, 0x01, 0x02, 0x01, 0x00, 0x00, 0x02, 0x02, 0x02, 
    0x01, 0x00, 0x00, 0x02, 0x02, 0x03, 0x01, 0x00, 0x00, 0x01, 0x03, 0x02, 
    0x01, 0x00, 0x00, 0x02, 0x05, 0x03, 0x03, 0x00, 0x00, 0x01, 0x03, 0x02, 
    0x01, 0x00, 0x00, 0x02, 0x02, 0x02, 0x02, 0x00, 0x00, 0x01, 0x01, 0x02, 
    0x01, 0x00, 0x00, 0x02, 0x02, 0x02, 0x01, 0x00, 0x00, 0x02, 0x02, 0x02, 
    0x02, 0x00, 0x00, 0x01, 0x03, 0x02, 0x01, 0x00, 0x00, 0x03, 0x04, 0x03, 
    0x03, 0x00, 0x00, 0x01, 0x02, 0x02, 0x02, 0x01, 0x00, 0x02, 0x04, 0x04, 
    0x02, 0x00, 0x00, 0x01, 0x02, 0x03, 0x01, 0x00, 0x00, 0x01, 0x02, 0x04, 
    0x0d, 0x00, 0x00, 0x10, 0x06, 0x04, 0x02, 0x00, 0x00, 0x0a, 0x07, 0x03, 
    0x02, 0x00, 0x00, 0x0f, 0x06, 0x05, 0x07, 0x00, 0x00, 0x01, 0x02, 0x02, 
    0x02, 0x00, 0x00, 0x02, 0x02, 0x02, 0x01, 0x00, 0x00, 0x03, 0x04, 0x04, 
    0x02, 0x00, 0x01, 0x02, 0x05, 0x04, 0x03, 0x00, 0x00, 0x02, 0x03, 0x03, 
    0x05, 0x03, 0x03, 0x04, 0x02, 0x01, 0x01, 0x00, 0x00, 0x03, 0x03, 0x04, 
    0x03, 0x01, 0x01, 0x03, 0x03, 0x04, 0x03, 0x00, 0x00, 0x01, 0x03, 0x02, 
    0x01, 0x00, 0x00, 0x03, 0x04, 0x03, 0x03, 0x00, 0x00, 0x02, 0x05, 0x05, 
    0x03, 0x00, 0x00, 0x02, 0x03, 0x03, 0x05, 0x03, 0x04, 0x04, 0x07, 0x06, 
    0x03, 0x00, 0x00, 0x02, 0x05, 0x05, 0x03, 0x00, 0x00, 0x02, 0x04, 0x03, 
    0x03, 0x01, 0x01, 0x03, 0x04, 0x03, 0x03, 0x00, 0x00, 0x05, 0x05, 0x07, 
    0x03, 0x00, 0x00, 0x03, 0x07, 0x07, 0x03, 0x00, 0x00, 0x03, 0x04, 0x05, 
    0x03, 0x00, 0x00, 0x03, 0x0b, 0x07, 0x06, 0x00, 0x00, 0x08, 0x0a, 0x0e, 
    0x03, 0x00, 0x00, 0x04, 0x0d, 0x0c, 0x04, 0x00, 0x00, 0x03, 0x0a, 0x0a, 
    0x04, 0x01, 0x01, 0x03, 0x04, 0x06, 0x00, 0x00, 0x01, 0x03, 0x03, 0x01, 
    0x00, 0x00, 0x01, 0x01, 0x02, 0x01, 0x00, 0x00, 0x01, 0x02, 0x03, 0x01, 
    0x00, 0x00, 0x08, 0x05, 0x01, 0x01, 0x00, 0x00, 0x04, 0x05, 0x09, 0x37, 
    0x31, 0x06, 0x03, 0x02, 0x02, 0x02, 0x02, 0x01, 0x00, 0x00, 0x01, 0x01, 
    0x02, 0x01, 0x00, 0x00, 0x01, 0x01, 0x05, 0x08, 0x00, 0x00, 0x01, 0x03, 
    0x02, 0x01, 0x00, 0x00, 0x01, 0x02, 0x01, 0x01, 0x00, 0x00, 0x01, 0x03, 
    0x03, 0x01, 0x00, 0x00, 0x06, 0x04, 0x03, 0x01, 0x01, 0x04, 0x0a, 0x0a, 
    0x03, 0x00, 0x00, 0x04, 0x0c, 0x0c, 0x04, 0x02, 0x01, 0x04, 0x0c, 0x09, 
    0x08, 0x00, 0x00, 0x06, 0x07, 0x0b, 0x03, 0x00, 0x00, 0x03, 0x05, 0x04, 
    0x03, 0x00, 0x00, 0x03, 0x07, 0x07, 0x03, 0x00, 0x00, 0x03, 0x07, 0x05, 
    0x05, 0x00, 0x00, 0x03, 0x04, 0x05, 0x03, 0x00, 0x00, 0x02, 0x04, 0x04, 
    0x02, 0x00, 0x00, 0x03, 0x05, 0x05, 0x02, 0x00, 0x00, 0x03, 0x07, 0x06, 
    0x04, 0x00, 0x00, 0x02, 0x02, 0x02, 0x02, 0x00, 0x00, 0x02, 0x04, 0x04, 
    0x02, 0x00, 0x00, 0x03, 0x05, 0x05, 0x02, 0x00, 0x00, 0x03, 0x03, 0x04, 
    0x03, 0x00, 0x00, 0x01, 0x02, 0x03, 0x01, 0x00, 0x00, 0x03, 0x05, 0x05, 
    0x02, 0x00, 0x00, 0x03, 0x03, 0x04, 0x03, 0x00, 0x00, 0x01, 0x01, 0x02, 
    0x04, 0x03, 0x03, 0x05, 0x03, 0x03, 0x02, 0x00, 0x00, 0x03, 0x05, 0x06, 
    0x01, 0x00, 0x00, 0x01, 0x05, 0x04, 0x03, 0x00, 0x00, 0x01, 0x02, 0x02, 
    0x02, 0x00, 0x00, 0x02, 0x02, 0x02, 0x01, 0x00, 0x00, 0x07, 0x07, 0x04, 
    0x02, 0x00, 0x00, 0x02, 0x02, 0x02, 0x02, 0x00, 0x00, 0x01, 0x01, 0x02, 
    0x01, 0x00, 0x00, 0x01, 0x05, 0x04, 0x03, 0x01, 0x01, 0x02, 0x02, 0x02, 
    0x01, 0x00, 0x00, 0x01, 0x05, 0x03, 0x05, 0x03, 0x03, 0x04, 0x01, 0x02, 
    0x01, 0x00, 0x00, 0x05, 0x05, 0x01, 0x01, 0x00, 0x00, 0x02, 0x02, 0x02, 
    0x02, 0x00, 0x00, 0x01, 0x03, 0x02, 0x01, 0x00, 0x00, 0x02, 0x04, 0x04, 
    0x02, 0x00, 0x01, 0x02, 0x02, 0x02, 0x01, 0x00, 0x00, 0x05, 0x05, 0x06, 
    0x04, 0x00, 0x00, 0x02, 0x02, 0x02, 0x02, 0x00, 0x00, 0x01, 0x02, 0x02, 
    0x02, 0x00, 0x00, 0x02, 0x02, 0x02, 0x02, 0x00, 0x00, 0x01, 0x01, 0x02, 
    0x01, 0x00, 0x00, 0x01, 0x02, 0x03, 0x01, 0x00, 0x00, 0x02, 0x02, 0x02, 
    0x02, 0x00, 0x00, 0x01, 0x02, 0x03, 0x01, 0x00, 0x00, 0x01, 0x02, 0x01, 
    0x01, 0x00, 0x00, 0x01, 0x03, 0x02, 0x02, 0x00, 0x00, 0x01, 0x02, 0x03, 
    0x01, 0x00, 0x00, 0x01, 0x03, 0x03, 0x01, 0x00, 0x00, 0x01, 0x01, 0x01, 
    0x02, 0x00, 0x00, 0x01, 0x02, 0x03, 0x01, 0x00, 0x00, 0x01, 0x03, 0x03, 
    0x01, 0x00, 0x00, 0x00, 0x03, 0x03, 0x01, 0x00, 0x00, 0x01, 0x01, 0x02, 
    0x01, 0x00, 0x00, 0x01, 0x03, 0x03, 0x00, 0x00, 0x00, 0x02, 0x02, 0x02, 
    0x02, 0x00, 0x00, 0x4f, 0x44, 0x0a, 0x00, 0x00, 0x03, 0x07, 0x06, 0x04, 
    0x00, 0x00, 0x02, 0x02, 0x02, 0x02, 0x00, 0x00, 0x02, 0x05, 0x05, 0x03, 
    0x00, 0x00, 0x01, 0x01, 0x01, 0x02, 0x00, 0x00, 0x01, 0x01, 0x02, 0x04, 
    0x03, 0x03, 0x04, 0x01, 0x02, 0x01, 0x00, 0x00, 0x01, 0x03, 0x02, 0x01, 
    0x00, 0x00, 0x02, 0x02, 0x02, 0x02, 0x00, 0x00, 0x02, 0x02, 0x02, 0x01, 
    0x00, 0x00, 0x02, 0x01, 0x01, 0x01, 0x00, 0x00, 0x03, 0x05, 0x05, 0x02, 
    0x00, 0x00, 0x02, 0x02, 0x02, 0x02, 0x00, 0x00, 0x04, 0x06, 0x07, 0x03, 
    0x00, 0x00, 0x0a, 0x44, 0x4f, 0x00, 0x00, 0x02, 0x02, 0x02, 0x02, 0x00, 
    0x00, 0x00, 0x03, 0x03, 0x01, 0x00, 0x00, 0x01, 0x02, 0x01, 0x01, 0x00, 
    0x00, 0x01, 0x03, 0x03, 0x00, 0x00, 0x00, 0x01, 0x03, 0x03, 0x01, 0x00, 
    0x00, 0x01, 0x03, 0x02, 0x01, 0x00, 0x00, 0x02, 0x01, 0x01, 0x01, 0x00, 
    0x00, 0x01, 0x03, 0x03, 0x01, 0x00, 0x00, 0x01, 0x03, 0x02, 0x01, 0x00, 
    0x00, 0x02, 0x02, 0x03, 0x01, 0x00, 0x00, 0x01, 0x01, 0x02, 0x01, 0x00, 
    0x00, 0x01, 0x03, 0x02, 0x01, 0x00, 0x00, 0x02, 0x02, 0x02, 0x02, 0x00, 
    0x00, 0x01, 0x03, 0x02, 0x01, 0x00, 0x00, 0x01, 0x02, 0x01, 0x01, 0x00, 
    0x00, 0x02, 0x02, 0x02, 0x02, 0x00, 0x00, 0x02, 0x02, 0x02, 0x01, 0x00, 
    0x00, 0x02, 0x02, 0x02, 0x02, 0x00, 0x00, 0x04, 0x06, 0x05, 0x05, 0x00, 
    0x00, 0x01, 0x02, 0x03, 0x01, 0x00, 0x00, 0x01, 0x05, 0x05, 0x02, 0x00, 
    0x00, 0x01, 0x02, 0x03, 0x01, 0x00, 0x00, 0x02, 0x02, 0x02, 0x02, 0x00, 
    0x00, 0x01, 0x01, 0x05, 0x05, 0x00, 0x00, 0x02, 0x02, 0x02, 0x02, 0x00, 
    0x00, 0x01, 0x02, 0x02, 0x02, 0x00, 0x00, 0x03, 0x03, 0x06, 0x01, 0x00, 
    0x00, 0x01, 0x02, 0x02, 0x02, 0x00, 0x00, 0x03, 0x05, 0x06, 0x01, 0x00, 
    0x00, 0x01, 0x02, 0x01, 0x01, 0x00, 0x00, 0x02, 0x02, 0x02, 0x02, 0x00, 
    0x00, 0x02, 0x04, 0x07, 0x07, 0x00, 0x00, 0x01, 0x02, 0x02, 0x02, 0x00, 
    0x00, 0x02, 0x02, 0x02, 0x01, 0x00, 0x00, 0x03, 0x04, 0x05, 0x01, 0x00, 
    0x00, 0x01, 0x06, 0x05, 0x03, 0x00, 0x00, 0x02, 0x03, 0x03, 0x06, 0x06, 
    0x05, 0x07, 0x03, 0x03, 0x02, 0x00, 0x00, 0x02, 0x05, 0x05, 0x03, 0x00, 
    0x00, 0x01, 0x02, 0x02, 0x02, 0x01, 0x01, 0x03, 0x03, 0x02, 0x03, 0x00, 
    0x00, 0x03, 0x04, 0x05, 0x03, 0x00, 0x00, 0x02, 0x04, 0x04, 0x02, 0x00, 
    0x00, 0x02, 0x02, 0x02, 0x02, 0x01, 0x01, 0x03, 0x06, 0x05, 0x04, 0x00, 
    0x00, 0x03, 0x04, 0x05, 0x03, 0x00, 0x00, 0x02, 0x04, 0x04, 0x02, 0x00, 
    0x00, 0x03, 0x04, 0x04, 0x04, 0x01, 0x01, 0x04, 0x05, 0x05, 0x04, 0x00, 
    0x00, 0x05, 0x05, 0x07, 0x03, 0x00, 0x00, 0x03, 0x04, 0x05, 0x03, 0x00, 
    0x00, 0x03, 0x0b, 0x0a, 0x03, 0x00, 0x00, 0x04, 0x0c, 0x09, 0x08, 0x01, 
    0x01, 0x08, 0x09, 0x0c, 0x04, 0x00, 0x00, 0x03, 0x0a, 0x0a, 0x04, 0x01, 
    0x01, 0x03, 0x04, 0x06, 0x00, 0x00, 0x01, 0x03, 0x03, 0x01, 0x00, 0x00, 
    0x01, 0x01, 0x02, 0x01, 0x00, 0x00, 0x01, 0x02, 0x03, 0x01, 0x00, 0x00, 
    0x01, 0x03, 0x02, 0x02, 0x00, 0x00, 0x01, 0x02, 0x02, 0x02, 0x00, 0x00, 
    0x01, 0x02, 0x01, 0x01, 0x00, 0x00, 0x02, 0x02, 0x02, 0x02, 0x00, 0x00, 
    0x08, 0x33, 0x29, 0x13, 0x4e, 0x02, 0x02, 0x00, 0x00, 0x01, 0x01, 0x05, 
    0x08, 0x00, 0x00, 0x01, 0x01, 0x02, 0x01, 0x00, 0x00, 0x01, 0x02, 0x01, 
    0x01, 0x00, 0x00, 0x01, 0x02, 0x01, 0x06, 0x05, 0x09, 0x02, 0x0b, 0x0c, 
    0x02, 0x09, 0x05, 0x06, 0x01, 0x02, 0x01, 0x00, 0x00, 0x01, 0x01, 0x02, 
    0x01, 0x00, 0x00, 0x01, 0x02, 0x01, 0x01, 0x00, 0x00, 0x08, 0x05, 0x01, 
    0x01, 0x00, 0x00, 0x02, 0x02, 0x02, 0x02, 0x00, 0x00, 0x1b, 0x78, 0x0a, 
    0x05, 0x05, 0x00, 0x00, 0x07, 0x09, 0x0c, 0x05, 0x01, 0x01, 0x04, 0x06, 
    0x07, 0x03, 0x00, 0x00, 0x03, 0x0a, 0x0b, 0x03, 0x00, 0x00, 0x03, 0x0b, 
    0x07, 0x07, 0x00, 0x00, 0x02, 0x02, 0x03, 0x04, 0x02, 0x02, 0x04, 0x03, 
    0x03, 0x02, 0x00, 0x00, 0x03, 0x08, 0x09, 0x02, 0x00, 0x00, 0x03, 0x07, 
    0x08, 0x02, 0x00, 0x00, 0x02, 0x02, 0x02, 0x02, 0x00, 0x00, 0x03, 0x03, 
    0x04, 0x02, 0x00, 0x00, 0x03, 0x05, 0x05, 0x02, 0x00, 0x00, 0x03, 0x04, 
    0x03, 0x03, 0x00, 0x00, 0x01, 0x03, 0x02, 0x01, 0x00, 0x00, 0x03, 0x04, 
    0x03, 0x03, 0x00, 0x00, 0x02, 0x05, 0x05, 0x03, 0x00, 0x00, 0x01, 0x02, 
    0x03, 0x01, 0x00, 0x00, 0x08, 0x07, 0x03, 0x02, 0x00, 0x00, 0x03, 0x04, 
    0x05, 0x02, 0x01, 0x00, 0x02, 0x05, 0x03, 0x03, 0x00, 0x00, 0x01, 0x02, 
    0x02, 0x02, 0x00, 0x00, 0x03, 0x03, 0x04, 0x03, 0x00, 0x00, 0x01, 0x02, 
    0x02, 0x02, 0x00, 0x00, 0x03, 0x03, 0x07, 0x07, 0x00, 0x00, 0x01, 0x05, 
    0x08, 0x08, 0x00, 0x00, 0x02, 0x01, 0x01, 0x01, 0x00, 0x00, 0x02, 0x02, 
    0x02, 0x02, 0x00, 0x00, 0x02, 0x02, 0x02, 0x01, 0x00, 0x00, 0x03, 0x04, 
    0x03, 0x03, 0x00, 0x00, 0x02, 0x05, 0x05, 0x02, 0x00, 0x01, 0x02, 0x02, 
    0x02, 0x01, 0x00, 0x00, 0x02, 0x01, 0x01, 0x01, 0x00, 0x00, 0x02, 0x02, 
    0x02, 0x02, 0x00, 0x00, 0x02, 0x02, 0x02, 0x01, 0x00, 0x00, 0x02, 0x02, 
    0x02, 0x02, 0x00, 0x00, 0x01, 0x01, 0x02, 0x01, 0x00, 0x00, 0x02, 0x02, 
    0x02, 0x01, 0x00, 0x00, 0x02, 0x02, 0x03, 0x01, 0x00, 0x00, 0x01, 0x03, 
    0x02, 0x01, 0x00, 0x00, 0x01, 0x02, 0x01, 0x01, 0x00, 0x00, 0x02, 0x02, 
    0x03, 0x01, 0x00, 0x00, 0x01, 0x02, 0x03, 0x01, 0x00, 0x00, 0x02, 0x04, 
    0x05, 0x02, 0x00, 0x00, 0x01, 0x02, 0x03, 0x01, 0x00, 0x00, 0x01, 0x03, 
    0x03, 0x01, 0x00, 0x00, 0x01, 0x02, 0x03, 0x01, 0x00, 0x00, 0x01, 0x02, 
    0x01, 0x01, 0x00, 0x00, 0x01, 0x03, 0x03, 0x01, 0x00, 0x00, 0x0c, 0x0d, 
    0x00, 0x00, 0x02, 0x02, 0x03, 0x01, 0x00, 0x00, 0x01, 0x01, 0x02, 0x01, 
    0x00, 0x00, 0x01, 0x03, 0x02, 0x01, 0x00, 0x00, 0x02, 0x02, 0x03, 0x01, 
    0x00, 0x00, 0x01, 0x03, 0x02, 0x01, 0x00, 0x00, 0x01, 0x02, 0x01, 0x01, 
    0x00, 0x00, 0x01, 0x03, 0x02, 0x02, 0x00, 0x00, 0x01, 0x03, 0x02, 0x01, 
    0x00, 0x00, 0x02, 0x02, 0x02, 0x02, 0x00, 0x00, 0x01, 0x01, 0x02, 0x01, 
    0x00, 0x00, 0x01, 0x03, 0x02, 0x01, 0x00, 0x00, 0x01, 0x02, 0x06, 0x06, 
    0x00, 0x00, 0x02, 0x06, 0x04, 0x04, 0x02, 0x01, 0x01, 0x00, 0x00, 0x01, 
    0x03, 0x02, 0x02, 0x00, 0x00, 0x01, 0x01, 0x02, 0x01, 0x00, 0x00, 0x01, 
    0x02, 0x02, 0x02, 0x00, 0x00, 0x02, 0x02, 0x02, 0x02, 0x00, 0x00, 0x02, 
    0x04, 0x03, 0x03, 0x00, 0x00, 0x02, 0x02, 0x02, 0x02, 0x00, 0x00, 0x01, 
    0x02, 0x02, 0x02, 0x00, 0x00, 0x0a, 0x05, 0x04, 0x01, 0x00, 0x00, 0x01, 
    0x03, 0x02, 0x02, 0x00, 0x00, 0x15, 0x03, 0x02, 0x01, 0x00, 0x00, 0x02, 
    0x04, 0x05, 0x01, 0x00, 0x00, 0x02, 0x02, 0x02, 0x02, 0x00, 0x00, 0x02, 
    0x02, 0x02, 0x01, 0x00, 0x00, 0x03, 0x04, 0x04, 0x02, 0x00, 0x00, 0x02, 
    0x02, 0x02, 0x01, 0x00, 0x00, 0x03, 0x04, 0x06, 0x07, 0x00, 0x00, 0x02, 
    0x02, 0x02, 0x02, 0x00, 0x00, 0x02, 0x02, 0x02, 0x01, 0x00, 0x00, 0x03, 
    0x04, 0x03, 0x03, 0x00, 0x00, 0x03, 0x04, 0x05, 0x03, 0x00, 0x00, 0x01, 
    0x02, 0x03, 0x01, 0x00, 0x00, 0x01, 0x02, 0x01, 0x01, 0x00, 0x00, 0x03, 
    0x07, 0x0a, 0x08, 0x00, 0x00, 0x03, 0x04, 0x05, 0x03, 0x00, 0x00, 0x02, 
    0x04, 0x04, 0x02, 0x00, 0x00, 0x03, 0x05, 0x04, 0x03, 0x00, 0x00, 0x05, 
    0x05, 0x07, 0x03, 0x00, 0x00, 0x02, 0x02, 0x02, 0x02, 0x00, 0x00, 0x02, 
    0x08, 0x07, 0x03, 0x00, 0x00, 0x02, 0x07, 0x06, 0x05, 0x01, 0x01, 0x04, 
    0x05, 0x05, 0x04, 0x01, 0x01, 0x04, 0x06, 0x07, 0x03, 0x00, 0x00, 0x03, 
    0x0b, 0x0a, 0x03, 0x00, 0x00, 0x04, 0x12, 0x0c, 0x09, 0x00, 0x00, 0x04, 
    0x04, 0x09, 0x00, 0xf0, 0x00, 0x07, 0x0a, 0x0e, 0x04, 0x00, 0x00, 0x03, 
    0x0a, 0x0b, 0x03, 0x00, 0x00, 0x03, 0x07, 0x06, 0x04, 0x01, 0x01, 0x04, 
    0x06, 0x06, 0x05, 0x00, 0x00, 0x04, 0x06, 0x07, 0x02, 0x00, 0x00, 0x03, 
    0x07, 0x08, 0x02, 0x00, 0x00, 0x02, 0x02, 0x02, 0x02, 0x00, 0x00, 0x03, 
    0x07, 0x05, 0x05, 0x00, 0x00, 0x03, 0x04, 0x05, 0x03, 0x00, 0x00, 0x02, 
    0x04, 0x04, 0x02, 0x00, 0x00, 0x03, 0x05, 0x04, 0x03, 0x00, 0x00, 0x08, 
    0x0a, 0x05, 0x05, 0x00, 0x00, 0x10, 0x06, 0x03, 0x02, 0x00, 0x00, 0x03, 
    0x03, 0x04, 0x03, 0x00, 0x00, 0x01, 0x02, 0x02, 0x02, 0x00, 0x00, 0x02, 
    0x02, 0x02, 0x02, 0x00, 0x00, 0x08, 0x06, 0x03, 0x03, 0x00, 0x00, 0x01, 
    0x02, 0x02, 0x02, 0x00, 0x00, 0x02, 0x03, 0x03, 0x05, 0x03, 0x03, 0x04, 
    0x02, 0x01, 0x02, 0x00, 0x00, 0x01, 0x04, 0x03, 0x09, 0x0b, 0x0b, 0x08, 
    0x00, 0x00, 0x02, 0x05, 0x05, 0x03, 0x00, 0x00, 0x01, 0x01, 0x02, 0x01, 
    0x00, 0x00, 0x08, 0x04, 0x02, 0x01, 0x00, 0x00, 0x02, 0x02, 0x02, 0x01, 
    0x00, 0x01, 0x05, 0x04, 0x02, 0x01, 0x00, 0x00, 0x02, 0x02, 0x02, 0x01, 
    0x00, 0x00, 0x03, 0x04, 0x03, 0x03, 0x00, 0x00, 0x0f, 0x05, 0x01, 0x01, 
    0x00, 0x00, 0x05, 0x05, 0x02, 0x01, 0x00, 0x00, 0x01, 0x02, 0x03, 0x01, 
    0x00, 0x00, 0x02, 0x02, 0x02, 0x02, 0x00, 0x00, 0x01, 0x01, 0x02, 0x01, 
    0x00, 0x00, 0x01, 0x02, 0x03, 0x01, 0x00, 0x00, 0x02, 0x02, 0x03, 0x01, 
    0x00, 0x00, 0x01, 0x02, 0x03, 0x01, 0x00, 0x00, 0x01, 0x02, 0x01, 0x01, 
    0x00, 0x00, 0x01, 0x03, 0x02, 0x02, 0x00, 0x00, 0x01, 0x02, 0x03, 0x01, 
    0x00, 0x00, 0x01, 0x03, 0x03, 0x01, 0x00, 0x00, 0x01, 0x01, 0x01, 0x02, 
    0x00, 0x00, 0x0d, 0x0c, 0x00, 0x00, 0x01, 0x02, 0x01, 0x01, 0x00, 0x00, 
    0x01, 0x03, 0x03, 0x01, 0x00, 0x00, 0x01, 0x03, 0x02, 0x01, 0x00, 0x00, 
    0x01, 0x03, 0x03, 0x01, 0x00, 0x00, 0x07, 0x03, 0x01, 0x01, 0x00, 0x00, 
    0x02, 0x02, 0x02, 0x02, 0x00, 0x00, 0x01, 0x02, 0x03, 0x01, 0x00, 0x00, 
    0x01, 0x03, 0x02, 0x02, 0x00, 0x00, 0x01, 0x01, 0x02, 0x01, 0x00, 0x00, 
    0x01, 0x02, 0x03, 0x01, 0x00, 0x00, 0x01, 0x03, 0x02, 0x02, 0x00, 0x00, 
    0x01, 0x02, 0x02, 0x02, 0x00, 0x00, 0x01, 0x02, 0x01, 0x01, 0x00, 0x00, 
    0x02, 0x02, 0x02, 0x02, 0x00, 0x00, 0x01, 0x02, 0x02, 0x02, 0x00, 0x00, 
    0x02, 0x02, 0x02, 0x02, 0x00, 0x00, 0x01, 0x01, 0x01, 0x02, 0x00, 0x00, 
    0x01, 0x02, 0x03, 0x01, 0x00, 0x00, 0x01, 0x07, 0x06, 0x01, 0x00, 0x00, 
    0x01, 0x02, 0x01, 0x01, 0x00, 0x00, 0x02, 0x02, 0x02, 0x02, 0x00, 0x00, 
    0x01, 0x02, 0x02, 0x02, 0x00, 0x00, 0x02, 0x02, 0x02, 0x02, 0x00, 0x00, 
    0x01, 0x01, 0x01, 0x02, 0x00, 0x00, 0x08, 0x08, 0x05, 0x01, 0x00, 0x00, 
    0x07, 0x07, 0x03, 0x03, 0x00, 0x00, 0x02, 0x02, 0x02, 0x01, 0x00, 0x00, 
    0x02, 0x01, 0x01, 0x01, 0x00, 0x00, 0x02, 0x02, 0x02, 0x02, 0x00, 0x00, 
    0x02, 0x02, 0x02, 0x01, 0x00, 0x00, 0x03, 0x04, 0x05, 0x01, 0x00, 0x00, 
    0x01, 0x06, 0x05, 0x03, 0x00, 0x00, 0x02, 0x04, 0x03, 0x03, 0x00, 0x00, 
    0x02, 0x02, 0x02, 0x02, 0x00, 0x00, 0x01, 0x03, 0x02, 0x01, 0x00, 0x00, 
    0x03, 0x03, 0x04, 0x03, 0x01, 0x00, 0x04, 0x03, 0x04, 0x03, 0x00, 0x00, 
    0x01, 0x02, 0x03, 0x01, 0x00, 0x00, 0x03, 0x03, 0x04, 0x03, 0x00, 0x00, 
    0x02, 0x05, 0x05, 0x03, 0x00, 0x00, 0x02, 0x04, 0x03, 0x03, 0x00, 0x00, 
    0x02, 0x02, 0x02, 0x02, 0x00, 0x00, 0x02, 0x08, 0x07, 0x03, 0x00, 0x00, 
    0x02, 0x06, 0x07, 0x04, 0x04, 0x03, 0x07, 0x05, 0x05, 0x05, 0x00, 0x01, 
    0x06, 0x07, 0x09, 0x04, 0x01, 0x01, 0x04, 0x09, 0x08, 0x04, 0x01, 0x01, 
    0x03, 0x03, 0x02, 0x04, 0x02, 0x03, 0x07, 0x0d, 0x0a, 0x08, 0x00, 0x00, 
    0x05, 0x05, 0x0a, 0x00, 0x00, 0x0c, 0x07, 0x06, 0xf0, 0x00, 0x01, 0x03, 
    0x03, 0x01, 0x00, 0x00, 0x04, 0x05, 0x02, 0x01, 0x00, 0x00, 0x01, 0x02, 
    0x03, 0x0e, 0x00, 0x00, 0x04, 0x04, 0x05, 0x02, 0x00, 0x00, 0x02, 0x02, 
    0x02, 0x02, 0x00, 0x00, 0x03, 0x0d, 0x09, 0x07, 0x00, 0x00, 0x06, 0x07, 
    0x06, 0x06, 0x00, 0x00, 0x07, 0x08, 0x0b, 0x04, 0x02, 0x00, 0x03, 0x01, 
    0x02, 0x02, 0x00, 0x00, 0x02, 0x05, 0x05, 0x03, 0x00, 0x00, 0x0e, 0x03, 
    0x02, 0x01, 0x00, 0x00, 0x01, 0x02, 0x05, 0x04, 0x00, 0x00, 0x01, 0x03, 
    0x03, 0x01, 0x00, 0x00, 0x01, 0x01, 0x02, 0x01, 0x00, 0x00, 0x03, 0x07, 
    0x07, 0x03, 0x00, 0x00, 0x03, 0x0e, 0x0e, 0x04, 0x00, 0x00, 0x02, 0x08, 
    0x05, 0x05, 0x00, 0x00, 0x06, 0x07, 0x0b, 0x03, 0x00, 0x00, 0x02, 0x02, 
    0x02, 0x02, 0x00, 0x00, 0x02, 0x07, 0x07, 0x03, 0x01, 0x01, 0x04, 0x03, 
    0x04, 0x02, 0x00, 0x00, 0x05, 0x05, 0x08, 0x02, 0x00, 0x00, 0x02, 0x02, 
    0x02, 0x02, 0x00, 0x00, 0x02, 0x04, 0x03, 0x04, 0x00, 0x01, 0x04, 0x06, 
    0x09, 0x07, 0x00, 0x00, 0x02, 0x02, 0x02, 0x01, 0x00, 0x00, 0x03, 0x05, 
    0x05, 0x02, 0x00, 0x00, 0x03, 0x03, 0x03, 0x05, 0x03, 0x03, 0x04, 0x01, 
    0x02, 0x01, 0x00, 0x00, 0x02, 0x04, 0x04, 0x02, 0x00, 0x00, 0x01, 0x02, 
    0x01, 0x06, 0x05, 0x05, 0x07, 0x03, 0x03, 0x02, 0x00, 0x00, 0x02, 0x02, 
    0x02, 0x02, 0x00, 0x00, 0x01, 0x05, 0x04, 0x02, 0x00, 0x00, 0x02, 0x02, 
    0x02, 0x02, 0x00, 0x00, 0x01, 0x02, 0x03, 0x01, 0x00, 0x00, 0x01, 0x05, 
    0x04, 0x03, 0x00, 0x00, 0x01, 0x02, 0x02, 0x02, 0x00, 0x00, 0x04, 0x06, 
    0x06, 0x04, 0x00, 0x00, 0x02, 0x02, 0x02, 0x02, 0x00, 0x00, 0x01, 0x02, 
    0x02, 0x02, 0x00, 0x00, 0x03, 0x03, 0x04, 0x02, 0x00, 0x00, 0x02, 0x02, 
    0x03, 0x01, 0x00, 0x00, 0x01, 0x03, 0x02, 0x01, 0x00, 0x00, 0x02, 0x01, 
    0x05, 0x05, 0x00, 0x00, 0x01, 0x03, 0x02, 0x01, 0x00, 0x00, 0x02, 0x02, 
    0x02, 0x02, 0x00, 0x00, 0x02, 0x02, 0x02, 0x01, 0x00, 0x00, 0x02, 0x01, 
    0x01, 0x01, 0x00, 0x00, 0x02, 0x02, 0x03, 0x01, 0x00, 0x00, 0x01, 0x03, 
    0x02, 0x01, 0x00, 0x00, 0x02, 0x02, 0x03, 0x01, 0x00, 0x00, 0x01, 0x01, 
    0x02, 0x01, 0x00, 0x00, 0x01, 0x03, 0x03, 0x00, 0x00, 0x00, 0x01, 0x03, 
    0x03, 0x01, 0x00, 0x00, 0x01, 0x03, 0x02, 0x01, 0x00, 0x00, 0x14, 0x22, 
    0x2f, 0x08, 0x01, 0x01, 0x05, 0x08, 0x0c, 0x08, 0x00, 0x00, 0x04, 0x04, 
    0x04, 0x03, 0x00, 0x00, 0x0f, 0x03, 0x01, 0x01, 0x00, 0x00, 0x02, 0x02, 
    0x02, 0x02, 0x00, 0x00, 0x02, 0x02, 0x02, 0x01, 0x00, 0x00, 0x01, 0x02, 
    0x01, 0x01, 0x00, 0x00, 0x01, 0x01, 0x02, 0x01, 0x00, 0x00, 0x00, 0x03, 
    0x02, 0x02, 0x00, 0x00, 0x02, 0x02, 0x02, 0x02, 0x00, 0x00, 0x04, 0x06, 
    0x05, 0x05, 0x00, 0x00, 0x03, 0x04, 0x04, 0x04, 0x00, 0x00, 0x08, 0x0c, 
    0x08, 0x05, 0x01, 0x01, 0x08, 0x2f, 0x22, 0x14, 0x00, 0x00, 0x01, 0x02, 
    0x03, 0x01, 0x00, 0x00, 0x01, 0x03, 0x03, 0x01, 0x00, 0x00, 0x00, 0x03, 
    0x03, 0x01, 0x00, 0x00, 0x01, 0x02, 0x01, 0x01, 0x00, 0x00, 0x01, 0x03, 
    0x02, 0x02, 0x00, 0x00, 0x01, 0x02, 0x03, 0x01, 0x00, 0x00, 0x01, 0x03, 
    0x02, 0x02, 0x00, 0x00, 0x01, 0x01, 0x01, 0x02, 0x00, 0x00, 0x01, 0x02, 
    0x02, 0x02, 0x00, 0x00, 0x02, 0x02, 0x02, 0x02, 0x00, 0x00, 0x01, 0x02, 
    0x03, 0x01, 0x00, 0x00, 0x05, 0x05, 0x01, 0x02, 0x00, 0x00, 0x01, 0x02, 
    0x03, 0x01, 0x00, 0x00, 0x01, 0x03, 0x02, 0x02, 0x00, 0x00, 0x02, 0x04, 
    0x03, 0x03, 0x00, 0x00, 0x02, 0x02, 0x02, 0x01, 0x00, 0x00, 0x02, 0x02, 
    0x02, 0x02, 0x00, 0x00, 0x0e, 0x03, 0x02, 0x01, 0x00, 0x00, 0x01, 0x03, 
    0x02, 0x01, 0x00, 0x00, 0x03, 0x04, 0x05, 0x01, 0x00, 0x00, 0x01, 0x03, 
    0x02, 0x01, 0x00, 0x00, 0x02, 0x02, 0x02, 0x02, 0x00, 0x00, 0x02, 0x04, 
    0x05, 0x01, 0x00, 0x00, 0x02, 0x02, 0x02, 0x02, 0x00, 0x00, 0x02, 0x04, 
    0x03, 0x05, 0x02, 0x03, 0x03, 0x02, 0x02, 0x01, 0x00, 0x00, 0x02, 0x02, 
    0x02, 0x02, 0x00, 0x00, 0x02, 0x04, 0x04, 0x02, 0x00, 0x00, 0x02, 0x01, 
    0x02, 0x03, 0x04, 0x03, 0x05, 0x03, 0x02, 0x03, 0x00, 0x00, 0x02, 0x05, 
    0x05, 0x03, 0x00, 0x00, 0x01, 0x01, 0x04, 0x06, 0x00, 0x00, 0x05, 0x05, 
    0x07, 0x04, 0x01, 0x00, 0x04, 0x03, 0x04, 0x02, 0x00, 0x00, 0x02, 0x02, 
    0x02, 0x02, 0x00, 0x00, 0x02, 0x04, 0x04, 0x02, 0x00, 0x00, 0x03, 0x07, 
    0x07, 0x04, 0x01, 0x01, 0x03, 0x07, 0x07, 0x02, 0x00, 0x00, 0x02, 0x02, 
    0x02, 0x02, 0x00, 0x00, 0x06, 0x06, 0x09, 0x04, 0x01, 0x01, 0x04, 0x07, 
    0x07, 0x02, 0x00, 0x00, 0x04, 0x0e, 0x0e, 0x03, 0x00, 0x00, 0x03, 0x07, 
    0x06, 0x04, 0x00, 0x00, 0x01, 0x02, 0x01, 0x01, 0x00, 0x00, 0x01, 0x03, 
    0x03, 0x01, 0x00, 0x00, 0x03, 0x06, 0x02, 0x01, 0x00, 0x00, 0x01, 0x03, 
    0x02, 0x02, 0x00, 0x00, 0x01, 0x01, 0x04, 0x06, 0x00, 0x00, 0x03, 0x05, 
    0x05, 0x02, 0x00, 0x00, 0x02, 0x02, 0x02, 0x02, 0x00, 0x00, 0x03, 0x0d, 
    0x09, 0x07, 0x00, 0x00, 0x16, 0x02, 0x01, 0x08, 0x08, 0x0d, 0x03, 0x00, 
    0x00, 0x02, 0x02, 0x02, 0x02, 0x00, 0x00, 0x02, 0x04, 0x03, 0x05, 0x02, 
    0x03, 0x03, 0x02, 0x02, 0x01, 0x00, 0x00, 0x02, 0x02, 0x03, 0x01, 0x00, 
    0x00, 0x01, 0x02, 0x06, 0x03, 0x00, 0x00, 0x01, 0x03, 0x03, 0x01, 0x00, 
    0x00, 0x01, 0x01, 0x02, 0x01, 0x00, 0x00, 0x04, 0x06, 0x07, 0x03, 0x00, 
    0x00, 0x03, 0x0e, 0x0e, 0x04, 0x00, 0x00, 0x02, 0x07, 0x07, 0x04, 0x01, 
    0x01, 0x04, 0x09, 0x06, 0x06, 0x00, 0x00, 0x02, 0x02, 0x02, 0x02, 0x00, 
    0x00, 0x02, 0x08, 0x07, 0x03, 0x00, 0x00, 0x02, 0x05, 0x04, 0x04, 0x00, 
    0x01, 0x04, 0x06, 0x04, 0x04, 0x00, 0x00, 0x02, 0x02, 0x02, 0x02, 0x00, 
    0x00, 0x02, 0x04, 0x04, 0x02, 0x00, 0x00, 0x03, 0x09, 0x06, 0x05, 0x00, 
    0x00, 0x06, 0x04, 0x01, 0x01, 0x00, 0x00, 0x03, 0x05, 0x05, 0x02, 0x00, 
    0x00, 0x03, 0x02, 0x03, 0x05, 0x03, 0x04, 0x03, 0x02, 0x01, 0x02, 0x00, 
    0x00, 0x02, 0x04, 0x04, 0x02, 0x00, 0x00, 0x02, 0x02, 0x02, 0x02, 0x00, 
    0x00, 0x01, 0x01, 0x04, 0x06, 0x00, 0x00, 0x04, 0x04, 0x05, 0x02, 0x00, 
    0x00, 0x02, 0x02, 0x02, 0x02, 0x00, 0x00, 0x01, 0x05, 0x04, 0x02, 0x00, 
    0x00, 0x02, 0x02, 0x02, 0x02, 0x00, 0x00, 0x01, 0x02, 0x03, 0x01, 0x00, 
    0x00, 0x01, 0x05, 0x04, 0x03, 0x00, 0x00, 0x01, 0x02, 0x03, 0x01, 0x00, 
    0x00, 0x01, 0x02, 0x03, 0x07, 0x00, 0x00, 0x01, 0x02, 0x02, 0x02, 0x00, 
    0x00, 0x02, 0x02, 0x02, 0x02, 0x00, 0x00, 0x01, 0x02, 0x02, 0x02, 0x00, 
    0x00, 0x03, 0x03, 0x04, 0x02, 0x00, 0x00, 0x02, 0x02, 0x03, 0x01, 0x00, 
    0x00, 0x01, 0x03, 0x02, 0x01, 0x00, 0x00, 0x07, 0x03, 0x02, 0x01, 0x00, 
    0x00, 0x01, 0x03, 0x02, 0x01, 0x00, 0x00, 0x02, 0x02, 0x02, 0x02, 0x00, 
    0x00, 0x01, 0x01, 0x02, 0x01, 0x00, 0x00, 0x01, 0x03, 0x02, 0x01, 0x00, 
    0x00, 0x01, 0x03, 0x03, 0x01, 0x00, 0x00, 0x01, 0x03, 0x02, 0x01, 0x00, 
    0x00, 0x01, 0x02, 0x01, 0x01, 0x00, 0x00, 0x01, 0x03, 0x03, 0x01, 0x00, 
    0x00, 0x01, 0x03, 0x03, 0x00, 0x00, 0x00, 0x01, 0x03, 0x03, 0x01, 0x00, 
    0x00, 0x01, 0x01, 0x02, 0x01, 0x00, 0x00, 0x14, 0x23, 0x2f, 0x08, 0x00, 
    0x00, 0x03, 0x0a, 0x0c, 0x07, 0x00, 0x00, 0x04, 0x04, 0x05, 0x02, 0x00, 
    0x00, 0x02, 0x02, 0x02, 0x02, 0x00, 0x00, 0x03, 0x03, 0x04, 0x02, 0x00, 
    0x00, 0x02, 0x02, 0x02, 0x02, 0x00, 0x00, 0x02, 0x02, 0x03, 0x00, 0x00, 
    0x00, 0x01, 0x02, 0x01, 0x01, 0x00, 0x00, 0x01, 0x01, 0x02, 0x01, 0x00, 
    0x00, 0x00, 0x03, 0x02, 0x02, 0x00, 0x00, 0x02, 0x02, 0x02, 0x02, 0x00, 
    0x00, 0x01, 0x01, 0x04, 0x06, 0x00, 0x00, 0x02, 0x02, 0x02, 0x02, 0x00, 
    0x00, 0x02, 0x05, 0x04, 0x04, 0x00, 0x00, 0x07, 0x0c, 0x0a, 0x03, 0x00, 
    0x00, 0x08, 0x2f, 0x23, 0x14, 0x00, 0x00, 0x01, 0x02, 0x01, 0x01, 0x00, 
    0x00, 0x01, 0x03, 0x03, 0x01, 0x00, 0x00, 0x00, 0x03, 0x03, 0x01, 0x00, 
    0x00, 0x01, 0x03, 0x03, 0x01, 0x00, 0x00, 0x01, 0x01, 0x02, 0x01, 0x00, 
    0x00, 0x01, 0x02, 0x03, 0x01, 0x00, 0x00, 0x01, 0x03, 0x02, 0x02, 0x00, 
    0x00, 0x01, 0x02, 0x03, 0x01, 0x00, 0x00, 0x01, 0x02, 0x01, 0x01, 0x00, 
    0x00, 0x02, 0x02, 0x02, 0x02, 0x00, 0x00, 0x01, 0x02, 0x03, 0x01, 0x00, 
    0x00, 0x01, 0x02, 0x03, 0x07, 0x00, 0x00, 0x01, 0x02, 0x03, 0x01, 0x00, 
    0x00, 0x01, 0x03, 0x02, 0x02, 0x00, 0x00, 0x02, 0x04, 0x03, 0x03, 0x00, 
    0x00, 0x02, 0x02, 0x02, 0x01, 0x00, 0x00, 0x02, 0x02, 0x02, 0x02, 0x00, 
    0x00, 0x02, 0x02, 0x02, 0x01, 0x00, 0x00, 0x03, 0x04, 0x03, 0x03, 0x00, 
    0x00, 0x01, 0x03, 0x02, 0x01, 0x00, 0x00, 0x03, 0x04, 0x05, 0x01, 0x00, 
    0x00, 0x01, 0x03, 0x02, 0x01, 0x00, 0x00, 0x02, 0x02, 0x02, 0x02, 0x00, 
    0x00, 0x02, 0x04, 0x05, 0x01, 0x00, 0x00, 0x02, 0x02, 0x02, 0x02, 0x00, 
    0x00, 0x02, 0x05, 0x04, 0x04, 0x00, 0x00, 0x0e, 0x03, 0x02, 0x01, 0x00, 
    0x00, 0x02, 0x04, 0x04, 0x02, 0x00, 0x00, 0x01, 0x02, 0x01, 0x04, 0x03, 
    0x03, 0x05, 0x03, 0x03, 0x03, 0x00, 0x00, 0x02, 0x05, 0x05, 0x03, 0x00, 
    0x00, 0x01, 0x02, 0x02, 0x02, 0x00, 0x00, 0x07, 0x09, 0x06, 0x04, 0x01, 
    0x00, 0x04, 0x03, 0x04, 0x02, 0x00, 0x00, 0x02, 0x02, 0x02, 0x02, 0x00, 
    0x00, 0x02, 0x08, 0x05, 0x05, 0x00, 0x00, 0x02, 0x04, 0x03, 0x04, 0x01, 
    0x01, 0x03, 0x07, 0x07, 0x02, 0x00, 0x00, 0x02, 0x02, 0x02, 0x02, 0x00, 
    0x00, 0x03, 0x0b, 0x07, 0x06, 0x00, 0x00, 0x05, 0x05, 0x08, 0x02, 0x00, 
    0x00, 0x04, 0x0e, 0x0e, 0x03, 0x00, 0x00, 0x03, 0x07, 0x07, 0x03, 0x00, 
    0x00, 0x01, 0x02, 0x01, 0x01, 0xfe, 0x56, 0x00, 0x03, 0x04, 0x04, 0x04, 
    0x00, 0x00, 0x04, 0x05, 0x0a, 0x00, 0x00, 0x00, 0x00, 0x0a, 0x05, 0x04, 
    0x00, 0x00, 0x04, 0x04, 0x04, 0x03, 0x00, 0x00, 0x43, 0x80, 0x80, 0x43, 
    0x00, 0x00, 0x02, 0x03, 0x05, 0x0a, 0x00, 0x00, 0x01, 0x01, 0x07, 0x06, 
    0x00, 0x00, 0x06, 0x07, 0x01, 0x01, 0x00, 0x00, 0x02, 0x02, 0x02, 0x02, 
    0x00, 0x00, 0x02, 0x04, 0x03, 0x03, 0x00, 0x00, 0x43, 0x80, 0x80, 0x43, 
    0x05, 0xb1, 0x00, 0x02, 0x03, 0x06, 0x09, 0x00, 0x00, 0x01, 0x01, 0x01, 
    0x04, 0x03, 0x07, 0x00, 0x07, 0x03, 0x03, 0x02, 0x01, 0x01, 0x00, 0x00, 
    0x0a, 0x05, 0x03, 0x02, 0x00, 0x00, 0x43, 0x80, 0x80, 0x43, 0x00, 0x00, 
    0x03, 0x04, 0x04, 0x04, 0x00, 0x00, 0x04, 0x05, 0x0a, 0x00, 0x00, 0x00, 
    0x05, 0x07, 0x01, 0x01, 0x00, 0x00, 0x02, 0x01, 0x01, 0x01, 0x00, 0x00, 
    0x03, 0x05, 0x04, 0x03, 0x00, 0x00, 0x43, 0x80, 0x80, 0x43, 0xf9, 0xb1, 
    0x00, 0x01, 0x03, 0x03, 0x01, 0x00, 0x00, 0x01, 0x01, 0x02, 0x01, 0x00, 
    0x00, 0x01, 0x03, 0x02, 0x01, 0x00, 0x00, 0x01, 0x03, 0x03, 0x01, 0x00, 
    0x00, 0x01, 0x03, 0x02, 0x01, 0x00, 0x00, 0x01, 0x02, 0x01, 0x01, 0x00, 
    0x00, 0x02, 0x02, 0x03, 0x01, 0x00, 0x00, 0x01, 0x03, 0x02, 0x01, 0x00, 
    0x00, 0x01, 0x03, 0x02, 0x02, 0x00, 0x00, 0x01, 0x01, 0x02, 0x01, 0x00, 
    0x00, 0x01, 0x02, 0x03, 0x01, 0x00, 0x00, 0x01, 0x03, 0x02, 0x02, 0x00, 
    0x00, 0x01, 0x02, 0x02, 0x02, 0x00, 0x00, 0x01, 0x02, 0x01, 0x01, 0x00, 
    0x00, 0x02, 0x02, 0x02, 0x02, 0x00, 0x00, 0x01, 0x02, 0x02, 0x02, 0x00, 
    0x00, 0x01, 0x02, 0x05, 0x05, 0x00, 0x00, 0x01, 0x02, 0x02, 0x02, 0x01, 
    0x00, 0x02, 0x05, 0x05, 0x02, 0x00, 0x00, 0x14, 0x05, 0x01, 0x02, 0x00, 
    0x00, 0x01, 0x01, 0x01, 0x02, 0x00, 0x00, 0x08, 0x08, 0x05, 0x01, 0x00, 
    0x00, 0x07, 0x07, 0x03, 0x03, 0x00, 0x00, 0x02, 0x02, 0x02, 0x01, 0x00, 
    0x00, 0x16, 0x05, 0x04, 0x02, 0x00, 0x01, 0x02, 0x05, 0x04, 0x03, 0x00, 
    0x00, 0x02, 0x03, 0x07, 0x08, 0x00, 0x00, 0x01, 0x03, 0x02, 0x01, 0x00, 
    0x00, 0x03, 0x05, 0x05, 0x02, 0x00, 0x00, 0x03, 0x03, 0x04, 0x03, 0x00, 
    0x00, 0x01, 0x02, 0x03, 0x01, 0x00, 0x00, 0x03, 0x03, 0x04, 0x03, 0x00, 
    0x00, 0x02, 0x05, 0x05, 0x03, 0x00, 0x00, 0x02, 0x04, 0x03, 0x03, 0x00, 
    0x00, 0x02, 0x02, 0x02, 0x02, 0x00, 0x00, 0x02, 0x08, 0x07, 0x03, 0x00, 
    0x00, 0x02, 0x09, 0x06, 0x05, 0x00, 0x00, 0x08, 0x09, 0x08, 0x02, 0x00, 
    0x00, 0x04, 0x0a, 0x0b, 0x03, 0x00, 0x00, 0x03, 0x0b, 0x0a, 0x03, 0x00, 
    0x00, 0x03, 0x04, 0x03, 0x03, 0x00, 0x00, 0x09, 0x0c, 0x11, 0x04, 0x00, 
    0x00, 0x03, 0x07, 0x0a, 0x00, 0x00, 0x0b, 0x07, 0x06, 0x02, 0x03, 0x06, 
    0x0a, 0x08, 0x07, 0x00, 0x00, 0x06, 0x07, 0x0b, 0x03, 0x00, 0x00, 0x03, 
    0x07, 0x07, 0x03, 0x00, 0x00, 0x03, 0x07, 0x05, 0x06, 0x02, 0x01, 0x05, 
    0x05, 0x05, 0x03, 0x00, 0x00, 0x05, 0x05, 0x08, 0x02, 0x00, 0x00, 0x02, 
    0x02, 0x02, 0x02, 0x00, 0x00, 0x03, 0x07, 0x06, 0x04, 0x01, 0x01, 0x03, 
    0x04, 0x03, 0x03, 0x00, 0x00, 0x03, 0x03, 0x04, 0x02, 0x00, 0x00, 0x03, 
    0x05, 0x04, 0x03, 0x00, 0x00, 0x0b, 0x07, 0x08, 0x07, 0x00, 0x00, 0x03, 
    0x04, 0x05, 0x03, 0x00, 0x00, 0x01, 0x02, 0x02, 0x02, 0x01, 0x01, 0x03, 
    0x03, 0x02, 0x03, 0x00, 0x00, 0x01, 0x02, 0x02, 0x02, 0x00, 0x00, 0x02, 
    0x02, 0x02, 0x02, 0x00, 0x00, 0x02, 0x03, 0x03, 0x04, 0x04, 0x03, 0x04, 
    0x01, 0x02, 0x01, 0x00, 0x00, 0x02, 0x04, 0x04, 0x03, 0x00, 0x00, 0x01, 
    0x01, 0x04, 0x09, 0x00, 0x00, 0x01, 0x05, 0x04, 0x02, 0x00, 0x00, 0x01, 
    0x01, 0x04, 0x15, 0x00, 0x00, 0x02, 0x02, 0x03, 0x01, 0x00, 0x00, 0x01, 
    0x04, 0x05, 0x0a, 0x00, 0x00, 0x02, 0x02, 0x02, 0x01, 0x00, 0x00, 0x02, 
    0x02, 0x02, 0x02, 0x00, 0x00, 0x03, 0x03, 0x04, 0x02, 0x00, 0x00, 0x02, 
    0x02, 0x02, 0x02, 0x00, 0x00, 0x02, 0x02, 0x02, 0x01, 0x00, 0x00, 0x01, 
    0x02, 0x01, 0x01, 0x00, 0x00, 0x02, 0x02, 0x02, 0x02, 0x00, 0x00, 0x01, 
    0x03, 0x02, 0x01, 0x00, 0x00, 0x02, 0x01, 0x05, 0x05, 0x00, 0x00, 0x07, 
    0x05, 0x01, 0x02, 0x00, 0x00, 0x01, 0x02, 0x03, 0x01, 0x00, 0x00, 0x01, 
    0x02, 0x01, 0x01, 0x00, 0x00, 0x02, 0x02, 0x02, 0x02, 0x00, 0x00, 0x01, 
    0x02, 0x03, 0x01, 0x00, 0x00, 0x02, 0x02, 0x03, 0x01, 0x00, 0x00, 0x01, 
    0x01, 0x02, 0x01, 0x00, 0x00, 0x01, 0x02, 0x03, 0x01, 0x00, 0x00, 0x01, 
    0x03, 0x03, 0x01, 0x00, 0x00, 0x01, 0x02, 0x03, 0x01, 0x00, 0x00, 0x01, 
    0x02, 0x01, 0x01, 0x00, 0x00, 0x01, 0x03, 0x02, 0x02, 0x00, 0x00, 0x0d, 
    0x0c, 0x05, 0x80, 0x00, 0x02, 0x01, 0x01, 0x01, 0x00, 0x00, 0x01, 0x03, 
    0x03, 0x01, 0x00, 0x00, 0x01, 0x03, 0x02, 0x01, 0x00, 0x00, 0x02, 0x02, 
    0x02, 0x02, 0x00, 0x00, 0x01, 0x01, 0x02, 0x01, 0x00, 0x00, 0x01, 0x03, 
    0x02, 0x01, 0x00, 0x00, 0x01, 0x03, 0x02, 0x02, 0x00, 0x00, 0x01, 0x03, 
    0x02, 0x01, 0x00, 0x00, 0x01, 0x02, 0x01, 0x01, 0x00, 0x00, 0x02, 0x02, 
    0x02, 0x02, 0x00, 0x00, 0x01, 0x03, 0x02, 0x01, 0x00, 0x00, 0x01, 0x02, 
    0x05, 0x05, 0x00, 0x00, 0x01, 0x02, 0x03, 0x01, 0x00, 0x00, 0x02, 0x02, 
    0x02, 0x02, 0x00, 0x00, 0x01, 0x02, 0x03, 0x01, 0x00, 0x00, 0x01, 0x02, 
    0x01, 0x01, 0x00, 0x00, 0x02, 0x02, 0x02, 0x02, 0x00, 0x00, 0x01, 0x02, 
    0x02, 0x02, 0x00, 0x00, 0x01, 0x02, 0x05, 0x05, 0x00, 0x00, 0x01, 0x02, 
    0x02, 0x02, 0x00, 0x00, 0x02, 0x02, 0x02, 0x02, 0x00, 0x00, 0x01, 0x02, 
    0x02, 0x02, 0x00, 0x00, 0x01, 0x02, 0x01, 0x01, 0x00, 0x00, 0x03, 0x05, 
    0x06, 0x01, 0x00, 0x00, 0x01, 0x03, 0x02, 0x02, 0x00, 0x00, 0x15, 0x04, 
    0x01, 0x01, 0x00, 0x00, 0x02, 0x04, 0x05, 0x01, 0x00, 0x00, 0x09, 0x04, 
    0x01, 0x01, 0x00, 0x00, 0x03, 0x04, 0x04, 0x02, 0x00, 0x00, 0x01, 0x02, 
    0x01, 0x04, 0x03, 0x04, 0x04, 0x03, 0x03, 0x02, 0x00, 0x00, 0x02, 0x02, 
    0x02, 0x02, 0x00, 0x00, 0x02, 0x02, 0x02, 0x01, 0x00, 0x00, 0x03, 0x02, 
    0x03, 0x03, 0x01, 0x01, 0x03, 0x05, 0x04, 0x03, 0x00, 0x00, 0x0f, 0x07, 
    0x07, 0x0b, 0x00, 0x00, 0x03, 0x04, 0x05, 0x03, 0x00, 0x00, 0x02, 0x04, 
    0x03, 0x03, 0x00, 0x00, 0x03, 0x03, 0x04, 0x03, 0x01, 0x01, 0x04, 0x06, 
    0x07, 0x03, 0x00, 0x00, 0x02, 0x02, 0x02, 0x02, 0x00, 0x00, 0x02, 0x08, 
    0x05, 0x05, 0x00, 0x00, 0x03, 0x05, 0x06, 0x04, 0x01, 0x00, 0x04, 0x07, 
    0x06, 0x04, 0x01, 0x01, 0x04, 0x06, 0x07, 0x03, 0x00, 0x00, 0x03, 0x0b, 
    0x07, 0x06, 0x00, 0x00, 0x07, 0x08, 0x0a, 0x06, 0x03, 0x02, 0x06, 0x07, 
    0x0b, 0x00, 0x00, 0x0a, 0x07, 0x03, 0x00, 0x00, 0x03, 0x0e, 0x0a, 0x08, 
    0x00, 0x00, 0x04, 0x05, 0x07, 0x04, 0x01, 0x01, 0x04, 0x09, 0x09, 0x04, 
    0x01, 0x01, 0x04, 0x08, 0x09, 0x04, 0x01, 0x01, 0x03, 0x04, 0x03, 0x03, 
    0x00, 0x00, 0x02, 0x04, 0x03, 0x04, 0x01, 0x01, 0x03, 0x07, 0x07, 0x02, 
    0x00, 0x00, 0x03, 0x07, 0x08, 0x02, 0x00, 0x00, 0x02, 0x02, 0x02, 0x02, 
    0x00, 0x00, 0x03, 0x03, 0x04, 0x02, 0x00, 0x00, 0x03, 0x05, 0x05, 0x02, 
    0x00, 0x00, 0x03, 0x04, 0x03, 0x03, 0x00, 0x00, 0x01, 0x03, 0x02, 0x01, 
    0x00, 0x00, 0x03, 0x04, 0x03, 0x04, 0x00, 0x01, 0x03, 0x04, 0x03, 0x03, 
    0x00, 0x00, 0x01, 0x02, 0x03, 0x01, 0x00, 0x00, 0x02, 0x02, 0x02, 0x02, 
    0x00, 0x00, 0x03, 0x03, 0x04, 0x02, 0x00, 0x00, 0x03, 0x04, 0x05, 0x02, 
    0x01, 0x00, 0x02, 0x04, 0x02, 0x05, 0x04, 0x03, 0x04, 0x01, 0x01, 0x02, 
    0x00, 0x00, 0x01, 0x01, 0x01, 0x02, 0x00, 0x00, 0x01, 0x02, 0x02, 0x02, 
    0x00, 0x00, 0x03, 0x03, 0x07, 0x07, 0x00, 0x00, 0x01, 0x05, 0x08, 0x08, 
    0x00, 0x00, 0x02, 0x01, 0x01, 0x01, 0x00, 0x00, 0x02, 0x01, 0x02, 0x04, 
    0x03, 0x03, 0x04, 0x01, 0x02, 0x01, 0x00, 0x00, 0x01, 0x01, 0x02, 0x01, 
    0x00, 0x00, 0x01, 0x06, 0x05, 0x02, 0x00, 0x01, 0x02, 0x02, 0x02, 0x01, 
    0x00, 0x00, 0x05, 0x05, 0x02, 0x01, 0x00, 0x00, 0x02, 0x02, 0x02, 0x01, 
    0x00, 0x00, 0x02, 0x02, 0x02, 0x02, 0x00, 0x00, 0x01, 0x01, 0x02, 0x01, 
    0x00, 0x00, 0x02, 0x02, 0x02, 0x01, 0x00, 0x00, 0x02, 0x02, 0x03, 0x01, 
    0x00, 0x00, 0x01, 0x03, 0x02, 0x01, 0x00, 0x00, 0x01, 0x02, 0x01, 0x01, 
    0x00, 0x00, 0x02, 0x02, 0x03, 0x01, 0x00, 0x00, 0x01, 0x03, 0x02, 0x01, 
    0x00, 0x00, 0x01, 0x02, 0x05, 0x07, 0x00, 0x00, 0x01, 0x02, 0x01, 0x01, 
    0x00, 0x00, 0x01, 0x03, 0x03, 0x01, 0x00, 0x00, 0x01, 0x02, 0x03, 0x01, 
    0x00, 0x00, 0x02, 0x02, 0x03, 0x01, 0x00, 0x00, 0x01, 0x01, 0x02, 0x01, 
    0x00, 0x00, 0x0c, 0x0d, 0xfd, 0x4a, 0x05, 0x06, 0x01, 0x02, 0x01, 0x00, 
    0x00, 0x01, 0x01, 0x02, 0x01, 0x00, 0x00, 0x01, 0x02, 0x01, 0x01, 0x00, 
    0x00, 0x08, 0x05, 0x01, 0x01, 0x00, 0x00, 0x0a, 0x0c, 0x0d, 0x0a, 0x00, 
    0x00, 0x01, 0x01, 0x05, 0x08, 0x00, 0x00, 0x01, 0x01, 0x02, 0x01, 0x00, 
    0x00, 0x01, 0x02, 0x01, 0x01, 0x00, 0x00, 0x01, 0x02, 0x02, 0x05, 0x05, 
    0x08, 0x02, 0x0c, 0x0c, 0x02, 0x3a, 0x00, 0x04, 0x0a, 0x0b, 0x03, 0x00, 
    0x00, 0x02, 0x05, 0x04, 0x04, 0x00, 0x00, 0x03, 0x04, 0x04, 0x05, 0x02, 
    0x02, 0x04, 0x03, 0x04, 0x09, 0x00, 0x00, 0x03, 0x04, 0x05, 0x03, 0x00, 
    0x00, 0x01, 0x01, 0x04, 0x06, 0x00, 0x00, 0x02, 0x02, 0x02, 0x02, 0x00, 
    0x00, 0x01, 0x02, 0x02, 0x02, 0x00, 0x00, 0x01, 0x02, 0x03, 0x07, 0x00, 
    0x00, 0x01, 0x02, 0x03, 0x01, 0x00, 0x00, 0x01, 0x02, 0x04, 0x08, 0x00, 
    0x00, 0x01, 0x02, 0x01, 0x01, 0x00, 0x00, 0x01, 0x03, 0x02, 0x02, 0x00, 
    0x00, 0x01, 0x02, 0x03, 0x01, 0x00, 0x00, 0x01, 0x03, 0x03, 0x01, 0x00, 
    0x00, 0x01, 0x03, 0x03, 0x01, 0x00, 0x00, 0x01, 0x03, 0x02, 0x01, 0x00, 
    0x00, 0x02, 0x02, 0x03, 0x01, 0x00, 0x00, 0x01, 0x01, 0x02, 0x01, 0x00, 
    0x00, 0x08, 0x04, 0x02, 0x01, 0x00, 0x00, 0x01, 0x03, 0x02, 0x01, 0x00, 
    0x00, 0x07, 0x03, 0x02, 0x01, 0x00, 0x00, 0x02, 0x02, 0x02, 0x01, 0x00, 
    0x00, 0x02, 0x02, 0x02, 0x02, 0x00, 0x00, 0x06, 0x04, 0x01, 0x01, 0x00, 
    0x00, 0x03, 0x05, 0x04, 0x03, 0x00, 0x00, 0x09, 0x06, 0x03, 0x02, 0x00, 
    0x00, 0x05, 0x05, 0x07, 0x03, 0x00, 0x00, 0x03, 0x05, 0x05, 0x02, 0x00, 
    0x00, 0x03, 0x0b, 0x0a, 0x04, 0x00, 0x00, 0x06, 0x27, 0x26, 0x06, 0x00, 
    0x00, 0x04, 0x0a, 0x0b, 0x03, 0x00, 0x00, 0x02, 0x05, 0x05, 0x03, 0x00, 
    0x00, 0x03, 0x07, 0x05, 0x05, 0x00, 0x00, 0x02, 0x03, 0x06, 0x09, 0x00, 
    0x00, 0x03, 0x04, 0x05, 0x03, 0x00, 0x00, 0x01, 0x01, 0x04, 0x06, 0x00, 
    0x00, 0x02, 0x02, 0x02, 0x02, 0x00, 0x00, 0x01, 0x02, 0x02, 0x02, 0x00, 
    0x00, 0x01, 0x02, 0x05, 0x0c, 0x00, 0x00, 0x01, 0x02, 0x04, 0x08, 0x00, 
    0x00, 0x02, 0x02, 0x02, 0x02, 0x00, 0x00, 0x01, 0x01, 0x01, 0x02, 0x00, 
    0x00, 0x01, 0x02, 0x03, 0x01, 0x00, 0x00, 0x01, 0x03, 0x03, 0x01, 0x00, 
    0x00, 0x01, 0x03, 0x03, 0x01, 0x00, 0x00, 0x01, 0x03, 0x02, 0x01, 0x00, 
    0x00, 0x02, 0x01, 0x01, 0x01, 0x00, 0x00, 0x02, 0x02, 0x02, 0x02, 0x00, 
    0x00, 0x08, 0x04, 0x02, 0x01, 0x00, 0x00, 0x0c, 0x05, 0x02, 0x01, 0x00, 
    0x00, 0x02, 0x02, 0x02, 0x01, 0x00, 0x00, 0x02, 0x02, 0x02, 0x02, 0x00, 
    0x00, 0x06, 0x04, 0x01, 0x01, 0x00, 0x00, 0x03, 0x05, 0x04, 0x03, 0x00, 
    0x00, 0x09, 0x04, 0x03, 0x04, 0x02, 0x02, 0x05, 0x04, 0x04, 0x03, 0x00, 
    0x00, 0x04, 0x04, 0x05, 0x02, 0x00, 0x00, 0x03, 0x07, 0x07, 0x03, 0x00, 
    0x00, 0x07, 0x2a, 0x29, 0x07, 0x4a, 0x00, 0x03, 0x04, 0x03, 0x03, 0x01, 
    0x01, 0x05, 0x06, 0x07, 0x02, 0x00, 0x00, 0x03, 0x04, 0x03, 0x03, 0x00, 
    0x00, 0x02, 0x05, 0x05, 0x03, 0x00, 0x00, 0x01, 0x01, 0x04, 0x06, 0x00, 
    0x00, 0x04, 0x04, 0x06, 0x01, 0x00, 0x00, 0x01, 0x02, 0x03, 0x07, 0x00, 
    0x00, 0x01, 0x02, 0x03, 0x01, 0x00, 0x00, 0x01, 0x03, 0x02, 0x02, 0x00, 
    0x00, 0x01, 0x02, 0x03, 0x01, 0x00, 0x00, 0x01, 0x02, 0x01, 0x01, 0x00, 
    0x00, 0x02, 0x02, 0x03, 0x01, 0x00, 0x00, 0x01, 0x03, 0x02, 0x02, 0x00, 
    0x00, 0x01, 0x01, 0x02, 0x01, 0x00, 0x00, 0x01, 0x03, 0x02, 0x01, 0x00, 
    0x00, 0x02, 0x02, 0x03, 0x01, 0x00, 0x00, 0x01, 0x01, 0x04, 0x06, 0x00, 
    0x00, 0x02, 0x02, 0x02, 0x02, 0x00, 0x00, 0x01, 0x05, 0x07, 0x07, 0x00, 
    0x00, 0x01, 0x02, 0x02, 0x02, 0x00, 0x00, 0x03, 0x05, 0x05, 0x02, 0x00, 
    0x00, 0x03, 0x03, 0x04, 0x03, 0x00, 0x00, 0x04, 0x05, 0x07, 0x04, 0x00, 
    0x01, 0x04, 0x03, 0x04, 0x03, 0x00, 0x00, 0x04, 0x16, 0x15, 0x05, 0x00, 
    0x00, 0x03, 0x07, 0x06, 0x04, 0x01, 0x01, 0x04, 0x06, 0x06, 0x04, 0x00, 
    0x00, 0x03, 0x04, 0x03, 0x03, 0x00, 0x00, 0x02, 0x05, 0x04, 0x04, 0x00, 
    0x00, 0x0e, 0x07, 0x05, 0x01, 0x00, 0x00, 0x0c, 0x06, 0x01, 0x01, 0x00, 
    0x00, 0x01, 0x03, 0x02, 0x02, 0x00, 0x00, 0x01, 0x01, 0x02, 0x01, 0x00, 
    0x00, 0x01, 0x02, 0x03, 0x01, 0x00, 0x00, 0x02, 0x02, 0x03, 0x01, 0x00, 
    0x00, 0x01, 0x03, 0x02, 0x02, 0x00, 0x00, 0x01, 0x03, 0x02, 0x01, 0x00, 
    0x00, 0x01, 0x02, 0x01, 0x01, 0x00, 0x00, 0x02, 0x02, 0x03, 0x01, 0x00, 
    0x00, 0x01, 0x03, 0x02, 0x01, 0x00, 0x00, 0x01, 0x02, 0x05, 0x05, 0x00, 
    0x00, 0x01, 0x06, 0x05, 0x03, 0x00, 0x00, 0x01, 0x01, 0x04, 0x06, 0x00, 
    0x00, 0x04, 0x04, 0x05, 0x02, 0x00, 0x00, 0x03, 0x03, 0x04, 0x03, 0x00, 
    0x00, 0x03, 0x08, 0x06, 0x05, 0x00, 0x00, 0x05, 0x05, 0x07, 0x03, 0x00, 
    0x00, 0x05, 0x15, 0x16, 0x04, 0x52, 0x00, 0x02, 0x05, 0x04, 0x04, 0x00, 
    0x00, 0x03, 0x03, 0x04, 0x02, 0x00, 0x00, 0x02, 0x02, 0x02, 0x02, 0x00, 
    0x00, 0x02, 0x04, 0x04, 0x02, 0x00, 0x00, 0x02, 0x02, 0x02, 0x02, 0x00, 
    0x00, 0x01, 0x03, 0x02, 0x01, 0x00, 0x00, 0x02, 0x02, 0x02, 0x02, 0x00, 
    0x00, 0x01, 0x01, 0x02, 0x01, 0x00, 0x00, 0x01, 0x02, 0x04, 0x00, 0x00, 
    0x00, 0x00, 0x04, 0x02, 0x01, 0x00, 0x00, 0x01, 0x02, 0x01, 0x01, 0x00, 
    0x00, 0x02, 0x02, 0x02, 0x02, 0x00, 0x00, 0x01, 0x02, 0x03, 0x01, 0x00, 
    0x00, 0x02, 0x02, 0x02, 0x02, 0x00, 0x00, 0x02, 0x04, 0x04, 0x02, 0x00, 
    0x00, 0x02, 0x02, 0x02, 0x02, 0x00, 0x00, 0x02, 0x04, 0x03, 0x03, 0x00, 
    0x00, 0x04, 0x04, 0x05, 0x02, 0x00, 0x00, 0x08, 0x2d, 0x2c, 0x08, 0x00, 
    0x00, 0x02, 0x05, 0x05, 0x03, 0x00, 0x00, 0x03, 0x03, 0x04, 0x02, 0x00, 
    0x00, 0x02, 0x02, 0x02, 0x02, 0x00, 0x00, 0x02, 0x04, 0x04, 0x02, 0x00, 
    0x00, 0x02, 0x02, 0x02, 0x02, 0x00, 0x00, 0x01, 0x03, 0x02, 0x01, 0x00, 
    0x00, 0x02, 0x02, 0x02, 0x02, 0x00, 0x00, 0x01, 0x01, 0x02, 0x01, 0x00, 
    0x00, 0x01, 0x02, 0x04, 0x00, 0x00, 0x00, 0x00, 0x04, 0x02, 0x01, 0x00, 
    0x00, 0x01, 0x02, 0x01, 0x01, 0x00, 0x00, 0x02, 0x02, 0x02, 0x02, 0x00, 
    0x00, 0x01, 0x02, 0x03, 0x01, 0x00, 0x00, 0x02, 0x02, 0x02, 0x02, 0x00, 
    0x00, 0x02, 0x04, 0x04, 0x02, 0x00, 0x00, 0x02, 0x02, 0x02, 0x02, 0x00, 
    0x00, 0x02, 0x04, 0x03, 0x03, 0x00, 0x00, 0x03, 0x05, 0x05, 0x02, 0x00, 
    0x00, 0x08, 0x2c, 0x2d, 0x08, 0x52, 0x00, 0x03, 0x02, 0x07, 0x08, 0x00, 
    0x00, 0x03, 0x05, 0x07, 0x00, 0x00, 0x00, 0x01, 0x02, 0x01, 0x01, 0x00, 
    0x00, 0x01, 0x01, 0x02, 0x01, 0x00, 0x00, 0x00, 0x06, 0x05, 0x03, 0x00, 
    0x01, 0x07, 0x07, 0x03, 0x03, 0x00, 0x00, 0x0b, 0x12, 0x13, 0x0b, 0x00, 
    0x00, 0x03, 0x04, 0x04, 0x02, 0x00, 0x00, 0x02, 0x01, 0x03, 0x01, 0x01, 
    0x00, 0x02, 0x06, 0x06, 0x00, 0x00, 0x00, 0x01, 0x02, 0x01, 0x01, 0x00, 
    0x00, 0x01, 0x01, 0x02, 0x01, 0x00, 0x00, 0x00, 0x07, 0x05, 0x03, 0x00, 
    0x00, 0x08, 0x07, 0x02, 0x03, 0x00, 0x00, 0x0b, 0x13, 0x12, 0x0b, 0xfe, 
    0x72, 0x01, 0x04, 0x03, 0x04, 0x03, 0x02, 0x02, 0x01, 0x00, 0x00, 0x01, 
    0x01, 0x02, 0x01, 0x00, 0x00, 0x02, 0x05, 0x05, 0x03, 0x00, 0x00, 0x01, 
    0x03, 0x02, 0x01, 0x00, 0x00, 0x05, 0x05, 0x07, 0x03, 0x00, 0x00, 0x0b, 
    0x44, 0x4e, 0x00, 0x00, 0x02, 0x02, 0x03, 0x01, 0x00, 0x00, 0x01, 0x03, 
    0x03, 0x00, 0x00, 0x00, 0x01, 0x02, 0x01, 0x01, 0x00, 0x00, 0x01, 0x03, 
    0x03, 0x01, 0x00, 0x00, 0x01, 0x03, 0x02, 0x01, 0x00, 0x00, 0x02, 0x02, 
    0x03, 0x01, 0x00, 0x00, 0x01, 0x01, 0x02, 0x01, 0x00, 0x00, 0x01, 0x03, 
    0x02, 0x01, 0x00, 0x00, 0x02, 0x02, 0x02, 0x02, 0x00, 0x00, 0x01, 0x03, 
    0x02, 0x01, 0x00, 0x00, 0x01, 0x02, 0x01, 0x01, 0x00, 0x00, 0x02, 0x02, 
    0x02, 0x02, 0x00, 0x00, 0x01, 0x03, 0x02, 0x01, 0x00, 0x00, 0x02, 0x02, 
    0x03, 0x01, 0x00, 0x00, 0x01, 0x01, 0x02, 0x01, 0x00, 0x00, 0x01, 0x02, 
    0x03, 0x01, 0x00, 0x00, 0x02, 0x02, 0x02, 0x02, 0x00, 0x00, 0x01, 0x02, 
    0x03, 0x01, 0x00, 0x00, 0x02, 0x02, 0x02, 0x02, 0x00, 0x00, 0x02, 0x04, 
    0x03, 0x03, 0x00, 0x00, 0x02, 0x02, 0x02, 0x02, 0x00, 0x01, 0x01, 0x05, 
    0x04, 0x01, 0x00, 0x00, 0x02, 0x02, 0x02, 0x02, 0x00, 0x00, 0x01, 0x01, 
    0x02, 0x02, 0x00, 0x00, 0x01, 0x02, 0x05, 0x05, 0x00, 0x00, 0x01, 0x01, 
    0x02, 0x03, 0x04, 0x03, 0x05, 0x03, 0x04, 0x01, 0x00, 0x00, 0x01, 0x03, 
    0x02, 0x01, 0x00, 0x00, 0x03, 0x05, 0x06, 0x01, 0x00, 0x00, 0x02, 0x01, 
    0x01, 0x01, 0x00, 0x00, 0x02, 0x02, 0x02, 0x02, 0x00, 0x00, 0x02, 0x04, 
    0x07, 0x07, 0x00, 0x00, 0x02, 0x02, 0x02, 0x01, 0x00, 0x00, 0x02, 0x02, 
    0x02, 0x02, 0x00, 0x00, 0x02, 0x04, 0x05, 0x01, 0x00, 0x00, 0x02, 0x06, 
    0x05, 0x02, 0x00, 0x00, 0x03, 0x02, 0x03, 0x05, 0x03, 0x04, 0x03, 0x02, 
    0x01, 0x02, 0x00, 0x00, 0x02, 0x04, 0x04, 0x02, 0x00, 0x00, 0x03, 0x05, 
    0x05, 0x02, 0x00, 0x00, 0x02, 0x02, 0x02, 0x02, 0x00, 0x00, 0x03, 0x03, 
    0x04, 0x02, 0x00, 0x00, 0x03, 0x05, 0x05, 0x02, 0x00, 0x00, 0x03, 0x03, 
    0x04, 0x03, 0x00, 0x00, 0x01, 0x02, 0x02, 0x02, 0x00, 0x00, 0x05, 0x05, 
    0x07, 0x03, 0x00, 0x00, 0x03, 0x05, 0x05, 0x02, 0x00, 0x00, 0x02, 0x04, 
    0x04, 0x03, 0x00, 0x00, 0x02, 0x05, 0x04, 0x03, 0x00, 0x00, 0x05, 0x05, 
    0x08, 0x02, 0x00, 0x00, 0x03, 0x07, 0x08, 0x02, 0x00, 0x00, 0x03, 0x05, 
    0x05, 0x02, 0x00, 0x00, 0x04, 0x0a, 0x08, 0x06, 0x00, 0x00, 0x07, 0x0a, 
    0x0e, 0x04, 0x00, 0x00, 0x03, 0x0d, 0x0d, 0x03, 0x00, 0x00, 0x03, 0x0b, 
    0x09, 0x05, 0x01, 0x00, 0x04, 0x03, 0x07, 0x00, 0x00, 0x00, 0x03, 0x03, 
    0x01, 0x00, 0x00, 0x01, 0x02, 0x01, 0x01, 0x00, 0x00, 0x02, 0x02, 0x02, 
    0x02, 0x00, 0x00, 0x07, 0x05, 0x01, 0x02, 0x00, 0x00, 0x01, 0x01, 0x01, 
    0x02, 0x00, 0x00, 0x01, 0x01, 0x02, 0x03, 0x01, 0x03, 0x06, 0x31, 0x37, 
    0x09, 0x05, 0x04, 0x00, 0x00, 0x01, 0x02, 0x05, 0x07, 0x00, 0x00, 0x02, 
    0x02, 0x02, 0x02, 0x00, 0x00, 0x01, 0x01, 0x02, 0x01, 0x00, 0x00, 0x01, 
    0x02, 0x04, 0x00, 0x00, 0x00, 0x07, 0x03, 0x03, 0x01, 0x01, 0x04, 0x0a, 
    0x0a, 0x04, 0x00, 0x00, 0x03, 0x0d, 0x0d, 0x03, 0x00, 0x00, 0x04, 0x0e, 
    0x09, 0x08, 0x00, 0x00, 0x06, 0x08, 0x0a, 0x03, 0x00, 0x00, 0x03, 0x05, 
    0x05, 0x02, 0x00, 0x00, 0x03, 0x07, 0x08, 0x02, 0x00, 0x00, 0x03, 0x07, 
    0x06, 0x04, 0x00, 0x00, 0x03, 0x04, 0x03, 0x04, 0x00, 0x01, 0x04, 0x03, 
    0x03, 0x03, 0x00, 0x00, 0x02, 0x05, 0x05, 0x03, 0x00, 0x00, 0x02, 0x07, 
    0x06, 0x05, 0x04, 0x03, 0x05, 0x03, 0x02, 0x03, 0x00, 0x00, 0x02, 0x05, 
    0x05, 0x03, 0x00, 0x00, 0x02, 0x04, 0x03, 0x03, 0x00, 0x00, 0x02, 0x02, 
    0x02, 0x02, 0x00, 0x00, 0x02, 0x04, 0x03, 0x04, 0x01, 0x00, 0x04, 0x03, 
    0x04, 0x02, 0x00, 0x00, 0x01, 0x02, 0x01, 0x04, 0x03, 0x04, 0x05, 0x02, 
    0x03, 0x02, 0x00, 0x00, 0x03, 0x04, 0x05, 0x02, 0x01, 0x01, 0x01, 0x05, 
    0x04, 0x02, 0x00, 0x00, 0x02, 0x02, 0x02, 0x01, 0x00, 0x00, 0x0f, 0x04, 
    0x06, 0x0f, 0x00, 0x00, 0x02, 0x04, 0x07, 0x0a, 0x00, 0x00, 0x01, 0x04, 
    0x06, 0x10, 0x00, 0x00, 0x06, 0x04, 0x02, 0x01, 0x00, 0x00, 0x01, 0x02, 
    0x03, 0x01, 0x00, 0x00, 0x02, 0x02, 0x02, 0x02, 0x00, 0x00, 0x01, 0x04, 
    0x04, 0x02, 0x01, 0x00, 0x02, 0x02, 0x02, 0x02, 0x00, 0x00, 0x02, 0x04, 
    0x03, 0x03, 0x00, 0x00, 0x02, 0x02, 0x02, 0x02, 0x00, 0x00, 0x01, 0x02, 
    0x02, 0x02, 0x00, 0x00, 0x01, 0x03, 0x02, 0x02, 0x00, 0x00, 0x01, 0x01, 
    0x01, 0x02, 0x00, 0x00, 0x01, 0x02, 0x03, 0x01, 0x00, 0x00, 0x01, 0x03, 
    0x02, 0x02, 0x00, 0x00, 0x02, 0x04, 0x04, 0x02, 0x00, 0x00, 0x01, 0x03, 
    0x02, 0x01, 0x00, 0x00, 0x02, 0x02, 0x03, 0x01, 0x00, 0x00, 0x02, 0x02, 
    0x02, 0x01, 0x00, 0x00, 0x02, 0x01, 0x01, 0x01, 0x00, 0x00, 0x01, 0x03, 
    0x03, 0x01, 0x00, 0x00, 0x01, 0x03, 0x02, 0x01, 0x00, 0x00, 0x02, 0x02, 
    0x03, 0x01, 0x00, 0x00, 0x01, 0x01, 0x02, 0x01, 0x00, 0x00, 0x01, 0x03, 
    0x03, 0x00, 0x00, 0x00, 0x01, 0x03, 0x03, 0x01, 0x00, 0x00, 0x01, 0x03, 
    0x02, 0x01, 0x00, 0x00, 0x4f, 0x44, 0x0b, 0x00, 0x00, 0x02, 0x08, 0x05, 
    0x05, 0x00, 0x00, 0x01, 0x02, 0x02, 0x02, 0x00, 0x00, 0x02, 0x04, 0x05, 
    0x09, 0x00, 0x00, 0x01, 0x02, 0x01, 0x05, 0x05, 0x0a, 0x00, 0x00, 0x01, 
    0x04, 0x02, 0x02, 0x00, 0x00, 0x02, 0x02, 0x02, 0x02, 0x00, 0x00, 0x01, 
    0x02, 0x02, 0x02, 0x00, 0x00, 0x09, 0x05, 0x04, 0x02, 0x00, 0x00, 0x02, 
    0x02, 0x02, 0x01, 0x00, 0x00, 0x05, 0x05, 0x08, 0x02, 0x00, 0x00, 0x0b, 
    0x44, 0x4f, 0x00, 0x00, 0x01, 0x02, 0x03, 0x01, 0x00, 0x00, 0x01, 0x03, 
    0x03, 0x01, 0x00, 0x00, 0x01, 0x02, 0x03, 0x01, 0x00, 0x00, 0x01, 0x02, 
    0x01, 0x01, 0x00, 0x00, 0x01, 0x03, 0x02, 0x02, 0x00, 0x00, 0x01, 0x02, 
    0x03, 0x01, 0x00, 0x00, 0x01, 0x03, 0x03, 0x01, 0x00, 0x00, 0x01, 0x01, 
    0x01, 0x02, 0x00, 0x00, 0x01, 0x02, 0x03, 0x01, 0x00, 0x00, 0x01, 0x03, 
    0x02, 0x02, 0x00, 0x00, 0x01, 0x02, 0x03, 0x01, 0x00, 0x00, 0x01, 0x01, 
    0x02, 0x01, 0x00, 0x00, 0x02, 0x02, 0x02, 0x01, 0x00, 0x00, 0x02, 0x02, 
    0x03, 0x01, 0x00, 0x00, 0x01, 0x03, 0x02, 0x01, 0x00, 0x00, 0x02, 0x01, 
    0x01, 0x01, 0x00, 0x00, 0x02, 0x02, 0x03, 0x01, 0x00, 0x00, 0x01, 0x03, 
    0x02, 0x01, 0x00, 0x00, 0x02, 0x02, 0x02, 0x02, 0x00, 0x00, 0x03, 0x03, 
    0x04, 0x02, 0x00, 0x00, 0x02, 0x02, 0x03, 0x01, 0x00, 0x00, 0x01, 0x05, 
    0x05, 0x01, 0x00, 0x00, 0x02, 0x02, 0x02, 0x02, 0x00, 0x00, 0x01, 0x03, 
    0x02, 0x01, 0x00, 0x00, 0x01, 0x02, 0x05, 0x05, 0x00, 0x00, 0x01, 0x03, 
    0x02, 0x01, 0x00, 0x00, 0x02, 0x02, 0x02, 0x02, 0x00, 0x00, 0x03, 0x03, 
    0x05, 0x01, 0x00, 0x00, 0x02, 0x02, 0x02, 0x02, 0x00, 0x00, 0x02, 0x05, 
    0x06, 0x02, 0x00, 0x00, 0x02, 0x04, 0x03, 0x03, 0x00, 0x00, 0x03, 0x04, 
    0x06, 0x07, 0x00, 0x00, 0x02, 0x02, 0x02, 0x02, 0x00, 0x00, 0x01, 0x02, 
    0x02, 0x02, 0x00, 0x00, 0x02, 0x04, 0x05, 0x01, 0x01, 0x01, 0x02, 0x05, 
    0x04, 0x03, 0x00, 0x00, 0x02, 0x03, 0x02, 0x07, 0x05, 0x06, 0x07, 0x02, 
    0x03, 0x03, 0x00, 0x01, 0x04, 0x03, 0x04, 0x02, 0x00, 0x00, 0x02, 0x02, 
    0x02, 0x02, 0x01, 0x01, 0x03, 0x02, 0x03, 0x02, 0x00, 0x00, 0x04, 0x04, 
    0x05, 0x02, 0x00, 0x00, 0x03, 0x04, 0x03, 0x03, 0x00, 0x00, 0x01, 0x02, 
    0x02, 0x02, 0x01, 0x01, 0x04, 0x05, 0x05, 0x04, 0x00, 0x00, 0x04, 0x04, 
    0x05, 0x02, 0x00, 0x00, 0x03, 0x03, 0x04, 0x03, 0x00, 0x00, 0x02, 0x05, 
    0x05, 0x03, 0x00, 0x00, 0x02, 0x08, 0x05, 0x05, 0x00, 0x00, 0x04, 0x06, 
    0x07, 0x03, 0x00, 0x00, 0x02, 0x05, 0x05, 0x03, 0x00, 0x00, 0x03, 0x0a, 
    0x0b, 0x03, 0x00, 0x00, 0x04, 0x0d, 0x0a, 0x08, 0x00, 0x00, 0x07, 0x09, 
    0x0d, 0x03, 0x00, 0x00, 0x04, 0x0a, 0x0a, 0x04, 0x01, 0x01, 0x03, 0x03, 
    0x07, 0x00, 0x00, 0x00, 0x04, 0x02, 0x01, 0x00, 0x00, 0x01, 0x02, 0x01, 
    0x01, 0x00, 0x00, 0x02, 0x02, 0x03, 0x01, 0x00, 0x00, 0x01, 0x03, 0x02, 
    0x01, 0x00, 0x00, 0x02, 0x02, 0x02, 0x02, 0x00, 0x00, 0x03, 0x03, 0x03, 
    0x03, 0x00, 0x00, 0x14, 0x28, 0x34, 0x08, 0x00, 0x00, 0x02, 0x02, 0x02, 
    0x01, 0x00, 0x00, 0x02, 0x01, 0x01, 0x01, 0x00, 0x00, 0x02, 0x02, 0x02, 
    0x02, 0x00, 0x00, 0x02, 0x02, 0x02, 0x01, 0x00, 0x00, 0x02, 0x02, 0x02, 
    0x02, 0x00, 0x00, 0x01, 0x01, 0x02, 0x01, 0x00, 0x00, 0x01, 0x03, 0x03, 
    0x00, 0x00, 0x00, 0x07, 0x03, 0x04, 0x00, 0x01, 0x05, 0x09, 0x0b, 0x03, 
    0x00, 0x00, 0x03, 0x0d, 0x09, 0x07, 0x00, 0x00, 0x08, 0x0a, 0x0e, 0x03, 
    0x00, 0x00, 0x03, 0x0b, 0x0a, 0x04, 0x00, 0x00, 0x02, 0x05, 0x05, 0x03, 
    0x00, 0x00, 0x02, 0x08, 0x05, 0x05, 0x00, 0x00, 0x04, 0x06, 0x07, 0x03, 
    0x00, 0x00, 0x02, 0x05, 0x05, 0x02, 0x00, 0x00, 0x03, 0x04, 0x04, 0x02, 
    0x00, 0x00, 0x02, 0x05, 0x05, 0x03, 0x00, 0x00, 0x04, 0x05, 0x05, 0x04, 
    0x01, 0x01, 0x02, 0x02, 0x02, 0x01, 0x00, 0x00, 0x03, 0x04, 0x03, 0x03, 
    0x00, 0x00, 0x02, 0x05, 0x04, 0x04, 0x00, 0x00, 0x02, 0x03, 0x03, 0x03, 
    0x00, 0x01, 0x02, 0x02, 0x02, 0x02, 0x00, 0x00, 0x02, 0x05, 0x05, 0x03, 
    0x00, 0x00, 0x02, 0x03, 0x03, 0x07, 0x05, 0x05, 0x07, 0x03, 0x02, 0x03, 
    0x00, 0x00, 0x02, 0x05, 0x06, 0x02, 0x00, 0x00, 0x01, 0x05, 0x04, 0x02, 
    0x00, 0x00, 0x02, 0x02, 0x02, 0x02, 0x00, 0x00, 0x01, 0x02, 0x02, 0x02, 
    0x00, 0x00, 0x07, 0x07, 0x04, 0x02, 0x00, 0x00, 0x02, 0x02, 0x02, 0x02, 
    0x00, 0x00, 0x01, 0x01, 0x01, 0x02, 0x00, 0x00, 0x01, 0x06, 0x05, 0x03, 
    0x00, 0x00, 0x01, 0x02, 0x03, 0x01, 0x00, 0x00, 0x01, 0x05, 0x04, 0x02, 
    0x00, 0x00, 0x02, 0x02, 0x02, 0x02, 0x00, 0x00, 0x02, 0x02, 0x02, 0x01, 
    0x00, 0x00, 0x05, 0x05, 0x02, 0x01, 0x00, 0x00, 0x02, 0x02, 0x01, 0x01, 
    0x00, 0x00, 0x02, 0x02, 0x02, 0x02, 0x00, 0x00, 0x01, 0x05, 0x05, 0x01, 
    0x00, 0x00, 0x02, 0x02, 0x02, 0x02, 0x00, 0x00, 0x04, 0x06, 0x05, 0x05, 
    0x00, 0x00, 0x01, 0x03, 0x02, 0x01, 0x00, 0x00, 0x02, 0x02, 0x02, 0x02, 
    0x00, 0x00, 0x01, 0x03, 0x02, 0x01, 0x00, 0x00, 0x01, 0x02, 0x01, 0x01, 
    0x00, 0x00, 0x01, 0x03, 0x02, 0x02, 0x00, 0x00, 0x01, 0x02, 0x03, 0x01, 
    0x00, 0x00, 0x02, 0x02, 0x02, 0x02, 0x00, 0x00, 0x01, 0x01, 0x02, 0x01, 
    0x00, 0x00, 0x01, 0x02, 0x03, 0x01, 0x00, 0x00, 0x02, 0x02, 0x02, 0x02, 
    0x00, 0x00, 0x01, 0x02, 0x03, 0x01, 0x00, 0x00, 0x01, 0x02, 0x01, 0x01, 
    0x00, 0x00, 0x01, 0x03, 0x02, 0x02, 0x00, 0x00, 0x01, 0x02, 0x03, 0x01, 
    0x00, 0x00, 0x01, 0x03, 0x03, 0x01, 0x00, 0x00, 0x01, 0x01, 0x01, 0x02, 
    0x00, 0x00, 0x00, 0x03, 0x03, 0x01, 0x00, 0x00, 0x01, 0x03, 0x02, 0x02, 
    0x00, 0x00, 0x4e, 0x44, 0x0b, 0x00, 0x00, 0x03, 0x07, 0x05, 0x05, 0x00, 
    0x00, 0x01, 0x02, 0x03, 0x01, 0x00, 0x00, 0x03, 0x05, 0x05, 0x02, 0x00, 
    0x00, 0x01, 0x02, 0x01, 0x01, 0x00, 0x00, 0x02, 0x02, 0x02, 0x02, 0x00, 
    0x00, 0x01, 0x02, 0x02, 0x02, 0x00, 0x00, 0x02, 0x02, 0x03, 0x01, 0x00, 
    0x00, 0x01, 0x3e, 0x03, 0x03, 0x01, 0x02, 0x01, 0x00, 0x00, 0x08, 0x06, 
    0x03, 0x03, 0x00, 0x00, 0x42, 0x80, 0x7f, 0x43, 0x00, 0x00, 0x03, 0x04, 
    0x05, 0x03, 0x00, 0x00, 0x04, 0x06, 0x09, 0x01, 0x00, 0x00, 0x01, 0x09, 
    0x06, 0x04, 0x00, 0x00, 0x03, 0x05, 0x04, 0x03, 0x00, 0x00, 0x43, 0x7f, 
    0x80, 0x42, 0x00, 0x00, 0x03, 0x02, 0x05, 0x0a, 0x00, 0x00, 0x02, 0x02, 
    0x02, 0x02, 0x00, 0x00, 0x01, 0x02, 0x07, 0x01, 0x01, 0x0d, 0x00, 0x00, 
    0x01, 0x01, 0x02, 0x01, 0x00, 0x00, 0x01, 0x02, 0x03, 0x01, 0x00, 0x00, 
    0x01, 0x03, 0x03, 0x01, 0x00, 0x00, 0x01, 0x02, 0x03, 0x01, 0x00, 0x00, 
    0x01, 0x02, 0x01, 0x01, 0x00, 0x00, 0x02, 0x02, 0x02, 0x02, 0x00, 0x00, 
    0x01, 0x02, 0x03, 0x01, 0x00, 0x00, 0x01, 0x03, 0x03, 0x01, 0x00, 0x00, 
    0x01, 0x02, 0x02, 0x02, 0x00, 0x00, 0x01, 0x02, 0x01, 0x01, 0x00, 0x00, 
    0x02, 0x02, 0x02, 0x02, 0x00, 0x00, 0x01, 0x01, 0x03, 0x01, 0x00, 0x00, 
    0x02, 0x02, 0x02, 0x02, 0x00, 0x00, 0x01, 0x01, 0x01, 0x02, 0x00, 0x00, 
    0x01, 0x02, 0x03, 0x01, 0x00, 0x00, 0x01, 0x03, 0x02, 0x02, 0x00, 0x00, 
    0x01, 0x01, 0x05, 0x05, 0x00, 0x00, 0x02, 0x02, 0x02, 0x02, 0x00, 0x01, 
    0x01, 0x06, 0x05, 0x01, 0x00, 0x00, 0x02, 0x01, 0x01, 0x01, 0x00, 0x00, 
    0x02, 0x01, 0x02, 0x03, 0x03, 0x04, 0x04, 0x01, 0x02, 0x01, 0x00, 0x00, 
    0x01, 0x01, 0x02, 0x01, 0x00, 0x00, 0x08, 0x08, 0x05, 0x01, 0x00, 0x00, 
    0x07, 0x08, 0x03, 0x02, 0x00, 0x00, 0x02, 0x02, 0x02, 0x02, 0x00, 0x00, 
    0x01, 0x01, 0x02, 0x01, 0x00, 0x00, 0x01, 0x01, 0x02, 0x04, 0x03, 0x03, 
    0x05, 0x03, 0x04, 0x01, 0x01, 0x00, 0x02, 0x05, 0x04, 0x03, 0x00, 0x00, 
    0x03, 0x03, 0x04, 0x03, 0x00, 0x00, 0x01, 0x02, 0x02, 0x02, 0x00, 0x00, 
    0x02, 0x02, 0x02, 0x02, 0x00, 0x00, 0x02, 0x04, 0x03, 0x03, 0x01, 0x01, 
    0x03, 0x04, 0x03, 0x03, 0x00, 0x00, 0x02, 0x02, 0x02, 0x02, 0x00, 0x00, 
    0x02, 0x04, 0x04, 0x02, 0x00, 0x00, 0x03, 0x05, 0x05, 0x02, 0x00, 0x00, 
    0x02, 0x04, 0x04, 0x03, 0x00, 0x00, 0x01, 0x02, 0x02, 0x02, 0x00, 0x00, 
    0x03, 0x07, 0x07, 0x03, 0x00, 0x00, 0x03, 0x06, 0x06, 0x04, 0x04, 0x05, 
    0x04, 0x06, 0x06, 0x03, 0x01, 0x01, 0x04, 0x09, 0x09, 0x04, 0x01, 0x01, 
    0x05, 0x09, 0x0b, 0x03, 0x00, 0x00, 0x02, 0x04, 0x03, 0x03, 0x00, 0x00, 
    0x09, 0x0c, 0x12, 0x04, 0x00, 0x00, 0x02, 0x08, 0x0a, 0x00, 0x00, 0x0c, 
    0x07, 0x06, 0x02, 0x02, 0x07, 0x09, 0x09, 0x06, 0x00, 0x00, 0x06, 0x08, 
    0x0b, 0x03, 0x00, 0x00, 0x02, 0x07, 0x07, 0x04, 0x01, 0x01, 0x03, 0x07, 
    0x06, 0x04, 0x01, 0x01, 0x04, 0x05, 0x05, 0x04, 0x00, 0x00, 0x05, 0x05, 
    0x07, 0x03, 0x00, 0x00, 0x02, 0x02, 0x02, 0x02, 0x00, 0x00, 0x02, 0x07, 
    0x07, 0x03, 0x01, 0x01, 0x04, 0x03, 0x04, 0x02, 0x00, 0x00, 0x03, 0x04, 
    0x04, 0x02, 0x00, 0x00, 0x02, 0x05, 0x05, 0x03, 0x00, 0x00, 0x09, 0x08, 
    0x06, 0x04, 0x05, 0x05, 0x03, 0x00, 0x00, 0x03, 0x04, 0x05, 0x03, 0x00, 
    0x00, 0x02, 0x04, 0x03, 0x03, 0x00, 0x00, 0x02, 0x02, 0x02, 0x02, 0x00, 
    0x00, 0x01, 0x03, 0x02, 0x01, 0x00, 0x00, 0x02, 0x03, 0x03, 0x05, 0x03, 
    0x03, 0x04, 0x02, 0x01, 0x02, 0x00, 0x00, 0x02, 0x04, 0x04, 0x02, 0x00, 
    0x00, 0x01, 0x02, 0x04, 0x08, 0x00, 0x00, 0x02, 0x04, 0x04, 0x03, 0x00, 
    0x00, 0x01, 0x01, 0x03, 0x16, 0x00, 0x00, 0x02, 0x02, 0x02, 0x02, 0x00, 
    0x00, 0x01, 0x06, 0x05, 0x03, 0x00, 0x00, 0x01, 0x01, 0x01, 0x02, 0x00, 
    0x00, 0x01, 0x02, 0x03, 0x01, 0x00, 0x00, 0x01, 0x03, 0x02, 0x01, 0x00, 
    0x00, 0x02, 0x02, 0x03, 0x01, 0x00, 0x00, 0x05, 0x05, 0x01, 0x01, 0x00, 
    0x00, 0x02, 0x02, 0x02, 0x02, 0x00, 0x00, 0x02, 0x02, 0x02, 0x01, 0x00, 
    0x00, 0x02, 0x01, 0x01, 0x01, 0x00, 0x00, 0x02, 0x02, 0x02, 0x02, 0x00, 
    0x00, 0x01, 0x02, 0x02, 0x01, 0x00, 0x00, 0x02, 0x02, 0x03, 0x01, 0x00, 
    0x00, 0x04, 0x06, 0x01, 0x01, 0x00, 0x00, 0x02, 0x02, 0x02, 0x02, 0x00, 
    0x00, 0x01, 0x03, 0x02, 0x01, 0x00, 0x00, 0x01, 0x02, 0x01, 0x01, 0x00, 
    0x00, 0x01, 0x03, 0x02, 0x02, 0x00, 0x00, 0x01, 0x03, 0x02, 0x01, 0x00, 
    0x00, 0x01, 0x03, 0x03, 0x01, 0x00, 0x00, 0x01, 0x01, 0x02, 0x01, 0x00, 
    0x00, 0x01, 0x02, 0x03, 0x01, 0x00, 0x00, 0x01, 0x03, 0x03, 0x01, 0x00, 
    0x00, 0x01, 0x02, 0x04, 0x00, 0x00, 0x00, 0x01, 0x02, 0x01, 0x01, 0x00, 
    0x00, 0x0c, 0x0a, 0x02, 0x01, 0x00, 0x00, 0x01, 0x03, 0x02, 0x01, 0x00, 
    0x00, 0x01, 0x03, 0x03, 0x01, 0x00, 0x00, 0x01, 0x03, 0x02, 0x01, 0x00, 
    0x00, 0x01, 0x02, 0x01, 0x01, 0x00, 0x00, 0x01, 0x03, 0x03, 0x01, 0x00, 
    0x00, 0x01, 0x02, 0x03, 0x01, 0x00, 0x00, 0x02, 0x02, 0x03, 0x01, 0x00, 
    0x00, 0x01, 0x01, 0x02, 0x01, 0x00, 0x00, 0x01, 0x02, 0x03, 0x01, 0x00, 
    0x00, 0x02, 0x02, 0x02, 0x02, 0x00, 0x00, 0x01, 0x01, 0x06, 0x04, 0x00, 
    0x00, 0x01, 0x02, 0x05, 0x0e, 0x00, 0x00, 0x01, 0x01, 0x01, 0x02, 0x00, 
    0x00, 0x01, 0x02, 0x02, 0x02, 0x00, 0x00, 0x02, 0x02, 0x02, 0x02, 0x00, 
    0x00, 0x01, 0x01, 0x05, 0x05, 0x00, 0x00, 0x02, 0x02, 0x02, 0x02, 0x00, 
    0x00, 0x01, 0x02, 0x02, 0x02, 0x00, 0x00, 0x03, 0x03, 0x04, 0x02, 0x00, 
    0x00, 0x04, 0x04, 0x06, 0x01, 0x00, 0x00, 0x08, 0x0b, 0x0b, 0x0a, 0x03, 
    0x04, 0x01, 0x00, 0x00, 0x01, 0x03, 0x02, 0x01, 0x00, 0x00, 0x03, 0x02, 
    0x06, 0x09, 0x00, 0x00, 0x02, 0x02, 0x02, 0x02, 0x00, 0x00, 0x02, 0x03, 
    0x07, 0x08, 0x00, 0x00, 0x01, 0x02, 0x03, 0x01, 0x00, 0x00, 0x03, 0x03, 
    0x03, 0x05, 0x03, 0x02, 0x05, 0x02, 0x05, 0x11, 0x00, 0x00, 0x04, 0x06, 
    0x0a, 0x07, 0x00, 0x00, 0x03, 0x05, 0x05, 0x02, 0x00, 0x00, 0x02, 0x04, 
    0x04, 0x03, 0x00, 0x00, 0x02, 0x05, 0x04, 0x03, 0x00, 0x00, 0x05, 0x05, 
    0x08, 0x02, 0x00, 0x00, 0x02, 0x02, 0x02, 0x02, 0x00, 0x00, 0x03, 0x07, 
    0x07, 0x03, 0x00, 0x00, 0x03, 0x07, 0x05, 0x05, 0x00, 0x00, 0x04, 0x06, 
    0x07, 0x03, 0x01, 0x01, 0x04, 0x07, 0x07, 0x02, 0x00, 0x00, 0x03, 0x0b, 
    0x0b, 0x03, 0x00, 0x00, 0x03, 0x0e, 0x0a, 0x08, 0x00, 0x00, 0x05, 0x07, 
    0x0d, 0x00, 0x00, 0x0a, 0x06, 0x04, 0x00, 0x00, 0x07, 0x0a, 0x0c, 0x04, 
    0x01, 0x01, 0x04, 0x07, 0x07, 0x02, 0x00, 0x00, 0x03, 0x0b, 0x09, 0x05, 
    0x01, 0x01, 0x03, 0x07, 0x0b, 0x13, 0x00, 0x00, 0x03, 0x03, 0x03, 0x04, 
    0x00, 0x01, 0x04, 0x07, 0x07, 0x03, 0x00, 0x00, 0x03, 0x07, 0x07, 0x03, 
    0x00, 0x00, 0x02, 0x02, 0x02, 0x01, 0x00, 0x00, 0x03, 0x04, 0x04, 0x02, 
    0x00, 0x00, 0x02, 0x05, 0x05, 0x03, 0x00, 0x00, 0x02, 0x04, 0x04, 0x02, 
    0x00, 0x00, 0x02, 0x02, 0x02, 0x02, 0x00, 0x00, 0x03, 0x03, 0x04, 0x03, 
    0x01, 0x01, 0x03, 0x03, 0x04, 0x02, 0x00, 0x00, 0x02, 0x02, 0x02, 0x02, 
    0x00, 0x00, 0x02, 0x02, 0x02, 0x01, 0x00, 0x00, 0x03, 0x04, 0x03, 0x03, 
    0x00, 0x00, 0x02, 0x05, 0x07, 0x01, 0x00, 0x00, 0x01, 0x05, 0x03, 0x03, 
    0x00, 0x00, 0x02, 0x02, 0x02, 0x02, 0x00, 0x00, 0x01, 0x02, 0x03, 0x01, 
    0x00, 0x00, 0x01, 0x02, 0x01, 0x01, 0x00, 0x00, 0x02, 0x02, 0x02, 0x02, 
    0x00, 0x00, 0x02, 0x03, 0x08, 0x07, 0x00, 0x00, 0x01, 0x05, 0x08, 0x08, 
    0x00, 0x00, 0x01, 0x02, 0x01, 0x01, 0x00, 0x00, 0x02, 0x02, 0x02, 0x02, 
    0x00, 0x00, 0x01, 0x02, 0x02, 0x02, 0x00, 0x00, 0x02, 0x02, 0x02, 0x02, 
    0x00, 0x00, 0x01, 0x01, 0x01, 0x02, 0x00, 0x00, 0x01, 0x06, 0x07, 0x01, 
    0x00, 0x00, 0x01, 0x02, 0x03, 0x01, 0x00, 0x00, 0x01, 0x01, 0x02, 0x01, 
    0x00, 0x00, 0x02, 0x02, 0x02, 0x01, 0x00, 0x00, 0x02, 0x02, 0x02, 0x02, 
    0x00, 0x00, 0x02, 0x02, 0x02, 0x01, 0x00, 0x00, 0x02, 0x01, 0x01, 0x01, 
    0x00, 0x00, 0x02, 0x02, 0x02, 0x02, 0x00, 0x00, 0x01, 0x03, 0x01, 0x01, 
    0x00, 0x00, 0x02, 0x02, 0x02, 0x02, 0x00, 0x00, 0x01, 0x01, 0x02, 0x01, 
    0x00, 0x00, 0x02, 0x02, 0x02, 0x01, 0x00, 0x00, 0x01, 0x03, 0x03, 0x01, 
    0x00, 0x00, 0x02, 0x04, 0x04, 0x03, 0x01, 0x01, 0x01, 0x02, 0x01, 0x01, 
    0x00, 0x00, 0x01, 0x03, 0x02, 0x01, 0x00, 0x00, 0x01, 0x03, 0x02, 0x02, 
    0x00, 0x00, 0x01, 0x03, 0x02, 0x01, 0x00, 0x00, 0x01, 0x02, 0x01, 0x01, 
    0x00, 0x00, 0x0d, 0x0c, 0x00, 0x00, 0x01, 0x8c, 0x2e, 0x09, 0x01, 0x01, 
    0x04, 0x08, 0x0c, 0x09, 0x00, 0x00, 0x03, 0x04, 0x04, 0x04, 0x00, 0x00, 
    0x0e, 0x03, 0x02, 0x01, 0x00, 0x00, 0x01, 0x03, 0x02, 0x01, 0x00, 0x00, 
    0x02, 0x02, 0x03, 0x01, 0x00, 0x00, 0x01, 0x01, 0x02, 0x01, 0x00, 0x00, 
    0x01, 0x02, 0x01, 0x01, 0x00, 0x00, 0x01, 0x03, 0x02, 0x02, 0x00, 0x00, 
    0x01, 0x02, 0x03, 0x01, 0x00, 0x00, 0x01, 0x02, 0x03, 0x0e, 0x00, 0x00, 
    0x04, 0x04, 0x04, 0x03, 0x00, 0x00, 0x09, 0x0c, 0x08, 0x04, 0x01, 0x01, 
    0x09, 0x2e, 0x23, 0x13, 0x00, 0x00, 0x02, 0x02, 0x03, 0x01, 0x00, 0x00, 
    0x01, 0x02, 0x03, 0x00, 0x00, 0x00, 0x01, 0x03, 0x03, 0x01, 0x00, 0x00, 
    0x01, 0x01, 0x01, 0x02, 0x00, 0x00, 0x00, 0x03, 0x02, 0x02, 0x00, 0x00, 
    0x02, 0x02, 0x02, 0x02, 0x00, 0x00, 0x01, 0x02, 0x02, 0x02, 0x00, 0x00, 
    0x01, 0x02, 0x01, 0x01, 0x00, 0x00, 0x01, 0x03, 0x02, 0x02, 0x00, 0x00, 
    0x01, 0x02, 0x03, 0x01, 0x00, 0x00, 0x02, 0x02, 0x02, 0x01, 0x00, 0x00, 
    0x05, 0x05, 0x02, 0x01, 0x00, 0x00, 0x02, 0x02, 0x02, 0x01, 0x00, 0x00, 
    0x02, 0x02, 0x02, 0x02, 0x00, 0x00, 0x03, 0x03, 0x04, 0x02, 0x00, 0x00, 
    0x02, 0x02, 0x02, 0x02, 0x00, 0x00, 0x01, 0x03, 0x02, 0x01, 0x00, 0x00, 
    0x05, 0x05, 0x06, 0x04, 0x00, 0x00, 0x02, 0x02, 0x02, 0x02, 0x00, 0x00, 
    0x02, 0x04, 0x05, 0x01, 0x00, 0x00, 0x02, 0x02, 0x02, 0x02, 0x00, 0x00, 
    0x01, 0x03, 0x02, 0x01, 0x00, 0x00, 0x03, 0x04, 0x04, 0x02, 0x00, 0x00, 
    0x01, 0x02, 0x03, 0x01, 0x00, 0x00, 0x02, 0x04, 0x03, 0x06, 0x05, 0x06, 
    0x05, 0x02, 0x01, 0x01, 0x00, 0x00, 0x03, 0x03, 0x04, 0x03, 0x00, 0x00, 
    0x01, 0x01, 0x02, 0x03, 0x04, 0x03, 0x05, 0x03, 0x03, 0x02, 0x00, 0x00, 
    0x03, 0x05, 0x05, 0x02, 0x00, 0x00, 0x02, 0x02, 0x02, 0x02, 0x00, 0x00, 
    0x07, 0x09, 0x05, 0x04, 0x01, 0x01, 0x03, 0x03, 0x04, 0x02, 0x00, 0x00, 
    0x02, 0x02, 0x02, 0x02, 0x00, 0x00, 0x03, 0x07, 0x05, 0x05, 0x00, 0x00, 
    0x03, 0x03, 0x04, 0x03, 0x01, 0x01, 0x04, 0x06, 0x07, 0x03, 0x00, 0x00, 
    0x02, 0x02, 0x02, 0x01, 0x00, 0x00, 0x04, 0x0a, 0x08, 0x06, 0x00, 0x00, 
    0x04, 0x06, 0x07, 0x03, 0x00, 0x00, 0x03, 0x0e, 0x0e, 0x04, 0x00, 0x00, 
    0x02, 0x08, 0x07, 0x03, 0x00, 0x00, 0x01, 0x01, 0x02, 0x01, 0x00, 0x00, 
    0x00, 0x03, 0x03, 0x01, 0x00, 0x00, 0x04, 0x06, 0x01, 0x02, 0x00, 0x00, 
    0x01, 0x01, 0x03, 0x0f, 0x00, 0x00, 0x03, 0x04, 0x05, 0x03, 0x00, 0x00, 
    0x01, 0x02, 0x02, 0x02, 0x01, 0x01, 0x04, 0x0b, 0x09, 0x06, 0x00, 0x00, 
    0x05, 0x07, 0x06, 0x05, 0x01, 0x01, 0x08, 0x09, 0x0c, 0x04, 0x00, 0x00, 
    0x01, 0x03, 0x02, 0x01, 0x00, 0x00, 0x03, 0x03, 0x03, 0x06, 0x06, 0x05, 
    0x05, 0x02, 0x01, 0x01, 0x00, 0x00, 0x02, 0x01, 0x05, 0x05, 0x00, 0x00, 
    0x01, 0x02, 0x04, 0x00, 0x00, 0x00, 0x01, 0x02, 0x01, 0x01, 0x00, 0x00, 
    0x03, 0x07, 0x07, 0x03, 0x00, 0x00, 0x04, 0x0e, 0x0d, 0x04, 0x00, 0x00, 
    0x03, 0x07, 0x06, 0x04, 0x00, 0x00, 0x06, 0x08, 0x0a, 0x03, 0x00, 0x00, 
    0x02, 0x02, 0x02, 0x02, 0x00, 0x00, 0x03, 0x07, 0x06, 0x04, 0x01, 0x01, 
    0x04, 0x06, 0x06, 0x04, 0x00, 0x00, 0x03, 0x04, 0x04, 0x02, 0x00, 0x00, 
    0x02, 0x02, 0x02, 0x01, 0x00, 0x00, 0x03, 0x03, 0x04, 0x03, 0x01, 0x01, 
    0x03, 0x06, 0x09, 0x07, 0x00, 0x00, 0x02, 0x02, 0x02, 0x02, 0x00, 0x00, 
    0x02, 0x05, 0x05, 0x03, 0x00, 0x00, 0x02, 0x03, 0x03, 0x05, 0x03, 0x03, 
    0x04, 0x02, 0x01, 0x01, 0x00, 0x00, 0x03, 0x03, 0x04, 0x03, 0x00, 0x00, 
    0x01, 0x01, 0x03, 0x0f, 0x00, 0x00, 0x03, 0x04, 0x05, 0x03, 0x00, 0x00, 
    0x01, 0x02, 0x03, 0x01, 0x00, 0x00, 0x01, 0x05, 0x04, 0x03, 0x00, 0x00, 
    0x01, 0x02, 0x02, 0x02, 0x00, 0x00, 0x02, 0x02, 0x02, 0x02, 0x00, 0x00, 
    0x01, 0x05, 0x04, 0x02, 0x00, 0x00, 0x02, 0x02, 0x02, 0x01, 0x00, 0x00, 
    0x03, 0x04, 0x03, 0x03, 0x00, 0x00, 0x02, 0x02, 0x02, 0x01, 0x00, 0x00, 
    0x02, 0x02, 0x03, 0x01, 0x00, 0x00, 0x01, 0x03, 0x02, 0x01, 0x00, 0x00, 
    0x03, 0x04, 0x03, 0x03, 0x00, 0x00, 0x02, 0x02, 0x02, 0x01, 0x00, 0x00, 
    0x02, 0x02, 0x02, 0x02, 0x00, 0x00, 0x06, 0x04, 0x01, 0x01, 0x00, 0x00, 
    0x02, 0x02, 0x02, 0x02, 0x00, 0x00, 0x01, 0x03, 0x02, 0x01, 0x00, 0x00, 
    0x01, 0x02, 0x01, 0x01, 0x00, 0x00, 0x02, 0x02, 0x03, 0x01, 0x00, 0x00, 
    0x01, 0x03, 0x02, 0x01, 0x00, 0x00, 0x01, 0x03, 0x02, 0x02, 0x00, 0x00, 
    0x01, 0x01, 0x02, 0x01, 0x00, 0x00, 0x01, 0x02, 0x03, 0x01, 0x00, 0x00, 
    0x01, 0x03, 0x03, 0x01, 0x00, 0x00, 0x00, 0x03, 0x03, 0x01, 0x00, 0x00, 
    0x01, 0x02, 0x01, 0x01, 0x00, 0x00, 0x14, 0x23, 0x2f, 0x08, 0x00, 0x00, 
    0x03, 0x09, 0x0c, 0x08, 0x00, 0x00, 0x03, 0x05, 0x05, 0x02, 0x00, 0x00, 
    0x02, 0x02, 0x02, 0x02, 0x00, 0x00, 0x06, 0x03, 0x02, 0x01, 0x00, 0x00, 
    0x01, 0x03, 0x02, 0x01, 0x00, 0x00, 0x02, 0x02, 0x03, 0x01, 0x00, 0x00, 
    0x01, 0x01, 0x04, 0x00, 0x04, 0x01, 0x01, 0x00, 0x00, 0x01, 0x03, 0x02, 
    0x02, 0x00, 0x00, 0x01, 0x02, 0x03, 0x01, 0x00, 0x00, 0x03, 0x03, 0x04, 
    0x02, 0x00, 0x00, 0x02, 0x02, 0x02, 0x02, 0x00, 0x00, 0x02, 0x05, 0x05, 
    0x03, 0x00, 0x00, 0x08, 0x0b, 0x09, 0x04, 0x01, 0x02, 0x08, 0x2d, 0x23, 
    0x13, 0x00, 0x00, 0x01, 0x01, 0x02, 0x01, 0x00, 0x00, 0x01, 0x03, 0x03, 
    0x00, 0x00, 0x00, 0x01, 0x03, 0x03, 0x01, 0x00, 0x00, 0x01, 0x03, 0x02, 
    0x01, 0x00, 0x00, 0x01, 0x02, 0x01, 0x01, 0x00, 0x00, 0x02, 0x02, 0x03, 
    0x01, 0x00, 0x00, 0x01, 0x02, 0x03, 0x01, 0x00, 0x00, 0x02, 0x02, 0x02, 
    0x02, 0x00, 0x00, 0x01, 0x01, 0x02, 0x01, 0x00, 0x00, 0x01, 0x02, 0x03, 
    0x01, 0x00, 0x00, 0x02, 0x02, 0x03, 0x01, 0x00, 0x00, 0x01, 0x01, 0x04, 
    0x06, 0x00, 0x00, 0x02, 0x02, 0x02, 0x02, 0x00, 0x00, 0x01, 0x02, 0x02, 
    0x02, 0x00, 0x00, 0x03, 0x03, 0x04, 0x03, 0x00, 0x00, 0x01, 0x02, 0x03, 
    0x01, 0x00, 0x00, 0x01, 0x03, 0x02, 0x02, 0x00, 0x00, 0x01, 0x02, 0x02, 
    0x02, 0x00, 0x00, 0x06, 0x04, 0x01, 0x02, 0x00, 0x00, 0x01, 0x02, 0x02, 
    0x02, 0x00, 0x00, 0x02, 0x04, 0x05, 0x01, 0x00, 0x00, 0x02, 0x02, 0x02, 
    0x02, 0x00, 0x00, 0x02, 0x02, 0x02, 0x01, 0x00, 0x00, 0x03, 0x04, 0x05, 
    0x01, 0x00, 0x00, 0x01, 0x03, 0x02, 0x01, 0x00, 0x00, 0x03, 0x05, 0x04, 
    0x03, 0x00, 0x00, 0x07, 0x03, 0x02, 0x01, 0x00, 0x00, 0x02, 0x02, 0x02, 
    0x01, 0x00, 0x00, 0x03, 0x04, 0x03, 0x03, 0x00, 0x00, 0x01, 0x02, 0x01, 
    0x04, 0x03, 0x03, 0x05, 0x03, 0x03, 0x02, 0x00, 0x00, 0x03, 0x05, 0x05, 
    0x02, 0x00, 0x00, 0x01, 0x02, 0x03, 0x07, 0x00, 0x00, 0x05, 0x06, 0x08, 
    0x03, 0x00, 0x00, 0x03, 0x03, 0x04, 0x03, 0x00, 0x00, 0x01, 0x02, 0x02, 
    0x02, 0x00, 0x00, 0x03, 0x03, 0x04, 0x03, 0x00, 0x00, 0x03, 0x08, 0x08, 
    0x03, 0x00, 0x00, 0x03, 0x07, 0x07, 0x03, 0x00, 0x00, 0x02, 0x02, 0x02, 
    0x02, 0x00, 0x00, 0x05, 0x07, 0x09, 0x04, 0x01, 0x01, 0x04, 0x06, 0x07, 
    0x03, 0x00, 0x00, 0x04, 0x0d, 0x0e, 0x04, 0x00, 0x00, 0x03, 0x07, 0x05, 
    0x05, 0x00, 0x00, 0x01, 0x01, 0x02, 0x01, 0x00, 0x00, 0x00, 0x04, 0x02, 
    0x01, 0x00, 0x00, 0x04, 0x06, 0x02, 0x01, 0x00, 0x00, 0x01, 0x03, 0x02, 
    0x01, 0x00, 0x00, 0x02, 0x01, 0x02, 0x04, 0x02, 0x03, 0x04, 0x04, 0x03, 
    0x03, 0x00, 0x00, 0x01, 0x02, 0x03, 0x01, 0x00, 0x00, 0x04, 0x0c, 0x09, 
    0x08, 0x01, 0x01, 0x05, 0x06, 0x07, 0x05, 0x00, 0x00, 0x07, 0x09, 0x0d, 
    0x03, 0x00, 0x00, 0x02, 0x02, 0x02, 0x01, 0x00, 0x00, 0x03, 0x05, 0x04, 
    0x03, 0x00, 0x00, 0x07, 0x03, 0x02, 0x01, 0x00, 0x00, 0x02, 0x02, 0x02, 
    0x01, 0x00, 0x00, 0x02, 0x01, 0x06, 0x04, 0x00, 0x00, 0x01, 0x03, 0x03, 
    0x00, 0x00, 0x00, 0x01, 0x02, 0x01, 0x01, 0x00, 0x00, 0x05, 0x05, 0x08, 
    0x02, 0x00, 0x00, 0x04, 0x0e, 0x0e, 0x03, 0x00, 0x00, 0x03, 0x07, 0x06, 
    0x04, 0x01, 0x01, 0x04, 0x09, 0x07, 0x06, 0x00, 0x00, 0x01, 0x02, 0x02, 
    0x02, 0x00, 0x00, 0x03, 0x07, 0x06, 0x04, 0x01, 0x01, 0x04, 0x07, 0x07, 
    0x03, 0x00, 0x00, 0x02, 0x04, 0x03, 0x03, 0x00, 0x00, 0x02, 0x02, 0x02, 
    0x02, 0x00, 0x00, 0x02, 0x04, 0x03, 0x03, 0x01, 0x01, 0x04, 0x06, 0x06, 
    0x04, 0x00, 0x00, 0x07, 0x03, 0x02, 0x01, 0x00, 0x00, 0x02, 0x05, 0x05, 
    0x03, 0x00, 0x00, 0x02, 0x03, 0x03, 0x05, 0x03, 0x03, 0x04, 0x02, 0x01, 
    0x01, 0x00, 0x00, 0x03, 0x04, 0x03, 0x03, 0x00, 0x00, 0x02, 0x02, 0x02, 
    0x01, 0x00, 0x00, 0x02, 0x01, 0x02, 0x04, 0x02, 0x03, 0x05, 0x03, 0x03, 
    0x03, 0x00, 0x00, 0x01, 0x03, 0x02, 0x01, 0x00, 0x00, 0x02, 0x04, 0x04, 
    0x03, 0x00, 0x00, 0x01, 0x02, 0x03, 0x01, 0x00, 0x00, 0x02, 0x02, 0x02, 
    0x02, 0x00, 0x00, 0x01, 0x05, 0x04, 0x02, 0x00, 0x00, 0x02, 0x02, 0x02, 
    0x02, 0x00, 0x00, 0x01, 0x01, 0x03, 0x0f, 0x00, 0x00, 0x01, 0x02, 0x03, 
    0x01, 0x00, 0x00, 0x02, 0x02, 0x02, 0x02, 0x00, 0x00, 0x02, 0x04, 0x03, 
    0x03, 0x00, 0x00, 0x02, 0x02, 0x02, 0x02, 0x00, 0x00, 0x01, 0x02, 0x02, 
    0x02, 0x00, 0x00, 0x01, 0x02, 0x05, 0x05, 0x00, 0x00, 0x01, 0x02, 0x02, 
    0x02, 0x00, 0x00, 0x01, 0x03, 0x02, 0x01, 0x00, 0x00, 0x02, 0x02, 0x03, 
    0x01, 0x00, 0x00, 0x01, 0x01, 0x02, 0x01, 0x00, 0x00, 0x02, 0x02, 0x02, 
    0x01, 0x00, 0x00, 0x02, 0x02, 0x02, 0x02, 0x00, 0x00, 0x02, 0x02, 0x03, 
    0x00, 0x00, 0x00, 0x02, 0x01, 0x01, 0x01, 0x00, 0x00, 0x01, 0x03, 0x03, 
    0x01, 0x00, 0x00, 0x00, 0x03, 0x02, 0x01, 0x00, 0x00, 0x01, 0x03, 0x02, 
    0x02, 0x00, 0x00, 0x13, 0x02, 0x39, 0x01, 0x01, 0x00, 0x00, 0x02, 0x01, 
    0x02, 0x05, 0x06, 0x08, 0x03, 0x0b, 0x0b, 0x02, 0x09, 0x05, 0x06, 0x02, 
    0x01, 0x01, 0x00, 0x00, 0x01, 0x02, 0x01, 0x01, 0x00, 0x00, 0x01, 0x01, 
    0x02, 0x01, 0x00, 0x00, 0x08, 0x04, 0x02, 0x01, 0x00, 0x00, 0x0a, 0x0c, 
    0x0c, 0x0b, 0x00, 0x00, 0x01, 0x02, 0x02, 0x02, 0x00, 0x00, 0x02, 0x02, 
    0x02, 0x02, 0x00, 0x00, 0x01, 0x01, 0x02, 0x01, 0x00, 0x00, 0x01, 0x02, 
    0x01, 0x01, 0x00, 0x00, 0x08, 0x05, 0x01, 0x01, 0x00, 0x00, 0x02, 0x03, 
    0x06, 0x16, 0x07, 0x03, 0x02, 0x00, 0x00, 0x01, 0x02, 0x04, 0x08, 0x00, 
    0x00, 0x01, 0x02, 0x01, 0x01, 0x00, 0x00, 0x01, 0x01, 0x02, 0x01, 0x00, 
    0x00, 0x01, 0x01, 0x02, 0x06, 0x05, 0x09, 0x02, 0x0b, 0x0c, 0x0b, 0x00, 
    0x00, 0x01, 0x02, 0x02, 0x02, 0x00, 0x00, 0x02, 0x02, 0x02, 0x02, 0x00, 
    0x00, 0x01, 0x01, 0x02, 0x01, 0x00, 0x00, 0x01, 0x9f, 0x07, 0x03, 0x00, 
    0x00, 0x04, 0x11, 0x0d, 0x09, 0x00, 0x00, 0x02, 0x04, 0x04, 0x02, 0x00, 
    0x00, 0x03, 0x0b, 0x0a, 0x03, 0x00, 0x00, 0x04, 0x0a, 0x0b, 0x03, 0x00, 
    0x00, 0x02, 0x05, 0x05, 0x03, 0x00, 0x00, 0x03, 0x03, 0x04, 0x02, 0x00, 
    0x00, 0x03, 0x09, 0x08, 0x03, 0x00, 0x00, 0x03, 0x07, 0x07, 0x03, 0x00, 
    0x00, 0x01, 0x03, 0x02, 0x01, 0x00, 0x00, 0x03, 0x04, 0x03, 0x03, 0x00, 
    0x00, 0x02, 0x05, 0x05, 0x03, 0x00, 0x00, 0x02, 0x04, 0x04, 0x02, 0x00, 
    0x00, 0x02, 0x02, 0x02, 0x02, 0x00, 0x00, 0x03, 0x03, 0x04, 0x02, 0x00, 
    0x00, 0x03, 0x05, 0x05, 0x02, 0x00, 0x00, 0x02, 0x02, 0x02, 0x02, 0x00, 
    0x00, 0x07, 0x06, 0x04, 0x03, 0x00, 0x00, 0x03, 0x03, 0x06, 0x01, 0x01, 
    0x01, 0x01, 0x04, 0x05, 0x16, 0x00, 0x00, 0x02, 0x02, 0x02, 0x01, 0x00, 
    0x00, 0x03, 0x03, 0x07, 0x07, 0x00, 0x00, 0x02, 0x05, 0x08, 0x08, 0x00, 
    0x00, 0x01, 0x01, 0x02, 0x01, 0x00, 0x00, 0x01, 0x02, 0x04, 0x14, 0x00, 
    0x00, 0x02, 0x05, 0x06, 0x01, 0x01, 0x00, 0x02, 0x02, 0x02, 0x02, 0x00, 
    0x00, 0x05, 0x04, 0x02, 0x01, 0x00, 0x00, 0x02, 0x02, 0x03, 0x01, 0x00, 
    0x00, 0x01, 0x02, 0x03, 0x01, 0x00, 0x00, 0x01, 0x02, 0x01, 0x01, 0x00, 
    0x00, 0x02, 0x02, 0x02, 0x02, 0x00, 0x00, 0x01, 0x02, 0x03, 0x01, 0x00, 
    0x00, 0x01, 0x03, 0x02, 0x02, 0x00, 0x00, 0x01, 0x01, 0x02, 0x01, 0x00, 
    0x00, 0x01, 0x02, 0x03, 0x01, 0x00, 0x00, 0x01, 0x03, 0x03, 0x01, 0x00, 
    0x00, 0x01, 0x01, 0x06, 0x04, 0x00, 0x00, 0x01, 0x03, 0x03, 0x01, 0x00, 
    0x00, 0x00, 0x03, 0x03, 0x01, 0x00, 0x00, 0x01, 0x03, 0x02, 0x02, 0x00, 
    0x00, 0x01, 0x01, 0x02, 0x01, 0x00, 0x00, 0x00, 0x03, 0x03, 0x01, 0x00, 
    0x00, 0x0d, 0x0c, 0x00, 0x00, 0x02, 0x02, 0x02, 0x01, 0x00, 0x00, 0x02, 
    0x01, 0x01, 0x01, 0x00, 0x00, 0x01, 0x03, 0x03, 0x01, 0x00, 0x00, 0x01, 
    0x03, 0x02, 0x01, 0x00, 0x00, 0x02, 0x02, 0x02, 0x02, 0x00, 0x00, 0x01, 
    0x01, 0x02, 0x01, 0x00, 0x00, 0x01, 0x03, 0x02, 0x01, 0x00, 0x00, 0x02, 
    0x02, 0x03, 0x01, 0x00, 0x00, 0x01, 0x03, 0x02, 0x01, 0x00, 0x00, 0x01, 
    0x02, 0x01, 0x01, 0x00, 0x00, 0x02, 0x02, 0x03, 0x01, 0x00, 0x00, 0x01, 
    0x02, 0x05, 0x07, 0x00, 0x00, 0x05, 0x05, 0x01, 0x01, 0x00, 0x00, 0x02, 
    0x02, 0x02, 0x02, 0x00, 0x00, 0x01, 0x03, 0x02, 0x01, 0x00, 0x00, 0x01, 
    0x02, 0x01, 0x01, 0x00, 0x00, 0x02, 0x02, 0x02, 0x02, 0x00, 0x00, 0x01, 
    0x02, 0x03, 0x01, 0x00, 0x00, 0x03, 0x03, 0x04, 0x03, 0x00, 0x00, 0x01, 
    0x02, 0x03, 0x01, 0x00, 0x00, 0x02, 0x02, 0x02, 0x02, 0x00, 0x00, 0x09, 
    0x06, 0x03, 0x02, 0x00, 0x00, 0x01, 0x02, 0x02, 0x02, 0x00, 0x00, 0x16, 
    0x03, 0x01, 0x02, 0x00, 0x00, 0x02, 0x04, 0x04, 0x02, 0x00, 0x00, 0x08, 
    0x05, 0x01, 0x01, 0x00, 0x00, 0x02, 0x04, 0x04, 0x02, 0x00, 0x00, 0x02, 
    0x01, 0x02, 0x04, 0x03, 0x03, 0x05, 0x03, 0x03, 0x02, 0x00, 0x00, 0x02, 
    0x02, 0x02, 0x01, 0x00, 0x00, 0x02, 0x02, 0x02, 0x02, 0x00, 0x00, 0x02, 
    0x03, 0x03, 0x03, 0x00, 0x01, 0x02, 0x02, 0x02, 0x02, 0x00, 0x00, 0x02, 
    0x05, 0x04, 0x04, 0x00, 0x00, 0x07, 0x07, 0x08, 0x0a, 0x00, 0x00, 0x04, 
    0x04, 0x05, 0x02, 0x00, 0x00, 0x03, 0x03, 0x04, 0x03, 0x00, 0x00, 0x03, 
    0x03, 0x04, 0x03, 0x01, 0x01, 0x04, 0x06, 0x07, 0x03, 0x00, 0x00, 0x01, 
    0x02, 0x02, 0x02, 0x00, 0x00, 0x03, 0x07, 0x06, 0x04, 0x00, 0x00, 0x04, 
    0x05, 0x04, 0x05, 0x02, 0x02, 0x05, 0x06, 0x07, 0x03, 0x00, 0x00, 0x02, 
    0x07, 0x08, 0x02, 0x00, 0x00, 0x04, 0x0a, 0x08, 0x06, 0x00, 0x00, 0x07, 
    0x08, 0x0a, 0x06, 0x02, 0x02, 0x07, 0x06, 0x0c, 0x00, 0x00, 0x0d, 0x07, 
    0x05, 0x00, 0x00, 0x08, 0x0a, 0x0d, 0x04, 0x00, 0x00, 0x03, 0x0b, 0x0a, 
    0x04, 0x00, 0x00, 0x02, 0x07, 0x07, 0x03, 0x01, 0x01, 0x04, 0x05, 0x05, 
    0x05, 0x01, 0x01, 0x05, 0x05, 0x07, 0x03, 0x00, 0x00, 0x03, 0x07, 0x07, 
    0x03, 0x00, 0x00, 0x02, 0x02, 0x02, 0x01, 0x00, 0x00, 0x03, 0x07, 0x06, 
    0x04, 0x00, 0x00, 0x04, 0x04, 0x05, 0x02, 0x00, 0x00, 0x03, 0x04, 0x03, 
    0x03, 0x00, 0x00, 0x02, 0x05, 0x04, 0x04, 0x00, 0x00, 0x07, 0x0a, 0x07, 
    0x03, 0x00, 0x00, 0x01, 0x02, 0x01, 0x01, 0x00, 0x00, 0x02, 0x02, 0x02, 
    0x02, 0x00, 0x00, 0x02, 0x05, 0x04, 0x04, 0x00, 0x00, 0x02, 0x04, 0x04, 
    0x02, 0x00, 0x00, 0x02, 0x02, 0x02, 0x02, 0x00, 0x00, 0x01, 0x02, 0x02, 
    0x02, 0x00, 0x00, 0x07, 0x07, 0x04, 0x02, 0x00, 0x00, 0x02, 0x02, 0x02, 
    0x02, 0x00, 0x00, 0x02, 0x04, 0x04, 0x02, 0x00, 0x00, 0x02, 0x02, 0x02, 
    0x01, 0x00, 0x00, 0x02, 0x02, 0x03, 0x01, 0x00, 0x00, 0x01, 0x05, 0x04, 
    0x02, 0x00, 0x00, 0x02, 0x01, 0x03, 0x16, 0x00, 0x00, 0x02, 0x02, 0x02, 
    0x01, 0x00, 0x00, 0x02, 0x03, 0x06, 0x09, 0x00, 0x00, 0x02, 0x02, 0x02, 
    0x02, 0x00, 0x00, 0x01, 0x03, 0x02, 0x01, 0x00, 0x00, 0x03, 0x04, 0x03, 
    0x03, 0x00, 0x00, 0x01, 0x03, 0x02, 0x01, 0x00, 0x00, 0x02, 0x02, 0x02, 
    0x02, 0x00, 0x00, 0x01, 0x01, 0x02, 0x01, 0x00, 0x00, 0x01, 0x02, 0x03, 
    0x01, 0x00, 0x00, 0x01, 0x02, 0x05, 0x0c, 0x00, 0x00, 0x07, 0x05, 0x02, 
    0x01, 0x00, 0x00, 0x01, 0x03, 0x02, 0x02, 0x00, 0x00, 0x01, 0x01, 0x02, 
    0x01, 0x00, 0x00, 0x01, 0x02, 0x03, 0x01, 0x00, 0x00, 0x01, 0x03, 0x02, 
    0x02, 0x00, 0x00, 0x01, 0x02, 0x03, 0x01, 0x00, 0x00, 0x01, 0x02, 0x01, 
    0x01, 0x00, 0x00, 0x01, 0x03, 0x02, 0x02, 0x00, 0x00, 0x01, 0x02, 0x03, 
    0x01, 0x00, 0x00, 0x01, 0x03, 0x03, 0x01, 0x00, 0x00, 0x01, 0x01, 0x01, 
    0x02, 0x00, 0x00, 0x01, 0x02, 0x02, 0x02, 0x00, 0x00, 0x0c, 0x0d, 0x00, 
    0x00, 0x01, 0x03, 0x03, 0x00, 0x00, 0x00, 0x02, 0x01, 0x01, 0x01, 0x00, 
    0x00, 0x02, 0x02, 0x03, 0x01, 0x00, 0x00, 0x01, 0x03, 0x02, 0x01, 0x00, 
    0x00, 0x02, 0x02, 0x02, 0x02, 0x00, 0x00, 0x01, 0x01, 0x02, 0x01, 0x00, 
    0x00, 0x02, 0x02, 0x02, 0x01, 0x00, 0x00, 0x01, 0x03, 0x03, 0x01, 0x00, 
    0x00, 0x01, 0x03, 0x02, 0x01, 0x00, 0x00, 0x01, 0x02, 0x01, 0x01, 0x00, 
    0x00, 0x02, 0x02, 0x03, 0x01, 0x00, 0x00, 0x01, 0x03, 0x02, 0x01, 0x00, 
    0x00, 0x02, 0x02, 0x02, 0x02, 0x00, 0x00, 0x01, 0x01, 0x02, 0x01, 0x00, 
    0x00, 0x01, 0x03, 0x02, 0x01, 0x00, 0x00, 0x02, 0x02, 0x02, 0x02, 0x00, 
    0x00, 0x01, 0x02, 0x03, 0x01, 0x00, 0x00, 0x01, 0x02, 0x01, 0x01, 0x00, 
    0x00, 0x02, 0x02, 0x02, 0x02, 0x00, 0x01, 0x01, 0x06, 0x05, 0x02, 0x00, 
    0x00, 0x02, 0x04, 0x03, 0x03, 0x00, 0x00, 0x02, 0x02, 0x02, 0x02, 0x00, 
    0x00, 0x01, 0x02, 0x02, 0x02, 0x00, 0x00, 0x01, 0x02, 0x01, 0x01, 0x00, 
    0x00, 0x08, 0x08, 0x05, 0x02, 0x00, 0x00, 0x07, 0x07, 0x03, 0x03, 0x00, 
    0x00, 0x01, 0x02, 0x02, 0x02, 0x00, 0x00, 0x03, 0x03, 0x04, 0x02, 0x00, 
    0x00, 0x02, 0x02, 0x02, 0x02, 0x00, 0x00, 0x03, 0x03, 0x05, 0x01, 0x01, 
    0x01, 0x01, 0x06, 0x03, 0x03, 0x00, 0x00, 0x03, 0x04, 0x06, 0x07, 0x00, 
    0x00, 0x02, 0x02, 0x02, 0x02, 0x00, 0x00, 0x02, 0x05, 0x05, 0x03, 0x00, 
    0x00, 0x02, 0x04, 0x03, 0x03, 0x00, 0x00, 0x02, 0x02, 0x02, 0x02, 0x00, 
    0x00, 0x02, 0x04, 0x04, 0x02, 0x00, 0x00, 0x03, 0x05, 0x05, 0x02, 0x00, 
    0x00, 0x03, 0x03, 0x04, 0x03, 0x00, 0x00, 0x01, 0x02, 0x03, 0x01, 0x00, 
    0x00, 0x03, 0x07, 0x07, 0x03, 0x00, 0x00, 0x03, 0x08, 0x07, 0x05, 0x00, 
    0x00, 0x0a, 0x09, 0x04, 0x04, 0x00, 0x00, 0x06, 0x08, 0x0a, 0x04, 0x00, 
    0x00, 0x03, 0x0a, 0x0b, 0x03, 0x00, 0x00, 0x02, 0x04, 0x03, 0x04, 0x00, 
    0x01, 0x05, 0x10, 0x0c, 0x08, 0x00, 0x00, 0x04, 0x06, 0x0a, 0x00, 0x00, 
    0x01, 0x92, 0x05, 0x05, 0x00, 0x00, 0x03, 0x04, 0x04, 0x04, 0x00, 0x00, 
    0x42, 0x80, 0x81, 0x42, 0x00, 0x00, 0x02, 0x03, 0x05, 0x0a, 0x00, 0x00, 
    0x01, 0x02, 0x06, 0x06, 0x00, 0x00, 0x06, 0x06, 0x02, 0x01, 0x00, 0x00, 
    0x0a, 0x05, 0x03, 0x02, 0x00, 0x00, 0x42, 0x81, 0x80, 0x42, 0x00, 0x00, 
    0x04, 0x04, 0x04, 0x03, 0x00, 0x00, 0x05, 0x05, 0x09, 0x01, 0x00, 0x00, 
    0x01, 0xfd, 0x28, 0x02, 0x01, 0x00, 0x00, 0x01, 0x03, 0x03, 0x01, 0x00, 
    0x00, 0x01, 0x01, 0x02, 0x01, 0x00, 0x00, 0x01, 0x03, 0x02, 0x01, 0x00, 
    0x00, 0x08, 0x05, 0x01, 0x01, 0x00, 0x00, 0x02, 0x02, 0x02, 0x02, 0x00, 
    0x00, 0x06, 0x04, 0x01, 0x01, 0x00, 0x00, 0x02, 0x02, 0x02, 0x02, 0x00, 
    0x00, 0x01, 0x02, 0x03, 0x01, 0x00, 0x00, 0x07, 0x03, 0x01, 0x02, 0x00, 
    0x00, 0x02, 0x05, 0x04, 0x04, 0x00, 0x00, 0x08, 0x06, 0x03, 0x03, 0x00, 
    0x00, 0x04, 0x06, 0x07, 0x03, 0x00, 0x00, 0x02, 0x05, 0x05, 0x03, 0x00, 
    0x00, 0x03, 0x0a, 0x0b, 0x03, 0x00, 0x00, 0x07, 0x26, 0x26, 0x07, 0x00, 
    0x00, 0x03, 0x0b, 0x0a, 0x03, 0x00, 0x00, 0x03, 0x05, 0x05, 0x02, 0x00, 
    0x00, 0x03, 0x07, 0x06, 0x04, 0x00, 0x00, 0x03, 0x03, 0x05, 0x09, 0x00, 
    0x00, 0x04, 0x04, 0x05, 0x02, 0x00, 0x00, 0x01, 0x02, 0x03, 0x07, 0x00, 
    0x00, 0x01, 0x02, 0x02, 0x02, 0x00, 0x00, 0x02, 0x02, 0x02, 0x02, 0x00, 
    0x00, 0x01, 0x01, 0x04, 0x06, 0x00, 0x00, 0x02, 0x02, 0x02, 0x02, 0x00, 
    0x00, 0x01, 0x01, 0x05, 0x08, 0x00, 0x00, 0x01, 0x01, 0x01, 0x01, 0x00, 
    0x00, 0x02, 0x02, 0x03, 0x01, 0x00, 0x00, 0x01, 0x03, 0x03, 0x00, 0x00, 
    0x00, 0x01, 0x03, 0x03, 0x01, 0x00, 0x00, 0x01, 0x03, 0x03, 0x01, 0x00, 
    0x00, 0x00, 0x03, 0x03, 0x01, 0x00, 0x00, 0x01, 0x03, 0x02, 0x02, 0x00, 
    0x00, 0x01, 0x01, 0x01, 0x01, 0x00, 0x00, 0x08, 0x05, 0x01, 0x01, 0x00, 
    0x00, 0x02, 0x02, 0x02, 0x02, 0x00, 0x00, 0x06, 0x04, 0x01, 0x01, 0x00, 
    0x00, 0x02, 0x02, 0x02, 0x02, 0x00, 0x00, 0x02, 0x02, 0x02, 0x01, 0x00, 
    0x00, 0x10, 0x06, 0x03, 0x03, 0x00, 0x00, 0x09, 0x05, 0x03, 0x03, 0x01, 
    0x01, 0x03, 0x06, 0x05, 0x04, 0x00, 0x00, 0x03, 0x04, 0x05, 0x03, 0x00, 
    0x00, 0x03, 0x0a, 0x0b, 0x03, 0x00, 0x00, 0x07, 0x2a, 0x29, 0x07, 0x00, 
    0x00, 0x03, 0x07, 0x08, 0x02, 0x00, 0x00, 0x03, 0x05, 0x04, 0x03, 0x00, 
    0x00, 0x04, 0x05, 0x06, 0x04, 0x00, 0x01, 0x03, 0x03, 0x06, 0x08, 0x00, 
    0x00, 0x03, 0x04, 0x06, 0x0f, 0x00, 0x00, 0x01, 0x03, 0x02, 0x01, 0x00, 
    0x00, 0x02, 0x02, 0x02, 0x02, 0x00, 0x00, 0x01, 0x01, 0x04, 0x06, 0x00, 
    0x00, 0x02, 0x02, 0x02, 0x02, 0x00, 0x00, 0x01, 0x01, 0x05, 0x08, 0x00, 
    0x00, 0x01, 0x02, 0x03, 0x01, 0x00, 0x00, 0x01, 0x02, 0x01, 0x01, 0x00, 
    0x00, 0x01, 0x03, 0x03, 0x01, 0x00, 0x00, 0x01, 0x02, 0x04, 0x00, 0x00, 
    0x00, 0x00, 0x44, 0x03, 0x01, 0x00, 0x00, 0x01, 0x02, 0x01, 0x01, 0x00, 
    0x00, 0x01, 0x03, 0x02, 0x02, 0x00, 0x00, 0x01, 0x02, 0x03, 0x01, 0x00, 
    0x00, 0x01, 0x03, 0x02, 0x02, 0x00, 0x00, 0x06, 0x03, 0x02, 0x01, 0x00, 
    0x00, 0x01, 0x07, 0x04, 0x03, 0x00, 0x00, 0x06, 0x04, 0x01, 0x02, 0x00, 
    0x00, 0x02, 0x05, 0x05, 0x03, 0x00, 0x00, 0x02, 0x04, 0x04, 0x02, 0x00, 
    0x00, 0x03, 0x07, 0x05, 0x05, 0x01, 0x01, 0x04, 0x03, 0x04, 0x02, 0x00, 
    0x00, 0x05, 0x19, 0x19, 0x05, 0x00, 0x00, 0x02, 0x04, 0x04, 0x02, 0x00, 
    0x00, 0x05, 0x07, 0x08, 0x03, 0x00, 0x00, 0x02, 0x04, 0x04, 0x02, 0x00, 
    0x00, 0x03, 0x05, 0x04, 0x03, 0x00, 0x00, 0x07, 0x03, 0x01, 0x02, 0x00, 
    0x00, 0x02, 0x05, 0x07, 0x01, 0x00, 0x00, 0x05, 0x04, 0x02, 0x01, 0x00, 
    0x00, 0x02, 0x02, 0x02, 0x02, 0x00, 0x00, 0x01, 0x02, 0x03, 0x01, 0x00, 
    0x00, 0x01, 0x02, 0x01, 0x01, 0x00, 0x00, 0x01, 0x03, 0x02, 0x02, 0x00, 
    0x00, 0x01, 0x02, 0x03, 0x01, 0x00, 0x00, 0x01, 0x03, 0x02, 0x01, 0x00, 
    0x00, 0x02, 0x02, 0x03, 0x01, 0x00, 0x00, 0x01, 0x01, 0x02, 0x01, 0x00, 
    0x00, 0x01, 0x03, 0x02, 0x01, 0x00, 0x00, 0x02, 0x01, 0x05, 0x0c, 0x00, 
    0x00, 0x02, 0x05, 0x06, 0x0f, 0x00, 0x00, 0x03, 0x04, 0x05, 0x03, 0x00, 
    0x00, 0x02, 0x04, 0x03, 0x03, 0x00, 0x00, 0x05, 0x05, 0x07, 0x04, 0x01, 
    0x01, 0x03, 0x03, 0x04, 0x02, 0x00, 0x00, 0x05, 0x19, 0x19, 0x05, 0x00, 
    0x00, 0x02, 0x04, 0x04, 0x03, 0x01, 0x01, 0x04, 0x06, 0x06, 0x04, 0x00, 
    0x00, 0x03, 0x03, 0x04, 0x02, 0x00, 0x00, 0x03, 0x05, 0x05, 0x02, 0x00, 
    0x00, 0x02, 0x02, 0x02, 0x02, 0x00, 0x00, 0x07, 0x06, 0x06, 0x01, 0x00, 
    0x00, 0x01, 0x03, 0x02, 0x01, 0x00, 0x00, 0x07, 0x03, 0x02, 0x01, 0x00, 
    0x00, 0x01, 0x03, 0x02, 0x01, 0x00, 0x00, 0x02, 0x02, 0x03, 0x01, 0x00, 
    0x00, 0x01, 0x01, 0x02, 0x01, 0x00, 0x00, 0x01, 0x03, 0x03, 0x00, 0x00, 
    0x00, 0x00, 0x24, 0x02, 0x02, 0x00, 0x00, 0x01, 0x01, 0x02, 0x01, 0x00, 
    0x00, 0x01, 0x02, 0x02, 0x02, 0x00, 0x00, 0x02, 0x02, 0x02, 0x02, 0x00, 
    0x00, 0x01, 0x02, 0x02, 0x02, 0x00, 0x00, 0x02, 0x04, 0x04, 0x03, 0x00, 
    0x00, 0x01, 0x02, 0x02, 0x02, 0x00, 0x00, 0x02, 0x04, 0x04, 0x03, 0x00, 
    0x00, 0x03, 0x04, 0x05, 0x03, 0x00, 0x00, 0x07, 0x2d, 0x2d, 0x07, 0x00, 
    0x00, 0x03, 0x05, 0x04, 0x03, 0x00, 0x00, 0x03, 0x04, 0x03, 0x03, 0x00, 
    0x00, 0x01, 0x02, 0x03, 0x01, 0x00, 0x00, 0x03, 0x03, 0x04, 0x03, 0x00, 
    0x00, 0x01, 0x02, 0x03, 0x01, 0x00, 0x00, 0x02, 0x02, 0x02, 0x02, 0x00, 
    0x00, 0x01, 0x02, 0x03, 0x01, 0x00, 0x00, 0x01, 0x02, 0x01, 0x01, 0x00, 
    0x00, 0x01, 0x03, 0x03, 0x01, 0x00, 0x00, 0x01, 0x03, 0x03, 0x01, 0x00, 
    0x00, 0x01, 0x01, 0x02, 0x01, 0x00, 0x00, 0x01, 0x03, 0x02, 0x01, 0x00, 
    0x00, 0x02, 0x02, 0x02, 0x02, 0x00, 0x00, 0x01, 0x03, 0x02, 0x01, 0x00, 
    0x00, 0x03, 0x04, 0x03, 0x03, 0x00, 0x00, 0x01, 0x03, 0x02, 0x01, 0x00, 
    0x00, 0x03, 0x03, 0x04, 0x03, 0x00, 0x00, 0x03, 0x04, 0x05, 0x03, 0x00, 
    0x00, 0x07, 0x2d, 0x2d, 0x07, 0x00, 0x00, 0x03, 0x05, 0x04, 0x03, 0x00, 
    0x00, 0x03, 0x04, 0x04, 0x02, 0x00, 0x00, 0x02, 0x02, 0x02, 0x01, 0x00, 
    0x00, 0x03, 0x04, 0x04, 0x02, 0x00, 0x00, 0x02, 0x02, 0x02, 0x01, 0x00, 
    0x00, 0x02, 0x02, 0x02, 0x02, 0x00, 0x00, 0x02, 0x02, 0x02, 0x01, 0x00, 
    0x00, 0x01, 0x02, 0x01, 0x01, 0x00, 0x00, 0x02, 0x02, 0x03, 0x01, 0x00, 
    0x00, 0x01, 0x43, 0x01, 0x01, 0x00, 0x00, 0x09, 0x06, 0x04, 0x02, 0x01, 
    0x01, 0x01, 0x09, 0x05, 0x04, 0x00, 0x00, 0x0a, 0x0d, 0x0d, 0x09, 0x00, 
    0x00, 0x05, 0x05, 0x09, 0x01, 0x01, 0x00, 0x02, 0x04, 0x09, 0x07, 0x00, 
    0x00, 0x01, 0x01, 0x02, 0x01, 0x00, 0x00, 0x01, 0x02, 0x01, 0x01, 0x00, 
    0x00, 0x02, 0x02, 0x02, 0x02, 0x00, 0x00, 0x03, 0x04, 0x05, 0x02, 0x00, 
    0x01, 0x01, 0x09, 0x05, 0x05, 0x00, 0x00, 0x09, 0x0d, 0x0d, 0x0a, 0x00, 
    0x00, 0x04, 0x05, 0x09, 0x01, 0x01, 0x01, 0x02, 0x04, 0x06, 0x09, 0x00, 
    0x00, 0x01, 0x01, 0x02, 0x01, 0x00, 0x00, 0x01, 0x00, 0x05, 0x01, 0x51, 
    0xff, 0x78, 0x06, 0xea, 0x05, 0x7e, 0x04, 0x73, 0x08, 0xf4, 0x09, 0xd2, 
    0x0a, 0xe6, 0x0b, 0xfd, 0x00, 0x00, 0x05, 0x36, 0x26, 0x27, 0x2e, 0x01, 
    0x37, 0x36, 0x26, 0x27, 0x2e, 0x01, 0x37, 0x36, 0x26, 0x27, 0x2e, 0x01, 
    0x37, 0x36, 0x26, 0x27, 0x2e, 0x01, 0x37, 0x36, 0x26, 0x27, 0x2e, 0x01, 
    0x27, 0x2e, 0x01, 0x27, 0x2e, 0x01, 0x37, 0x36, 0x26, 0x27, 0x2e, 0x01, 
    0x37, 0x36, 0x26, 0x27, 0x2e, 0x01, 0x37, 0x36, 0x26, 0x27, 0x2e, 0x01, 
    0x37, 0x36, 0x26, 0x27, 0x2e, 0x01, 0x37, 0x36, 0x26, 0x27, 0x2e, 0x01, 
    0x37, 0x36, 0x26, 0x27, 0x2e, 0x01, 0x37, 0x36, 0x26, 0x27, 0x2e, 0x01, 
    0x37, 0x36, 0x26, 0x27, 0x2e, 0x01, 0x37, 0x36, 0x26, 0x27, 0x2e, 0x01, 
    0x37, 0x36, 0x26, 0x27, 0x2e, 0x01, 0x37, 0x36, 0x26, 0x27, 0x2e, 0x01, 
    0x37, 0x36, 0x26, 0x27, 0x2e, 0x01, 0x37, 0x36, 0x26, 0x27, 0x2e, 0x01, 
    0x37, 0x36, 0x26, 0x27, 0x2e, 0x01, 0x27, 0x2e, 0x01, 0x27, 0x2e, 0x01, 
    0x37, 0x36, 0x26, 0x27, 0x2e, 0x01, 0x27, 0x2e, 0x01, 0x27, 0x2e, 0x01, 
    0x37, 0x36, 0x26, 0x27, 0x2e, 0x01, 0x37, 0x36, 0x26, 0x27, 0x2e, 0x01, 
    0x27, 0x2e, 0x01, 0x27, 0x2e, 0x01, 0x27, 0x2e, 0x01, 0x27, 0x2e, 0x01, 
    0x37, 0x36, 0x26, 0x27, 0x2e, 0x01, 0x37, 0x36, 0x26, 0x27, 0x2e, 0x01, 
    0x37, 0x36, 0x26, 0x27, 0x2e, 0x01, 0x37, 0x36, 0x26, 0x27, 0x2e, 0x01, 
    0x37, 0x36, 0x26, 0x27, 0x2e, 0x01, 0x37, 0x36, 0x26, 0x27, 0x2e, 0x01, 
    0x37, 0x36, 0x26, 0x27, 0x2e, 0x01, 0x37, 0x36, 0x26, 0x27, 0x2e, 0x01, 
    0x37, 0x36, 0x26, 0x27, 0x26, 0x36, 0x37, 0x3e, 0x01, 0x37, 0x36, 0x26, 
    0x27, 0x2e, 0x01, 0x37, 0x36, 0x26, 0x27, 0x2e, 0x01, 0x37, 0x36, 0x26, 
    0x27, 0x2e, 0x01, 0x37, 0x36, 0x26, 0x27, 0x2e, 0x01, 0x37, 0x36, 0x26, 
    0x27, 0x2e, 0x01, 0x37, 0x36, 0x26, 0x27, 0x2e, 0x01, 0x37, 0x36, 0x26, 
    0x27, 0x2e, 0x01, 0x37, 0x36, 0x26, 0x27, 0x2e, 0x01, 0x37, 0x36, 0x26, 
    0x27, 0x2e, 0x01, 0x37, 0x36, 0x26, 0x27, 0x2e, 0x01, 0x37, 0x36, 0x26, 
    0x27, 0x2e, 0x01, 0x37, 0x36, 0x26, 0x27, 0x2e, 0x01, 0x37, 0x36, 0x26, 
    0x27, 0x2e, 0x01, 0x37, 0x36, 0x26, 0x27, 0x2e, 0x01, 0x37, 0x36, 0x26, 
    0x27, 0x2e, 0x01, 0x37, 0x3e, 0x01, 0x37, 0x3e, 0x01, 0x37, 0x3e, 0x01, 
    0x37, 0x3e, 0x01, 0x37, 0x3e, 0x01, 0x37, 0x3e, 0x01, 0x37, 0x3e, 0x01, 
    0x37, 0x3e, 0x01, 0x37, 0x3e, 0x01, 0x37, 0x3e, 0x01, 0x37, 0x3e, 0x01, 
    0x37, 0x3e, 0x01, 0x37, 0x3e, 0x01, 0x37, 0x3e, 0x01, 0x37, 0x3e, 0x01, 
    0x37, 0x3e, 0x01, 0x37, 0x3e, 0x01, 0x37, 0x3e, 0x01, 0x37, 0x3e, 0x01, 
    0x37, 0x3e, 0x01, 0x37, 0x3e, 0x01, 0x37, 0x3e, 0x01, 0x37, 0x3e, 0x01, 
    0x37, 0x3e, 0x01, 0x37, 0x3e, 0x01, 0x37, 0x3e, 0x01, 0x37, 0x3e, 0x01, 
    0x37, 0x3e, 0x01, 0x37, 0x3e, 0x01, 0x37, 0x3e, 0x01, 0x37, 0x3e, 0x01, 
    0x37, 0x3e, 0x01, 0x37, 0x3e, 0x01, 0x37, 0x3e, 0x01, 0x37, 0x3e, 0x01, 
    0x37, 0x3e, 0x01, 0x37, 0x3e, 0x01, 0x37, 0x3e, 0x01, 0x37, 0x3e, 0x01, 
    0x37, 0x3e, 0x01, 0x37, 0x3e, 0x01, 0x37, 0x3e, 0x01, 0x37, 0x3e, 0x01, 
    0x37, 0x3e, 0x01, 0x37, 0x3e, 0x01, 0x37, 0x3e, 0x01, 0x37, 0x3e, 0x01, 
    0x37, 0x3e, 0x01, 0x37, 0x3e, 0x01, 0x37, 0x3e, 0x01, 0x37, 0x3e, 0x01, 
    0x37, 0x3e, 0x01, 0x37, 0x3e, 0x01, 0x37, 0x3e, 0x01, 0x37, 0x3e, 0x01, 
    0x37, 0x3e, 0x01, 0x37, 0x3e, 0x01, 0x37, 0x3e, 0x01, 0x37, 0x3e, 0x01, 
    0x37, 0x3e, 0x01, 0x37, 0x3e, 0x01, 0x37, 0x3e, 0x01, 0x37, 0x3e, 0x01, 
    0x37, 0x3e, 0x01, 0x37, 0x3e, 0x01, 0x37, 0x3e, 0x01, 0x37, 0x3e, 0x01, 
    0x37, 0x3e, 0x01, 0x37, 0x3e, 0x01, 0x37, 0x3e, 0x01, 0x37, 0x3e, 0x01, 
    0x37, 0x3e, 0x01, 0x37, 0x3e, 0x01, 0x37, 0x3e, 0x01, 0x37, 0x3e, 0x01, 
    0x37, 0x3e, 0x01, 0x37, 0x3e, 0x01, 0x37, 0x3e, 0x01, 0x37, 0x3e, 0x01, 
    0x37, 0x3e, 0x01, 0x37, 0x3e, 0x01, 0x37, 0x3e, 0x01, 0x37, 0x3e, 0x01, 
    0x37, 0x3e, 0x01, 0x37, 0x3e, 0x01, 0x37, 0x3e, 0x01, 0x37, 0x3e, 0x01, 
    0x37, 0x36, 0x16, 0x17, 0x1e, 0x01, 0x37, 0x36, 0x16, 0x17, 0x1e, 0x01, 
    0x37, 0x36, 0x16, 0x17, 0x1e, 0x01, 0x37, 0x36, 0x16, 0x17, 0x1e, 0x01, 
    0x37, 0x36, 0x16, 0x17, 0x1e, 0x01, 0x37, 0x36, 0x16, 0x17, 0x1e, 0x01, 
    0x37, 0x36, 0x16, 0x17, 0x1e, 0x01, 0x37, 0x36, 0x16, 0x17, 0x1e, 0x01, 
    0x37, 0x36, 0x16, 0x17, 0x1e, 0x01, 0x37, 0x36, 0x16, 0x17, 0x1e, 0x01, 
    0x37, 0x36, 0x16, 0x17, 0x1e, 0x01, 0x37, 0x36, 0x16, 0x17, 0x1e, 0x01, 
    0x37, 0x36, 0x16, 0x17, 0x1e, 0x01, 0x37, 0x36, 0x16, 0x17, 0x1e, 0x01, 
    0x37, 0x36, 0x16, 0x17, 0x1e, 0x01, 0x37, 0x36, 0x16, 0x17, 0x1e, 0x01, 
    0x37, 0x36, 0x16, 0x17, 0x1e, 0x01, 0x37, 0x36, 0x16, 0x17, 0x1e, 0x01, 
    0x37, 0x36, 0x16, 0x17, 0x1e, 0x01, 0x37, 0x36, 0x16, 0x17, 0x1e, 0x01, 
    0x37, 0x36, 0x16, 0x17, 0x1e, 0x01, 0x37, 0x36, 0x16, 0x17, 0x1e, 0x01, 
    0x37, 0x36, 0x16, 0x17, 0x1e, 0x01, 0x37, 0x36, 0x16, 0x17, 0x1e, 0x01, 
    0x17, 0x1e, 0x01, 0x17, 0x1e, 0x01, 0x37, 0x36, 0x16, 0x17, 0x1e, 0x01, 
    0x17, 0x1e, 0x01, 0x17, 0x1e, 0x01, 0x37, 0x36, 0x16, 0x17, 0x1e, 0x01, 
    0x17, 0x1e, 0x01, 0x17, 0x1e, 0x01, 0x37, 0x36, 0x16, 0x17, 0x1e, 0x01, 
    0x37, 0x36, 0x16, 0x17, 0x1e, 0x01, 0x17, 0x1e, 0x01, 0x17, 0x1e, 0x01, 
    0x37, 0x36, 0x16, 0x17, 0x1e, 0x01, 0x37, 0x36, 0x16, 0x17, 0x1e, 0x01, 
    0x17, 0x1e, 0x01, 0x17, 0x1e, 0x01, 0x37, 0x36, 0x16, 0x17, 0x1e, 0x01, 
    0x17, 0x36, 0x16, 0x17, 0x1e, 0x01, 0x37, 0x36, 0x16, 0x17, 0x1e, 0x01, 
    0x37, 0x36, 0x16, 0x17, 0x1e, 0x01, 0x37, 0x36, 0x16, 0x17, 0x1e, 0x01, 
    0x37, 0x36, 0x16, 0x17, 0x1e, 0x01, 0x37, 0x36, 0x16, 0x17, 0x1e, 0x01, 
    0x37, 0x36, 0x16, 0x17, 0x16, 0x06, 0x27, 0x26, 0x06, 0x17, 0x16, 0x06, 
    0x27, 0x26, 0x06, 0x17, 0x16, 0x06, 0x27, 0x26, 0x06, 0x17, 0x16, 0x06, 
    0x27, 0x26, 0x06, 0x17, 0x16, 0x06, 0x27, 0x26, 0x06, 0x17, 0x16, 0x06, 
    0x27, 0x26, 0x06, 0x17, 0x16, 0x06, 0x07, 0x0e, 0x01, 0x17, 0x16, 0x06, 
    0x07, 0x0e, 0x01, 0x17, 0x16, 0x06, 0x07, 0x0e, 0x01, 0x17, 0x16, 0x06, 
    0x27, 0x26, 0x06, 0x17, 0x16, 0x06, 0x27, 0x26, 0x06, 0x17, 0x16, 0x06, 
    0x07, 0x0e, 0x01, 0x17, 0x16, 0x06, 0x27, 0x26, 0x06, 0x17, 0x16, 0x06, 
    0x27, 0x26, 0x06, 0x17, 0x16, 0x06, 0x07, 0x26, 0x06, 0x17, 0x16, 0x06, 
    0x07, 0x0e, 0x01, 0x37, 0x36, 0x16, 0x17, 0x16, 0x06, 0x07, 0x0e, 0x01, 
    0x17, 0x16, 0x06, 0x27, 0x26, 0x06, 0x17, 0x16, 0x06, 0x27, 0x26, 0x06, 
    0x17, 0x16, 0x06, 0x27, 0x26, 0x06, 0x17, 0x16, 0x06, 0x07, 0x0e, 0x01, 
    0x17, 0x16, 0x06, 0x07, 0x0e, 0x01, 0x17, 0x16, 0x06, 0x27, 0x26, 0x06, 
    0x17, 0x16, 0x06, 0x27, 0x26, 0x06, 0x17, 0x16, 0x06, 0x27, 0x26, 0x06, 
    0x07, 0x0e, 0x01, 0x27, 0x26, 0x06, 0x07, 0x0e, 0x01, 0x27, 0x26, 0x06, 
    0x07, 0x0e, 0x01, 0x27, 0x26, 0x06, 0x17, 0x16, 0x06, 0x27, 0x26, 0x06, 
    0x07, 0x0e, 0x01, 0x27, 0x26, 0x06, 0x17, 0x16, 0x06, 0x27, 0x26, 0x06, 
    0x07, 0x0e, 0x01, 0x27, 0x26, 0x06, 0x17, 0x16, 0x06, 0x27, 0x26, 0x06, 
    0x17, 0x16, 0x06, 0x27, 0x26, 0x06, 0x17, 0x16, 0x06, 0x27, 0x26, 0x06, 
    0x17, 0x16, 0x06, 0x27, 0x26, 0x06, 0x17, 0x16, 0x06, 0x07, 0x0e, 0x01, 
    0x17, 0x16, 0x06, 0x07, 0x26, 0x06, 0x17, 0x16, 0x06, 0x07, 0x0e, 0x01, 
    0x17, 0x16, 0x06, 0x07, 0x26, 0x06, 0x17, 0x16, 0x06, 0x07, 0x0e, 0x01, 
    0x17, 0x16, 0x06, 0x27, 0x26, 0x06, 0x17, 0x16, 0x06, 0x27, 0x26, 0x06, 
    0x17, 0x16, 0x06, 0x27, 0x26, 0x06, 0x17, 0x16, 0x06, 0x27, 0x26, 0x06, 
    0x17, 0x16, 0x06, 0x27, 0x26, 0x06, 0x07, 0x0e, 0x01, 0x27, 0x26, 0x06, 
    0x17, 0x16, 0x06, 0x27, 0x26, 0x06, 0x17, 0x16, 0x06, 0x27, 0x26, 0x06, 
    0x17, 0x16, 0x06, 0x27, 0x26, 0x06, 0x17, 0x16, 0x06, 0x27, 0x26, 0x06, 
    0x17, 0x16, 0x06, 0x27, 0x2e, 0x01, 0x37, 0x3e, 0x01, 0x37, 0x3e, 0x01, 
    0x37, 0x3e, 0x01, 0x37, 0x3e, 0x01, 0x37, 0x3e, 0x01, 0x37, 0x3e, 0x01, 
    0x37, 0x3e, 0x01, 0x37, 0x3e, 0x01, 0x37, 0x3e, 0x01, 0x37, 0x3e, 0x01, 
    0x37, 0x3e, 0x01, 0x37, 0x3e, 0x01, 0x37, 0x3e, 0x01, 0x37, 0x3e, 0x01, 
    0x37, 0x3e, 0x01, 0x37, 0x3e, 0x01, 0x37, 0x3e, 0x01, 0x37, 0x3e, 0x01, 
    0x37, 0x3e, 0x01, 0x37, 0x3e, 0x01, 0x37, 0x3e, 0x01, 0x37, 0x3e, 0x01, 
    0x37, 0x3e, 0x01, 0x37, 0x3e, 0x01, 0x37, 0x3e, 0x01, 0x37, 0x3e, 0x01, 
    0x37, 0x3e, 0x01, 0x37, 0x3e, 0x01, 0x37, 0x3e, 0x01, 0x37, 0x3e, 0x01, 
    0x37, 0x3e, 0x01, 0x37, 0x3e, 0x01, 0x37, 0x3e, 0x01, 0x37, 0x3e, 0x01, 
    0x37, 0x3e, 0x01, 0x37, 0x3e, 0x01, 0x37, 0x3e, 0x01, 0x37, 0x3e, 0x01, 
    0x37, 0x3e, 0x01, 0x37, 0x3e, 0x01, 0x37, 0x3e, 0x01, 0x37, 0x3e, 0x01, 
    0x37, 0x3e, 0x01, 0x37, 0x3e, 0x01, 0x37, 0x3e, 0x01, 0x37, 0x3e, 0x01, 
    0x37, 0x3e, 0x01, 0x37, 0x3e, 0x01, 0x37, 0x3e, 0x01, 0x37, 0x3e, 0x01, 
    0x37, 0x3e, 0x01, 0x37, 0x3e, 0x01, 0x37, 0x3e, 0x01, 0x37, 0x3e, 0x01, 
    0x37, 0x3e, 0x01, 0x37, 0x3e, 0x01, 0x37, 0x3e, 0x01, 0x37, 0x3e, 0x01, 
    0x37, 0x3e, 0x01, 0x37, 0x3e, 0x01, 0x37, 0x3e, 0x01, 0x37, 0x3e, 0x01, 
    0x37, 0x3e, 0x01, 0x27, 0x2e, 0x01, 0x37, 0x36, 0x26, 0x27, 0x2e, 0x01, 
    0x37, 0x36, 0x26, 0x27, 0x2e, 0x01, 0x37, 0x36, 0x26, 0x27, 0x2e, 0x01, 
    0x37, 0x36, 0x26, 0x27, 0x2e, 0x01, 0x37, 0x36, 0x26, 0x27, 0x2e, 0x01, 
    0x37, 0x36, 0x26, 0x27, 0x2e, 0x01, 0x37, 0x36, 0x26, 0x27, 0x2e, 0x01, 
    0x37, 0x36, 0x26, 0x27, 0x2e, 0x01, 0x37, 0x36, 0x26, 0x27, 0x26, 0x36, 
    0x37, 0x3e, 0x01, 0x37, 0x3e, 0x01, 0x37, 0x3e, 0x01, 0x37, 0x36, 0x16, 
    0x17, 0x1e, 0x01, 0x37, 0x36, 0x16, 0x17, 0x1e, 0x01, 0x37, 0x36, 0x16, 
    0x17, 0x1e, 0x01, 0x17, 0x1e, 0x01, 0x17, 0x1e, 0x01, 0x37, 0x36, 0x16, 
    0x17, 0x1e, 0x01, 0x37, 0x36, 0x16, 0x1f, 0x01, 0x37, 0x3e, 0x01, 0x37, 
    0x3e, 0x01, 0x37, 0x3e, 0x01, 0x37, 0x3e, 0x01, 0x37, 0x3e, 0x01, 0x37, 
    0x3e, 0x01, 0x37, 0x3e, 0x01, 0x37, 0x3e, 0x01, 0x37, 0x3e, 0x01, 0x37, 
    0x3e, 0x01, 0x37, 0x3e, 0x01, 0x37, 0x3e, 0x01, 0x37, 0x3e, 0x01, 0x37, 
    0x3e, 0x01, 0x37, 0x3e, 0x01, 0x37, 0x3e, 0x01, 0x37, 0x36, 0x26, 0x27, 
    0x2e, 0x01, 0x37, 0x36, 0x26, 0x27, 0x2e, 0x01, 0x37, 0x36, 0x26, 0x27, 
    0x2e, 0x01, 0x37, 0x36, 0x26, 0x27, 0x2e, 0x01, 0x37, 0x36, 0x26, 0x27, 
    0x2e, 0x01, 0x37, 0x36, 0x26, 0x27, 0x2e, 0x01, 0x37, 0x36, 0x26, 0x27, 
    0x2e, 0x01, 0x37, 0x36, 0x26, 0x27, 0x2e, 0x01, 0x37, 0x36, 0x26, 0x27, 
    0x2e, 0x01, 0x37, 0x36, 0x26, 0x27, 0x2e, 0x01, 0x37, 0x36, 0x26, 0x27, 
    0x2e, 0x01, 0x37, 0x36, 0x26, 0x27, 0x2e, 0x01, 0x37, 0x36, 0x26, 0x27, 
    0x2e, 0x01, 0x37, 0x36, 0x26, 0x27, 0x2e, 0x01, 0x37, 0x36, 0x26, 0x27, 
    0x2e, 0x01, 0x37, 0x36, 0x26, 0x27, 0x2e, 0x01, 0x37, 0x36, 0x26, 0x27, 
    0x2e, 0x01, 0x27, 0x2e, 0x01, 0x27, 0x2e, 0x01, 0x27, 0x2e, 0x01, 0x27, 
    0x2e, 0x01, 0x27, 0x2e, 0x01, 0x27, 0x2e, 0x01, 0x27, 0x2e, 0x01, 0x27, 
    0x2e, 0x01, 0x37, 0x36, 0x26, 0x27, 0x2e, 0x01, 0x27, 0x2e, 0x01, 0x27, 
    0x2e, 0x01, 0x37, 0x36, 0x26, 0x27, 0x2e, 0x01, 0x27, 0x2e, 0x01, 0x27, 
    0x2e, 0x01, 0x37, 0x36, 0x26, 0x27, 0x2e, 0x01, 0x37, 0x36, 0x26, 0x27, 
    0x2e, 0x01, 0x27, 0x2e, 0x01, 0x27, 0x2e, 0x01, 0x37, 0x36, 0x26, 0x27, 
    0x2e, 0x01, 0x37, 0x36, 0x26, 0x27, 0x2e, 0x01, 0x37, 0x36, 0x26, 0x27, 
    0x2e, 0x01, 0x37, 0x36, 0x26, 0x27, 0x2e, 0x01, 0x27, 0x2e, 0x01, 0x27, 
    0x2e, 0x01, 0x27, 0x2e, 0x01, 0x27, 0x2e, 0x01, 0x37, 0x36, 0x26, 0x27, 
    0x2e, 0x01, 0x37, 0x36, 0x26, 0x27, 0x2e, 0x01, 0x37, 0x36, 0x26, 0x27, 
    0x2e, 0x01, 0x37, 0x36, 0x26, 0x27, 0x2e, 0x01, 0x37, 0x36, 0x26, 0x27, 
    0x26, 0x06, 0x17, 0x16, 0x06, 0x27, 0x26, 0x06, 0x17, 0x16, 0x06, 0x27, 
    0x26, 0x06, 0x17, 0x16, 0x06, 0x27, 0x26, 0x06, 0x17, 0x16, 0x06, 0x27, 
    0x26, 0x06, 0x17, 0x16, 0x06, 0x27, 0x26, 0x06, 0x07, 0x0e, 0x01, 0x27, 
    0x26, 0x06, 0x07, 0x0e, 0x01, 0x27, 0x26, 0x06, 0x17, 0x16, 0x06, 0x27, 
    0x26, 0x06, 0x17, 0x16, 0x06, 0x27, 0x26, 0x06, 0x17, 0x16, 0x06, 0x27, 
    0x26, 0x06, 0x07, 0x0e, 0x01, 0x27, 0x26, 0x06, 0x07, 0x0e, 0x01, 0x27, 
    0x26, 0x06, 0x17, 0x16, 0x06, 0x27, 0x26, 0x06, 0x17, 0x16, 0x06, 0x27, 
    0x26, 0x06, 0x07, 0x0e, 0x01, 0x27, 0x26, 0x06, 0x17, 0x16, 0x06, 0x27, 
    0x26, 0x06, 0x07, 0x0e, 0x01, 0x27, 0x26, 0x06, 0x17, 0x16, 0x06, 0x27, 
    0x26, 0x06, 0x07, 0x0e, 0x01, 0x27, 0x26, 0x06, 0x07, 0x0e, 0x01, 0x27, 
    0x26, 0x06, 0x07, 0x0e, 0x01, 0x07, 0x0e, 0x01, 0x07, 0x0e, 0x01, 0x27, 
    0x26, 0x06, 0x17, 0x16, 0x06, 0x27, 0x26, 0x06, 0x17, 0x16, 0x06, 0x27, 
    0x26, 0x06, 0x17, 0x16, 0x06, 0x07, 0x0e, 0x01, 0x17, 0x16, 0x06, 0x07, 
    0x0e, 0x01, 0x17, 0x16, 0x06, 0x07, 0x0e, 0x01, 0x17, 0x16, 0x06, 0x07, 
    0x0e, 0x01, 0x17, 0x16, 0x06, 0x27, 0x26, 0x06, 0x17, 0x16, 0x06, 0x07, 
    0x0e, 0x01, 0x17, 0x16, 0x06, 0x27, 0x26, 0x06, 0x17, 0x16, 0x06, 0x27, 
    0x26, 0x06, 0x17, 0x16, 0x06, 0x07, 0x0e, 0x01, 0x17, 0x16, 0x06, 0x27, 
    0x0e, 0x01, 0x17, 0x16, 0x06, 0x27, 0x26, 0x06, 0x17, 0x16, 0x06, 0x27, 
    0x26, 0x06, 0x17, 0x16, 0x06, 0x27, 0x26, 0x06, 0x17, 0x16, 0x06, 0x27, 
    0x26, 0x06, 0x17, 0x1e, 0x01, 0x37, 0x36, 0x16, 0x17, 0x1e, 0x01, 0x37, 
    0x36, 0x16, 0x17, 0x1e, 0x01, 0x37, 0x36, 0x16, 0x17, 0x1e, 0x01, 0x37, 
    0x36, 0x16, 0x17, 0x1e, 0x01, 0x37, 0x36, 0x16, 0x17, 0x1e, 0x01, 0x37, 
    0x36, 0x16, 0x17, 0x1e, 0x01, 0x17, 0x1e, 0x01, 0x17, 0x1e, 0x01, 0x37, 
    0x36, 0x16, 0x17, 0x1e, 0x01, 0x37, 0x36, 0x16, 0x1f, 0x01, 0x37, 0x3e, 
    0x01, 0x37, 0x3e, 0x01, 0x37, 0x3e, 0x01, 0x37, 0x3e, 0x01, 0x37, 0x3e, 
    0x01, 0x37, 0x3e, 0x01, 0x37, 0x3e, 0x01, 0x37, 0x3e, 0x01, 0x37, 0x3e, 
    0x01, 0x37, 0x3e, 0x01, 0x37, 0x3e, 0x01, 0x37, 0x3e, 0x01, 0x17, 0x1e, 
    0x01, 0x17, 0x1e, 0x01, 0x37, 0x36, 0x16, 0x17, 0x16, 0x06, 0x27, 0x26, 
    0x06, 0x17, 0x16, 0x06, 0x07, 0x0e, 0x01, 0x17, 0x16, 0x06, 0x27, 0x26, 
    0x06, 0x17, 0x16, 0x06, 0x07, 0x0e, 0x01, 0x17, 0x16, 0x06, 0x27, 0x26, 
    0x06, 0x17, 0x16, 0x06, 0x27, 0x26, 0x06, 0x17, 0x16, 0x06, 0x07, 0x0e, 
    0x01, 0x17, 0x16, 0x06, 0x07, 0x26, 0x06, 0x17, 0x16, 0x06, 0x27, 0x26, 
    0x06, 0x17, 0x16, 0x06, 0x27, 0x26, 0x06, 0x17, 0x1e, 0x01, 0x17, 0x1e, 
    0x01, 0x17, 0x1e, 0x01, 0x37, 0x36, 0x16, 0x17, 0x1e, 0x01, 0x37, 0x36, 
    0x16, 0x17, 0x1e, 0x01, 0x17, 0x1e, 0x01, 0x17, 0x1e, 0x01, 0x17, 0x1e, 
    0x01, 0x17, 0x1e, 0x01, 0x37, 0x36, 0x16, 0x17, 0x1e, 0x01, 0x37, 0x36, 
    0x16, 0x17, 0x1e, 0x01, 0x37, 0x36, 0x16, 0x17, 0x1e, 0x01, 0x37, 0x36, 
    0x16, 0x17, 0x1e, 0x01, 0x37, 0x36, 0x16, 0x17, 0x1e, 0x01, 0x37, 0x36, 
    0x16, 0x17, 0x1e, 0x01, 0x37, 0x36, 0x16, 0x17, 0x1e, 0x01, 0x37, 0x36, 
    0x16, 0x17, 0x1e, 0x01, 0x37, 0x36, 0x16, 0x17, 0x1e, 0x01, 0x37, 0x36, 
    0x16, 0x17, 0x1e, 0x01, 0x37, 0x36, 0x16, 0x17, 0x1e, 0x01, 0x17, 0x1e, 
    0x01, 0x17, 0x1e, 0x01, 0x37, 0x36, 0x16, 0x17, 0x1e, 0x01, 0x37, 0x36, 
    0x16, 0x17, 0x1e, 0x01, 0x37, 0x36, 0x16, 0x17, 0x1e, 0x01, 0x37, 0x36, 
    0x16, 0x17, 0x1e, 0x01, 0x37, 0x36, 0x16, 0x17, 0x1e, 0x01, 0x37, 0x36, 
    0x16, 0x17, 0x1e, 0x01, 0x37, 0x36, 0x16, 0x17, 0x1e, 0x01, 0x37, 0x36, 
    0x16, 0x17, 0x1e, 0x01, 0x37, 0x36, 0x16, 0x17, 0x1e, 0x01, 0x37, 0x36, 
    0x16, 0x17, 0x1e, 0x01, 0x37, 0x36, 0x16, 0x17, 0x1e, 0x01, 0x37, 0x36, 
    0x16, 0x17, 0x1e, 0x01, 0x37, 0x36, 0x16, 0x17, 0x1e, 0x01, 0x37, 0x36, 
    0x16, 0x17, 0x1e, 0x01, 0x37, 0x3e, 0x01, 0x27, 0x36, 0x26, 0x27, 0x2e, 
    0x01, 0x37, 0x36, 0x26, 0x27, 0x26, 0x36, 0x37, 0x3e, 0x01, 0x37, 0x3e, 
    0x01, 0x37, 0x3e, 0x01, 0x37, 0x3e, 0x01, 0x37, 0x3e, 0x01, 0x37, 0x3e, 
    0x01, 0x37, 0x3e, 0x01, 0x37, 0x3e, 0x01, 0x37, 0x3e, 0x01, 0x37, 0x3e, 
    0x01, 0x37, 0x3e, 0x01, 0x37, 0x3e, 0x01, 0x37, 0x3e, 0x01, 0x37, 0x3e, 
    0x01, 0x37, 0x3e, 0x01, 0x37, 0x3e, 0x01, 0x37, 0x3e, 0x01, 0x37, 0x3e, 
    0x01, 0x37, 0x3e, 0x01, 0x37, 0x3e, 0x01, 0x37, 0x3e, 0x01, 0x37, 0x36, 
    0x16, 0x17, 0x1e, 0x01, 0x37, 0x36, 0x16, 0x17, 0x1e, 0x01, 0x17, 0x1e, 
    0x01, 0x17, 0x1e, 0x01, 0x37, 0x36, 0x16, 0x17, 0x1e, 0x01, 0x17, 0x1e, 
    0x01, 0x17, 0x1e, 0x01, 0x37, 0x36, 0x16, 0x17, 0x1e, 0x01, 0x17, 0x1e, 
    0x01, 0x17, 0x1e, 0x01, 0x37, 0x36, 0x16, 0x17, 0x1e, 0x01, 0x17, 0x36, 
    0x16, 0x17, 0x1e, 0x01, 0x17, 0x1e, 0x01, 0x17, 0x1e, 0x01, 0x37, 0x36, 
    0x16, 0x17, 0x16, 0x06, 0x07, 0x0e, 0x01, 0x17, 0x16, 0x06, 0x07, 0x26, 
    0x06, 0x17, 0x16, 0x06, 0x27, 0x26, 0x06, 0x07, 0x0e, 0x01, 0x27, 0x2e, 
    0x01, 0x27, 0x2e, 0x01, 0x27, 0x2e, 0x01, 0x27, 0x2e, 0x01, 0x27, 0x2e, 
    0x01, 0x37, 0x36, 0x26, 0x27, 0x2e, 0x01, 0x37, 0x36, 0x26, 0x27, 0x2e, 
    0x01, 0x37, 0x36, 0x26, 0x27, 0x26, 0x06, 0x17, 0x16, 0x06, 0x07, 0x0e, 
    0x01, 0x17, 0x16, 0x06, 0x07, 0x0e, 0x01, 0x17, 0x16, 0x06, 0x07, 0x0e, 
    0x01, 0x07, 0x0e, 0x01, 0x27, 0x26, 0x06, 0x17, 0x16, 0x06, 0x27, 0x2e, 
    0x01, 0x03, 0x36, 0x26, 0x27, 0x2e, 0x01, 0x37, 0x36, 0x26, 0x27, 0x2e, 
    0x01, 0x37, 0x36, 0x26, 0x27, 0x2e, 0x01, 0x27, 0x2e, 0x01, 0x27, 0x2e, 
    0x01, 0x27, 0x2e, 0x01, 0x27, 0x2e, 0x01, 0x37, 0x36, 0x26, 0x27, 0x2e, 
    0x01, 0x37, 0x36, 0x26, 0x27, 0x2e, 0x01, 0x37, 0x36, 0x26, 0x27, 0x2e, 
    0x01, 0x37, 0x36, 0x26, 0x27, 0x2e, 0x01, 0x37, 0x3e, 0x01, 0x37, 0x3e, 
    0x01, 0x37, 0x3e, 0x01, 0x37, 0x3e, 0x01, 0x37, 0x3e, 0x01, 0x37, 0x3e, 
    0x01, 0x37, 0x3e, 0x01, 0x37, 0x3e, 0x01, 0x37, 0x3e, 0x01, 0x37, 0x3e, 
    0x01, 0x37, 0x3e, 0x01, 0x37, 0x3e, 0x01, 0x37, 0x3e, 0x01, 0x37, 0x3e, 
    0x01, 0x37, 0x3e, 0x01, 0x37, 0x3e, 0x01, 0x37, 0x3e, 0x01, 0x37, 0x3e, 
    0x01, 0x37, 0x3e, 0x01, 0x37, 0x3e, 0x01, 0x37, 0x3e, 0x01, 0x37, 0x3e, 
    0x01, 0x37, 0x3e, 0x01, 0x37, 0x3e, 0x01, 0x37, 0x3e, 0x01, 0x37, 0x3e, 
    0x01, 0x37, 0x3e, 0x01, 0x37, 0x3e, 0x01, 0x37, 0x3e, 0x01, 0x37, 0x3e, 
    0x01, 0x37, 0x3e, 0x01, 0x37, 0x36, 0x16, 0x17, 0x1e, 0x01, 0x37, 0x36, 
    0x16, 0x17, 0x1e, 0x01, 0x37, 0x36, 0x16, 0x17, 0x1e, 0x01, 0x37, 0x36, 
    0x16, 0x17, 0x1e, 0x01, 0x37, 0x36, 0x16, 0x17, 0x1e, 0x01, 0x37, 0x36, 
    0x16, 0x17, 0x1e, 0x01, 0x17, 0x1e, 0x01, 0x17, 0x1e, 0x01, 0x37, 0x36, 
    0x16, 0x17, 0x1e, 0x01, 0x17, 0x1e, 0x01, 0x17, 0x1e, 0x01, 0x37, 0x36, 
    0x16, 0x17, 0x16, 0x06, 0x27, 0x26, 0x06, 0x17, 0x16, 0x06, 0x27, 0x26, 
    0x06, 0x17, 0x16, 0x06, 0x07, 0x26, 0x06, 0x17, 0x16, 0x06, 0x27, 0x26, 
    0x06, 0x17, 0x16, 0x06, 0x27, 0x26, 0x06, 0x17, 0x16, 0x06, 0x07, 0x0e, 
    0x01, 0x17, 0x16, 0x06, 0x27, 0x26, 0x06, 0x17, 0x16, 0x06, 0x27, 0x26, 
    0x06, 0x07, 0x0e, 0x01, 0x27, 0x26, 0x06, 0x17, 0x16, 0x06, 0x27, 0x26, 
    0x06, 0x17, 0x16, 0x06, 0x27, 0x26, 0x06, 0x17, 0x16, 0x06, 0x27, 0x2e, 
    0x01, 0x25, 0x36, 0x26, 0x27, 0x2e, 0x01, 0x37, 0x36, 0x26, 0x27, 0x2e, 
    0x01, 0x37, 0x36, 0x26, 0x27, 0x2e, 0x01, 0x27, 0x2e, 0x01, 0x27, 0x2e, 
    0x01, 0x37, 0x36, 0x26, 0x27, 0x2e, 0x01, 0x37, 0x36, 0x26, 0x27, 0x2e, 
    0x01, 0x37, 0x36, 0x26, 0x27, 0x2e, 0x01, 0x37, 0x36, 0x26, 0x27, 0x2e, 
    0x01, 0x37, 0x36, 0x26, 0x27, 0x2e, 0x01, 0x37, 0x36, 0x26, 0x27, 0x2e, 
    0x01, 0x37, 0x36, 0x26, 0x27, 0x2e, 0x01, 0x37, 0x3e, 0x01, 0x37, 0x3e, 
    0x01, 0x37, 0x3e, 0x01, 0x37, 0x3e, 0x01, 0x37, 0x3e, 0x01, 0x37, 0x3e, 
    0x01, 0x37, 0x3e, 0x01, 0x37, 0x3e, 0x01, 0x37, 0x3e, 0x01, 0x37, 0x3e, 
    0x01, 0x37, 0x3e, 0x01, 0x37, 0x3e, 0x01, 0x37, 0x3e, 0x01, 0x37, 0x3e, 
    0x01, 0x37, 0x3e, 0x01, 0x37, 0x3e, 0x01, 0x37, 0x3e, 0x01, 0x37, 0x3e, 
    0x01, 0x37, 0x3e, 0x01, 0x37, 0x36, 0x16, 0x17, 0x1e, 0x01, 0x37, 0x36, 
    0x16, 0x17, 0x1e, 0x01, 0x37, 0x36, 0x16, 0x17, 0x1e, 0x01, 0x37, 0x36, 
    0x16, 0x17, 0x1e, 0x01, 0x37, 0x36, 0x16, 0x17, 0x1e, 0x01, 0x37, 0x36, 
    0x16, 0x17, 0x1e, 0x01, 0x37, 0x36, 0x16, 0x17, 0x1e, 0x01, 0x37, 0x36, 
    0x16, 0x17, 0x1e, 0x01, 0x37, 0x36, 0x16, 0x17, 0x1e, 0x01, 0x37, 0x36, 
    0x16, 0x17, 0x1e, 0x01, 0x37, 0x36, 0x16, 0x17, 0x1e, 0x01, 0x37, 0x36, 
    0x16, 0x17, 0x1e, 0x01, 0x37, 0x36, 0x16, 0x17, 0x1e, 0x01, 0x37, 0x36, 
    0x16, 0x17, 0x1e, 0x01, 0x37, 0x36, 0x16, 0x17, 0x1e, 0x01, 0x37, 0x36, 
    0x16, 0x17, 0x1e, 0x01, 0x37, 0x36, 0x16, 0x17, 0x16, 0x06, 0x27, 0x26, 
    0x06, 0x17, 0x16, 0x06, 0x27, 0x26, 0x06, 0x17, 0x16, 0x06, 0x27, 0x26, 
    0x06, 0x17, 0x16, 0x06, 0x07, 0x0e, 0x01, 0x17, 0x16, 0x06, 0x07, 0x0e, 
    0x01, 0x27, 0x26, 0x06, 0x07, 0x0e, 0x01, 0x27, 0x26, 0x06, 0x17, 0x16, 
    0x06, 0x27, 0x26, 0x06, 0x07, 0x16, 0x06, 0x27, 0x26, 0x06, 0x17, 0x16, 
    0x06, 0x27, 0x2e, 0x01, 0x03, 0x92, 0x00, 0x09, 0x0b, 0x0c, 0x08, 0x00, 
    0x00, 0x04, 0x05, 0x05, 0x04, 0x00, 0x00, 0x04, 0x06, 0x05, 0x05, 0x00, 
    0x00, 0x04, 0x06, 0x05, 0x05, 0x00, 0x00, 0x03, 0x04, 0x04, 0x05, 0x02, 
    0x03, 0x05, 0x04, 0x04, 0x03, 0x00, 0x00, 0x02, 0x02, 0x04, 0x07, 0x00, 
    0x00, 0x07, 0x04, 0x02, 0x02, 0x00, 0x00, 0x03, 0x03, 0x05, 0x01, 0x00, 
    0x00, 0x02, 0x02, 0x05, 0x0b, 0x00, 0x00, 0x03, 0x02, 0x03, 0x02, 0x00, 
    0x00, 0x02, 0x01, 0x01, 0x01, 0x00, 0x00, 0x03, 0x02, 0x03, 0x02, 0x00, 
    0x00, 0x01, 0x02, 0x01, 0x01, 0x00, 0x00, 0x01, 0x02, 0x01, 0x01, 0x00, 
    0x00, 0x01, 0x03, 0x03, 0x01, 0x00, 0x00, 0x01, 0x01, 0x02, 0x01, 0x00, 
    0x00, 0x0b, 0x05, 0x02, 0x02, 0x00, 0x00, 0x04, 0x06, 0x05, 0x05, 0x00, 
    0x00, 0x03, 0x04, 0x04, 0x05, 0x02, 0x03, 0x05, 0x04, 0x04, 0x03, 0x00, 
    0x00, 0x02, 0x02, 0x02, 0x02, 0x01, 0x01, 0x03, 0x02, 0x03, 0x02, 0x00, 
    0x00, 0x02, 0x03, 0x03, 0x02, 0x00, 0x00, 0x03, 0x03, 0x03, 0x04, 0x02, 
    0x02, 0x03, 0x02, 0x02, 0x05, 0x04, 0x03, 0x05, 0x03, 0x02, 0x02, 0x00, 
    0x00, 0x01, 0x02, 0x05, 0x13, 0x00, 0x00, 0x02, 0x03, 0x03, 0x02, 0x00, 
    0x00, 0x02, 0x03, 0x03, 0x02, 0x00, 0x00, 0x02, 0x03, 0x03, 0x02, 0x00, 
    0x00, 0x01, 0x01, 0x02, 0x01, 0x00, 0x00, 0x01, 0x01, 0x02, 0x01, 0x00, 
    0x00, 0x01, 0x01, 0x02, 0x01, 0x00, 0x00, 0x01, 0x01, 0x02, 0x01, 0x00, 
    0x00, 0x01, 0x03, 0x03, 0x00, 0x00, 0x00, 0x00, 0x03, 0x06, 0x01, 0x06, 
    0x05, 0x07, 0x00, 0x00, 0x01, 0x02, 0x01, 0x01, 0x00, 0x00, 0x01, 0x02, 
    0x01, 0x01, 0x00, 0x00, 0x03, 0x02, 0x03, 0x02, 0x00, 0x00, 0x01, 0x02, 
    0x01, 0x01, 0x00, 0x00, 0x01, 0x02, 0x01, 0x01, 0x00, 0x00, 0x02, 0x03, 
    0x03, 0x02, 0x00, 0x00, 0x01, 0x02, 0x01, 0x01, 0x00, 0x00, 0x02, 0x02, 
    0x02, 0x02, 0x00, 0x00, 0x01, 0x01, 0x02, 0x01, 0x00, 0x00, 0x01, 0x01, 
    0x02, 0x01, 0x00, 0x00, 0x01, 0x01, 0x02, 0x01, 0x00, 0x00, 0x01, 0x01, 
    0x02, 0x01, 0x00, 0x00, 0x01, 0x01, 0x02, 0x01, 0x00, 0x00, 0x01, 0x01, 
    0x02, 0x01, 0x00, 0x00, 0x01, 0x02, 0x01, 0x01, 0x00, 0x00, 0x01, 0x02, 
    0x01, 0x01, 0x00, 0x00, 0x01, 0x02, 0x01, 0x01, 0x00, 0x00, 0x01, 0x02, 
    0x01, 0x01, 0x00, 0x00, 0x01, 0x02, 0x01, 0x01, 0x00, 0x00, 0x01, 0x02, 
    0x01, 0x01, 0x00, 0x00, 0x02, 0x02, 0x02, 0x02, 0x00, 0x00, 0x01, 0x01, 
    0x02, 0x01, 0x00, 0x00, 0x02, 0x03, 0x02, 0x03, 0x00, 0x00, 0x01, 0x01, 
    0x02, 0x01, 0x00, 0x00, 0x01, 0x01, 0x02, 0x01, 0x00, 0x00, 0x02, 0x03, 
    0x02, 0x03, 0x00, 0x00, 0x01, 0x01, 0x02, 0x01, 0x00, 0x00, 0x01, 0x01, 
    0x02, 0x01, 0x00, 0x00, 0x02, 0x03, 0x02, 0x03, 0x00, 0x00, 0x01, 0x02, 
    0x02, 0x02, 0x00, 0x00, 0x02, 0x03, 0x03, 0x02, 0x00, 0x00, 0x02, 0x03, 
    0x03, 0x02, 0x00, 0x00, 0x02, 0x03, 0x03, 0x02, 0x00, 0x00, 0x09, 0x0c, 
    0x04, 0x09, 0x07, 0x08, 0x08, 0x02, 0x02, 0x01, 0x00, 0x00, 0x08, 0x04, 
    0x01, 0x05, 0x04, 0x04, 0x05, 0x02, 0x02, 0x03, 0x02, 0x02, 0x04, 0x02, 
    0x02, 0x03, 0x02, 0x02, 0x04, 0x02, 0x03, 0x02, 0x00, 0x00, 0x02, 0x02, 
    0x03, 0x03, 0x02, 0x02, 0x04, 0x04, 0x03, 0x02, 0x00, 0x00, 0x03, 0x02, 
    0x03, 0x02, 0x00, 0x00, 0x07, 0x04, 0x02, 0x02, 0x00, 0x00, 0x04, 0x04, 
    0x04, 0x03, 0x00, 0x00, 0x02, 0x03, 0x03, 0x02, 0x00, 0x00, 0x02, 0x02, 
    0x02, 0x02, 0x00, 0x00, 0x03, 0x04, 0x04, 0x04, 0x00, 0x00, 0x03, 0x04, 
    0x04, 0x04, 0x00, 0x00, 0x03, 0x04, 0x04, 0x04, 0x00, 0x00, 0x02, 0x03, 
    0x02, 0x03, 0x00, 0x00, 0x03, 0x05, 0x05, 0x04, 0x00, 0x00, 0x05, 0x05, 
    0x05, 0x05, 0x00, 0x00, 0x02, 0x03, 0x02, 0x03, 0x01, 0x01, 0x04, 0x06, 
    0x06, 0x04, 0x00, 0x00, 0x06, 0x07, 0x07, 0x05, 0x00, 0x00, 0x07, 0x08, 
    0x08, 0x08, 0x01, 0x00, 0x04, 0x04, 0x04, 0x04, 0x00, 0x01, 0x25, 0x88, 
    0x89, 0x25, 0x00, 0x01, 0x04, 0x05, 0x05, 0x04, 0x00, 0x00, 0x06, 0x09, 
    0x08, 0x07, 0x00, 0x00, 0x05, 0x07, 0x07, 0x06, 0x01, 0x01, 0x05, 0x05, 
    0x07, 0x03, 0x00, 0x00, 0x02, 0x03, 0x03, 0x02, 0x00, 0x00, 0x04, 0x06, 
    0x05, 0x05, 0x00, 0x00, 0x04, 0x05, 0x04, 0x04, 0x00, 0x00, 0x03, 0x02, 
    0x03, 0x02, 0x00, 0x00, 0x04, 0x04, 0x04, 0x03, 0x00, 0x00, 0x04, 0x04, 
    0x04, 0x03, 0x00, 0x00, 0x04, 0x04, 0x06, 0x04, 0x02, 0x02, 0x04, 0x02, 
    0x03, 0x02, 0x00, 0x00, 0x03, 0x04, 0x04, 0x04, 0x00, 0x00, 0x01, 0x03, 
    0x04, 0x07, 0x00, 0x00, 0x02, 0x04, 0x03, 0x03, 0x00, 0x00, 0x02, 0x03, 
    0x02, 0x04, 0x02, 0x02, 0x03, 0x03, 0x02, 0x02, 0x00, 0x00, 0x02, 0x02, 
    0x03, 0x04, 0x02, 0x02, 0x03, 0x02, 0x02, 0x04, 0x01, 0x02, 0x04, 0x03, 
    0x02, 0x06, 0x03, 0x04, 0x04, 0x02, 0x03, 0x07, 0x00, 0x00, 0x02, 0x02, 
    0x03, 0x06, 0x05, 0x05, 0x05, 0x01, 0x02, 0x16, 0x00, 0x00, 0x02, 0x03, 
    0x03, 0x02, 0x00, 0x00, 0x02, 0x03, 0x03, 0x02, 0x00, 0x00, 0x02, 0x03, 
    0x03, 0x02, 0x00, 0x00, 0x02, 0x03, 0x04, 0x08, 0x00, 0x00, 0x02, 0x03, 
    0x03, 0x02, 0x00, 0x00, 0x01, 0x02, 0x01, 0x01, 0x00, 0x00, 0x01, 0x02, 
    0x01, 0x01, 0x00, 0x00, 0x02, 0x03, 0x03, 0x02, 0x00, 0x00, 0x01, 0x02, 
    0x01, 0x01, 0x00, 0x00, 0x01, 0x02, 0x01, 0x01, 0x00, 0x00, 0x03, 0x03, 
    0x04, 0x03, 0x00, 0x00, 0x01, 0x01, 0x01, 0x02, 0x00, 0x00, 0x01, 0x01, 
    0x01, 0x02, 0x00, 0x00, 0x01, 0x01, 0x01, 0x02, 0x00, 0x00, 0x01, 0x01, 
    0x01, 0x02, 0x00, 0x00, 0x01, 0x01, 0x01, 0x02, 0x00, 0x00, 0x01, 0x01, 
    0x01, 0x02, 0x00, 0x00, 0x01, 0x01, 0x02, 0x01, 0x00, 0x00, 0x01, 0x01, 
    0x02, 0x01, 0x00, 0x00, 0x01, 0x02, 0x01, 0x01, 0x00, 0x00, 0x01, 0x02, 
    0x01, 0x01, 0x00, 0x00, 0x02, 0x01, 0x01, 0x01, 0x00, 0x00, 0x02, 0x01, 
    0x01, 0x01, 0x00, 0x00, 0x02, 0x01, 0x01, 0x01, 0x00, 0x00, 0x02, 0x01, 
    0x01, 0x01, 0x00, 0x00, 0x02, 0x01, 0x01, 0x01, 0x00, 0x00, 0x02, 0x01, 
    0x01, 0x01, 0x00, 0x00, 0x03, 0x04, 0x04, 0x02, 0x00, 0x00, 0x01, 0x01, 
    0x02, 0x01, 0x00, 0x00, 0x01, 0x01, 0x02, 0x01, 0x00, 0x00, 0x02, 0x03, 
    0x03, 0x02, 0x00, 0x00, 0x01, 0x01, 0x02, 0x01, 0x00, 0x00, 0x01, 0x01, 
    0x02, 0x01, 0x00, 0x00, 0x01, 0x01, 0x02, 0x01, 0x00, 0x00, 0x02, 0x03, 
    0x05, 0x02, 0x05, 0x01, 0x01, 0x00, 0x00, 0x01, 0x01, 0x02, 0x01, 0x00, 
    0x00, 0x07, 0x03, 0x01, 0x01, 0x00, 0x00, 0x01, 0x02, 0x01, 0x01, 0x00, 
    0x00, 0x01, 0x02, 0x01, 0x01, 0x00, 0x00, 0x02, 0x03, 0x03, 0x02, 0x00, 
    0x00, 0x02, 0x03, 0x03, 0x02, 0x00, 0x00, 0x02, 0x03, 0x03, 0x02, 0x00, 
    0x00, 0x13, 0x05, 0x02, 0x02, 0x00, 0x00, 0x01, 0x03, 0x02, 0x05, 0x04, 
    0x03, 0x05, 0x02, 0x02, 0x03, 0x02, 0x02, 0x04, 0x02, 0x02, 0x03, 0x01, 
    0x01, 0x02, 0x03, 0x03, 0x02, 0x00, 0x00, 0x02, 0x03, 0x02, 0x03, 0x01, 
    0x01, 0x02, 0x02, 0x02, 0x02, 0x00, 0x00, 0x03, 0x04, 0x04, 0x04, 0x02, 
    0x03, 0x04, 0x05, 0x05, 0x03, 0x00, 0x00, 0x05, 0x05, 0x06, 0x04, 0x00, 
    0x00, 0x02, 0x02, 0x05, 0x0b, 0x00, 0x00, 0x01, 0x02, 0x01, 0x01, 0x00, 
    0x00, 0x01, 0x02, 0x01, 0x01, 0x00, 0x00, 0x01, 0x02, 0x01, 0x01, 0x00, 
    0x00, 0x02, 0x02, 0x02, 0x02, 0x00, 0x00, 0x02, 0x03, 0x03, 0x02, 0x00, 
    0x00, 0x01, 0x01, 0x02, 0x01, 0x00, 0x00, 0x02, 0x03, 0x02, 0x03, 0x00, 
    0x00, 0x0b, 0x05, 0x02, 0x02, 0x00, 0x00, 0x01, 0x05, 0x03, 0x03, 0x00, 
    0x00, 0x02, 0x02, 0x04, 0x07, 0x00, 0x00, 0x07, 0x04, 0x02, 0x02, 0x00, 
    0x00, 0x03, 0x04, 0x04, 0x04, 0x03, 0x02, 0x04, 0x05, 0x05, 0x04, 0x00, 
    0x00, 0x04, 0x06, 0x05, 0x04, 0x00, 0x00, 0x05, 0x05, 0x06, 0x04, 0x00, 
    0x00, 0x04, 0x05, 0x05, 0x04, 0x00, 0x00, 0x08, 0x0c, 0x0c, 0x08, 0x00, 
    0x00, 0x30, 0x5c, 0x5b, 0x30, 0xa2, 0x00, 0x0d, 0x15, 0x14, 0x0d, 0x00, 
    0x00, 0x0a, 0x0e, 0x0e, 0x0a, 0x00, 0x00, 0x07, 0x0a, 0x0a, 0x08, 0x00, 
    0x00, 0x05, 0x06, 0x06, 0x05, 0x00, 0x00, 0x02, 0x03, 0x03, 0x02, 0x00, 
    0x00, 0x02, 0x03, 0x03, 0x02, 0x00, 0x00, 0x03, 0x05, 0x04, 0x03, 0x00, 
    0x00, 0x02, 0x03, 0x06, 0x06, 0x00, 0x00, 0x02, 0x02, 0x05, 0x1a, 0x00, 
    0x00, 0x02, 0x01, 0x01, 0x01, 0x00, 0x00, 0x02, 0x01, 0x01, 0x01, 0x00, 
    0x00, 0x01, 0x02, 0x01, 0x01, 0x00, 0x00, 0x01, 0x03, 0x03, 0x01, 0x00, 
    0x00, 0x01, 0x01, 0x02, 0x01, 0x00, 0x00, 0x02, 0x03, 0x03, 0x02, 0x00, 
    0x00, 0x0b, 0x05, 0x02, 0x02, 0x00, 0x00, 0x01, 0x04, 0x03, 0x02, 0x00, 
    0x00, 0x04, 0x04, 0x05, 0x04, 0x00, 0x00, 0x03, 0x04, 0x04, 0x05, 0x02, 
    0x02, 0x04, 0x07, 0x05, 0x04, 0x00, 0x00, 0x03, 0x04, 0x08, 0x08, 0x00, 
    0x00, 0x02, 0x03, 0x02, 0x03, 0x00, 0x00, 0x03, 0x03, 0x04, 0x05, 0x05, 
    0x03, 0x05, 0x02, 0x02, 0x03, 0x02, 0x02, 0x04, 0x03, 0x04, 0x02, 0x00, 
    0x00, 0x0b, 0x05, 0x02, 0x02, 0x00, 0x00, 0x02, 0x03, 0x03, 0x02, 0x00, 
    0x00, 0x02, 0x03, 0x03, 0x02, 0x00, 0x00, 0x01, 0x01, 0x02, 0x01, 0x00, 
    0x00, 0x01, 0x01, 0x02, 0x01, 0x00, 0x00, 0x01, 0x03, 0x03, 0x00, 0x00, 
    0x00, 0x00, 0x03, 0x02, 0x02, 0x00, 0x00, 0x01, 0x02, 0x01, 0x01, 0x00, 
    0x00, 0x01, 0x02, 0x01, 0x01, 0x00, 0x00, 0x02, 0x03, 0x04, 0x01, 0x00, 
    0x00, 0x01, 0x02, 0x01, 0x01, 0x00, 0x00, 0x01, 0x02, 0x01, 0x01, 0x00, 
    0x00, 0x02, 0x03, 0x03, 0x02, 0x00, 0x00, 0x01, 0x02, 0x01, 0x01, 0x00, 
    0x00, 0x01, 0x02, 0x01, 0x01, 0x00, 0x00, 0x01, 0x03, 0x05, 0x00, 0x05, 
    0x02, 0x02, 0x00, 0x00, 0x04, 0x05, 0x08, 0x02, 0x0d, 0x0b, 0x04, 0x03, 
    0x02, 0x03, 0x02, 0x08, 0x05, 0x00, 0x00, 0x01, 0x01, 0x02, 0x01, 0x00, 
    0x00, 0x01, 0x04, 0x03, 0x02, 0x00, 0x00, 0x01, 0x01, 0x02, 0x01, 0x00, 
    0x00, 0x01, 0x01, 0x02, 0x01, 0x00, 0x01, 0x01, 0x00, 0x02, 0x01, 0x01, 
    0x01, 0x00, 0x00, 0x01, 0x02, 0x01, 0x01, 0x00, 0x00, 0x07, 0x03, 0x02, 
    0x01, 0x00, 0x00, 0x01, 0x01, 0x02, 0x01, 0x00, 0x00, 0x01, 0x01, 0x02, 
    0x01, 0x00, 0x00, 0x01, 0x01, 0x02, 0x01, 0x00, 0x00, 0x01, 0x01, 0x02, 
    0x01, 0x00, 0x00, 0x01, 0x01, 0x02, 0x01, 0x00, 0x00, 0x01, 0x02, 0x01, 
    0x01, 0x00, 0x00, 0x01, 0x02, 0x01, 0x01, 0x00, 0x00, 0x01, 0x02, 0x01, 
    0x01, 0x00, 0x00, 0x01, 0x02, 0x01, 0x01, 0x00, 0x00, 0x01, 0x02, 0x01, 
    0x01, 0x00, 0x00, 0x02, 0x04, 0x05, 0x02, 0x00, 0x00, 0x01, 0x01, 0x02, 
    0x01, 0x00, 0x00, 0x01, 0x01, 0x02, 0x01, 0x00, 0x00, 0x02, 0x03, 0x02, 
    0x03, 0x00, 0x00, 0x01, 0x01, 0x02, 0x01, 0x00, 0x00, 0x01, 0x01, 0x02, 
    0x01, 0x00, 0x00, 0x02, 0x03, 0x02, 0x03, 0x00, 0x00, 0x02, 0x03, 0x02, 
    0x03, 0x00, 0x00, 0x04, 0x04, 0x05, 0x04, 0x00, 0x00, 0x02, 0x02, 0x05, 
    0x06, 0x00, 0x00, 0x07, 0x04, 0x02, 0x02, 0x00, 0x00, 0x0b, 0x05, 0x02, 
    0x03, 0x02, 0x01, 0x03, 0x02, 0x03, 0x05, 0x05, 0x04, 0x05, 0x02, 0x02, 
    0x03, 0x02, 0x02, 0x03, 0x02, 0x02, 0x03, 0x02, 0x08, 0x06, 0x03, 0x02, 
    0x02, 0x00, 0x00, 0x02, 0x02, 0x03, 0x03, 0x02, 0x02, 0x04, 0x02, 0x03, 
    0x02, 0x00, 0x00, 0x02, 0x03, 0x04, 0x05, 0x03, 0x03, 0x05, 0x03, 0x02, 
    0x02, 0x00, 0x00, 0x02, 0x03, 0x03, 0x02, 0x00, 0x00, 0x03, 0x04, 0x04, 
    0x05, 0x02, 0x02, 0x04, 0x04, 0x04, 0x03, 0x00, 0x00, 0x05, 0x06, 0x07, 
    0x05, 0x00, 0x00, 0x03, 0x04, 0x04, 0x04, 0x00, 0x00, 0x02, 0x03, 0x02, 
    0x03, 0x00, 0x00, 0x04, 0x05, 0x06, 0x05, 0x01, 0x01, 0x05, 0x06, 0x08, 
    0x04, 0x01, 0x01, 0x03, 0x02, 0x03, 0x02, 0x00, 0x00, 0x07, 0x09, 0x09, 
    0x07, 0x00, 0x00, 0x08, 0x0a, 0x0a, 0x07, 0x00, 0x00, 0x0b, 0x10, 0x0f, 
    0x0b, 0x00, 0x00, 0x0c, 0x13, 0x13, 0x0c, 0x00, 0x00, 0x08, 0x0a, 0x0a, 
    0x07, 0x00, 0x00, 0x0c, 0x13, 0x13, 0x0c, 0x00, 0x00, 0x0b, 0x10, 0x0f, 
    0x0b, 0x00, 0x00, 0x07, 0x0a, 0x0a, 0x08, 0x00, 0x00, 0x07, 0x09, 0x09, 
    0x07, 0x00, 0x00, 0x02, 0x03, 0x02, 0x03, 0x01, 0x01, 0x04, 0x08, 0x06, 
    0x05, 0x01, 0x01, 0x05, 0x06, 0x05, 0x05, 0x00, 0x00, 0x02, 0x03, 0x02, 
    0x03, 0x00, 0x00, 0x03, 0x04, 0x04, 0x04, 0x00, 0x00, 0x04, 0x05, 0x06, 
    0x05, 0x01, 0x01, 0x03, 0x04, 0x04, 0x04, 0x02, 0x03, 0x04, 0x04, 0x04, 
    0x03, 0x00, 0x00, 0x02, 0x03, 0x03, 0x02, 0x00, 0x00, 0x02, 0x02, 0x02, 
    0x04, 0x04, 0x03, 0x06, 0x03, 0x04, 0x02, 0x00, 0x00, 0x02, 0x03, 0x02, 
    0x04, 0x02, 0x02, 0x03, 0x03, 0x02, 0x02, 0x00, 0x00, 0x02, 0x02, 0x02, 
    0x05, 0x05, 0x04, 0x05, 0x03, 0x02, 0x03, 0x02, 0x02, 0x03, 0x02, 0x02, 
    0x05, 0x05, 0x04, 0x05, 0x03, 0x02, 0x03, 0x02, 0x01, 0x03, 0x02, 0x05, 
    0x0b, 0x00, 0x00, 0x02, 0x02, 0x05, 0x06, 0x00, 0x00, 0x07, 0x04, 0x02, 
    0x02, 0x00, 0x00, 0x03, 0x05, 0x04, 0x03, 0x00, 0x00, 0x03, 0x03, 0x04, 
    0x02, 0x00, 0x00, 0x03, 0x02, 0x03, 0x02, 0x00, 0x00, 0x02, 0x01, 0x01, 
    0x01, 0x00, 0x00, 0x02, 0x01, 0x01, 0x01, 0x00, 0x00, 0x03, 0x02, 0x03, 
    0x02, 0x00, 0x00, 0x02, 0x01, 0x01, 0x01, 0x00, 0x00, 0x02, 0x01, 0x01, 
    0x01, 0x00, 0x00, 0x03, 0x02, 0x03, 0x02, 0x00, 0x00, 0x02, 0x02, 0x03, 
    0x01, 0x00, 0x00, 0x01, 0x01, 0x02, 0x01, 0x00, 0x00, 0x01, 0x01, 0x02, 
    0x01, 0x00, 0x00, 0x01, 0x01, 0x02, 0x01, 0x00, 0x00, 0x01, 0x01, 0x02, 
    0x01, 0x00, 0x00, 0x01, 0x02, 0x01, 0x01, 0x00, 0x00, 0x01, 0x02, 0x01, 
    0x01, 0x00, 0x00, 0x01, 0x02, 0x01, 0x01, 0x00, 0x00, 0x01, 0x02, 0x01, 
    0x01, 0x00, 0x00, 0x01, 0x03, 0x03, 0x01, 0x00, 0x00, 0x01, 0x01, 0x01, 
    0x02, 0x00, 0x00, 0x01, 0x01, 0x01, 0x02, 0x00, 0x00, 0x01, 0x01, 0x01, 
    0x02, 0x00, 0x00, 0x01, 0x01, 0x01, 0x02, 0x00, 0x00, 0x01, 0x01, 0x01, 
    0x02, 0x01, 0x01, 0x00, 0x00, 0x01, 0x02, 0x01, 0x01, 0x00, 0x00, 0x01, 
    0x04, 0x04, 0x01, 0x00, 0x00, 0x01, 0x02, 0x01, 0x01, 0x00, 0x00, 0x06, 
    0x07, 0x02, 0x03, 0x02, 0x03, 0x03, 0x0c, 0x0d, 0x02, 0x09, 0x06, 0x04, 
    0x00, 0x00, 0x02, 0x01, 0x01, 0x01, 0x00, 0x00, 0x01, 0x01, 0x01, 0x02, 
    0x00, 0x00, 0x01, 0x02, 0x02, 0x02, 0x00, 0x00, 0x01, 0x02, 0x01, 0x01, 
    0x00, 0x00, 0x02, 0x03, 0x04, 0x01, 0x00, 0x00, 0x01, 0x02, 0x01, 0x01, 
    0x00, 0x00, 0x01, 0x02, 0x01, 0x01, 0x00, 0x00, 0x02, 0x03, 0x03, 0x02, 
    0x00, 0x00, 0x01, 0x02, 0x01, 0x01, 0x00, 0x00, 0x01, 0x02, 0x01, 0x01, 
    0x00, 0x00, 0x01, 0x01, 0x02, 0x01, 0x00, 0x00, 0x01, 0x02, 0x01, 0x01, 
    0x00, 0x00, 0x01, 0x01, 0x02, 0x01, 0x00, 0x00, 0x01, 0x01, 0x02, 0x01, 
    0x00, 0x00, 0x02, 0x03, 0x03, 0x02, 0x00, 0x00, 0x02, 0x03, 0x03, 0x02, 
    0x00, 0x00, 0x01, 0x03, 0x04, 0x0e, 0x00, 0x00, 0x02, 0x03, 0x02, 0x04, 
    0x02, 0x02, 0x03, 0x02, 0x02, 0x04, 0x04, 0x05, 0x05, 0x04, 0x03, 0x03, 
    0x00, 0x00, 0x02, 0x03, 0x02, 0x05, 0x02, 0x03, 0x04, 0x05, 0x04, 0x03, 
    0x00, 0x00, 0x04, 0x05, 0x07, 0x04, 0x02, 0x03, 0x04, 0x05, 0x04, 0x04, 
    0x00, 0x00, 0x04, 0x04, 0x04, 0x03, 0x00, 0x00, 0x02, 0x03, 0x03, 0x02, 
    0x00, 0x00, 0x02, 0x02, 0x05, 0x0b, 0x00, 0x00, 0x02, 0x03, 0x03, 0x02, 
    0x00, 0x00, 0x01, 0x03, 0x03, 0x01, 0x00, 0x00, 0x01, 0x01, 0x02, 0x01, 
    0x00, 0x00, 0x00, 0x02, 0x01, 0x02, 0x00, 0x00, 0x01, 0x01, 0x01, 0x02, 
    0x00, 0x00, 0x01, 0x01, 0x01, 0x01, 0x00, 0x00, 0x1a, 0x04, 0x02, 0x04, 
    0x03, 0x03, 0x05, 0x02, 0x02, 0x02, 0x00, 0x00, 0x03, 0x04, 0x04, 0x04, 
    0x00, 0x00, 0x02, 0x03, 0x03, 0x02, 0x00, 0x00, 0x02, 0x03, 0x03, 0x02, 
    0x00, 0x00, 0x05, 0x06, 0x06, 0x05, 0x00, 0x00, 0x08, 0x0a, 0x0a, 0x07, 
    0x00, 0x00, 0x0a, 0x0e, 0x0e, 0x0a, 0x00, 0x00, 0x0d, 0x14, 0x15, 0x0d, 
    0x00, 0x00, 0x09, 0x0d, 0x0e, 0x09, 0x7d, 0x00, 0x02, 0x02, 0x06, 0x0a, 
    0x00, 0x00, 0x02, 0x04, 0x06, 0x00, 0x00, 0x00, 0x01, 0x01, 0x02, 0x01, 
    0x00, 0x00, 0x01, 0x02, 0x02, 0x02, 0x00, 0x00, 0x01, 0x02, 0x01, 0x01, 
    0x00, 0x00, 0x01, 0x02, 0x01, 0x01, 0x00, 0x00, 0x02, 0x03, 0x03, 0x02, 
    0x00, 0x00, 0x01, 0x02, 0x01, 0x01, 0x00, 0x00, 0x02, 0x03, 0x03, 0x02, 
    0x00, 0x00, 0x01, 0x02, 0x01, 0x01, 0x00, 0x00, 0x0b, 0x04, 0x01, 0x02, 
    0x00, 0x00, 0x28, 0x06, 0x02, 0x01, 0x00, 0x00, 0x07, 0x08, 0x09, 0x06, 
    0x00, 0x00, 0x02, 0x02, 0x05, 0x2c, 0x00, 0x00, 0x03, 0x04, 0x04, 0x04, 
    0x00, 0x00, 0x01, 0x01, 0x02, 0x01, 0x00, 0x00, 0x02, 0x03, 0x03, 0x02, 
    0x00, 0x00, 0x01, 0x01, 0x02, 0x01, 0x00, 0x00, 0x01, 0x04, 0x03, 0x02, 
    0x00, 0x00, 0x01, 0x01, 0x02, 0x01, 0x00, 0x00, 0x01, 0x02, 0x03, 0x01, 
    0x00, 0x00, 0x01, 0x02, 0x01, 0x01, 0x00, 0x00, 0x01, 0x02, 0x01, 0x01, 
    0x00, 0x00, 0x01, 0x04, 0x03, 0x02, 0x00, 0x00, 0x01, 0x03, 0x02, 0x01, 
    0x00, 0x00, 0x02, 0x03, 0x02, 0x04, 0x02, 0x03, 0x03, 0x17, 0x0e, 0x0c, 
    0x01, 0x01, 0x02, 0x03, 0x02, 0x04, 0x03, 0x03, 0x03, 0x02, 0x02, 0x01, 
    0x00, 0x00, 0x02, 0x03, 0x03, 0x02, 0x00, 0x00, 0x02, 0x03, 0x03, 0x02, 
    0x00, 0x00, 0x01, 0x02, 0x01, 0x01, 0x00, 0x00, 0x02, 0x03, 0x03, 0x02, 
    0x00, 0x00, 0x02, 0x03, 0x03, 0x02, 0x00, 0x00, 0x01, 0x02, 0x02, 0x03, 
    0x03, 0x03, 0x04, 0x03, 0x02, 0x02, 0x00, 0x00, 0x0b, 0x10, 0x11, 0x0b, 
    0xc0, 0x00, 0x03, 0x04, 0x05, 0x03, 0x00, 0x00, 0x03, 0x08, 0x06, 0x05, 
    0x00, 0x00, 0x04, 0x03, 0x04, 0x05, 0x02, 0x02, 0x03, 0x02, 0x02, 0x05, 
    0x04, 0x05, 0x06, 0x04, 0x04, 0x03, 0x00, 0x00, 0x01, 0x01, 0x02, 0x01, 
    0x00, 0x00, 0x01, 0x01, 0x02, 0x01, 0x00, 0x00, 0x01, 0x01, 0x02, 0x01, 
    0x00, 0x00, 0x01, 0x01, 0x02, 0x01, 0x00, 0x00, 0x01, 0x02, 0x01, 0x01, 
    0x00, 0x00, 0x01, 0x02, 0x01, 0x01, 0x00, 0x00, 0x01, 0x02, 0x01, 0x01, 
    0x00, 0x00, 0x01, 0x02, 0x01, 0x01, 0x00, 0x00, 0x01, 0x02, 0x01, 0x01, 
    0x00, 0x00, 0x01, 0x02, 0x01, 0x01, 0x00, 0x00, 0x02, 0x02, 0x02, 0x02, 
    0x00, 0x00, 0x01, 0x01, 0x02, 0x01, 0x00, 0x00, 0x06, 0x05, 0x02, 0x02, 
    0x00, 0x00, 0x0a, 0x06, 0x02, 0x02, 0x00, 0x00, 0x01, 0x04, 0x02, 0x03, 
    0x00, 0x00, 0x02, 0x03, 0x03, 0x05, 0x02, 0x02, 0x03, 0x03, 0x02, 0x02, 
    0x00, 0x00, 0x05, 0x05, 0x05, 0x05, 0x00, 0x00, 0x08, 0x0b, 0x0b, 0x07, 
    0x00, 0x00, 0x07, 0x07, 0x08, 0x06, 0x00, 0x00, 0x09, 0x0c, 0x0d, 0x08, 
    0x00, 0x00, 0x05, 0x05, 0x06, 0x04, 0x00, 0x00, 0x03, 0x04, 0x04, 0x05, 
    0x02, 0x02, 0x03, 0x03, 0x05, 0x07, 0x00, 0x00, 0x06, 0x04, 0x04, 0x06, 
    0x00, 0x00, 0x03, 0x04, 0x05, 0x03, 0x00, 0x00, 0x01, 0x01, 0x01, 0x02, 
    0x00, 0x00, 0x02, 0x04, 0x05, 0x01, 0x00, 0x00, 0x01, 0x02, 0x01, 0x01, 
    0x00, 0x00, 0x01, 0x01, 0x02, 0x01, 0x00, 0x00, 0x01, 0x03, 0x02, 0x01, 
    0x00, 0x00, 0x02, 0x01, 0x01, 0x01, 0x00, 0x00, 0x02, 0x01, 0x01, 0x01, 
    0x00, 0x00, 0x02, 0x01, 0x01, 0x01, 0x00, 0x00, 0x04, 0x04, 0x04, 0x03, 
    0x00, 0x00, 0x2c, 0x05, 0x02, 0x02, 0x00, 0x00, 0x02, 0x02, 0x03, 0x03, 
    0x02, 0x02, 0x05, 0x04, 0x04, 0x03, 0x00, 0x00, 0x04, 0x04, 0x07, 0x02, 
    0x00, 0x00, 0x03, 0x05, 0x04, 0x03, 0x00, 0x00, 0x10, 0x1b, 0x1a, 0x10, 
    0x01, 0xf8, 0x00, 0x03, 0x04, 0x05, 0x03, 0x00, 0x00, 0x02, 0x05, 0x05, 
    0x03, 0x00, 0x00, 0x04, 0x04, 0x05, 0x05, 0x02, 0x02, 0x03, 0x03, 0x02, 
    0x02, 0x00, 0x00, 0x02, 0x02, 0x05, 0x2c, 0x00, 0x00, 0x03, 0x04, 0x04, 
    0x04, 0x00, 0x00, 0x01, 0x01, 0x02, 0x01, 0x00, 0x00, 0x01, 0x01, 0x02, 
    0x01, 0x00, 0x00, 0x01, 0x01, 0x02, 0x01, 0x00, 0x00, 0x01, 0x01, 0x02, 
    0x01, 0x00, 0x00, 0x01, 0x02, 0x03, 0x01, 0x00, 0x00, 0x00, 0x04, 0x03, 
    0x00, 0x00, 0x00, 0x01, 0x04, 0x03, 0x02, 0x00, 0x00, 0x01, 0x02, 0x01, 
    0x01, 0x00, 0x00, 0x03, 0x05, 0x04, 0x03, 0x00, 0x00, 0x06, 0x04, 0x04, 
    0x06, 0x00, 0x00, 0x08, 0x05, 0x02, 0x03, 0x02, 0x02, 0x05, 0x04, 0x04, 
    0x03, 0x00, 0x00, 0x04, 0x06, 0x05, 0x05, 0x00, 0x00, 0x08, 0x0d, 0x0c, 
    0x09, 0x00, 0x00, 0x06, 0x08, 0x07, 0x06, 0x00, 0x00, 0x08, 0x0b, 0x0b, 
    0x08, 0x00, 0x00, 0x04, 0x06, 0x05, 0x05, 0x00, 0x00, 0x02, 0x03, 0x03, 
    0x02, 0x00, 0x00, 0x02, 0x02, 0x02, 0x01, 0x00, 0x00, 0x03, 0x02, 0x03, 
    0x02, 0x00, 0x00, 0x03, 0x02, 0x04, 0x01, 0x00, 0x00, 0x02, 0x02, 0x06, 
    0x0a, 0x00, 0x00, 0x02, 0x02, 0x05, 0x09, 0x00, 0x00, 0x01, 0x01, 0x02, 
    0x01, 0x00, 0x00, 0x01, 0x01, 0x02, 0x01, 0x00, 0x00, 0x01, 0x01, 0x02, 
    0x01, 0x00, 0x00, 0x01, 0x01, 0x02, 0x01, 0x00, 0x00, 0x01, 0x01, 0x02, 
    0x01, 0x00, 0x00, 0x01, 0x01, 0x02, 0x01, 0x00, 0x00, 0x01, 0x01, 0x02, 
    0x01, 0x00, 0x00, 0x01, 0x01, 0x02, 0x01, 0x00, 0x00, 0x01, 0x02, 0x01, 
    0x01, 0x00, 0x00, 0x01, 0x02, 0x01, 0x01, 0x00, 0x00, 0x01, 0x02, 0x01, 
    0x01, 0x00, 0x00, 0x01, 0x02, 0x01, 0x01, 0x00, 0x00, 0x04, 0x06, 0x0f, 
    0x05, 0x03, 0x02, 0x03, 0x02, 0x02, 0x05, 0x04, 0x04, 0x03, 0x00, 0x00, 
    0x04, 0x05, 0x07, 0x04, 0x01, 0x00, 0x04, 0x05, 0x04, 0x03, 0x00, 0x00, 
    0x10, 0x1b, 0x1a, 0x10, 0x86, 0x02, 0x01, 0x00, 0x00, 0x01, 0x01, 0x02, 
    0x01, 0x00, 0x00, 0x01, 0x01, 0x02, 0x01, 0x00, 0x00, 0x01, 0x01, 0x02, 
    0x01, 0x00, 0x00, 0x01, 0x01, 0x02, 0x01, 0x00, 0x00, 0x02, 0x03, 0x03, 
    0x02, 0x00, 0x00, 0x01, 0x01, 0x02, 0x01, 0x00, 0x00, 0x05, 0x04, 0x03, 
    0x05, 0x00, 0x00, 0x01, 0x02, 0x01, 0x01, 0x00, 0x00, 0x02, 0x03, 0x03, 
    0x02, 0x00, 0x00, 0x0b, 0x05, 0x02, 0x03, 0x02, 0x02, 0x03, 0x03, 0x02, 
    0x03, 0x00, 0x01, 0x03, 0x02, 0x03, 0x03, 0x02, 0x02, 0x05, 0x04, 0x03, 
    0x03, 0x00, 0x00, 0x04, 0x06, 0x05, 0x05, 0x00, 0x00, 0x07, 0x0b, 0x0f, 
    0x04, 0x00, 0x00, 0x04, 0x14, 0x0e, 0x09, 0x00, 0x00, 0x02, 0x02, 0x05, 
    0x0b, 0x00, 0x00, 0x01, 0x02, 0x01, 0x01, 0x00, 0x00, 0x01, 0x02, 0x01, 
    0x01, 0x00, 0x00, 0x03, 0x02, 0x03, 0x02, 0x00, 0x00, 0x01, 0x02, 0x01, 
    0x01, 0x00, 0x00, 0x02, 0x02, 0x02, 0x02, 0x00, 0x00, 0x01, 0x01, 0x02, 
    0x01, 0x00, 0x00, 0x01, 0x01, 0x02, 0x01, 0x00, 0x00, 0x02, 0x03, 0x03, 
    0x02, 0x00, 0x00, 0x03, 0x04, 0x04, 0x04, 0x00, 0x00, 0x02, 0x03, 0x03, 
    0x02, 0x00, 0x00, 0x12, 0x05, 0x02, 0x02, 0x00, 0x00, 0x02, 0x03, 0x02, 
    0x04, 0x02, 0x02, 0x03, 0x02, 0x02, 0x04, 0x02, 0x02, 0x03, 0x03, 0x02, 
    0x02, 0x00, 0x00, 0x03, 0x03, 0x04, 0x03, 0x00, 0x00, 0x03, 0x04, 0x04, 
    0x04, 0x00, 0x00, 0x02, 0x03, 0x02, 0x02, 0x00, 0x00, 0x05, 0x05, 0x07, 
    0x03, 0x01, 0x02, 0x08, 0x2a, 0x2b, 0x07, 0x00, 0x00, 0x05, 0x04, 0x03, 
    0x0e, 0x05, 0x02, 0x02, 0x00, 0x00, 0x02, 0x03, 0x02, 0x03, 0x00, 0x00, 
    0x02, 0x02, 0x03, 0x03, 0x02, 0x02, 0x05, 0x04, 0x03, 0x04, 0x00, 0x00, 
    0x04, 0x04, 0x05, 0x04, 0x00, 0x00, 0x03, 0x04, 0x04, 0x04, 0x03, 0x02, 
    0x04, 0x04, 0x04, 0x03, 0x00, 0x00, 0x04, 0x06, 0x06, 0x04, 0x01, 0x01, 
    0x03, 0x02, 0x03, 0x02, 0x00, 0x00, 0x05, 0x05, 0x06, 0x04, 0x00, 0x00, 
    0x06, 0x07, 0x07, 0x06, 0x01, 0x00, 0x08, 0x08, 0x08, 0x07, 0x00, 0x00, 
    0x03, 0x04, 0x04, 0x04, 0x00, 0x00, 0x0b, 0x11, 0x12, 0x0b, 0x00, 0x00, 
    0x18, 0x2a, 0x2b, 0x17, 0x00, 0x00, 0x0b, 0x10, 0x0f, 0x0b, 0x00, 0x00, 
    0x03, 0x04, 0x04, 0x04, 0x00, 0x00, 0x06, 0x07, 0x08, 0x06, 0x00, 0x00, 
    0x05, 0x05, 0x06, 0x04, 0x00, 0x00, 0x05, 0x05, 0x06, 0x04, 0x00, 0x00, 
    0x02, 0x03, 0x03, 0x03, 0x01, 0x01, 0x03, 0x04, 0x04, 0x04, 0x00, 0x00, 
    0x03, 0x04, 0x04, 0x04, 0x02, 0x02, 0x04, 0x02, 0x03, 0x02, 0x00, 0x00, 
    0x03, 0x05, 0x05, 0x04, 0x00, 0x00, 0x02, 0x02, 0x03, 0x03, 0x02, 0x02, 
    0x04, 0x02, 0x03, 0x02, 0x00, 0x00, 0x02, 0x03, 0x03, 0x02, 0x00, 0x00, 
    0x02, 0x02, 0x03, 0x03, 0x02, 0x02, 0x04, 0x03, 0x02, 0x03, 0x00, 0x01, 
    0x03, 0x03, 0x03, 0x01, 0x00, 0x00, 0x02, 0x03, 0x02, 0x04, 0x02, 0x02, 
    0x03, 0x03, 0x03, 0x01, 0x00, 0x00, 0x02, 0x02, 0x04, 0x0a, 0x0c, 0x04, 
    0x08, 0x08, 0x07, 0x06, 0x00, 0x00, 0x01, 0x02, 0x05, 0x09, 0x00, 0x00, 
    0x04, 0x04, 0x04, 0x03, 0x00, 0x00, 0x02, 0x03, 0x03, 0x02, 0x00, 0x00, 
    0x02, 0x03, 0x03, 0x02, 0x00, 0x00, 0x01, 0x02, 0x01, 0x01, 0x00, 0x00, 
    0x02, 0x03, 0x03, 0x02, 0x00, 0x00, 0x01, 0x02, 0x01, 0x01, 0x00, 0x00, 
    0x01, 0x02, 0x04, 0x06, 0x00, 0x00, 0x01, 0x01, 0x01, 0x01, 0x00, 0x00, 
    0x02, 0x01, 0x01, 0x01, 0x00, 0x00, 0x02, 0x01, 0x01, 0x01, 0x00, 0x00, 
    0x02, 0x01, 0x01, 0x01, 0x00, 0x00, 0x02, 0x01, 0x01, 0x01, 0x00, 0x00, 
    0x02, 0x01, 0x01, 0x01, 0x00, 0x00, 0x02, 0x01, 0x01, 0x01, 0x00, 0x00, 
    0x02, 0x01, 0x01, 0x01, 0x00, 0x00, 0x02, 0x01, 0x01, 0x01, 0x00, 0x00, 
    0x02, 0x01, 0x01, 0x01, 0x00, 0x00, 0x02, 0x02, 0x03, 0x01, 0x00, 0x00, 
    0x01, 0x01, 0x02, 0x01, 0x00, 0x00, 0x01, 0x01, 0x02, 0x01, 0x00, 0x00, 
    0x01, 0x01, 0x02, 0x01, 0x00, 0x00, 0x01, 0x02, 0x02, 0x01, 0x00, 0x00, 
    0x01, 0x02, 0x02, 0x01, 0x00, 0x00, 0x01, 0x02, 0x01, 0x01, 0x00, 0x00, 
    0x01, 0x02, 0x01, 0x01, 0x00, 0x00, 0x01, 0x02, 0x01, 0x01, 0x00, 0x00, 
    0x01, 0x03, 0x02, 0x02, 0x00, 0x00, 0x01, 0x01, 0x01, 0x02, 0x00, 0x00, 
    0x01, 0x01, 0x01, 0x02, 0x00, 0x00, 0x01, 0x01, 0x01, 0x02, 0x00, 0x00, 
    0x01, 0x01, 0x01, 0x02, 0x00, 0x00, 0x01, 0x01, 0x01, 0x02, 0x00, 0x00, 
    0x01, 0x01, 0x01, 0x02, 0x00, 0x00, 0x01, 0x04, 0x02, 0x03, 0x00, 0x00, 
    0x01, 0x01, 0x01, 0x02, 0x00, 0x00, 0x01, 0x01, 0x01, 0x01, 0x00, 0x00, 
    0x06, 0x04, 0x02, 0x01, 0x00, 0x00, 0x01, 0x01, 0x02, 0x01, 0x00, 0x00, 
    0x02, 0x03, 0x03, 0x02, 0x00, 0x00, 0x01, 0x01, 0x02, 0x01, 0x00, 0x00, 
    0x02, 0x03, 0x03, 0x02, 0x00, 0x00, 0x02, 0x03, 0x03, 0x02, 0x00, 0x00, 
    0x03, 0x04, 0x04, 0x04, 0x00, 0x00, 0x09, 0x05, 0x02, 0x01, 0x00, 0x00, 
    0x05, 0x05, 0x06, 0x04, 0x00, 0x00, 0x16, 0x03, 0x01, 0x02, 0x02, 0x02, 
    0x04, 0x02, 0x03, 0x02, 0x00, 0x00, 0x01, 0x03, 0x03, 0x03, 0x02, 0x02, 
    0x04, 0x02, 0x03, 0x02, 0x00, 0x00, 0x0c, 0x06, 0x02, 0x03, 0x02, 0x02, 
    0x03, 0x03, 0x02, 0x02, 0x00, 0x00, 0x02, 0x03, 0x03, 0x02, 0x00, 0x00, 
    0x02, 0x03, 0x02, 0x04, 0x02, 0x02, 0x03, 0x03, 0x02, 0x02, 0x00, 0x00, 
    0x04, 0x05, 0x05, 0x03, 0x00, 0x00, 0x02, 0x03, 0x02, 0x04, 0x03, 0x03, 
    0x04, 0x04, 0x03, 0x02, 0x00, 0x00, 0x04, 0x04, 0x04, 0x04, 0x01, 0x00, 
    0x03, 0x03, 0x03, 0x02, 0x00, 0x00, 0x04, 0x06, 0x05, 0x05, 0x00, 0x00, 
    0x04, 0x06, 0x05, 0x05, 0x00, 0x00, 0x06, 0x08, 0x07, 0x06, 0x00, 0x00, 
    0x04, 0x04, 0x04, 0x03, 0x00, 0x00, 0x0b, 0x0f, 0x10, 0x0b, 0x00, 0x00, 
    0x17, 0x2b, 0x2a, 0x18, 0x00, 0x00, 0x0b, 0x12, 0x11, 0x0b, 0x00, 0x00, 
    0x04, 0x04, 0x04, 0x03, 0x00, 0x00, 0x07, 0x09, 0x0a, 0x07, 0x00, 0x00, 
    0x05, 0x07, 0x07, 0x06, 0x00, 0x00, 0x04, 0x06, 0x05, 0x05, 0x00, 0x00, 
    0x02, 0x02, 0x03, 0x03, 0x01, 0x01, 0x04, 0x05, 0x04, 0x05, 0x01, 0x01, 
    0x03, 0x03, 0x03, 0x05, 0x02, 0x03, 0x05, 0x04, 0x04, 0x03, 0x00, 0x00, 
    0x04, 0x05, 0x04, 0x04, 0x00, 0x00, 0x04, 0x03, 0x04, 0x05, 0x02, 0x02, 
    0x03, 0x03, 0x02, 0x02, 0x00, 0x00, 0x03, 0x02, 0x03, 0x02, 0x00, 0x00, 
    0x02, 0x03, 0x03, 0x03, 0x01, 0x00, 0x03, 0x02, 0x03, 0x03, 0x02, 0x04, 
    0x06, 0x00, 0x00, 0x12, 0x20, 0x1e, 0x14, 0x01, 0x01, 0x04, 0x04, 0x07, 
    0x0f, 0x00, 0x00, 0x04, 0x04, 0x04, 0x03, 0x00, 0x00, 0x03, 0x04, 0x03, 
    0x03, 0x00, 0x00, 0x02, 0x02, 0x03, 0x03, 0x02, 0x02, 0x04, 0x02, 0x02, 
    0x03, 0x02, 0x02, 0x04, 0x02, 0x03, 0x02, 0x00, 0x00, 0x02, 0x02, 0x05, 
    0x12, 0x00, 0x00, 0x02, 0x03, 0x03, 0x02, 0x00, 0x00, 0x04, 0x04, 0x04, 
    0x03, 0x00, 0x00, 0x02, 0x03, 0x03, 0x02, 0x00, 0x00, 0x01, 0x02, 0x01, 
    0x01, 0x00, 0x00, 0x01, 0x02, 0x01, 0x01, 0x00, 0x00, 0x02, 0x02, 0x02, 
    0x02, 0x00, 0x00, 0x01, 0x01, 0x02, 0x01, 0x00, 0x00, 0x02, 0x03, 0x03, 
    0x02, 0x00, 0x00, 0x01, 0x01, 0x02, 0x01, 0x00, 0x00, 0x01, 0x01, 0x02, 
    0x01, 0x00, 0x00, 0x0b, 0x05, 0x02, 0x02, 0x00, 0x00, 0x09, 0x0e, 0x0e, 
    0x0a, 0x00, 0x00, 0x07, 0x0a, 0x0a, 0x08, 0x01, 0x01, 0x05, 0x04, 0x06, 
    0x04, 0x01, 0x00, 0x03, 0x04, 0x03, 0x05, 0x02, 0x02, 0x03, 0x03, 0x02, 
    0x03, 0x01, 0x00, 0x03, 0x02, 0x03, 0x03, 0x02, 0x02, 0x03, 0x02, 0x05, 
    0x0b, 0x00, 0x00, 0x02, 0x03, 0x03, 0x02, 0x00, 0x00, 0x01, 0x01, 0x02, 
    0x01, 0x00, 0x00, 0x05, 0x03, 0x04, 0x05, 0x00, 0x00, 0x01, 0x02, 0x01, 
    0x01, 0x00, 0x00, 0x02, 0x03, 0x03, 0x02, 0x00, 0x00, 0x01, 0x02, 0x01, 
    0x01, 0x00, 0x00, 0x01, 0x02, 0x01, 0x01, 0x00, 0x00, 0x01, 0x02, 0x01, 
    0x01, 0x00, 0x00, 0x01, 0x02, 0x01, 0x01, 0x00, 0x00, 0x01, 0x02, 0x01, 
    0x01, 0x00, 0x00, 0x01, 0x47, 0x02, 0x01, 0x00, 0x00, 0x01, 0x01, 0x02, 
    0x01, 0x00, 0x00, 0x01, 0x01, 0x02, 0x01, 0x00, 0x00, 0x01, 0x01, 0x02, 
    0x01, 0x00, 0x00, 0x01, 0x01, 0x02, 0x01, 0x00, 0x00, 0x01, 0x01, 0x02, 
    0x01, 0x00, 0x00, 0x01, 0x01, 0x02, 0x01, 0x00, 0x00, 0x01, 0x01, 0x02, 
    0x01, 0x00, 0x00, 0x05, 0x04, 0x02, 0x01, 0x00, 0x00, 0x19, 0x05, 0x02, 
    0x02, 0x00, 0x00, 0x02, 0x03, 0x03, 0x02, 0x00, 0x00, 0x02, 0x03, 0x03, 
    0x02, 0x00, 0x00, 0x0b, 0x12, 0x18, 0x04, 0x00, 0x00, 0x04, 0x12, 0x0c, 
    0x09, 0x00, 0x00, 0x03, 0x04, 0x04, 0x04, 0x02, 0x02, 0x04, 0x02, 0x06, 
    0x0b, 0x00, 0x00, 0x02, 0x03, 0x04, 0x01, 0x00, 0x00, 0x01, 0x02, 0x01, 
    0x01, 0x00, 0x00, 0x01, 0x02, 0x01, 0x01, 0x00, 0x00, 0x02, 0x03, 0x04, 
    0x01, 0x00, 0x00, 0x01, 0x02, 0x01, 0x01, 0x00, 0x00, 0x05, 0x05, 0x01, 
    0x02, 0x00, 0x00, 0x01, 0x01, 0x02, 0x01, 0x00, 0x00, 0x03, 0x04, 0x04, 
    0x04, 0x00, 0x00, 0x02, 0x03, 0x02, 0x03, 0x00, 0x00, 0x01, 0x02, 0x05, 
    0x0c, 0x00, 0x00, 0x02, 0x03, 0x03, 0x05, 0x02, 0x02, 0x03, 0x02, 0x02, 
    0x04, 0x01, 0x03, 0x04, 0x04, 0x04, 0x03, 0x00, 0x00, 0x02, 0x03, 0x03, 
    0x02, 0x00, 0x00, 0x03, 0x05, 0x04, 0x04, 0x01, 0x01, 0x06, 0x17, 0x18, 
    0x06, 0x01, 0x01, 0x02, 0x02, 0x03, 0x01, 0x00, 0x00, 0x07, 0x08, 0x08, 
    0x08, 0x00, 0x01, 0x05, 0x05, 0x07, 0x04, 0x02, 0x03, 0x04, 0x06, 0x05, 
    0x05, 0x00, 0x00, 0x03, 0x04, 0x04, 0x04, 0x01, 0x01, 0x05, 0x05, 0x06, 
    0x04, 0x03, 0x02, 0x04, 0x04, 0x04, 0x03, 0x00, 0x00, 0x04, 0x06, 0x05, 
    0x05, 0x01, 0x01, 0x07, 0x08, 0x08, 0x07, 0x02, 0x05, 0x17, 0x07, 0x02, 
    0x04, 0x02, 0x02, 0x05, 0x05, 0x08, 0x00, 0x00, 0x00, 0x01, 0x04, 0x02, 
    0x03, 0x00, 0x00, 0x08, 0x0c, 0x07, 0x05, 0x00, 0x00, 0x07, 0x08, 0x0b, 
    0x04, 0x03, 0x02, 0x04, 0x08, 0x06, 0x05, 0x00, 0x00, 0x03, 0x04, 0x04, 
    0x03, 0x00, 0x00, 0x04, 0x05, 0x08, 0x08, 0x05, 0x04, 0x00, 0x00, 0x03, 
    0x04, 0x04, 0x03, 0x00, 0x00, 0x03, 0x03, 0x07, 0x0f, 0x00, 0x00, 0x04, 
    0x06, 0x05, 0x05, 0x00, 0x00, 0x04, 0x06, 0x05, 0x05, 0x00, 0x00, 0x04, 
    0x05, 0x04, 0x04, 0x00, 0x00, 0x07, 0x08, 0x09, 0x06, 0x00, 0x00, 0x09, 
    0x0c, 0x0d, 0x09, 0x00, 0x00, 0x1a, 0x2f, 0x30, 0x1a, 0x00, 0x00, 0x08, 
    0x0b, 0x0a, 0x08, 0x00, 0x00, 0x06, 0x07, 0x06, 0x07, 0x01, 0x00, 0x03, 
    0x03, 0x03, 0x02, 0x00, 0x00, 0x04, 0x06, 0x05, 0x05, 0x00, 0x00, 0x04, 
    0x05, 0x06, 0x04, 0x04, 0x03, 0x04, 0x05, 0x04, 0x03, 0x00, 0x00, 0x03, 
    0x05, 0x04, 0x03, 0x00, 0x00, 0x02, 0x03, 0x02, 0x04, 0x02, 0x02, 0x03, 
    0x03, 0x02, 0x02, 0x00, 0x00, 0x02, 0x03, 0x03, 0x02, 0x01, 0x01, 0x03, 
    0x02, 0x02, 0x04, 0x02, 0x02, 0x03, 0x02, 0x03, 0x03, 0x02, 0x02, 0x03, 
    0x02, 0x02, 0x05, 0x04, 0x04, 0x06, 0x02, 0x03, 0x02, 0x00, 0x00, 0x06, 
    0x04, 0x04, 0x06, 0x00, 0x00, 0x02, 0x02, 0x05, 0x0b, 0x00, 0x00, 0x03, 
    0x03, 0x04, 0x03, 0x01, 0x01, 0x04, 0x05, 0x04, 0x04, 0x00, 0x00, 0x02, 
    0x03, 0x03, 0x02, 0x00, 0x00, 0x02, 0x01, 0x08, 0x04, 0x00, 0x00, 0x01, 
    0x02, 0x01, 0x01, 0x00, 0x00, 0x02, 0x03, 0x03, 0x02, 0x00, 0x00, 0x01, 
    0x02, 0x01, 0x01, 0x00, 0x00, 0x03, 0x03, 0x04, 0x03, 0x00, 0x00, 0x01, 
    0x01, 0x02, 0x01, 0x00, 0x00, 0x01, 0x01, 0x01, 0x02, 0x00, 0x00, 0x02, 
    0x03, 0x03, 0x02, 0x00, 0x00, 0x01, 0x01, 0x01, 0x02, 0x00, 0x00, 0x01, 
    0x01, 0x01, 0x02, 0x00, 0x00, 0x01, 0x01, 0x01, 0x02, 0x00, 0x00, 0x01, 
    0x01, 0x01, 0x02, 0x00, 0x00, 0x01, 0x01, 0x01, 0x02, 0x00, 0x00, 0x01, 
    0x02, 0x02, 0x02, 0x00, 0x00, 0x01, 0x02, 0x01, 0x01, 0x00, 0x00, 0x01, 
    0x02, 0x01, 0x01, 0x00, 0x00, 0x01, 0x02, 0x01, 0x01, 0x00, 0x00, 0x01, 
    0x01, 0x02, 0x01, 0x00, 0x00, 0x01, 0x01, 0x02, 0x01, 0x00, 0x00, 0x01, 
    0x02, 0x01, 0x01, 0x00, 0x00, 0x01, 0x02, 0x01, 0x01, 0x00, 0x00, 0x01, 
    0x01, 0x02, 0x01, 0x00, 0x00, 0x01, 0x01, 0x02, 0x01, 0x00, 0x00, 0x01, 
    0x01, 0x02, 0x01, 0x00, 0x00, 0x02, 0x02, 0x02, 0x01, 0x00, 0x00, 0x02, 
    0x01, 0x01, 0x01, 0x00, 0x00, 0x02, 0x01, 0x01, 0x01, 0x00, 0x00, 0x02, 
    0x01, 0x01, 0x01, 0x00, 0x00, 0x02, 0x01, 0x01, 0x01, 0x00, 0x00, 0x02, 
    0x01, 0x01, 0x01, 0x00, 0x00, 0x03, 0x02, 0x03, 0x02, 0x00, 0x00, 0x02, 
    0x01, 0x01, 0x01, 0x00, 0x00, 0x01, 0x02, 0x01, 0x01, 0x00, 0x00, 0x03, 
    0x04, 0x03, 0x03, 0x00, 0x00, 0x01, 0x01, 0x02, 0x01, 0x00, 0x00, 0x02, 
    0x03, 0x03, 0x02, 0x00, 0x00, 0x01, 0x01, 0x02, 0x01, 0x00, 0x00, 0x03, 
    0x04, 0x04, 0x04, 0x00, 0x00, 0x02, 0x03, 0x03, 0x02, 0x00, 0x00, 0x04, 
    0x04, 0x05, 0x04, 0x01, 0x01, 0x03, 0x04, 0x03, 0x03, 0x00, 0x00, 0x0b, 
    0x05, 0x02, 0x02, 0x00, 0x00, 0x06, 0x04, 0x04, 0x06, 0x00, 0x00, 0x02, 
    0x03, 0x02, 0x06, 0x04, 0x04, 0x05, 0x01, 0x01, 0x03, 0x03, 0x03, 0x03, 
    0x03, 0x02, 0x03, 0x02, 0x02, 0x04, 0x02, 0x02, 0x03, 0x01, 0x01, 0x02, 
    0x03, 0x03, 0x02, 0x00, 0x00, 0x02, 0x02, 0x03, 0x03, 0x02, 0x02, 0x04, 
    0x02, 0x03, 0x02, 0x00, 0x00, 0x03, 0x04, 0x05, 0x03, 0x00, 0x00, 0x03, 
    0x04, 0x04, 0x05, 0x03, 0x02, 0x05, 0x06, 0x05, 0x04, 0x00, 0x01, 0x04, 
    0x07, 0x05, 0x04, 0x00, 0x00, 0x03, 0x04, 0x03, 0x03, 0x00, 0x00, 0x05, 
    0x07, 0x07, 0x06, 0x00, 0x00, 0x08, 0x0a, 0x0b, 0x08, 0x00, 0x00, 0x1a, 
    0x30, 0x2f, 0x1a, 0x00, 0x00, 0x09, 0x0d, 0x0c, 0x09, 0x00, 0x00, 0x06, 
    0x09, 0x08, 0x07, 0x00, 0x00, 0x04, 0x04, 0x05, 0x04, 0x00, 0x00, 0x05, 
    0x05, 0x07, 0x03, 0x00, 0x00, 0x03, 0x07, 0x06, 0x04, 0x00, 0x00, 0x02, 
    0x03, 0x03, 0x02, 0x01, 0x01, 0x04, 0x04, 0x04, 0x04, 0x00, 0x00, 0x03, 
    0x04, 0x04, 0x03, 0x00, 0x00, 0x04, 0x05, 0x08, 0x08, 0x05, 0x04, 0x00, 
    0x00, 0x03, 0x04, 0x04, 0x03, 0x00, 0x00, 0x05, 0x06, 0x08, 0x04, 0x02, 
    0x03, 0x04, 0x0b, 0x08, 0x07, 0x00, 0x00, 0x05, 0x07, 0x0c, 0x08, 0x00, 
    0x00, 0x03, 0x02, 0x04, 0x01, 0x00, 0x00, 0x00, 0x09, 0x06, 0x06, 0x02, 
    0x02, 0x02, 0x00, 0x00, 0x08, 0x0b, 0x0b, 0x08, 0x00, 0x00, 0x06, 0x07, 
    0x09, 0x06, 0x02, 0x02, 0x06, 0x05, 0x05, 0x04, 0x00, 0x00, 0x03, 0x04, 
    0x04, 0x04, 0x02, 0x03, 0x04, 0x08, 0x06, 0x04, 0x00, 0x00, 0x04, 0x04, 
    0x04, 0x03, 0x00, 0x00, 0x05, 0x05, 0x06, 0x04, 0x03, 0x02, 0x04, 0x07, 
    0x05, 0x05, 0x01, 0x00, 0x08, 0x08, 0x08, 0x07, 0x00, 0x00, 0x02, 0x03, 
    0x02, 0x03, 0x00, 0x00, 0x0b, 0x13, 0x11, 0x0d, 0x01, 0x01, 0x04, 0x04, 
    0x04, 0x03, 0x00, 0x00, 0x02, 0x03, 0x03, 0x02, 0x00, 0x00, 0x03, 0x04, 
    0x04, 0x04, 0x03, 0x01, 0x04, 0x02, 0x02, 0x03, 0x02, 0x02, 0x05, 0x03, 
    0x03, 0x02, 0x00, 0x00, 0x0d, 0x05, 0x01, 0x01, 0x00, 0x00, 0x03, 0x02, 
    0x03, 0x02, 0x00, 0x00, 0x04, 0x04, 0x04, 0x03, 0x00, 0x00, 0x01, 0x02, 
    0x01, 0x01, 0x00, 0x00, 0x03, 0x04, 0x04, 0x02, 0x00, 0x00, 0x01, 0x01, 
    0x02, 0x01, 0x00, 0x00, 0x01, 0x04, 0x03, 0x02, 0x00, 0x00, 0x01, 0x01, 
    0x02, 0x01, 0x00, 0x00, 0x01, 0x01, 0x02, 0x01, 0x00, 0x00, 0x01, 0x04, 
    0x03, 0x02, 0x00, 0x00, 0x0b, 0x06, 0x02, 0x04, 0x02, 0x02, 0x04, 0x04, 
    0x05, 0x02, 0x00, 0x00, 0x04, 0x11, 0x0d, 0x09, 0x00, 0x00, 0x0b, 0x11, 
    0x12, 0x0b, 0x00, 0x00, 0x02, 0x03, 0x03, 0x02, 0x00, 0x00, 0x02, 0x03, 
    0x03, 0x02, 0x00, 0x00, 0x02, 0x02, 0x04, 0x1a, 0x00, 0x00, 0x03, 0x03, 
    0x04, 0x02, 0x00, 0x00, 0x01, 0x02, 0x01, 0x01, 0x00, 0x00, 0x01, 0x02, 
    0x01, 0x01, 0x00, 0x00, 0x01, 0x02, 0x01, 0x01, 0x00, 0x00, 0x01, 0x02, 
    0x01, 0x01, 0x00, 0x00, 0x01, 0x02, 0x01, 0x01, 0x00, 0x00, 0x01, 0x02, 
    0x01, 0x01, 0x00, 0x00, 0x01, 0x02, 0x01, 0x01, 0x00, 0x00, 0x01, 0x02, 
    0x01, 0x01, 0x00, 0x00, 0x01, 0x8e, 0x02, 0x01, 0x00, 0x00, 0x0c, 0x07, 
    0x05, 0x04, 0x02, 0x03, 0x02, 0x11, 0x0a, 0x08, 0x00, 0x00, 0x03, 0x03, 
    0x03, 0x05, 0x02, 0x02, 0x04, 0x04, 0x03, 0x03, 0x00, 0x00, 0x04, 0x04, 
    0x04, 0x03, 0x00, 0x00, 0x03, 0x04, 0x04, 0x05, 0x02, 0x02, 0x04, 0x05, 
    0x05, 0x04, 0x00, 0x00, 0x02, 0x02, 0x03, 0x03, 0x02, 0x02, 0x04, 0x02, 
    0x03, 0x02, 0x00, 0x00, 0x01, 0x02, 0x05, 0x0c, 0x00, 0x00, 0x02, 0x03, 
    0x05, 0x2a, 0x00, 0x00, 0x01, 0x01, 0x02, 0x01, 0x00, 0x00, 0x01, 0x02, 
    0x01, 0x01, 0x00, 0x00, 0x2b, 0x04, 0x02, 0x05, 0x03, 0x04, 0x05, 0x02, 
    0x03, 0x01, 0x00, 0x00, 0x02, 0x03, 0x02, 0x04, 0x02, 0x02, 0x03, 0x03, 
    0x02, 0x02, 0x00, 0x00, 0x04, 0x05, 0x05, 0x04, 0x02, 0x02, 0x05, 0x04, 
    0x04, 0x03, 0x00, 0x00, 0x03, 0x04, 0x04, 0x04, 0x01, 0x00, 0x04, 0x03, 
    0x04, 0x03, 0x01, 0x01, 0x04, 0x04, 0x04, 0x03, 0x00, 0x00, 0x08, 0x0a, 
    0x10, 0x03, 0x03, 0x02, 0x03, 0x02, 0x02, 0x02, 0x01, 0x00, 0x04, 0x03, 
    0x04, 0x02, 0x00, 0x00, 0x02, 0x03, 0x04, 0x01, 0x00, 0x00, 0x01, 0x01, 
    0x02, 0x01, 0x00, 0x00, 0x03, 0x04, 0x03, 0x05, 0x01, 0x02, 0x03, 0x02, 
    0x02, 0x03, 0x02, 0x02, 0x03, 0x02, 0x03, 0x03, 0x02, 0x02, 0x04, 0x04, 
    0x04, 0x03, 0x00, 0x00, 0x03, 0x04, 0x04, 0x04, 0x02, 0x02, 0x03, 0x03, 
    0x02, 0x03, 0x02, 0x02, 0x03, 0x02, 0x02, 0x03, 0x02, 0x01, 0x05, 0x03, 
    0x04, 0x03, 0x00, 0x00, 0x01, 0x02, 0x01, 0x01, 0x00, 0x00, 0x01, 0x01, 
    0x00, 0x01, 0x01, 0x00, 0x00, 0x02, 0x02, 0x03, 0x01, 0x00, 0x00, 0x01, 
    0x01, 0x02, 0x01, 0x00, 0x00, 0x02, 0x03, 0x03, 0x02, 0x00, 0x00, 0x04, 
    0x04, 0x04, 0x06, 0x03, 0x03, 0x04, 0x05, 0x03, 0x04, 0x01, 0x01, 0x03, 
    0x02, 0x03, 0x02, 0x00, 0x00, 0x03, 0x02, 0x03, 0x02, 0x00, 0x00, 0x06, 
    0x07, 0x07, 0x05, 0x00, 0x00, 0x0d, 0x14, 0x14, 0x0c, 0x00, 0x00, 0x08, 
    0x0b, 0x0b, 0x08, 0x00, 0x00, 0x02, 0x03, 0x02, 0x03, 0x00, 0x00, 0x05, 
    0x07, 0x07, 0x05, 0x00, 0x00, 0x04, 0x05, 0x05, 0x04, 0x00, 0x00, 0x02, 
    0x03, 0x03, 0x02, 0x00, 0x00, 0x02, 0x03, 0x03, 0x02, 0x00, 0x00, 0x02, 
    0x03, 0x03, 0x02, 0x00, 0x00, 0x02, 0x02, 0x05, 0x06, 0x00, 0x00, 0x02, 
    0x03, 0x06, 0x0b, 0x00, 0x00, 0x02, 0x03, 0x04, 0x01, 0x00, 0x00, 0x01, 
    0x02, 0x01, 0x01, 0x00, 0x00, 0x03, 0x02, 0x03, 0x02, 0x00, 0x00, 0x01, 
    0x02, 0x01, 0x01, 0x00, 0x00, 0x01, 0x02, 0x01, 0x01, 0x00, 0x00, 0x01, 
    0x02, 0x01, 0x01, 0x00, 0x00, 0x01, 0x01, 0x02, 0x01, 0x00, 0x00, 0x01, 
    0x01, 0x02, 0x01, 0x00, 0x00, 0x01, 0x01, 0x02, 0x01, 0x00, 0x00, 0x02, 
    0x03, 0x02, 0x03, 0x00, 0x00, 0x05, 0x05, 0x03, 0x07, 0x00, 0x00, 0x06, 
    0x05, 0x02, 0x05, 0x04, 0x04, 0x06, 0x04, 0x03, 0x03, 0x00, 0x00, 0x03, 
    0x04, 0x04, 0x05, 0x03, 0x04, 0x02, 0x0d, 0x08, 0x07, 0x00, 0x00, 0x0d, 
    0x15, 0x16, 0x0d, 0x00, 0x00, 0x06, 0x07, 0x09, 0x03, 0x00, 0x00, 0x03, 
    0x02, 0x03, 0x03, 0x01, 0x00, 0x04, 0x04, 0x04, 0x04, 0x00, 0x00, 0x02, 
    0x03, 0x03, 0x02, 0x00, 0x00, 0x02, 0x02, 0x02, 0x05, 0x04, 0x04, 0x04, 
    0x02, 0x05, 0x2a, 0x00, 0x00, 0x01, 0x02, 0x01, 0x01, 0x00, 0x00, 0x02, 
    0x03, 0x03, 0x02, 0x00, 0x00, 0x01, 0x02, 0x01, 0x01, 0x00, 0x00, 0x01, 
    0x03, 0x02, 0x02, 0x00, 0x00, 0x01, 0x01, 0x02, 0x01, 0x00, 0x00, 0x01, 
    0x02, 0x01, 0x01, 0x00, 0x00, 0x02, 0x02, 0x03, 0x01, 0x00, 0x00, 0x01, 
    0x01, 0x02, 0x01, 0x00, 0x00, 0x02, 0x03, 0x03, 0x02, 0x00, 0x00, 0x01, 
    0x01, 0x02, 0x01, 0x00, 0x00, 0x2b, 0x04, 0x02, 0x04, 0x04, 0x04, 0x05, 
    0x02, 0x02, 0x02, 0x00, 0x00, 0x02, 0x03, 0x03, 0x02, 0x00, 0x00, 0x04, 
    0x04, 0x04, 0x04, 0x00, 0x01, 0x03, 0x03, 0x02, 0x03, 0x00, 0x00, 0x05, 
    0x07, 0x08, 0x05, 0x01, 0x01, 0x06, 0x1c, 0x1c, 0x05, 0x00, 0x00, 0x04, 
    0x0c, 0x0d, 0x03, 0x03, 0x03, 0x04, 0x04, 0x04, 0x03, 0x00, 0x00, 0x03, 
    0x03, 0x04, 0x06, 0x04, 0x04, 0x05, 0x02, 0x05, 0x06, 0x00, 0x00, 0x07, 
    0x03, 0x04, 0x06, 0x00, 0x00, 0x03, 0x02, 0x03, 0x02, 0x00, 0x00, 0x01, 
    0x02, 0x01, 0x01, 0x00, 0x00, 0x01, 0x02, 0x01, 0x01, 0x00, 0x00, 0x01, 
    0x02, 0x01, 0x01, 0x00, 0x00, 0x01, 0x01, 0x02, 0x01, 0x00, 0x00, 0x01, 
    0x01, 0x02, 0x01, 0x00, 0x00, 0x01, 0x01, 0x02, 0x01, 0x00, 0x00, 0x01, 
    0x01, 0x02, 0x01, 0x00, 0x00, 0x01, 0x01, 0x02, 0x01, 0x00, 0x00, 0x01, 
    0x01, 0x02, 0x01, 0x00, 0x00, 0x01, 0x04, 0x03, 0x02, 0x00, 0x00, 0x0b, 
    0x06, 0x03, 0x02, 0x00, 0x00, 0x08, 0x04, 0x02, 0x01, 0x00, 0x00, 0x02, 
    0x03, 0x03, 0x02, 0x00, 0x00, 0x02, 0x03, 0x03, 0x02, 0x00, 0x00, 0x02, 
    0x03, 0x03, 0x02, 0x00, 0x00, 0x04, 0x05, 0x05, 0x04, 0x00, 0x00, 0x05, 
    0x07, 0x07, 0x05, 0x00, 0x00, 0x03, 0x02, 0x03, 0x02, 0x00, 0x00, 0x08, 
    0x0b, 0x0b, 0x08, 0x00, 0x00, 0x0c, 0x14, 0x14, 0x0d, 0x00, 0x00, 0x05, 
    0x07, 0x07, 0x06, 0x00, 0x00, 0x02, 0x03, 0x02, 0x03, 0x00, 0x00, 0x02, 
    0x03, 0x02, 0x03, 0x01, 0x01, 0x03, 0x04, 0x04, 0x05, 0x06, 0x0e, 0x04, 
    0x00, 0x00, 0x02, 0x03, 0x03, 0x02, 0x00, 0x00, 0x01, 0x02, 0x01, 0x01, 
    0x00, 0x00, 0x01, 0x03, 0x02, 0x02, 0x00, 0x00, 0x01, 0x01, 0x02, 0x01, 
    0x00, 0x00, 0x01, 0x00, 0x00, 0x09, 0x01, 0x1a, 0xff, 0x78, 0x07, 0x1e, 
    0x05, 0x80, 0x01, 0x09, 0x02, 0x23, 0x02, 0xd7, 0x03, 0x91, 0x06, 0x57, 
    0x08, 0x22, 0x08, 0xe5, 0x09, 0x99, 0x0a, 0x69, 0x00, 0x00, 0x05, 0x26, 
    0x36, 0x37, 0x3e, 0x01, 0x37, 0x3e, 0x01, 0x37, 0x3e, 0x01, 0x37, 0x3e, 
    0x01, 0x37, 0x3e, 0x01, 0x37, 0x3e, 0x01, 0x37, 0x3e, 0x01, 0x37, 0x3e, 
    0x01, 0x37, 0x3e, 0x01, 0x37, 0x3e, 0x01, 0x37, 0x3e, 0x01, 0x37, 0x3e, 
    0x01, 0x37, 0x3e, 0x01, 0x37, 0x3e, 0x01, 0x37, 0x3e, 0x01, 0x37, 0x3e, 
    0x01, 0x37, 0x3e, 0x01, 0x37, 0x3e, 0x01, 0x37, 0x3e, 0x01, 0x37, 0x3e, 
    0x01, 0x37, 0x3e, 0x01, 0x37, 0x36, 0x16, 0x17, 0x1e, 0x01, 0x37, 0x36, 
    0x16, 0x17, 0x1e, 0x01, 0x37, 0x36, 0x16, 0x17, 0x1e, 0x01, 0x37, 0x36, 
    0x16, 0x17, 0x1e, 0x01, 0x37, 0x36, 0x16, 0x17, 0x1e, 0x01, 0x17, 0x1e, 
    0x01, 0x17, 0x1e, 0x01, 0x37, 0x36, 0x16, 0x17, 0x1e, 0x01, 0x37, 0x36, 
    0x16, 0x17, 0x1e, 0x01, 0x37, 0x3e, 0x01, 0x37, 0x3e, 0x01, 0x37, 0x3e, 
    0x01, 0x37, 0x3e, 0x01, 0x37, 0x3e, 0x01, 0x37, 0x3e, 0x01, 0x37, 0x3e, 
    0x01, 0x37, 0x3e, 0x01, 0x37, 0x3e, 0x01, 0x37, 0x3e, 0x01, 0x37, 0x3e, 
    0x01, 0x37, 0x3e, 0x01, 0x37, 0x3e, 0x01, 0x37, 0x3e, 0x01, 0x37, 0x36, 
    0x16, 0x17, 0x1e, 0x01, 0x37, 0x36, 0x16, 0x17, 0x1e, 0x01, 0x37, 0x36, 
    0x16, 0x17, 0x1e, 0x01, 0x37, 0x36, 0x16, 0x17, 0x1e, 0x01, 0x37, 0x36, 
    0x16, 0x17, 0x1e, 0x01, 0x37, 0x36, 0x16, 0x17, 0x1e, 0x01, 0x37, 0x36, 
    0x16, 0x17, 0x1e, 0x01, 0x37, 0x36, 0x16, 0x17, 0x1e, 0x01, 0x37, 0x36, 
    0x16, 0x17, 0x1e, 0x01, 0x37, 0x36, 0x16, 0x17, 0x1e, 0x01, 0x37, 0x36, 
    0x16, 0x17, 0x1e, 0x01, 0x37, 0x36, 0x16, 0x17, 0x1e, 0x01, 0x17, 0x1e, 
    0x01, 0x17, 0x1e, 0x01, 0x37, 0x36, 0x16, 0x17, 0x1e, 0x01, 0x37, 0x36, 
    0x16, 0x17, 0x1e, 0x01, 0x37, 0x36, 0x16, 0x17, 0x1e, 0x01, 0x07, 0x0e, 
    0x01, 0x17, 0x16, 0x06, 0x27, 0x26, 0x06, 0x17, 0x16, 0x36, 0x2d, 0x02, 
    0x36, 0x26, 0x27, 0x2e, 0x01, 0x37, 0x36, 0x26, 0x27, 0x2e, 0x01, 0x37, 
    0x36, 0x26, 0x27, 0x26, 0x36, 0x37, 0x3e, 0x01, 0x37, 0x3e, 0x01, 0x37, 
    0x3e, 0x01, 0x37, 0x3e, 0x01, 0x37, 0x3e, 0x01, 0x37, 0x3e, 0x01, 0x37, 
    0x3e, 0x01, 0x37, 0x3e, 0x01, 0x37, 0x3e, 0x01, 0x37, 0x3e, 0x01, 0x37, 
    0x3e, 0x01, 0x37, 0x3e, 0x01, 0x37, 0x3e, 0x01, 0x37, 0x3e, 0x01, 0x37, 
    0x3e, 0x01, 0x37, 0x3e, 0x01, 0x37, 0x3e, 0x01, 0x37, 0x3e, 0x01, 0x37, 
    0x3e, 0x01, 0x37, 0x3e, 0x01, 0x37, 0x3e, 0x01, 0x37, 0x3e, 0x01, 0x37, 
    0x3e, 0x01, 0x37, 0x3e, 0x01, 0x37, 0x3e, 0x01, 0x37, 0x3e, 0x01, 0x37, 
    0x3e, 0x01, 0x37, 0x3e, 0x01, 0x37, 0x3e, 0x01, 0x37, 0x3e, 0x01, 0x17, 
    0x1e, 0x01, 0x37, 0x36, 0x16, 0x17, 0x1e, 0x01, 0x17, 0x1e, 0x01, 0x17, 
    0x1e, 0x01, 0x37, 0x36, 0x16, 0x17, 0x1e, 0x01, 0x37, 0x36, 0x16, 0x17, 
    0x1e, 0x01, 0x37, 0x36, 0x16, 0x17, 0x1e, 0x01, 0x37, 0x36, 0x16, 0x17, 
    0x1e, 0x01, 0x37, 0x36, 0x16, 0x17, 0x1e, 0x01, 0x37, 0x36, 0x16, 0x17, 
    0x1e, 0x01, 0x37, 0x3e, 0x01, 0x37, 0x3e, 0x01, 0x37, 0x3e, 0x01, 0x37, 
    0x3e, 0x01, 0x37, 0x3e, 0x01, 0x37, 0x3e, 0x01, 0x37, 0x3e, 0x01, 0x37, 
    0x3e, 0x01, 0x37, 0x3e, 0x01, 0x37, 0x3e, 0x01, 0x37, 0x3e, 0x01, 0x37, 
    0x3e, 0x01, 0x37, 0x3e, 0x01, 0x37, 0x3e, 0x01, 0x37, 0x3e, 0x01, 0x37, 
    0x3e, 0x01, 0x37, 0x36, 0x16, 0x17, 0x1e, 0x01, 0x37, 0x36, 0x16, 0x17, 
    0x1e, 0x01, 0x37, 0x36, 0x16, 0x17, 0x1e, 0x01, 0x37, 0x36, 0x16, 0x17, 
    0x1e, 0x01, 0x17, 0x1e, 0x01, 0x17, 0x1e, 0x01, 0x37, 0x36, 0x16, 0x17, 
    0x1e, 0x01, 0x37, 0x36, 0x16, 0x17, 0x1e, 0x01, 0x37, 0x36, 0x16, 0x17, 
    0x1e, 0x01, 0x37, 0x36, 0x16, 0x17, 0x1e, 0x01, 0x37, 0x36, 0x16, 0x17, 
    0x1e, 0x01, 0x37, 0x36, 0x16, 0x17, 0x16, 0x06, 0x27, 0x26, 0x06, 0x17, 
    0x16, 0x06, 0x27, 0x2e, 0x01, 0x01, 0x36, 0x26, 0x27, 0x2e, 0x01, 0x37, 
    0x36, 0x26, 0x27, 0x2e, 0x01, 0x37, 0x36, 0x26, 0x27, 0x2e, 0x01, 0x37, 
    0x36, 0x26, 0x27, 0x2e, 0x01, 0x37, 0x36, 0x26, 0x27, 0x2e, 0x01, 0x37, 
    0x36, 0x26, 0x27, 0x2e, 0x01, 0x37, 0x36, 0x26, 0x27, 0x2e, 0x01, 0x37, 
    0x36, 0x26, 0x27, 0x26, 0x36, 0x37, 0x3e, 0x01, 0x37, 0x3e, 0x01, 0x37, 
    0x3e, 0x01, 0x37, 0x3e, 0x01, 0x37, 0x3e, 0x01, 0x37, 0x3e, 0x01, 0x37, 
    0x3e, 0x01, 0x37, 0x3e, 0x01, 0x37, 0x3e, 0x01, 0x37, 0x3e, 0x01, 0x37, 
    0x3e, 0x01, 0x37, 0x3e, 0x01, 0x37, 0x3e, 0x01, 0x37, 0x3e, 0x01, 0x37, 
    0x3e, 0x01, 0x37, 0x36, 0x16, 0x17, 0x1e, 0x01, 0x37, 0x36, 0x16, 0x17, 
    0x1e, 0x01, 0x37, 0x36, 0x16, 0x17, 0x1e, 0x01, 0x37, 0x36, 0x16, 0x17, 
    0x1e, 0x01, 0x37, 0x36, 0x16, 0x17, 0x1e, 0x01, 0x17, 0x1e, 0x01, 0x17, 
    0x1e, 0x01, 0x37, 0x36, 0x16, 0x17, 0x1e, 0x01, 0x17, 0x1e, 0x01, 0x17, 
    0x16, 0x06, 0x07, 0x0e, 0x01, 0x17, 0x16, 0x06, 0x27, 0x26, 0x06, 0x17, 
    0x16, 0x06, 0x07, 0x0e, 0x01, 0x17, 0x16, 0x06, 0x27, 0x26, 0x06, 0x17, 
    0x16, 0x06, 0x27, 0x26, 0x06, 0x07, 0x0e, 0x01, 0x27, 0x26, 0x06, 0x17, 
    0x16, 0x06, 0x27, 0x2e, 0x01, 0x25, 0x36, 0x26, 0x27, 0x2e, 0x01, 0x27, 
    0x2e, 0x01, 0x27, 0x2e, 0x01, 0x37, 0x36, 0x26, 0x27, 0x2e, 0x01, 0x37, 
    0x36, 0x26, 0x27, 0x2e, 0x01, 0x37, 0x36, 0x26, 0x27, 0x2e, 0x01, 0x37, 
    0x36, 0x26, 0x27, 0x2e, 0x01, 0x37, 0x36, 0x26, 0x27, 0x2e, 0x01, 0x37, 
    0x3e, 0x01, 0x37, 0x3e, 0x01, 0x37, 0x3e, 0x01, 0x37, 0x3e, 0x01, 0x37, 
    0x3e, 0x01, 0x37, 0x3e, 0x01, 0x37, 0x3e, 0x01, 0x37, 0x3e, 0x01, 0x37, 
    0x3e, 0x01, 0x37, 0x3e, 0x01, 0x37, 0x3e, 0x01, 0x37, 0x3e, 0x01, 0x37, 
    0x3e, 0x01, 0x37, 0x3e, 0x01, 0x37, 0x3e, 0x01, 0x37, 0x36, 0x16, 0x17, 
    0x1e, 0x01, 0x37, 0x36, 0x16, 0x17, 0x1e, 0x01, 0x37, 0x36, 0x16, 0x17, 
    0x1e, 0x01, 0x37, 0x36, 0x16, 0x17, 0x1e, 0x01, 0x37, 0x36, 0x16, 0x17, 
    0x1e, 0x01, 0x37, 0x36, 0x16, 0x17, 0x1e, 0x01, 0x37, 0x36, 0x16, 0x17, 
    0x1e, 0x01, 0x37, 0x36, 0x16, 0x17, 0x16, 0x06, 0x27, 0x26, 0x06, 0x17, 
    0x16, 0x06, 0x07, 0x0e, 0x01, 0x17, 0x16, 0x06, 0x27, 0x26, 0x06, 0x17, 
    0x16, 0x06, 0x27, 0x26, 0x06, 0x17, 0x16, 0x06, 0x07, 0x0e, 0x01, 0x17, 
    0x16, 0x06, 0x27, 0x26, 0x06, 0x17, 0x16, 0x06, 0x27, 0x26, 0x06, 0x07, 
    0x0e, 0x01, 0x27, 0x26, 0x06, 0x17, 0x16, 0x06, 0x27, 0x2e, 0x01, 0x25, 
    0x36, 0x26, 0x27, 0x2e, 0x01, 0x37, 0x36, 0x26, 0x27, 0x2e, 0x01, 0x37, 
    0x36, 0x26, 0x27, 0x2e, 0x01, 0x37, 0x36, 0x26, 0x27, 0x2e, 0x01, 0x37, 
    0x36, 0x26, 0x27, 0x2e, 0x01, 0x27, 0x2e, 0x01, 0x27, 0x2e, 0x01, 0x37, 
    0x36, 0x26, 0x27, 0x2e, 0x01, 0x37, 0x36, 0x26, 0x27, 0x2e, 0x01, 0x37, 
    0x36, 0x26, 0x27, 0x2e, 0x01, 0x37, 0x36, 0x26, 0x27, 0x2e, 0x01, 0x37, 
    0x36, 0x26, 0x27, 0x2e, 0x01, 0x37, 0x36, 0x26, 0x27, 0x2e, 0x01, 0x37, 
    0x36, 0x26, 0x27, 0x2e, 0x01, 0x37, 0x36, 0x26, 0x27, 0x2e, 0x01, 0x37, 
    0x36, 0x26, 0x27, 0x2e, 0x01, 0x37, 0x36, 0x26, 0x27, 0x2e, 0x01, 0x37, 
    0x36, 0x26, 0x27, 0x2e, 0x01, 0x37, 0x36, 0x26, 0x27, 0x2e, 0x01, 0x37, 
    0x36, 0x26, 0x27, 0x2e, 0x01, 0x37, 0x36, 0x26, 0x27, 0x2e, 0x01, 0x37, 
    0x36, 0x26, 0x27, 0x2e, 0x01, 0x37, 0x36, 0x26, 0x27, 0x2e, 0x01, 0x37, 
    0x36, 0x26, 0x27, 0x2e, 0x01, 0x27, 0x2e, 0x01, 0x27, 0x2e, 0x01, 0x37, 
    0x36, 0x26, 0x27, 0x2e, 0x01, 0x37, 0x36, 0x26, 0x27, 0x2e, 0x01, 0x37, 
    0x36, 0x26, 0x27, 0x2e, 0x01, 0x37, 0x36, 0x26, 0x27, 0x2e, 0x01, 0x37, 
    0x36, 0x26, 0x27, 0x2e, 0x01, 0x37, 0x36, 0x26, 0x27, 0x2e, 0x01, 0x37, 
    0x36, 0x26, 0x27, 0x2e, 0x01, 0x37, 0x36, 0x26, 0x27, 0x2e, 0x01, 0x37, 
    0x36, 0x26, 0x27, 0x2e, 0x01, 0x37, 0x36, 0x26, 0x27, 0x2e, 0x01, 0x37, 
    0x36, 0x26, 0x27, 0x2e, 0x01, 0x37, 0x36, 0x26, 0x27, 0x2e, 0x01, 0x37, 
    0x36, 0x26, 0x27, 0x2e, 0x01, 0x37, 0x36, 0x26, 0x27, 0x2e, 0x01, 0x37, 
    0x36, 0x26, 0x27, 0x2e, 0x01, 0x37, 0x36, 0x26, 0x27, 0x2e, 0x01, 0x37, 
    0x36, 0x26, 0x27, 0x2e, 0x01, 0x37, 0x36, 0x26, 0x27, 0x2e, 0x01, 0x37, 
    0x36, 0x26, 0x27, 0x2e, 0x01, 0x37, 0x3e, 0x01, 0x27, 0x2e, 0x01, 0x37, 
    0x36, 0x26, 0x27, 0x2e, 0x01, 0x37, 0x36, 0x26, 0x27, 0x2e, 0x01, 0x37, 
    0x3e, 0x01, 0x27, 0x26, 0x36, 0x37, 0x3e, 0x01, 0x37, 0x3e, 0x01, 0x37, 
    0x3e, 0x01, 0x37, 0x3e, 0x01, 0x37, 0x3e, 0x01, 0x17, 0x1e, 0x01, 0x17, 
    0x1e, 0x01, 0x37, 0x36, 0x16, 0x17, 0x1e, 0x01, 0x37, 0x36, 0x16, 0x17, 
    0x1e, 0x01, 0x37, 0x36, 0x16, 0x17, 0x1e, 0x01, 0x37, 0x36, 0x16, 0x17, 
    0x1e, 0x01, 0x37, 0x36, 0x16, 0x17, 0x1e, 0x01, 0x37, 0x3e, 0x01, 0x17, 
    0x1e, 0x01, 0x37, 0x36, 0x16, 0x17, 0x1e, 0x01, 0x37, 0x36, 0x16, 0x17, 
    0x1e, 0x01, 0x37, 0x3e, 0x01, 0x17, 0x1e, 0x01, 0x37, 0x36, 0x16, 0x17, 
    0x16, 0x36, 0x37, 0x3e, 0x01, 0x37, 0x3e, 0x01, 0x37, 0x3e, 0x01, 0x37, 
    0x3e, 0x01, 0x37, 0x3e, 0x01, 0x37, 0x3e, 0x01, 0x37, 0x3e, 0x01, 0x37, 
    0x3e, 0x01, 0x37, 0x3e, 0x01, 0x37, 0x3e, 0x01, 0x37, 0x3e, 0x01, 0x37, 
    0x3e, 0x01, 0x37, 0x3e, 0x01, 0x37, 0x3e, 0x01, 0x37, 0x3e, 0x01, 0x37, 
    0x3e, 0x01, 0x37, 0x3e, 0x01, 0x37, 0x3e, 0x01, 0x37, 0x3e, 0x01, 0x37, 
    0x3e, 0x01, 0x37, 0x3e, 0x01, 0x37, 0x3e, 0x01, 0x3f, 0x01, 0x17, 0x1e, 
    0x01, 0x17, 0x1e, 0x01, 0x37, 0x36, 0x16, 0x17, 0x16, 0x06, 0x27, 0x26, 
    0x06, 0x17, 0x1e, 0x01, 0x27, 0x26, 0x06, 0x17, 0x16, 0x06, 0x07, 0x0e, 
    0x01, 0x17, 0x16, 0x06, 0x27, 0x26, 0x16, 0x17, 0x16, 0x06, 0x27, 0x26, 
    0x06, 0x17, 0x16, 0x06, 0x27, 0x26, 0x06, 0x17, 0x16, 0x06, 0x07, 0x0e, 
    0x01, 0x17, 0x16, 0x06, 0x07, 0x0e, 0x01, 0x17, 0x16, 0x06, 0x27, 0x26, 
    0x06, 0x17, 0x16, 0x06, 0x27, 0x26, 0x06, 0x17, 0x16, 0x06, 0x27, 0x26, 
    0x06, 0x17, 0x16, 0x06, 0x27, 0x26, 0x06, 0x17, 0x16, 0x06, 0x27, 0x26, 
    0x06, 0x17, 0x16, 0x06, 0x27, 0x26, 0x06, 0x17, 0x16, 0x06, 0x27, 0x26, 
    0x06, 0x17, 0x16, 0x06, 0x27, 0x26, 0x06, 0x17, 0x16, 0x06, 0x27, 0x26, 
    0x06, 0x17, 0x16, 0x06, 0x27, 0x26, 0x06, 0x17, 0x16, 0x06, 0x27, 0x26, 
    0x06, 0x17, 0x16, 0x06, 0x27, 0x26, 0x06, 0x17, 0x16, 0x06, 0x27, 0x26, 
    0x06, 0x17, 0x16, 0x06, 0x27, 0x26, 0x06, 0x17, 0x16, 0x06, 0x27, 0x26, 
    0x06, 0x17, 0x16, 0x06, 0x27, 0x26, 0x06, 0x17, 0x16, 0x06, 0x27, 0x26, 
    0x06, 0x17, 0x16, 0x06, 0x07, 0x0e, 0x01, 0x17, 0x16, 0x06, 0x27, 0x26, 
    0x06, 0x17, 0x16, 0x06, 0x27, 0x26, 0x06, 0x17, 0x16, 0x06, 0x07, 0x0e, 
    0x01, 0x17, 0x16, 0x06, 0x27, 0x26, 0x06, 0x17, 0x16, 0x06, 0x27, 0x26, 
    0x06, 0x17, 0x16, 0x06, 0x27, 0x26, 0x06, 0x17, 0x16, 0x06, 0x27, 0x26, 
    0x06, 0x17, 0x16, 0x06, 0x27, 0x26, 0x06, 0x17, 0x16, 0x06, 0x27, 0x26, 
    0x06, 0x17, 0x16, 0x06, 0x27, 0x26, 0x06, 0x17, 0x16, 0x06, 0x27, 0x26, 
    0x06, 0x17, 0x16, 0x06, 0x27, 0x26, 0x06, 0x17, 0x16, 0x06, 0x27, 0x26, 
    0x06, 0x07, 0x0e, 0x01, 0x27, 0x26, 0x06, 0x17, 0x16, 0x06, 0x27, 0x26, 
    0x06, 0x17, 0x16, 0x06, 0x27, 0x26, 0x06, 0x17, 0x16, 0x06, 0x27, 0x26, 
    0x06, 0x17, 0x16, 0x06, 0x27, 0x26, 0x06, 0x17, 0x16, 0x06, 0x27, 0x2e, 
    0x01, 0x37, 0x3e, 0x01, 0x37, 0x3e, 0x01, 0x37, 0x3e, 0x01, 0x37, 0x3e, 
    0x01, 0x37, 0x3e, 0x01, 0x37, 0x3e, 0x01, 0x37, 0x3e, 0x01, 0x37, 0x3e, 
    0x01, 0x37, 0x3e, 0x01, 0x37, 0x3e, 0x01, 0x37, 0x3e, 0x01, 0x37, 0x3e, 
    0x01, 0x37, 0x3e, 0x01, 0x37, 0x3e, 0x01, 0x37, 0x3e, 0x01, 0x37, 0x3e, 
    0x01, 0x37, 0x3e, 0x01, 0x37, 0x3e, 0x01, 0x37, 0x3e, 0x01, 0x37, 0x3e, 
    0x01, 0x37, 0x3e, 0x01, 0x37, 0x3e, 0x01, 0x37, 0x3e, 0x01, 0x37, 0x3e, 
    0x01, 0x37, 0x3e, 0x01, 0x37, 0x3e, 0x01, 0x37, 0x3e, 0x01, 0x37, 0x3e, 
    0x01, 0x37, 0x3e, 0x01, 0x37, 0x3e, 0x01, 0x37, 0x3e, 0x01, 0x37, 0x3e, 
    0x01, 0x37, 0x3e, 0x01, 0x37, 0x3e, 0x01, 0x37, 0x3e, 0x01, 0x37, 0x3e, 
    0x01, 0x37, 0x3e, 0x01, 0x37, 0x3e, 0x01, 0x37, 0x3e, 0x01, 0x37, 0x3e, 
    0x01, 0x37, 0x3e, 0x01, 0x37, 0x3e, 0x01, 0x37, 0x3e, 0x01, 0x37, 0x3e, 
    0x01, 0x37, 0x3e, 0x01, 0x37, 0x3e, 0x01, 0x37, 0x3e, 0x01, 0x37, 0x3e, 
    0x01, 0x37, 0x3e, 0x01, 0x37, 0x3e, 0x01, 0x37, 0x3e, 0x01, 0x37, 0x3e, 
    0x01, 0x37, 0x3e, 0x01, 0x37, 0x3e, 0x01, 0x37, 0x3e, 0x01, 0x37, 0x3e, 
    0x01, 0x37, 0x3e, 0x01, 0x37, 0x3e, 0x01, 0x37, 0x3e, 0x01, 0x37, 0x3e, 
    0x01, 0x27, 0x2e, 0x01, 0x27, 0x2e, 0x01, 0x37, 0x36, 0x26, 0x27, 0x26, 
    0x06, 0x07, 0x0e, 0x01, 0x27, 0x26, 0x06, 0x07, 0x0e, 0x01, 0x27, 0x26, 
    0x06, 0x17, 0x16, 0x06, 0x27, 0x26, 0x06, 0x17, 0x16, 0x06, 0x27, 0x26, 
    0x06, 0x07, 0x0e, 0x01, 0x27, 0x26, 0x06, 0x17, 0x16, 0x06, 0x27, 0x26, 
    0x06, 0x17, 0x16, 0x06, 0x27, 0x2e, 0x01, 0x17, 0x16, 0x06, 0x27, 0x26, 
    0x06, 0x07, 0x0e, 0x01, 0x27, 0x2e, 0x01, 0x37, 0x36, 0x26, 0x27, 0x2e, 
    0x01, 0x37, 0x36, 0x26, 0x27, 0x2e, 0x01, 0x37, 0x36, 0x26, 0x27, 0x2e, 
    0x01, 0x37, 0x36, 0x26, 0x27, 0x2e, 0x01, 0x27, 0x2e, 0x01, 0x27, 0x2e, 
    0x01, 0x37, 0x36, 0x26, 0x27, 0x2e, 0x01, 0x37, 0x36, 0x26, 0x27, 0x2e, 
    0x01, 0x27, 0x2e, 0x01, 0x27, 0x2e, 0x01, 0x37, 0x36, 0x26, 0x27, 0x26, 
    0x06, 0x17, 0x16, 0x06, 0x27, 0x26, 0x06, 0x07, 0x0e, 0x01, 0x17, 0x1e, 
    0x01, 0x37, 0x36, 0x16, 0x17, 0x1e, 0x01, 0x17, 0x1e, 0x01, 0x17, 0x1e, 
    0x01, 0x37, 0x36, 0x16, 0x17, 0x1e, 0x01, 0x37, 0x36, 0x16, 0x17, 0x1e, 
    0x01, 0x37, 0x36, 0x16, 0x17, 0x1e, 0x01, 0x17, 0x1e, 0x01, 0x17, 0x1e, 
    0x01, 0x37, 0x36, 0x16, 0x17, 0x1e, 0x01, 0x37, 0x36, 0x16, 0x17, 0x1e, 
    0x01, 0x37, 0x36, 0x16, 0x17, 0x1e, 0x01, 0x17, 0x1e, 0x01, 0x17, 0x1e, 
    0x01, 0x37, 0x36, 0x16, 0x17, 0x1e, 0x01, 0x37, 0x36, 0x16, 0x17, 0x1e, 
    0x01, 0x17, 0x36, 0x16, 0x17, 0x1e, 0x01, 0x37, 0x36, 0x16, 0x17, 0x1e, 
    0x01, 0x37, 0x36, 0x16, 0x17, 0x1e, 0x01, 0x37, 0x36, 0x16, 0x17, 0x1e, 
    0x01, 0x17, 0x1e, 0x01, 0x17, 0x1e, 0x01, 0x37, 0x36, 0x16, 0x17, 0x1e, 
    0x01, 0x37, 0x36, 0x16, 0x17, 0x1e, 0x01, 0x37, 0x36, 0x16, 0x17, 0x1e, 
    0x01, 0x37, 0x36, 0x16, 0x17, 0x1e, 0x01, 0x37, 0x36, 0x16, 0x17, 0x1e, 
    0x01, 0x37, 0x36, 0x16, 0x17, 0x1e, 0x01, 0x37, 0x36, 0x16, 0x17, 0x1e, 
    0x01, 0x37, 0x3e, 0x01, 0x03, 0x3e, 0x01, 0x37, 0x3e, 0x01, 0x37, 0x3e, 
    0x01, 0x37, 0x3e, 0x01, 0x37, 0x36, 0x26, 0x27, 0x2e, 0x01, 0x37, 0x36, 
    0x26, 0x27, 0x2e, 0x01, 0x37, 0x36, 0x26, 0x27, 0x2e, 0x01, 0x37, 0x36, 
    0x26, 0x27, 0x2e, 0x01, 0x37, 0x36, 0x26, 0x27, 0x2e, 0x01, 0x37, 0x36, 
    0x26, 0x27, 0x2e, 0x01, 0x37, 0x36, 0x26, 0x27, 0x2e, 0x01, 0x37, 0x36, 
    0x26, 0x27, 0x2e, 0x01, 0x37, 0x36, 0x26, 0x27, 0x2e, 0x01, 0x37, 0x36, 
    0x26, 0x27, 0x2e, 0x01, 0x37, 0x36, 0x26, 0x27, 0x2e, 0x01, 0x27, 0x2e, 
    0x01, 0x37, 0x36, 0x26, 0x27, 0x2e, 0x01, 0x37, 0x36, 0x26, 0x27, 0x2e, 
    0x01, 0x37, 0x36, 0x26, 0x27, 0x26, 0x06, 0x17, 0x16, 0x06, 0x27, 0x26, 
    0x06, 0x17, 0x16, 0x06, 0x07, 0x0e, 0x01, 0x17, 0x1e, 0x01, 0x37, 0x36, 
    0x16, 0x17, 0x1e, 0x01, 0x37, 0x36, 0x16, 0x17, 0x1e, 0x01, 0x37, 0x36, 
    0x16, 0x17, 0x1e, 0x01, 0x37, 0x36, 0x16, 0x17, 0x1e, 0x01, 0x37, 0x36, 
    0x16, 0x17, 0x1e, 0x01, 0x37, 0x36, 0x16, 0x17, 0x1e, 0x01, 0x37, 0x36, 
    0x16, 0x17, 0x1e, 0x01, 0x37, 0x36, 0x16, 0x17, 0x1e, 0x01, 0x37, 0x36, 
    0x16, 0x17, 0x1e, 0x01, 0x37, 0x36, 0x16, 0x17, 0x1e, 0x01, 0x37, 0x36, 
    0x16, 0x17, 0x1e, 0x01, 0x37, 0x36, 0x16, 0x17, 0x1e, 0x01, 0x37, 0x36, 
    0x16, 0x17, 0x1e, 0x01, 0x37, 0x3e, 0x01, 0x37, 0x3e, 0x01, 0x37, 0x3e, 
    0x01, 0x37, 0x3e, 0x01, 0x37, 0x3e, 0x01, 0x37, 0x3e, 0x01, 0x37, 0x3e, 
    0x01, 0x37, 0x3e, 0x01, 0x37, 0x3e, 0x01, 0x37, 0x3e, 0x01, 0x37, 0x3e, 
    0x01, 0x37, 0x3e, 0x01, 0x37, 0x3e, 0x01, 0x37, 0x3e, 0x01, 0x37, 0x3e, 
    0x01, 0x37, 0x3e, 0x01, 0x37, 0x3e, 0x01, 0x37, 0x3e, 0x01, 0x37, 0x3e, 
    0x01, 0x37, 0x3e, 0x01, 0x37, 0x3e, 0x01, 0x37, 0x3e, 0x01, 0x37, 0x3e, 
    0x01, 0x37, 0x3e, 0x01, 0x37, 0x3e, 0x01, 0x37, 0x3e, 0x01, 0x37, 0x3e, 
    0x01, 0x37, 0x36, 0x26, 0x27, 0x2e, 0x01, 0x37, 0x36, 0x26, 0x27, 0x2e, 
    0x01, 0x37, 0x36, 0x26, 0x27, 0x26, 0x06, 0x17, 0x16, 0x06, 0x27, 0x26, 
    0x06, 0x17, 0x16, 0x06, 0x27, 0x26, 0x06, 0x17, 0x16, 0x06, 0x27, 0x26, 
    0x06, 0x17, 0x16, 0x06, 0x27, 0x26, 0x06, 0x17, 0x16, 0x06, 0x27, 0x26, 
    0x06, 0x17, 0x16, 0x06, 0x27, 0x26, 0x06, 0x17, 0x16, 0x06, 0x27, 0x26, 
    0x06, 0x07, 0x0e, 0x01, 0x27, 0x26, 0x06, 0x17, 0x16, 0x06, 0x27, 0x26, 
    0x06, 0x17, 0x16, 0x06, 0x27, 0x26, 0x06, 0x17, 0x16, 0x06, 0x07, 0x0e, 
    0x01, 0x17, 0x1e, 0x01, 0x37, 0x36, 0x16, 0x17, 0x1e, 0x01, 0x37, 0x36, 
    0x16, 0x17, 0x1e, 0x01, 0x37, 0x3e, 0x01, 0x03, 0x2e, 0x01, 0x27, 0x2e, 
    0x01, 0x37, 0x36, 0x26, 0x27, 0x2e, 0x01, 0x37, 0x36, 0x26, 0x27, 0x2e, 
    0x01, 0x37, 0x36, 0x26, 0x27, 0x2e, 0x01, 0x37, 0x36, 0x26, 0x27, 0x2e, 
    0x01, 0x37, 0x36, 0x26, 0x27, 0x2e, 0x01, 0x37, 0x36, 0x26, 0x27, 0x2e, 
    0x01, 0x37, 0x36, 0x26, 0x27, 0x2e, 0x01, 0x37, 0x36, 0x26, 0x27, 0x2e, 
    0x01, 0x37, 0x36, 0x26, 0x27, 0x2e, 0x01, 0x37, 0x36, 0x26, 0x27, 0x2e, 
    0x01, 0x37, 0x36, 0x26, 0x27, 0x2e, 0x01, 0x37, 0x36, 0x26, 0x27, 0x2e, 
    0x01, 0x3f, 0x02, 0x36, 0x16, 0x17, 0x1e, 0x01, 0x37, 0x36, 0x16, 0x17, 
    0x16, 0x36, 0x37, 0x3e, 0x01, 0x37, 0x3e, 0x01, 0x37, 0x3e, 0x01, 0x37, 
    0x3e, 0x01, 0x3f, 0x01, 0x17, 0x16, 0x06, 0x27, 0x26, 0x06, 0x17, 0x16, 
    0x06, 0x27, 0x26, 0x06, 0x07, 0x0e, 0x01, 0x27, 0x26, 0x06, 0x17, 0x16, 
    0x06, 0x27, 0x26, 0x06, 0x17, 0x16, 0x06, 0x27, 0x26, 0x06, 0x17, 0x16, 
    0x06, 0x27, 0x26, 0x06, 0x17, 0x16, 0x06, 0x27, 0x26, 0x06, 0x17, 0x16, 
    0x06, 0x27, 0x26, 0x06, 0x17, 0x16, 0x06, 0x27, 0x26, 0x06, 0x17, 0x16, 
    0x06, 0x27, 0x26, 0x06, 0x17, 0x16, 0x06, 0x27, 0x26, 0x06, 0x17, 0x16, 
    0x06, 0x27, 0x26, 0x06, 0x17, 0x16, 0x06, 0x27, 0x26, 0x06, 0x17, 0x16, 
    0x06, 0x27, 0x26, 0x06, 0x17, 0x16, 0x06, 0x27, 0x26, 0x06, 0x17, 0x16, 
    0x06, 0x27, 0x26, 0x06, 0x07, 0x0e, 0x01, 0x27, 0x2e, 0x01, 0x01, 0x20, 
    0x06, 0x00, 0x00, 0x00, 0x02, 0x05, 0x02, 0x01, 0x00, 0x00, 0x02, 0x02, 
    0x02, 0x02, 0x00, 0x00, 0x01, 0x03, 0x02, 0x01, 0x00, 0x00, 0x05, 0x05, 
    0x02, 0x01, 0x00, 0x00, 0x02, 0x02, 0x02, 0x01, 0x00, 0x00, 0x02, 0x02, 
    0x02, 0x02, 0x00, 0x00, 0x03, 0x03, 0x05, 0x01, 0x00, 0x00, 0x02, 0x06, 
    0x04, 0x03, 0x00, 0x00, 0x10, 0x06, 0x03, 0x03, 0x00, 0x00, 0x02, 0x04, 
    0x04, 0x02, 0x00, 0x00, 0x03, 0x08, 0x09, 0x03, 0x00, 0x00, 0x01, 0x02, 
    0x03, 0x01, 0x00, 0x00, 0x02, 0x03, 0x05, 0x0a, 0x00, 0x00, 0x03, 0x05, 
    0x05, 0x02, 0x00, 0x00, 0x02, 0x02, 0x02, 0x02, 0x00, 0x00, 0x02, 0x04, 
    0x03, 0x03, 0x00, 0x00, 0x04, 0x06, 0x06, 0x04, 0x01, 0x01, 0x04, 0x06, 
    0x08, 0x02, 0x00, 0x00, 0x07, 0x25, 0x25, 0x07, 0x00, 0x00, 0x02, 0x04, 
    0x04, 0x02, 0x00, 0x00, 0x03, 0x07, 0x06, 0x04, 0x00, 0x00, 0x02, 0x03, 
    0x03, 0x04, 0x02, 0x02, 0x03, 0x02, 0x05, 0x09, 0x00, 0x00, 0x02, 0x02, 
    0x02, 0x02, 0x00, 0x00, 0x04, 0x06, 0x08, 0x02, 0x00, 0x00, 0x00, 0x0b, 
    0x08, 0x03, 0x00, 0x00, 0x03, 0x05, 0x05, 0x02, 0x00, 0x00, 0x02, 0x03, 
    0x03, 0x05, 0x03, 0x03, 0x04, 0x02, 0x01, 0x01, 0x00, 0x00, 0x03, 0x04, 
    0x04, 0x02, 0x00, 0x00, 0x02, 0x02, 0x02, 0x01, 0x00, 0x00, 0x02, 0x02, 
    0x02, 0x02, 0x00, 0x00, 0x02, 0x02, 0x02, 0x01, 0x00, 0x00, 0x02, 0x01, 
    0x01, 0x01, 0x00, 0x00, 0x02, 0x02, 0x02, 0x02, 0x00, 0x00, 0x02, 0x02, 
    0x02, 0x01, 0x00, 0x00, 0x02, 0x02, 0x02, 0x02, 0x00, 0x00, 0x02, 0x02, 
    0x02, 0x01, 0x00, 0x00, 0x01, 0x02, 0x01, 0x01, 0x00, 0x00, 0x01, 0x03, 
    0x03, 0x01, 0x00, 0x00, 0x01, 0x03, 0x03, 0x00, 0x00, 0x00, 0x00, 0x03, 
    0x02, 0x02, 0x00, 0x00, 0x02, 0x02, 0x02, 0x02, 0x00, 0x00, 0x01, 0xfe, 
    0xe4, 0xfe, 0xee, 0x03, 0xc9, 0x00, 0x02, 0x02, 0x02, 0x01, 0x00, 0x00, 
    0x02, 0x02, 0x02, 0x02, 0x00, 0x00, 0x02, 0x02, 0x03, 0x00, 0x00, 0x00, 
    0x00, 0x03, 0x03, 0x01, 0x00, 0x00, 0x01, 0x03, 0x03, 0x01, 0x00, 0x00, 
    0x01, 0x02, 0x03, 0x01, 0x00, 0x00, 0x01, 0x02, 0x01, 0x01, 0x00, 0x00, 
    0x01, 0x03, 0x02, 0x02, 0x00, 0x00, 0x01, 0x02, 0x02, 0x02, 0x00, 0x00, 
    0x02, 0x02, 0x02, 0x01, 0x00, 0x00, 0x02, 0x01, 0x01, 0x01, 0x00, 0x00, 
    0x08, 0x05, 0x01, 0x01, 0x00, 0x00, 0x02, 0x02, 0x02, 0x02, 0x00, 0x00, 
    0x02, 0x04, 0x04, 0x02, 0x00, 0x00, 0x02, 0x01, 0x02, 0x04, 0x03, 0x03, 
    0x05, 0x03, 0x03, 0x02, 0x00, 0x00, 0x02, 0x05, 0x05, 0x03, 0x00, 0x00, 
    0x03, 0x08, 0x0b, 0x00, 0x00, 0x00, 0x02, 0x02, 0x02, 0x02, 0x00, 0x00, 
    0x03, 0x03, 0x03, 0x03, 0x00, 0x00, 0x02, 0x02, 0x02, 0x02, 0x00, 0x00, 
    0x01, 0x02, 0x03, 0x01, 0x00, 0x00, 0x02, 0x03, 0x03, 0x04, 0x02, 0x02, 
    0x04, 0x03, 0x02, 0x03, 0x00, 0x00, 0x04, 0x06, 0x07, 0x03, 0x00, 0x00, 
    0x02, 0x04, 0x04, 0x02, 0x00, 0x00, 0x07, 0x25, 0x25, 0x06, 0x00, 0x00, 
    0x03, 0x09, 0x08, 0x03, 0x00, 0x00, 0x03, 0x07, 0x05, 0x05, 0x00, 0x00, 
    0x02, 0x03, 0x03, 0x03, 0x00, 0x01, 0x02, 0x02, 0x02, 0x02, 0x00, 0x00, 
    0x02, 0x05, 0x04, 0x04, 0x00, 0x00, 0x0a, 0x05, 0x03, 0x02, 0x00, 0x00, 
    0x01, 0x02, 0x03, 0x01, 0x00, 0x00, 0x03, 0x08, 0x09, 0x03, 0x00, 0x00, 
    0x02, 0x04, 0x04, 0x02, 0x00, 0x00, 0x02, 0x04, 0x06, 0x10, 0x00, 0x00, 
    0x03, 0x04, 0x06, 0x02, 0x00, 0x00, 0x01, 0x05, 0x03, 0x03, 0x00, 0x00, 
    0x02, 0x02, 0x02, 0x02, 0x00, 0x00, 0x01, 0x02, 0x02, 0x02, 0x00, 0x00, 
    0x01, 0x02, 0x04, 0x05, 0x00, 0x00, 0x02, 0x02, 0x03, 0x01, 0x00, 0x00, 
    0x01, 0x03, 0x02, 0x01, 0x00, 0x00, 0x02, 0x02, 0x03, 0x01, 0x00, 0x00, 
    0x01, 0x03, 0x02, 0x02, 0x00, 0x00, 0x5d, 0xb6, 0xb6, 0x5e, 0xfd, 0x20, 
    0x00, 0x05, 0x05, 0x07, 0x03, 0x00, 0x00, 0x02, 0x05, 0x05, 0x03, 0x00, 
    0x00, 0x02, 0x02, 0x02, 0x01, 0x00, 0x00, 0x07, 0x03, 0x02, 0x01, 0x00, 
    0x00, 0x02, 0x02, 0x02, 0x01, 0x00, 0x00, 0x02, 0x02, 0x02, 0x02, 0x00, 
    0x00, 0x01, 0x01, 0x02, 0x01, 0x00, 0x00, 0x01, 0x03, 0x03, 0x00, 0x00, 
    0x00, 0x00, 0x03, 0x03, 0x01, 0x00, 0x00, 0x06, 0x04, 0x01, 0x02, 0x00, 
    0x00, 0x01, 0x02, 0x03, 0x01, 0x00, 0x00, 0x08, 0x07, 0x03, 0x02, 0x00, 
    0x00, 0x02, 0x02, 0x02, 0x02, 0x00, 0x00, 0x02, 0x07, 0x07, 0x03, 0x01, 
    0x01, 0x04, 0x03, 0x04, 0x02, 0x00, 0x00, 0x0e, 0x15, 0x16, 0x0d, 0x00, 
    0x00, 0x05, 0x05, 0x08, 0x02, 0x00, 0x00, 0x03, 0x05, 0x05, 0x02, 0x00, 
    0x00, 0x03, 0x03, 0x04, 0x03, 0x00, 0x00, 0x01, 0x01, 0x05, 0x0f, 0x00, 
    0x00, 0x03, 0x03, 0x04, 0x03, 0x00, 0x00, 0x01, 0x02, 0x03, 0x01, 0x00, 
    0x00, 0x01, 0x03, 0x03, 0x01, 0x00, 0x00, 0x01, 0x03, 0x03, 0x01, 0x00, 
    0x00, 0x01, 0x03, 0x02, 0x01, 0x00, 0x00, 0x02, 0x02, 0x02, 0x02, 0x00, 
    0x00, 0x14, 0x05, 0x01, 0x01, 0x00, 0x00, 0x09, 0x05, 0x03, 0x03, 0x01, 
    0x01, 0x04, 0x05, 0x05, 0x04, 0x00, 0x00, 0x10, 0x1b, 0x1a, 0x10, 0x03, 
    0xc8, 0x00, 0x04, 0x05, 0x05, 0x04, 0x01, 0x01, 0x03, 0x03, 0x04, 0x02, 
    0x00, 0x00, 0x02, 0x02, 0x02, 0x02, 0x00, 0x00, 0x01, 0x02, 0x04, 0x14, 
    0x00, 0x00, 0x02, 0x02, 0x02, 0x02, 0x00, 0x00, 0x01, 0x03, 0x02, 0x01, 
    0x00, 0x00, 0x02, 0x02, 0x03, 0x01, 0x00, 0x00, 0x01, 0x03, 0x02, 0x02, 
    0x00, 0x00, 0x01, 0x02, 0x03, 0x01, 0x00, 0x00, 0x03, 0x03, 0x04, 0x03, 
    0x00, 0x00, 0x10, 0x07, 0x04, 0x03, 0x00, 0x00, 0x01, 0x01, 0x02, 0x01, 
    0x00, 0x00, 0x02, 0x05, 0x05, 0x03, 0x00, 0x00, 0x02, 0x08, 0x05, 0x05, 
    0x00, 0x00, 0x0d, 0x15, 0x15, 0x0f, 0x01, 0x01, 0x02, 0x03, 0x03, 0x03, 
    0x00, 0x01, 0x04, 0x07, 0x07, 0x02, 0x00, 0x00, 0x02, 0x02, 0x02, 0x02, 
    0x00, 0x00, 0x02, 0x04, 0x08, 0x06, 0x00, 0x00, 0x01, 0x03, 0x02, 0x01, 
    0x00, 0x00, 0x01, 0x02, 0x04, 0x08, 0x00, 0x00, 0x01, 0x02, 0x01, 0x01, 
    0x00, 0x00, 0x01, 0x01, 0x02, 0x01, 0x00, 0x00, 0x01, 0x02, 0x03, 0x01, 
    0x00, 0x00, 0x02, 0x02, 0x02, 0x02, 0x00, 0x00, 0x01, 0x02, 0x03, 0x01, 
    0x00, 0x00, 0x03, 0x03, 0x04, 0x03, 0x00, 0x00, 0x01, 0x02, 0x02, 0x02, 
    0x00, 0x00, 0x03, 0x03, 0x04, 0x03, 0x01, 0x01, 0x04, 0x06, 0x06, 0x04, 
    0x00, 0x00, 0x10, 0x1b, 0x1a, 0x10, 0xfe, 0x26, 0x00, 0x02, 0x04, 0x04, 
    0x02, 0x00, 0x00, 0x02, 0x02, 0x02, 0x02, 0x00, 0x00, 0x02, 0x03, 0x05, 
    0x0a, 0x00, 0x00, 0x03, 0x04, 0x05, 0x03, 0x00, 0x00, 0x01, 0x02, 0x02, 
    0x03, 0x02, 0x02, 0x03, 0x05, 0x04, 0x03, 0x00, 0x00, 0x12, 0x04, 0x04, 
    0x0e, 0x00, 0x00, 0x02, 0x02, 0x02, 0x02, 0x00, 0x00, 0x02, 0x04, 0x07, 
    0x07, 0x00, 0x00, 0x01, 0x02, 0x03, 0x01, 0x00, 0x00, 0x02, 0x02, 0x02, 
    0x02, 0x00, 0x00, 0x01, 0x01, 0x04, 0x06, 0x00, 0x00, 0x02, 0x02, 0x02, 
    0x02, 0x00, 0x00, 0x01, 0x02, 0x02, 0x02, 0x00, 0x00, 0x01, 0x02, 0x03, 
    0x07, 0x00, 0x00, 0x01, 0x02, 0x02, 0x02, 0x00, 0x00, 0x02, 0x02, 0x02, 
    0x02, 0x00, 0x00, 0x01, 0x02, 0x03, 0x01, 0x00, 0x00, 0x01, 0x02, 0x01, 
    0x01, 0x00, 0x00, 0x02, 0x02, 0x02, 0x02, 0x00, 0x00, 0x01, 0x01, 0x04, 
    0x10, 0x00, 0x00, 0x0e, 0x04, 0x01, 0x01, 0x00, 0x00, 0x01, 0x01, 0x01, 
    0x03, 0x02, 0x03, 0x03, 0x02, 0x03, 0x01, 0x00, 0x00, 0x01, 0x02, 0x04, 
    0x08, 0x00, 0x00, 0x01, 0x01, 0x02, 0x01, 0x00, 0x00, 0x02, 0x02, 0x02, 
    0x01, 0x00, 0x00, 0x02, 0x02, 0x02, 0x02, 0x00, 0x00, 0x03, 0x03, 0x04, 
    0x02, 0x00, 0x00, 0x02, 0x02, 0x03, 0x01, 0x00, 0x00, 0x01, 0x03, 0x02, 
    0x01, 0x00, 0x00, 0x02, 0x02, 0x02, 0x02, 0x00, 0x00, 0x01, 0x01, 0x02, 
    0x01, 0x00, 0x00, 0x01, 0x03, 0x02, 0x01, 0x00, 0x00, 0x01, 0x03, 0x03, 
    0x01, 0x00, 0x00, 0x01, 0x02, 0x03, 0x01, 0x00, 0x00, 0x01, 0x02, 0x01, 
    0x01, 0x00, 0x00, 0x01, 0x03, 0x02, 0x02, 0x00, 0x00, 0x01, 0x02, 0x03, 
    0x01, 0x00, 0x00, 0x01, 0x03, 0x02, 0x02, 0x00, 0x00, 0x01, 0x01, 0x02, 
    0x01, 0x00, 0x00, 0x01, 0x02, 0x03, 0x01, 0x00, 0x00, 0x01, 0x03, 0x03, 
    0x01, 0x00, 0x00, 0x00, 0x03, 0x03, 0x01, 0x00, 0x00, 0x01, 0x02, 0x01, 
    0x01, 0x00, 0x00, 0x01, 0x03, 0x03, 0x01, 0x00, 0x00, 0x00, 0x03, 0x04, 
    0x00, 0x00, 0x00, 0x00, 0x04, 0x02, 0x01, 0x00, 0x00, 0x02, 0x02, 0x02, 
    0x02, 0x00, 0x00, 0x0a, 0x2b, 0x21, 0x07, 0x03, 0x02, 0x03, 0x03, 0x03, 
    0x03, 0x01, 0x01, 0x05, 0x09, 0x0a, 0x04, 0x00, 0x00, 0x02, 0x08, 0x05, 
    0x05, 0x00, 0x00, 0x04, 0x04, 0x06, 0x04, 0x01, 0x01, 0x03, 0x07, 0x07, 
    0x03, 0x00, 0x00, 0x03, 0x0e, 0x0e, 0x03, 0x00, 0x00, 0x04, 0x0a, 0x08, 
    0x06, 0x00, 0x00, 0x07, 0x09, 0x0c, 0x05, 0x01, 0x01, 0x06, 0x16, 0x16, 
    0x05, 0x00, 0x00, 0x05, 0x1a, 0x1a, 0x05, 0x00, 0x00, 0x0a, 0x43, 0x44, 
    0x0a, 0x00, 0x00, 0x05, 0x1a, 0x1a, 0x05, 0x00, 0x00, 0x05, 0x16, 0x16, 
    0x06, 0x01, 0x01, 0x05, 0x0c, 0x09, 0x07, 0x00, 0x00, 0x06, 0x08, 0x0a, 
    0x03, 0x00, 0x00, 0x04, 0x0e, 0x0e, 0x03, 0x00, 0x00, 0x03, 0x07, 0x06, 
    0x04, 0x01, 0x01, 0x04, 0x05, 0x05, 0x04, 0x00, 0x00, 0x05, 0x05, 0x06, 
    0x04, 0x01, 0x01, 0x04, 0x09, 0x09, 0x04, 0x01, 0x01, 0x03, 0x03, 0x03, 
    0x03, 0x02, 0x03, 0x06, 0x25, 0x2c, 0x07, 0x04, 0x02, 0x00, 0x00, 0x02, 
    0x02, 0x03, 0x01, 0x00, 0x00, 0x01, 0x03, 0x03, 0x01, 0x00, 0x00, 0x00, 
    0x02, 0x01, 0x02, 0x00, 0x00, 0x01, 0x02, 0x03, 0x01, 0x00, 0x00, 0x01, 
    0x03, 0x03, 0x00, 0x00, 0x00, 0x01, 0x03, 0x03, 0x01, 0x00, 0x00, 0x01, 
    0x01, 0x02, 0x01, 0x00, 0x00, 0x02, 0x02, 0x02, 0x01, 0x00, 0x00, 0x02, 
    0x02, 0x03, 0x01, 0x00, 0x00, 0x01, 0x03, 0x02, 0x01, 0x00, 0x00, 0x02, 
    0x02, 0x03, 0x01, 0x00, 0x00, 0x01, 0x01, 0x02, 0x01, 0x00, 0x00, 0x01, 
    0x03, 0x02, 0x01, 0x00, 0x00, 0x01, 0x03, 0x03, 0x01, 0x00, 0x00, 0x01, 
    0x03, 0x02, 0x01, 0x00, 0x00, 0x01, 0x02, 0x01, 0x01, 0x00, 0x00, 0x02, 
    0x02, 0x02, 0x02, 0x00, 0x00, 0x01, 0x03, 0x02, 0x01, 0x00, 0x00, 0x02, 
    0x02, 0x02, 0x02, 0x00, 0x00, 0x01, 0x01, 0x02, 0x01, 0x00, 0x00, 0x01, 
    0x03, 0x02, 0x01, 0x00, 0x00, 0x02, 0x02, 0x02, 0x02, 0x00, 0x00, 0x01, 
    0x03, 0x02, 0x01, 0x00, 0x00, 0x01, 0x02, 0x01, 0x01, 0x00, 0x00, 0x08, 
    0x05, 0x01, 0x01, 0x00, 0x00, 0x01, 0x02, 0x04, 0x06, 0x00, 0x00, 0x01, 
    0x02, 0x02, 0x02, 0x00, 0x00, 0x01, 0x02, 0x04, 0x0d, 0x00, 0x00, 0x10, 
    0x04, 0x01, 0x02, 0x00, 0x00, 0x02, 0x04, 0x03, 0x03, 0x00, 0x00, 0x02, 
    0x02, 0x02, 0x02, 0x00, 0x00, 0x01, 0x02, 0x02, 0x02, 0x00, 0x00, 0x0e, 
    0x03, 0x02, 0x01, 0x00, 0x00, 0x02, 0x02, 0x02, 0x01, 0x00, 0x00, 0x0e, 
    0x04, 0x01, 0x01, 0x00, 0x00, 0x02, 0x02, 0x02, 0x02, 0x00, 0x00, 0x0f, 
    0x06, 0x04, 0x02, 0x00, 0x00, 0x16, 0x04, 0x04, 0x0a, 0x00, 0x00, 0x02, 
    0x02, 0x02, 0x02, 0x00, 0x00, 0x02, 0x05, 0x05, 0x03, 0x02, 0x02, 0x03, 
    0x02, 0x02, 0x01, 0x00, 0x00, 0x03, 0x05, 0x04, 0x03, 0x00, 0x00, 0x0a, 
    0x06, 0x02, 0x02, 0x00, 0x00, 0x02, 0x02, 0x02, 0x02, 0x00, 0x00, 0x02, 
    0x04, 0x04, 0x02, 0x00, 0x00, 0x05, 0x1c, 0x1b, 0x05, 0x33, 0x03, 0x03, 
    0x02, 0x02, 0x01, 0x00, 0x00, 0x02, 0x02, 0x02, 0x02, 0x00, 0x00, 0x02, 
    0x02, 0x02, 0x01, 0x00, 0x00, 0x07, 0x03, 0x02, 0x01, 0x00, 0x00, 0x02, 
    0x02, 0x02, 0x01, 0x00, 0x00, 0x02, 0x02, 0x02, 0x02, 0x00, 0x00, 0x07, 
    0x06, 0x06, 0x01, 0x00, 0x00, 0x01, 0x03, 0x02, 0x01, 0x00, 0x00, 0x02, 
    0x02, 0x02, 0x03, 0x01, 0x02, 0x01, 0x00, 0x00, 0x01, 0x02, 0x03, 0x01, 
    0x00, 0x00, 0x02, 0x02, 0x02, 0x02, 0x00, 0x00, 0x01, 0x01, 0x02, 0x01, 
    0x00, 0x00, 0x01, 0x02, 0x02, 0x02, 0x00, 0x00, 0x02, 0x02, 0x02, 0x02, 
    0x00, 0x00, 0x01, 0x02, 0x03, 0x01, 0x00, 0x00, 0x01, 0x02, 0x01, 0x01, 
    0x00, 0x00, 0x02, 0x02, 0x02, 0x02, 0x00, 0x00, 0x01, 0x02, 0x02, 0x02, 
    0x00, 0x00, 0x02, 0x02, 0x02, 0x02, 0x00, 0x00, 0x01, 0x01, 0x01, 0x02, 
    0x00, 0x00, 0x01, 0x02, 0x03, 0x01, 0x00, 0x00, 0x01, 0x03, 0x02, 0x02, 
    0x00, 0x00, 0x01, 0x02, 0x02, 0x02, 0x00, 0x00, 0x01, 0x02, 0x01, 0x01, 
    0x00, 0x00, 0x08, 0x05, 0x01, 0x01, 0x00, 0x00, 0x01, 0x03, 0x02, 0x01, 
    0x00, 0x00, 0x02, 0x01, 0x01, 0x01, 0x00, 0x00, 0x02, 0x02, 0x02, 0x02, 
    0x00, 0x00, 0x01, 0x03, 0x03, 0x00, 0x00, 0x00, 0x00, 0x05, 0x02, 0x05, 
    0x03, 0x02, 0x03, 0x00, 0x00, 0x03, 0x09, 0x08, 0x04, 0x01, 0x01, 0x03, 
    0x03, 0x03, 0x05, 0x03, 0x03, 0x05, 0x03, 0x03, 0x02, 0x00, 0x00, 0x03, 
    0x05, 0x05, 0x02, 0x00, 0x00, 0x03, 0x03, 0x04, 0x03, 0x01, 0x01, 0x04, 
    0x06, 0x06, 0x04, 0x00, 0x00, 0x05, 0x05, 0x07, 0x03, 0x00, 0x00, 0x03, 
    0x0b, 0x0b, 0x03, 0x00, 0x00, 0x03, 0x0e, 0x0d, 0x04, 0x02, 0x01, 0x07, 
    0x25, 0x25, 0x06, 0x00, 0x00, 0x04, 0x0e, 0x0e, 0x03, 0x00, 0x00, 0x04, 
    0x0a, 0x0b, 0x03, 0x00, 0x00, 0x03, 0x07, 0x05, 0x05, 0x00, 0x00, 0x04, 
    0x06, 0x07, 0x03, 0x01, 0x01, 0x03, 0x04, 0x03, 0x03, 0x00, 0x00, 0x02, 
    0x05, 0x05, 0x03, 0x00, 0x00, 0x02, 0x03, 0x03, 0x05, 0x03, 0x03, 0x05, 
    0x03, 0x03, 0x02, 0x00, 0x00, 0x03, 0x0b, 0x0a, 0x04, 0x00, 0x00, 0x02, 
    0x03, 0x02, 0x05, 0x03, 0x04, 0x01, 0x00, 0x00, 0x01, 0x03, 0x02, 0x02, 
    0x00, 0x00, 0x02, 0x02, 0x02, 0x01, 0x00, 0x00, 0x02, 0x01, 0x01, 0x01, 
    0x00, 0x00, 0x01, 0x03, 0x03, 0x01, 0x00, 0x00, 0x01, 0x01, 0x05, 0x08, 
    0x00, 0x00, 0x02, 0x02, 0x02, 0x01, 0x00, 0x00, 0x01, 0x02, 0x01, 0x01, 
    0x00, 0x00, 0x02, 0x02, 0x03, 0x01, 0x00, 0x00, 0x01, 0x03, 0x02, 0x01, 
    0x00, 0x00, 0x03, 0x04, 0x03, 0x03, 0x00, 0x00, 0x01, 0x03, 0x02, 0x01, 
    0x00, 0x00, 0x02, 0x02, 0x02, 0x02, 0x00, 0x00, 0x01, 0x02, 0x03, 0x01, 
    0x00, 0x00, 0x01, 0x02, 0x01, 0x01, 0x00, 0x00, 0x02, 0x02, 0x02, 0x02, 
    0x00, 0x00, 0x01, 0x02, 0x03, 0x01, 0x00, 0x00, 0x03, 0x03, 0x04, 0x03, 
    0x00, 0x00, 0x01, 0x02, 0x02, 0x02, 0x00, 0x00, 0x01, 0x02, 0x05, 0x0c, 
    0x00, 0x00, 0x01, 0x06, 0x06, 0x0f, 0x00, 0x00, 0x01, 0x02, 0x02, 0x02, 
    0x00, 0x00, 0x01, 0x02, 0x03, 0x0e, 0x00, 0x00, 0x02, 0x02, 0x02, 0x02, 
    0x00, 0x00, 0x01, 0x02, 0x01, 0x04, 0x03, 0x04, 0x03, 0x0c, 0x0c, 0x02, 
    0x72, 0x00, 0x01, 0x01, 0x02, 0x01, 0x00, 0x00, 0x01, 0x02, 0x03, 0x01, 
    0x00, 0x00, 0x01, 0x05, 0x04, 0x02, 0x00, 0x00, 0x02, 0x02, 0x02, 0x02, 
    0x00, 0x00, 0x03, 0x0b, 0x07, 0x06, 0x00, 0x00, 0x05, 0x05, 0x07, 0x03, 
    0x00, 0x00, 0x03, 0x05, 0x05, 0x02, 0x00, 0x00, 0x03, 0x07, 0x07, 0x03, 
    0x00, 0x00, 0x02, 0x02, 0x02, 0x02, 0x00, 0x00, 0x02, 0x04, 0x04, 0x02, 
    0x00, 0x00, 0x02, 0x02, 0x02, 0x02, 0x00, 0x00, 0x01, 0x02, 0x02, 0x02, 
    0x00, 0x00, 0x01, 0x02, 0x01, 0x03, 0x02, 0x02, 0x02, 0x00, 0x00, 0x01, 
    0x02, 0x03, 0x01, 0x00, 0x00, 0x01, 0x07, 0x04, 0x03, 0x00, 0x00, 0x06, 
    0x07, 0x06, 0x06, 0x00, 0x00, 0x02, 0x02, 0x02, 0x01, 0x00, 0x00, 0x03, 
    0x04, 0x05, 0x01, 0x00, 0x00, 0x01, 0x03, 0x02, 0x02, 0x00, 0x00, 0x01, 
    0x01, 0x01, 0x02, 0x00, 0x00, 0x01, 0x02, 0x02, 0x02, 0x00, 0x00, 0x02, 
    0x02, 0x02, 0x01, 0x00, 0x00, 0x02, 0x02, 0x02, 0x03, 0x01, 0x02, 0x03, 
    0x02, 0x02, 0x01, 0x00, 0x00, 0x02, 0x02, 0x02, 0x02, 0x00, 0x00, 0x02, 
    0x03, 0x03, 0x05, 0x03, 0x03, 0x05, 0x04, 0x04, 0x03, 0x00, 0x00, 0x02, 
    0x04, 0x04, 0x02, 0x00, 0x00, 0x03, 0x05, 0x05, 0x02, 0x00, 0x00, 0x03, 
    0x04, 0x03, 0x03, 0x00, 0x00, 0x06, 0x08, 0x0a, 0x03, 0x00, 0x00, 0x05, 
    0x13, 0x13, 0x05, 0xf7, 0x00, 0x03, 0x0a, 0x08, 0x06, 0x00, 0x00, 0x03, 
    0x03, 0x04, 0x03, 0x00, 0x00, 0x02, 0x05, 0x05, 0x03, 0x00, 0x00, 0x02, 
    0x04, 0x03, 0x03, 0x01, 0x01, 0x03, 0x03, 0x03, 0x05, 0x03, 0x03, 0x05, 
    0x03, 0x03, 0x02, 0x00, 0x00, 0x02, 0x02, 0x02, 0x01, 0x00, 0x00, 0x02, 
    0x02, 0x02, 0x03, 0x01, 0x02, 0x03, 0x02, 0x02, 0x01, 0x00, 0x00, 0x02, 
    0x02, 0x02, 0x02, 0x00, 0x00, 0x02, 0x02, 0x02, 0x01, 0x00, 0x00, 0x01, 
    0x02, 0x01, 0x01, 0x00, 0x00, 0x02, 0x02, 0x03, 0x01, 0x00, 0x00, 0x02, 
    0x04, 0x04, 0x03, 0x00, 0x00, 0x01, 0x02, 0x02, 0x02, 0x00, 0x00, 0x06, 
    0x07, 0x06, 0x06, 0x00, 0x00, 0x03, 0x05, 0x06, 0x01, 0x00, 0x00, 0x0c, 
    0x05, 0x02, 0x01, 0x00, 0x00, 0x02, 0x02, 0x02, 0x01, 0x00, 0x00, 0x0a, 
    0x05, 0x03, 0x02, 0x00, 0x00, 0x02, 0x02, 0x02, 0x02, 0x00, 0x00, 0x03, 
    0x07, 0x07, 0x03, 0x00, 0x00, 0x02, 0x04, 0x04, 0x03, 0x01, 0x01, 0x04, 
    0x06, 0x05, 0x05, 0x00, 0x00, 0x06, 0x08, 0x0a, 0x03, 0x00, 0x00, 0x02, 
    0x02, 0x02, 0x02, 0x00, 0x00, 0x03, 0x03, 0x05, 0x01, 0x00, 0x00, 0x01, 
    0x03, 0x02, 0x01, 0x00, 0x00, 0x01, 0x02, 0x01, 0x01, 0x00, 0x00, 0x05, 
    0x13, 0x13, 0x05, 0xa2, 0x03, 0x03, 0x02, 0x01, 0x02, 0x00, 0x00, 0x01, 
    0x02, 0x02, 0x02, 0x00, 0x00, 0x0e, 0x03, 0x02, 0x01, 0x00, 0x00, 0x02, 
    0x02, 0x02, 0x01, 0x00, 0x00, 0x03, 0x04, 0x03, 0x03, 0x00, 0x00, 0x02, 
    0x02, 0x02, 0x01, 0x00, 0x00, 0x02, 0x02, 0x02, 0x02, 0x00, 0x00, 0x01, 
    0x02, 0x04, 0x05, 0x00, 0x00, 0x02, 0x02, 0x02, 0x02, 0x00, 0x00, 0x02, 
    0x02, 0x02, 0x01, 0x00, 0x00, 0x03, 0x04, 0x03, 0x03, 0x00, 0x00, 0x01, 
    0x03, 0x02, 0x01, 0x00, 0x00, 0x02, 0x02, 0x03, 0x01, 0x00, 0x00, 0x13, 
    0x0b, 0x08, 0x00, 0x00, 0x08, 0x0a, 0x0f, 0x05, 0x01, 0x01, 0x0a, 0x36, 
    0x37, 0x0a, 0x01, 0x01, 0x05, 0x0e, 0x0b, 0x08, 0x00, 0x00, 0x08, 0x0b, 
    0x13, 0x00, 0x00, 0x02, 0x02, 0x03, 0x01, 0x00, 0x00, 0x01, 0x01, 0x01, 
    0x02, 0x01, 0x01, 0x02, 0x01, 0x01, 0x01, 0x00, 0x00, 0x02, 0x02, 0x02, 
    0x02, 0x00, 0x00, 0x01, 0x03, 0x02, 0x01, 0x00, 0x00, 0x02, 0x02, 0x02, 
    0x02, 0x00, 0x00, 0x05, 0x05, 0x01, 0x01, 0x00, 0x00, 0x02, 0x02, 0x02, 
    0x02, 0x00, 0x00, 0x01, 0x02, 0x03, 0x01, 0x00, 0x00, 0x01, 0x02, 0x01, 
    0x01, 0x00, 0x00, 0x02, 0x02, 0x02, 0x02, 0x00, 0x00, 0x01, 0x02, 0x02, 
    0x02, 0x00, 0x00, 0x01, 0x02, 0x03, 0x07, 0x00, 0x00, 0x01, 0x02, 0x02, 
    0x02, 0x00, 0x00, 0x02, 0x02, 0x02, 0x02, 0x00, 0x00, 0x01, 0x02, 0x02, 
    0x03, 0x02, 0x02, 0x03, 0x09, 0x08, 0x03, 0x82, 0x07, 0x00, 0x4e, 0x55, 
    0x16, 0x00, 0x00, 0x03, 0x05, 0x05, 0x02, 0x00, 0x00, 0x03, 0x04, 0x04, 
    0x02, 0x00, 0x00, 0x02, 0x04, 0x07, 0x07, 0x00, 0x00, 0x02, 0x02, 0x02, 
    0x01, 0x00, 0x00, 0x03, 0x05, 0x05, 0x02, 0x00, 0x00, 0x01, 0x02, 0x01, 
    0x01, 0x01, 0x01, 0x03, 0x04, 0x05, 0x01, 0x00, 0x00, 0x01, 0x02, 0x04, 
    0x0d, 0x00, 0x00, 0x02, 0x02, 0x02, 0x02, 0x00, 0x00, 0x01, 0x02, 0x03, 
    0x01, 0x00, 0x00, 0x01, 0x03, 0x02, 0x01, 0x00, 0x00, 0x03, 0x03, 0x05, 
    0x02, 0x00, 0x00, 0x08, 0x04, 0x01, 0x02, 0x00, 0x00, 0x01, 0x02, 0x02, 
    0x02, 0x00, 0x00, 0x01, 0x02, 0x01, 0x02, 0x01, 0x01, 0x01, 0x01, 0x02, 
    0x01, 0x00, 0x00, 0x01, 0x02, 0x03, 0x01, 0x00, 0x00, 0x01, 0x03, 0x03, 
    0x01, 0x00, 0x00, 0x01, 0x03, 0x02, 0x02, 0x00, 0x00, 0x01, 0x03, 0x02, 
    0x01, 0x00, 0x00, 0x01, 0x02, 0x01, 0x01, 0x00, 0x00, 0x02, 0x02, 0x02, 
    0x02, 0x00, 0x00, 0x08, 0x04, 0x02, 0x01, 0x00, 0x00, 0x01, 0x01, 0x01, 
    0x03, 0x02, 0x04, 0x02, 0x06, 0x07, 0x00, 0x00, 0x00, 0x01, 0x03, 0x02, 
    0x01, 0x00, 0x00, 0x01, 0x03, 0x02, 0x02, 0x00, 0x00, 0x03, 0x03, 0x03, 
    0x03, 0x00, 0x00, 0x02, 0x02, 0x02, 0x02, 0x00, 0x00, 0x01, 0x02, 0x02, 
    0x02, 0x00, 0x00, 0x02, 0x02, 0x02, 0x02, 0x00, 0x00, 0x01, 0x01, 0x02, 
    0x01, 0x00, 0x00, 0x02, 0x05, 0x04, 0x04, 0x00, 0x00, 0x01, 0x02, 0x02, 
    0x02, 0x00, 0x00, 0x01, 0x02, 0x01, 0x01, 0x00, 0x00, 0x03, 0x05, 0x05, 
    0x02, 0x00, 0x00, 0x02, 0x03, 0x03, 0x04, 0x02, 0x02, 0x04, 0x03, 0x02, 
    0x03, 0x00, 0x00, 0x04, 0x06, 0x07, 0x02, 0x00, 0x00, 0x04, 0x0a, 0x0b, 
    0x03, 0x00, 0x00, 0x09, 0x34, 0x36, 0x09, 0x01, 0x01, 0x03, 0x04, 0x03, 
    0x03, 0x00, 0x00, 0x01, 0x02, 0x09, 0x00, 0x00, 0x00, 0x02, 0x02, 0x01, 
    0x00, 0x00, 0x02, 0x02, 0x02, 0x01, 0x00, 0x00, 0x03, 0x03, 0x04, 0x03, 
    0x01, 0x01, 0x09, 0x36, 0x34, 0x09, 0x00, 0x00, 0x03, 0x0b, 0x0a, 0x04, 
    0x00, 0x00, 0x02, 0x07, 0x08, 0x02, 0x00, 0x00, 0x03, 0x05, 0x04, 0x03, 
    0x00, 0x00, 0x03, 0x04, 0x04, 0x02, 0x00, 0x00, 0x02, 0x05, 0x05, 0x03, 
    0x00, 0x00, 0x01, 0x01, 0x02, 0x01, 0x00, 0x00, 0x02, 0x02, 0x02, 0x01, 
    0x00, 0x00, 0x03, 0x03, 0x06, 0x08, 0x00, 0x00, 0x02, 0x02, 0x02, 0x02, 
    0x00, 0x00, 0x02, 0x02, 0x02, 0x01, 0x00, 0x00, 0x02, 0x02, 0x02, 0x02, 
    0x00, 0x00, 0x03, 0x03, 0x03, 0x03, 0x00, 0x00, 0x02, 0x02, 0x03, 0x01, 
    0x00, 0x00, 0x01, 0x02, 0x03, 0x01, 0x00, 0x00, 0x00, 0x07, 0x05, 0x03, 
    0x00, 0x00, 0x01, 0x01, 0x01, 0x02, 0x01, 0x01, 0x01, 0x02, 0x01, 0x01, 
    0x00, 0x00, 0x02, 0x02, 0x02, 0x02, 0x00, 0x00, 0x01, 0x02, 0x03, 0x01, 
    0x00, 0x00, 0x02, 0x02, 0x02, 0x02, 0x00, 0x00, 0x01, 0x01, 0x02, 0x01, 
    0x00, 0x00, 0x01, 0x02, 0x03, 0x01, 0x00, 0x00, 0x02, 0x02, 0x03, 0x01, 
    0x00, 0x00, 0x01, 0x03, 0x03, 0x01, 0x00, 0x00, 0x01, 0x03, 0x02, 0x01, 
    0x00, 0x00, 0x01, 0x02, 0x01, 0x01, 0x00, 0x00, 0x02, 0x02, 0x02, 0x02, 
    0x00, 0x00, 0x02, 0x02, 0x02, 0x01, 0x00, 0x00, 0x02, 0x01, 0x04, 0x08, 
    0x00, 0x00, 0x02, 0x05, 0x03, 0x03, 0x00, 0x00, 0x01, 0x02, 0x03, 0x01, 
    0x00, 0x00, 0x01, 0x03, 0x02, 0x01, 0x00, 0x00, 0x02, 0x02, 0x02, 0x02, 
    0x00, 0x00, 0x0c, 0x05, 0x02, 0x01, 0x00, 0x00, 0x01, 0x05, 0x04, 0x03, 
    0x01, 0x01, 0x01, 0x01, 0x02, 0x01, 0x00, 0x00, 0x02, 0x05, 0x05, 0x03, 
    0x00, 0x00, 0x01, 0x02, 0x02, 0x02, 0x00, 0x00, 0x07, 0x07, 0x04, 0x02, 
    0x00, 0x00, 0x02, 0x04, 0x04, 0x03, 0x00, 0x00, 0x02, 0x05, 0x05, 0x03, 
    0x00, 0x00, 0x0c, 0x54, 0x55, 0x0c, 0x00, 0x00, 0x01, 0x02, 0x01, 0x01, 
    0x00, 0x00, 0x01, 0x01, 0x4a, 0x01, 0x01, 0x00, 0x00, 0x01, 0x03, 0x02, 
    0x02, 0x00, 0x00, 0x01, 0x02, 0x03, 0x01, 0x00, 0x00, 0x01, 0x02, 0x03, 
    0x07, 0x00, 0x00, 0x01, 0x02, 0x02, 0x02, 0x00, 0x00, 0x02, 0x02, 0x02, 
    0x02, 0x00, 0x00, 0x02, 0x04, 0x03, 0x03, 0x00, 0x00, 0x03, 0x05, 0x05, 
    0x02, 0x00, 0x00, 0x0d, 0x54, 0x55, 0x0d, 0x00, 0x00, 0x02, 0x03, 0x07, 
    0x08, 0x00, 0x00, 0x01, 0x02, 0x02, 0x02, 0x00, 0x00, 0x02, 0x04, 0x07, 
    0x07, 0x00, 0x00, 0x02, 0x02, 0x02, 0x02, 0x00, 0x00, 0x01, 0x02, 0x03, 
    0x01, 0x00, 0x00, 0x01, 0x03, 0x02, 0x02, 0x00, 0x00, 0x01, 0x01, 0x02, 
    0x01, 0x00, 0x00, 0x01, 0x02, 0x01, 0x01, 0x00, 0x00, 0x01, 0x03, 0x03, 
    0x01, 0x00, 0x00, 0x01, 0x03, 0x02, 0x01, 0x00, 0x00, 0x02, 0x02, 0x02, 
    0x02, 0x00, 0x00, 0x10, 0x05, 0x03, 0x04, 0x03, 0x03, 0x04, 0x03, 0x04, 
    0x02, 0x00, 0x00, 0x03, 0x07, 0x06, 0x04, 0x01, 0x01, 0x0b, 0x41, 0x40, 
    0x0b, 0x01, 0x01, 0x04, 0x06, 0x07, 0x03, 0x00, 0x00, 0x02, 0x04, 0x04, 
    0x03, 0x01, 0x01, 0x03, 0x02, 0x05, 0x16, 0x00, 0x00, 0x01, 0x02, 0x05, 
    0x07, 0x00, 0x00, 0x02, 0x02, 0x02, 0x02, 0x00, 0x00, 0x01, 0x01, 0x02, 
    0x01, 0x00, 0x00, 0x01, 0x02, 0x01, 0x01, 0x00, 0x00, 0x02, 0x02, 0x02, 
    0x02, 0x00, 0x00, 0x01, 0x02, 0x03, 0x01, 0x00, 0x00, 0x02, 0x02, 0x02, 
    0x02, 0x00, 0x00, 0x16, 0x05, 0x02, 0x03, 0x01, 0x01, 0x03, 0x04, 0x04, 
    0x02, 0x00, 0x00, 0x03, 0x06, 0x05, 0x06, 0x02, 0x03, 0x0c, 0x3e, 0x3f, 
    0x0b, 0x01, 0x01, 0x04, 0x06, 0x07, 0x03, 0x00, 0x00, 0x02, 0x04, 0x03, 
    0x04, 0x03, 0x03, 0x04, 0x02, 0x07, 0x0f, 0x00, 0x00, 0x01, 0x03, 0x02, 
    0x02, 0x00, 0x00, 0x01, 0x02, 0x03, 0x01, 0x00, 0x00, 0x01, 0x03, 0x03, 
    0x01, 0x00, 0x00, 0x01, 0x01, 0x02, 0x01, 0x00, 0x00, 0x01, 0x02, 0x01, 
    0x01, 0x00, 0x00, 0x02, 0x02, 0x03, 0x01, 0x00, 0x00, 0x01, 0x03, 0x02, 
    0x01, 0x00, 0x00, 0x02, 0x02, 0x03, 0x01, 0x00, 0x00, 0x06, 0x08, 0x04, 
    0x02, 0x00, 0x00, 0x02, 0x02, 0x02, 0x01, 0x00, 0x00, 0x0a, 0x05, 0x03, 
    0x02, 0x00, 0x00, 0x22, 0x40, 0x3f, 0x22, 0x00, 0x00, 0x03, 0x03, 0x04, 
    0x03, 0x01, 0x01, 0x03, 0x03, 0x04, 0x02, 0x00, 0x00, 0x02, 0x02, 0x02, 
    0x02, 0x00, 0x00, 0x01, 0x02, 0x02, 0x03, 0x02, 0x02, 0x03, 0x01, 0x02, 
    0x02, 0x00, 0x00, 0x01, 0x03, 0x02, 0x01, 0x00, 0x00, 0x02, 0x02, 0x02, 
    0x02, 0x00, 0x00, 0x01, 0x01, 0x02, 0x01, 0x00, 0x00, 0x01, 0x62, 0x02, 
    0x02, 0x00, 0x00, 0x01, 0x02, 0x02, 0x02, 0x00, 0x00, 0x01, 0x02, 0x01, 
    0x01, 0x00, 0x00, 0x08, 0x04, 0x02, 0x01, 0x00, 0x00, 0x01, 0x03, 0x02, 
    0x01, 0x00, 0x00, 0x03, 0x04, 0x04, 0x02, 0x00, 0x00, 0x01, 0x01, 0x04, 
    0x10, 0x00, 0x00, 0x0e, 0x04, 0x01, 0x01, 0x00, 0x00, 0x02, 0x02, 0x02, 
    0x02, 0x00, 0x00, 0x05, 0x05, 0x01, 0x01, 0x00, 0x00, 0x02, 0x02, 0x02, 
    0x02, 0x00, 0x00, 0x01, 0x03, 0x02, 0x01, 0x00, 0x00, 0x07, 0x03, 0x02, 
    0x01, 0x00, 0x00, 0x01, 0x02, 0x03, 0x01, 0x00, 0x00, 0x02, 0x02, 0x02, 
    0x02, 0x00, 0x00, 0x06, 0x04, 0x01, 0x01, 0x00, 0x00, 0x02, 0x02, 0x02, 
    0x02, 0x00, 0x00, 0x01, 0x02, 0x02, 0x02, 0x00, 0x00, 0x03, 0x03, 0x04, 
    0x03, 0x00, 0x00, 0x01, 0x02, 0x02, 0x02, 0x00, 0x00, 0x02, 0x02, 0x02, 
    0x02, 0x00, 0x00, 0x11, 0x04, 0x04, 0x0f, 0x00, 0x00, 0x01, 0x02, 0x02, 
    0x02, 0x00, 0x00, 0x05, 0x05, 0x05, 0x05, 0x00, 0x00, 0x03, 0x04, 0x05, 
    0x03, 0x00, 0x00, 0x0a, 0x05, 0x03, 0x02, 0x00, 0x00, 0x02, 0x02, 0x02, 
    0x01, 0x00, 0x00, 0x03, 0x04, 0x04, 0x02, 0x00, 0x00, 0x02, 0x04, 0x04, 
    0x05, 0x03, 0x04, 0x05, 0x02, 0x04, 0x02, 0x00, 0x00, 0x02, 0x05, 0x05, 
    0x03, 0x00, 0x00, 0x02, 0x04, 0x03, 0x03, 0x01, 0x01, 0x03, 0x04, 0x03, 
    0x03, 0x00, 0x00, 0x03, 0x03, 0x04, 0x03, 0x00, 0x00, 0x02, 0x05, 0x05, 
    0x03, 0x00, 0x00, 0x02, 0x07, 0x07, 0x04, 0x01, 0x00, 0x03, 0x03, 0x03, 
    0x02, 0x00, 0x00, 0x05, 0x06, 0x09, 0x03, 0x00, 0x00, 0x02, 0x04, 0x04, 
    0x02, 0x00, 0x00, 0x03, 0x07, 0x06, 0x04, 0x01, 0x01, 0x04, 0x06, 0x06, 
    0x04, 0x00, 0x00, 0x07, 0x07, 0x0b, 0x03, 0x00, 0x00, 0x03, 0x07, 0x07, 
    0x03, 0x00, 0x00, 0x03, 0x0b, 0x0a, 0x03, 0x00, 0x00, 0x05, 0x13, 0x0e, 
    0x0a, 0x00, 0x00, 0x07, 0x0a, 0x0e, 0x04, 0x00, 0x00, 0x05, 0x1a, 0x1a, 
    0x05, 0x00, 0x00, 0x14, 0x8e, 0x8f, 0x13, 0x00, 0x00, 0x03, 0x05, 0x05, 
    0x02, 0x00, 0x00, 0x02, 0x02, 0x06, 0x01, 0x01, 0x01, 0x01, 0x03, 0x03, 
    0x02, 0x00, 0x00, 0x01, 0x02, 0x03, 0x01, 0x00, 0x00, 0x01, 0x03, 0x03, 
    0x01, 0x00, 0x00, 0x01, 0x01, 0x01, 0x02, 0x00, 0x00, 0x01, 0x02, 0x03, 
    0x01, 0x00, 0x00, 0x01, 0x03, 0x03, 0x01, 0x00, 0x00, 0x00, 0x03, 0x03, 
    0x01, 0x00, 0x00, 0x01, 0x02, 0x01, 0x01, 0x00, 0x00, 0x01, 0x03, 0x03, 
    0x01, 0x00, 0x00, 0x00, 0x03, 0x03, 0x01, 0x00, 0x00, 0x01, 0x03, 0x03, 
    0x00, 0x00, 0x00, 0x00, 0x03, 0x03, 0x01, 0x00, 0x00, 0x01, 0x03, 0x03, 
    0x00, 0x00, 0x00, 0x01, 0x03, 0x03, 0x01, 0x00, 0x00, 0x01, 0x01, 0x02, 
    0x01, 0x00, 0x00, 0x01, 0x03, 0x03, 0x00, 0x00, 0x00, 0x01, 0x03, 0x03, 
    0x01, 0x00, 0x00, 0x01, 0x03, 0x02, 0x01, 0x00, 0x00, 0x02, 0x01, 0x01, 
    0x01, 0x00, 0x00, 0x02, 0x02, 0x03, 0x01, 0x00, 0x00, 0x01, 0x03, 0x02, 
    0x01, 0x00, 0x00, 0x02, 0x03, 0x03, 0x01, 0x01, 0x01, 0x06, 0x04, 0x06, 
    0x03, 0x04, 0x03, 0x00, 0x00, 0x13, 0x8f, 0x8e, 0x14, 0x00, 0x00, 0x05, 
    0x1a, 0x13, 0x0c, 0x00, 0x00, 0x07, 0x08, 0x0a, 0x06, 0x03, 0x02, 0x07, 
    0x11, 0x13, 0x04, 0x00, 0x00, 0x03, 0x0a, 0x0b, 0x03, 0x00, 0x00, 0x03, 
    0x07, 0x06, 0x04, 0x00, 0x00, 0x05, 0x06, 0x07, 0x06, 0x02, 0x02, 0x06, 
    0x05, 0x05, 0x04, 0x01, 0x01, 0x04, 0x06, 0x07, 0x03, 0x00, 0x00, 0x02, 
    0x04, 0x04, 0x02, 0x00, 0x00, 0x03, 0x09, 0x06, 0x05, 0x00, 0x00, 0x03, 
    0x03, 0x04, 0x02, 0x00, 0x00, 0x03, 0x07, 0x08, 0x02, 0x00, 0x00, 0x03, 
    0x05, 0x05, 0x02, 0x00, 0x00, 0x03, 0x04, 0x03, 0x03, 0x00, 0x00, 0x03, 
    0x04, 0x05, 0x03, 0x00, 0x00, 0x02, 0x04, 0x04, 0x02, 0x00, 0x00, 0x03, 
    0x05, 0x05, 0x02, 0x00, 0x00, 0x03, 0x03, 0x04, 0x03, 0x00, 0x00, 0x01, 
    0x02, 0x02, 0x02, 0x00, 0x00, 0x03, 0x05, 0x05, 0x02, 0x00, 0x00, 0x02, 
    0x04, 0x04, 0x03, 0x00, 0x00, 0x01, 0x02, 0x02, 0x02, 0x00, 0x00, 0x02, 
    0x03, 0x05, 0x0a, 0x00, 0x00, 0x03, 0x05, 0x04, 0x03, 0x00, 0x00, 0x08, 
    0x05, 0x03, 0x02, 0x01, 0x01, 0x02, 0x02, 0x02, 0x01, 0x00, 0x00, 0x0f, 
    0x04, 0x05, 0x10, 0x00, 0x00, 0x02, 0x01, 0x02, 0x04, 0x03, 0x03, 0x05, 
    0x03, 0x03, 0x02, 0x00, 0x00, 0x02, 0x02, 0x02, 0x01, 0x00, 0x00, 0x02, 
    0x01, 0x03, 0x0e, 0x00, 0x00, 0x02, 0x02, 0x02, 0x02, 0x00, 0x00, 0x01, 
    0x01, 0x04, 0x0e, 0x00, 0x00, 0x01, 0x02, 0x03, 0x01, 0x00, 0x00, 0x01, 
    0x02, 0x05, 0x0c, 0x00, 0x00, 0x01, 0x02, 0x03, 0x16, 0x00, 0x00, 0x08, 
    0x04, 0x01, 0x02, 0x00, 0x00, 0x01, 0x02, 0x03, 0x01, 0x00, 0x00, 0x02, 
    0x04, 0x04, 0x03, 0x00, 0x00, 0x01, 0x02, 0x03, 0x01, 0x00, 0x00, 0x01, 
    0x02, 0x04, 0x08, 0x00, 0x00, 0x01, 0x01, 0x02, 0x01, 0x00, 0x00, 0x02, 
    0x02, 0x02, 0x01, 0x00, 0x00, 0x02, 0x02, 0x03, 0x01, 0x00, 0x00, 0x01, 
    0xf2, 0x04, 0x03, 0x00, 0x00, 0x01, 0x02, 0x02, 0x02, 0x00, 0x00, 0x02, 
    0x02, 0x02, 0x02, 0x00, 0x00, 0x01, 0x01, 0x04, 0x06, 0x00, 0x00, 0x02, 
    0x02, 0x02, 0x01, 0x00, 0x00, 0x02, 0x02, 0x02, 0x02, 0x00, 0x00, 0x01, 
    0x02, 0x04, 0x05, 0x00, 0x00, 0x02, 0x06, 0x05, 0x02, 0x00, 0x00, 0x02, 
    0x01, 0x02, 0x02, 0x02, 0x02, 0x02, 0x00, 0x00, 0x02, 0x02, 0x02, 0x01, 
    0x00, 0x00, 0x02, 0x02, 0x02, 0x02, 0x00, 0x00, 0x02, 0x02, 0x02, 0x01, 
    0x00, 0x00, 0x03, 0x04, 0x03, 0x03, 0x00, 0x00, 0x02, 0x02, 0x02, 0x01, 
    0x00, 0x00, 0x02, 0x02, 0x02, 0x02, 0x00, 0x00, 0x02, 0x04, 0x03, 0x03, 
    0x00, 0x00, 0x02, 0x02, 0x02, 0x02, 0x00, 0x00, 0x02, 0x04, 0x04, 0x02, 
    0x00, 0x00, 0x02, 0x02, 0x02, 0x02, 0x00, 0x00, 0x01, 0x02, 0x03, 0x01, 
    0x00, 0x00, 0x03, 0x03, 0x04, 0x03, 0x00, 0x00, 0x02, 0x05, 0x05, 0x03, 
    0x00, 0x00, 0x02, 0x04, 0x03, 0x03, 0x01, 0x01, 0x03, 0x04, 0x03, 0x03, 
    0x00, 0x00, 0x03, 0x03, 0x05, 0x09, 0x00, 0x00, 0x03, 0x05, 0x05, 0x02, 
    0x00, 0x00, 0x03, 0x07, 0x05, 0x05, 0x00, 0x00, 0x03, 0x03, 0x04, 0x03, 
    0x01, 0x01, 0x03, 0x03, 0x04, 0x02, 0x00, 0x00, 0x04, 0x12, 0x12, 0x04, 
    0x04, 0x03, 0x02, 0x00, 0x00, 0x01, 0x03, 0x02, 0x01, 0x00, 0x00, 0x01, 
    0x02, 0x02, 0x02, 0x00, 0x00, 0x03, 0x03, 0x04, 0x03, 0x00, 0x00, 0x01, 
    0x02, 0x03, 0x01, 0x00, 0x00, 0x01, 0x03, 0x02, 0x02, 0x00, 0x00, 0x01, 
    0x02, 0x03, 0x01, 0x00, 0x00, 0x01, 0x02, 0x01, 0x01, 0x00, 0x00, 0x01, 
    0x03, 0x03, 0x01, 0x00, 0x00, 0x00, 0x03, 0x03, 0x01, 0x00, 0x00, 0x01, 
    0x03, 0x03, 0x01, 0x00, 0x00, 0x01, 0x03, 0x03, 0x01, 0x00, 0x00, 0x01, 
    0x03, 0x03, 0x00, 0x00, 0x00, 0x01, 0x03, 0x03, 0x01, 0x00, 0x00, 0x01, 
    0x01, 0x02, 0x01, 0x00, 0x00, 0x01, 0x03, 0x02, 0x01, 0x00, 0x00, 0x02, 
    0x02, 0x03, 0x01, 0x00, 0x00, 0x01, 0x03, 0x02, 0x01, 0x00, 0x00, 0x03, 
    0x04, 0x03, 0x03, 0x00, 0x00, 0x01, 0x03, 0x02, 0x01, 0x00, 0x00, 0x01, 
    0x02, 0x03, 0x01, 0x00, 0x00, 0x02, 0x03, 0x04, 0x04, 0x12, 0x12, 0x04, 
    0x00, 0x00, 0x02, 0x04, 0x03, 0x03, 0x01, 0x01, 0x03, 0x04, 0x03, 0x03, 
    0x00, 0x00, 0x05, 0x05, 0x07, 0x03, 0x00, 0x00, 0x02, 0x05, 0x05, 0x03, 
    0x00, 0x00, 0x09, 0x05, 0x03, 0x03, 0x01, 0x01, 0x03, 0x04, 0x03, 0x03, 
    0x00, 0x00, 0x03, 0x03, 0x04, 0x02, 0x00, 0x00, 0x03, 0x05, 0x05, 0x02, 
    0x00, 0x00, 0x03, 0x02, 0x03, 0x05, 0x03, 0x04, 0x03, 0x02, 0x01, 0x02, 
    0x00, 0x00, 0x02, 0x04, 0x04, 0x02, 0x00, 0x00, 0x02, 0x02, 0x02, 0x02, 
    0x01, 0x00, 0x03, 0x03, 0x03, 0x02, 0x00, 0x00, 0x02, 0x02, 0x02, 0x02, 
    0x00, 0x00, 0x01, 0x02, 0x02, 0x02, 0x00, 0x00, 0x02, 0x03, 0x03, 0x05, 
    0x03, 0x03, 0x04, 0x02, 0x01, 0x02, 0x00, 0x00, 0x01, 0x02, 0x02, 0x02, 
    0x00, 0x00, 0x0f, 0x06, 0x05, 0x02, 0x00, 0x00, 0x0c, 0x05, 0x01, 0x02, 
    0x00, 0x00, 0x01, 0x02, 0x02, 0x02, 0x00, 0x00, 0x0e, 0x03, 0x02, 0x01, 
    0x00, 0x00, 0x02, 0x02, 0x02, 0x01, 0x00, 0x00, 0x03, 0x04, 0x05, 0x01, 
    0x00, 0x00, 0x01, 0x01, 0xdd, 0x02, 0x02, 0x00, 0x00, 0x02, 0x04, 0x04, 
    0x02, 0x00, 0x00, 0x03, 0x08, 0x09, 0x04, 0x05, 0x03, 0x04, 0x01, 0x02, 
    0x01, 0x00, 0x00, 0x02, 0x02, 0x03, 0x01, 0x00, 0x00, 0x01, 0x01, 0x01, 
    0x02, 0x00, 0x00, 0x01, 0x02, 0x03, 0x01, 0x00, 0x00, 0x01, 0x03, 0x02, 
    0x01, 0x00, 0x00, 0x02, 0x02, 0x02, 0x02, 0x00, 0x00, 0x01, 0x01, 0x02, 
    0x01, 0x00, 0x00, 0x01, 0x03, 0x02, 0x01, 0x00, 0x00, 0x02, 0x02, 0x02, 
    0x02, 0x00, 0x00, 0x02, 0x02, 0x02, 0x01, 0x00, 0x00, 0x02, 0x02, 0x02, 
    0x03, 0x01, 0x02, 0x01, 0x00, 0x00, 0x02, 0x05, 0x07, 0x01, 0x00, 0x00, 
    0x01, 0x01, 0x02, 0x01, 0x00, 0x00, 0x01, 0x02, 0x01, 0x01, 0x00, 0x00, 
    0x01, 0x02, 0x02, 0x03, 0x04, 0x04, 0x04, 0x09, 0x08, 0x03, 0x00, 0x00, 
    0x02, 0x04, 0x04, 0x03, 0x00, 0x00, 0x01, 0x02, 0x02, 0x02, 0x00, 0x00, 
    0x02, 0x02, 0x02, 0x02, 0x00, 0x00, 0x01, 0x02, 0x02, 0x02, 0x00, 0x00, 
    0x03, 0x03, 0x04, 0x02, 0x00, 0x00, 0x02, 0x02, 0x02, 0x02, 0x00, 0x00, 
    0x02, 0x02, 0x02, 0x01, 0x00, 0x00, 0x03, 0x04, 0x03, 0x03, 0x00, 0x00, 
    0x01, 0x03, 0x02, 0x01, 0x00, 0x00, 0x02, 0x02, 0x03, 0x01, 0x00, 0x00, 
    0x01, 0x03, 0x02, 0x01, 0x00, 0x00, 0x01, 0x02, 0x01, 0x01, 0x00, 0x00, 
    0x01, 0x03, 0x03, 0x01, 0x00, 0x00, 0x01, 0x03, 0x03, 0x01, 0x00, 0x00, 
    0x01, 0x01, 0x02, 0x01, 0x00, 0x00, 0x01, 0x02, 0x03, 0x01, 0x00, 0x00, 
    0x01, 0x03, 0x02, 0x02, 0x00, 0x00, 0x01, 0x02, 0x02, 0x02, 0x00, 0x00, 
    0x03, 0x03, 0x04, 0x03, 0x00, 0x00, 0x01, 0x02, 0x02, 0x02, 0x00, 0x00, 
    0x02, 0x02, 0x02, 0x02, 0x00, 0x00, 0x02, 0x04, 0x03, 0x03, 0x00, 0x00, 
    0x02, 0x02, 0x02, 0x01, 0x00, 0x00, 0x02, 0x02, 0x02, 0x02, 0x00, 0x00, 
    0x02, 0x02, 0x02, 0x01, 0x00, 0x00, 0x03, 0x03, 0x02, 0x03, 0x01, 0x01, 
    0x04, 0x08, 0x08, 0x04, 0x04, 0x04, 0x03, 0x02, 0x02, 0x01, 0x00, 0x00, 
    0x01, 0x01, 0x02, 0x01, 0x00, 0x00, 0x01, 0x02, 0x01, 0x01, 0x00, 0x00, 
    0x01, 0x06, 0x06, 0x0f, 0x00, 0x00, 0x01, 0x02, 0x02, 0x02, 0x00, 0x00, 
    0x01, 0x02, 0x04, 0x08, 0x00, 0x00, 0x01, 0x02, 0x01, 0x01, 0x00, 0x00, 
    0x02, 0x02, 0x02, 0x02, 0x00, 0x00, 0x01, 0x02, 0x03, 0x01, 0x00, 0x00, 
    0x02, 0x02, 0x02, 0x01, 0x00, 0x00, 0x02, 0x01, 0x01, 0x01, 0x00, 0x00, 
    0x01, 0x03, 0x02, 0x02, 0x00, 0x00, 0x01, 0x02, 0x01, 0x04, 0x03, 0x05, 
    0x04, 0x09, 0x08, 0x03, 0x00, 0x00, 0x02, 0x04, 0x04, 0x02, 0x00, 0x00, 
    0x02, 0x02, 0x03, 0x01, 0x00, 0x00, 0x01, 0xfe, 0x83, 0x03, 0x03, 0x00, 
    0x00, 0x02, 0x02, 0x02, 0x01, 0x00, 0x00, 0x01, 0x02, 0x03, 0x0e, 0x00, 
    0x00, 0x02, 0x02, 0x02, 0x02, 0x00, 0x00, 0x01, 0x01, 0x02, 0x04, 0x03, 
    0x03, 0x05, 0x03, 0x03, 0x02, 0x00, 0x00, 0x02, 0x02, 0x02, 0x02, 0x00, 
    0x00, 0x01, 0x02, 0x03, 0x01, 0x00, 0x00, 0x07, 0x07, 0x04, 0x02, 0x00, 
    0x00, 0x02, 0x02, 0x02, 0x02, 0x00, 0x00, 0x02, 0x03, 0x03, 0x04, 0x04, 
    0x03, 0x05, 0x03, 0x03, 0x02, 0x00, 0x00, 0x03, 0x05, 0x05, 0x02, 0x00, 
    0x00, 0x03, 0x05, 0x07, 0x00, 0x00, 0x01, 0x01, 0x02, 0x01, 0x00, 0x00, 
    0x01, 0x03, 0x03, 0x00, 0x00, 0x00, 0x00, 0x03, 0x03, 0x01, 0x00, 0x00, 
    0x01, 0x02, 0x01, 0x01, 0x00, 0x00, 0x07, 0x05, 0x03, 0x00, 0x00, 0x02, 
    0x05, 0x05, 0x03, 0x00, 0x00, 0x03, 0x03, 0x04, 0x02, 0x00, 0x00, 0x02, 
    0x02, 0x02, 0x02, 0x00, 0x00, 0x02, 0x04, 0x04, 0x02, 0x00, 0x00, 0x02, 
    0x02, 0x02, 0x02, 0x00, 0x00, 0x02, 0x04, 0x07, 0x07, 0x00, 0x00, 0x01, 
    0x03, 0x02, 0x01, 0x00, 0x00, 0x02, 0x02, 0x02, 0x02, 0x00, 0x00, 0x02, 
    0x04, 0x03, 0x03, 0x00, 0x00, 0x02, 0x02, 0x02, 0x02, 0x00, 0x00, 0x01, 
    0x02, 0x03, 0x01, 0x00, 0x00, 0x02, 0x02, 0x02, 0x02, 0x00, 0x00, 0x06, 
    0x03, 0x02, 0x01, 0x00, 0x00, 0x02, 0x02, 0x02, 0x02, 0x00, 0x00, 0x01, 
    0x02, 0x02, 0x02, 0x00, 0x00, 0x03, 0x03, 0x06, 0x01, 0x00, 0x00, 0x02, 
    0x00, 0x04, 0x01, 0x1a, 0xff, 0x78, 0x07, 0x1e, 0x05, 0x7f, 0x02, 0x1d, 
    0x02, 0x86, 0x06, 0x09, 0x09, 0x62, 0x00, 0x00, 0x05, 0x36, 0x26, 0x27, 
    0x26, 0x36, 0x13, 0x12, 0x26, 0x27, 0x2e, 0x01, 0x37, 0x36, 0x26, 0x27, 
    0x2e, 0x01, 0x37, 0x36, 0x26, 0x27, 0x2e, 0x01, 0x37, 0x36, 0x26, 0x27, 
    0x2e, 0x01, 0x37, 0x36, 0x26, 0x27, 0x2e, 0x01, 0x37, 0x36, 0x26, 0x27, 
    0x2e, 0x01, 0x37, 0x36, 0x26, 0x27, 0x2e, 0x01, 0x37, 0x36, 0x26, 0x27, 
    0x2e, 0x01, 0x37, 0x36, 0x26, 0x27, 0x2e, 0x01, 0x37, 0x36, 0x26, 0x27, 
    0x2e, 0x01, 0x37, 0x36, 0x26, 0x27, 0x2e, 0x01, 0x37, 0x36, 0x26, 0x27, 
    0x2e, 0x01, 0x37, 0x36, 0x26, 0x27, 0x2e, 0x01, 0x27, 0x2e, 0x01, 0x27, 
    0x2e, 0x01, 0x37, 0x36, 0x26, 0x27, 0x2e, 0x01, 0x37, 0x36, 0x26, 0x27, 
    0x2e, 0x01, 0x37, 0x36, 0x26, 0x27, 0x2e, 0x01, 0x37, 0x36, 0x26, 0x27, 
    0x2e, 0x01, 0x37, 0x36, 0x26, 0x27, 0x2e, 0x01, 0x37, 0x3e, 0x01, 0x27, 
    0x2e, 0x01, 0x37, 0x3e, 0x01, 0x37, 0x3e, 0x01, 0x37, 0x3e, 0x01, 0x37, 
    0x3e, 0x01, 0x37, 0x3e, 0x01, 0x37, 0x3e, 0x01, 0x37, 0x3e, 0x01, 0x37, 
    0x3e, 0x01, 0x37, 0x3e, 0x01, 0x37, 0x3e, 0x01, 0x37, 0x3e, 0x01, 0x37, 
    0x3e, 0x01, 0x37, 0x3e, 0x01, 0x37, 0x3e, 0x01, 0x37, 0x3e, 0x01, 0x37, 
    0x3e, 0x01, 0x37, 0x3e, 0x01, 0x37, 0x3e, 0x01, 0x37, 0x3e, 0x01, 0x37, 
    0x3e, 0x01, 0x37, 0x3e, 0x01, 0x37, 0x3e, 0x01, 0x37, 0x3e, 0x01, 0x37, 
    0x3e, 0x01, 0x37, 0x3e, 0x01, 0x37, 0x3e, 0x01, 0x37, 0x3e, 0x01, 0x37, 
    0x3e, 0x01, 0x37, 0x3e, 0x01, 0x37, 0x3e, 0x01, 0x37, 0x3e, 0x01, 0x37, 
    0x3e, 0x01, 0x37, 0x3e, 0x01, 0x37, 0x3e, 0x01, 0x37, 0x3e, 0x01, 0x37, 
    0x3e, 0x01, 0x37, 0x3e, 0x01, 0x37, 0x3e, 0x01, 0x37, 0x3e, 0x01, 0x37, 
    0x3e, 0x01, 0x37, 0x3e, 0x01, 0x37, 0x36, 0x16, 0x17, 0x1e, 0x01, 0x37, 
    0x36, 0x16, 0x17, 0x1e, 0x01, 0x37, 0x36, 0x16, 0x17, 0x1e, 0x01, 0x37, 
    0x36, 0x16, 0x17, 0x1e, 0x01, 0x37, 0x36, 0x16, 0x17, 0x1e, 0x01, 0x37, 
    0x36, 0x16, 0x17, 0x1e, 0x01, 0x37, 0x36, 0x16, 0x17, 0x1e, 0x01, 0x37, 
    0x36, 0x16, 0x17, 0x1e, 0x01, 0x37, 0x36, 0x16, 0x17, 0x1e, 0x01, 0x37, 
    0x36, 0x16, 0x17, 0x1e, 0x01, 0x37, 0x36, 0x16, 0x17, 0x1e, 0x01, 0x37, 
    0x36, 0x16, 0x17, 0x1e, 0x01, 0x37, 0x36, 0x16, 0x17, 0x1e, 0x01, 0x37, 
    0x36, 0x16, 0x17, 0x1e, 0x01, 0x37, 0x36, 0x16, 0x17, 0x1e, 0x01, 0x37, 
    0x36, 0x16, 0x17, 0x1e, 0x01, 0x37, 0x36, 0x16, 0x17, 0x1e, 0x01, 0x37, 
    0x36, 0x16, 0x17, 0x1e, 0x01, 0x37, 0x36, 0x16, 0x17, 0x1e, 0x01, 0x37, 
    0x36, 0x16, 0x17, 0x1e, 0x01, 0x37, 0x36, 0x16, 0x17, 0x16, 0x06, 0x27, 
    0x26, 0x06, 0x17, 0x1e, 0x01, 0x27, 0x26, 0x06, 0x17, 0x16, 0x06, 0x27, 
    0x26, 0x06, 0x17, 0x16, 0x06, 0x27, 0x26, 0x06, 0x17, 0x16, 0x06, 0x27, 
    0x26, 0x06, 0x17, 0x16, 0x06, 0x27, 0x26, 0x06, 0x17, 0x16, 0x06, 0x07, 
    0x0e, 0x01, 0x17, 0x16, 0x06, 0x27, 0x26, 0x06, 0x17, 0x16, 0x06, 0x27, 
    0x26, 0x06, 0x17, 0x16, 0x06, 0x27, 0x26, 0x06, 0x17, 0x16, 0x06, 0x27, 
    0x26, 0x06, 0x17, 0x16, 0x06, 0x27, 0x26, 0x06, 0x17, 0x16, 0x06, 0x27, 
    0x26, 0x06, 0x17, 0x16, 0x06, 0x27, 0x26, 0x06, 0x17, 0x16, 0x06, 0x27, 
    0x26, 0x06, 0x17, 0x16, 0x06, 0x27, 0x26, 0x06, 0x07, 0x0e, 0x01, 0x27, 
    0x26, 0x06, 0x17, 0x16, 0x06, 0x27, 0x26, 0x06, 0x17, 0x16, 0x06, 0x27, 
    0x26, 0x06, 0x1f, 0x01, 0x37, 0x36, 0x16, 0x17, 0x1e, 0x01, 0x37, 0x36, 
    0x16, 0x17, 0x16, 0x06, 0x27, 0x26, 0x06, 0x17, 0x16, 0x06, 0x2f, 0x01, 
    0x1f, 0x01, 0x37, 0x3e, 0x01, 0x17, 0x1e, 0x01, 0x37, 0x36, 0x16, 0x17, 
    0x16, 0x06, 0x27, 0x26, 0x06, 0x17, 0x16, 0x26, 0x2f, 0x01, 0x17, 0x1e, 
    0x01, 0x27, 0x26, 0x06, 0x17, 0x16, 0x06, 0x27, 0x2e, 0x01, 0x13, 0x3e, 
    0x01, 0x37, 0x3e, 0x01, 0x37, 0x3e, 0x01, 0x37, 0x3e, 0x01, 0x37, 0x3e, 
    0x01, 0x37, 0x3e, 0x01, 0x37, 0x3e, 0x01, 0x37, 0x3e, 0x01, 0x37, 0x36, 
    0x26, 0x27, 0x2e, 0x01, 0x37, 0x36, 0x26, 0x27, 0x2e, 0x01, 0x27, 0x2e, 
    0x01, 0x27, 0x2e, 0x01, 0x27, 0x2e, 0x01, 0x27, 0x2e, 0x01, 0x27, 0x2e, 
    0x01, 0x07, 0x0e, 0x01, 0x27, 0x26, 0x06, 0x07, 0x0e, 0x01, 0x27, 0x26, 
    0x06, 0x17, 0x16, 0x06, 0x27, 0x0e, 0x01, 0x17, 0x16, 0x06, 0x07, 0x26, 
    0x06, 0x17, 0x1e, 0x01, 0x17, 0x1e, 0x01, 0x17, 0x1e, 0x01, 0x37, 0x36, 
    0x16, 0x17, 0x1e, 0x01, 0x37, 0x36, 0x16, 0x17, 0x1e, 0x01, 0x37, 0x36, 
    0x16, 0x17, 0x1e, 0x01, 0x37, 0x3e, 0x01, 0x01, 0x36, 0x26, 0x27, 0x2e, 
    0x01, 0x37, 0x36, 0x26, 0x27, 0x2e, 0x01, 0x37, 0x36, 0x26, 0x27, 0x2e, 
    0x01, 0x37, 0x36, 0x26, 0x27, 0x2e, 0x01, 0x37, 0x36, 0x26, 0x27, 0x2e, 
    0x01, 0x37, 0x36, 0x26, 0x27, 0x2e, 0x01, 0x37, 0x36, 0x26, 0x27, 0x2e, 
    0x01, 0x37, 0x36, 0x26, 0x27, 0x2e, 0x01, 0x37, 0x36, 0x26, 0x27, 0x2e, 
    0x01, 0x37, 0x36, 0x26, 0x27, 0x2e, 0x01, 0x37, 0x36, 0x26, 0x27, 0x2e, 
    0x01, 0x37, 0x36, 0x26, 0x27, 0x2e, 0x01, 0x37, 0x36, 0x26, 0x27, 0x2e, 
    0x01, 0x37, 0x36, 0x26, 0x27, 0x2e, 0x01, 0x37, 0x36, 0x26, 0x27, 0x2e, 
    0x01, 0x37, 0x36, 0x26, 0x27, 0x2e, 0x01, 0x37, 0x36, 0x26, 0x27, 0x2e, 
    0x01, 0x37, 0x36, 0x26, 0x27, 0x2e, 0x01, 0x37, 0x36, 0x26, 0x27, 0x2e, 
    0x01, 0x37, 0x36, 0x26, 0x27, 0x2e, 0x01, 0x37, 0x36, 0x26, 0x27, 0x2e, 
    0x01, 0x37, 0x36, 0x26, 0x27, 0x2e, 0x01, 0x37, 0x36, 0x26, 0x27, 0x2e, 
    0x01, 0x37, 0x36, 0x26, 0x27, 0x2e, 0x01, 0x37, 0x36, 0x26, 0x27, 0x2e, 
    0x01, 0x37, 0x36, 0x26, 0x27, 0x2e, 0x01, 0x37, 0x36, 0x26, 0x27, 0x2e, 
    0x01, 0x37, 0x36, 0x26, 0x27, 0x2e, 0x01, 0x37, 0x36, 0x26, 0x27, 0x2e, 
    0x01, 0x37, 0x36, 0x26, 0x27, 0x2e, 0x01, 0x37, 0x36, 0x26, 0x27, 0x2e, 
    0x01, 0x37, 0x36, 0x26, 0x27, 0x2e, 0x01, 0x37, 0x36, 0x26, 0x27, 0x2e, 
    0x01, 0x37, 0x36, 0x26, 0x27, 0x2e, 0x01, 0x37, 0x36, 0x26, 0x27, 0x2e, 
    0x01, 0x37, 0x36, 0x26, 0x27, 0x2e, 0x01, 0x37, 0x3e, 0x01, 0x37, 0x3e, 
    0x01, 0x37, 0x3e, 0x01, 0x37, 0x3e, 0x01, 0x37, 0x3e, 0x01, 0x37, 0x3e, 
    0x01, 0x37, 0x3e, 0x01, 0x37, 0x3e, 0x01, 0x37, 0x3e, 0x01, 0x37, 0x3e, 
    0x01, 0x37, 0x3e, 0x01, 0x37, 0x3e, 0x01, 0x37, 0x3e, 0x01, 0x37, 0x3e, 
    0x01, 0x37, 0x3e, 0x01, 0x37, 0x3e, 0x01, 0x37, 0x3e, 0x01, 0x37, 0x3e, 
    0x01, 0x37, 0x3e, 0x01, 0x37, 0x3e, 0x01, 0x37, 0x3e, 0x01, 0x37, 0x3e, 
    0x01, 0x37, 0x3e, 0x01, 0x37, 0x3e, 0x01, 0x37, 0x3e, 0x01, 0x37, 0x3e, 
    0x01, 0x37, 0x3e, 0x01, 0x37, 0x3e, 0x01, 0x37, 0x3e, 0x01, 0x37, 0x3e, 
    0x01, 0x37, 0x3e, 0x01, 0x37, 0x3e, 0x01, 0x37, 0x3e, 0x01, 0x37, 0x3e, 
    0x01, 0x37, 0x3e, 0x01, 0x37, 0x3e, 0x01, 0x37, 0x3e, 0x01, 0x37, 0x3e, 
    0x01, 0x37, 0x3e, 0x01, 0x37, 0x3e, 0x01, 0x37, 0x3e, 0x01, 0x37, 0x3e, 
    0x01, 0x37, 0x3e, 0x01, 0x37, 0x3e, 0x01, 0x37, 0x3e, 0x01, 0x37, 0x3e, 
    0x01, 0x37, 0x3e, 0x01, 0x37, 0x3e, 0x01, 0x37, 0x3e, 0x01, 0x37, 0x3e, 
    0x01, 0x37, 0x3e, 0x01, 0x37, 0x3e, 0x01, 0x37, 0x3e, 0x01, 0x37, 0x3e, 
    0x01, 0x37, 0x3e, 0x01, 0x37, 0x3e, 0x01, 0x37, 0x3e, 0x01, 0x37, 0x3e, 
    0x01, 0x37, 0x3e, 0x01, 0x37, 0x3e, 0x01, 0x37, 0x3e, 0x01, 0x37, 0x3e, 
    0x01, 0x37, 0x3e, 0x01, 0x37, 0x3e, 0x01, 0x37, 0x3e, 0x01, 0x37, 0x3e, 
    0x01, 0x37, 0x3e, 0x01, 0x37, 0x3e, 0x01, 0x37, 0x3e, 0x01, 0x37, 0x3e, 
    0x01, 0x37, 0x3e, 0x01, 0x37, 0x3e, 0x01, 0x37, 0x3e, 0x01, 0x37, 0x3e, 
    0x01, 0x37, 0x3e, 0x01, 0x37, 0x3e, 0x01, 0x37, 0x3e, 0x01, 0x37, 0x3e, 
    0x01, 0x37, 0x3e, 0x01, 0x37, 0x36, 0x16, 0x17, 0x1e, 0x01, 0x37, 0x36, 
    0x16, 0x17, 0x16, 0x06, 0x27, 0x26, 0x06, 0x17, 0x16, 0x06, 0x27, 0x26, 
    0x06, 0x17, 0x16, 0x06, 0x27, 0x26, 0x06, 0x17, 0x16, 0x06, 0x27, 0x0e, 
    0x01, 0x17, 0x16, 0x06, 0x27, 0x26, 0x06, 0x17, 0x16, 0x06, 0x27, 0x26, 
    0x06, 0x17, 0x16, 0x06, 0x27, 0x26, 0x06, 0x17, 0x16, 0x06, 0x27, 0x26, 
    0x06, 0x17, 0x16, 0x06, 0x27, 0x26, 0x06, 0x17, 0x16, 0x06, 0x27, 0x26, 
    0x06, 0x17, 0x16, 0x06, 0x27, 0x26, 0x06, 0x17, 0x16, 0x06, 0x27, 0x26, 
    0x06, 0x17, 0x16, 0x06, 0x27, 0x26, 0x06, 0x17, 0x16, 0x06, 0x27, 0x26, 
    0x06, 0x17, 0x16, 0x06, 0x27, 0x26, 0x06, 0x17, 0x16, 0x06, 0x27, 0x26, 
    0x06, 0x17, 0x16, 0x06, 0x27, 0x26, 0x06, 0x17, 0x16, 0x06, 0x27, 0x26, 
    0x06, 0x17, 0x16, 0x06, 0x07, 0x0e, 0x01, 0x07, 0x16, 0x06, 0x27, 0x26, 
    0x06, 0x17, 0x16, 0x06, 0x27, 0x26, 0x06, 0x17, 0x16, 0x06, 0x27, 0x26, 
    0x06, 0x17, 0x16, 0x06, 0x27, 0x26, 0x06, 0x17, 0x16, 0x06, 0x27, 0x0e, 
    0x01, 0x17, 0x16, 0x06, 0x27, 0x26, 0x06, 0x17, 0x16, 0x06, 0x27, 0x26, 
    0x06, 0x17, 0x16, 0x06, 0x27, 0x26, 0x06, 0x17, 0x16, 0x06, 0x27, 0x26, 
    0x06, 0x17, 0x16, 0x06, 0x27, 0x26, 0x06, 0x17, 0x16, 0x06, 0x27, 0x26, 
    0x06, 0x17, 0x0e, 0x01, 0x27, 0x26, 0x06, 0x17, 0x16, 0x06, 0x07, 0x26, 
    0x06, 0x17, 0x16, 0x06, 0x27, 0x26, 0x06, 0x17, 0x16, 0x06, 0x27, 0x26, 
    0x06, 0x17, 0x1e, 0x01, 0x37, 0x36, 0x16, 0x17, 0x1e, 0x01, 0x37, 0x36, 
    0x16, 0x17, 0x1e, 0x01, 0x37, 0x36, 0x16, 0x17, 0x1e, 0x01, 0x17, 0x1e, 
    0x01, 0x17, 0x1e, 0x01, 0x37, 0x36, 0x16, 0x17, 0x1e, 0x01, 0x37, 0x36, 
    0x16, 0x17, 0x1e, 0x01, 0x37, 0x36, 0x16, 0x17, 0x1e, 0x01, 0x37, 0x36, 
    0x16, 0x17, 0x1e, 0x01, 0x37, 0x36, 0x16, 0x17, 0x1e, 0x01, 0x37, 0x36, 
    0x16, 0x17, 0x1e, 0x01, 0x37, 0x36, 0x16, 0x17, 0x1e, 0x01, 0x37, 0x36, 
    0x16, 0x17, 0x1e, 0x01, 0x37, 0x36, 0x16, 0x17, 0x1e, 0x01, 0x37, 0x36, 
    0x16, 0x17, 0x1e, 0x01, 0x37, 0x1e, 0x01, 0x17, 0x1e, 0x01, 0x37, 0x36, 
    0x16, 0x17, 0x1e, 0x01, 0x37, 0x36, 0x16, 0x17, 0x1e, 0x01, 0x37, 0x36, 
    0x16, 0x17, 0x1e, 0x01, 0x37, 0x36, 0x16, 0x17, 0x1e, 0x01, 0x17, 0x1e, 
    0x01, 0x17, 0x1e, 0x01, 0x37, 0x36, 0x16, 0x17, 0x1e, 0x01, 0x37, 0x36, 
    0x16, 0x17, 0x1e, 0x01, 0x37, 0x36, 0x16, 0x17, 0x1e, 0x01, 0x37, 0x36, 
    0x16, 0x17, 0x1e, 0x01, 0x37, 0x36, 0x16, 0x17, 0x1e, 0x01, 0x37, 0x36, 
    0x16, 0x17, 0x1e, 0x01, 0x17, 0x1e, 0x01, 0x17, 0x1e, 0x01, 0x37, 0x1e, 
    0x01, 0x17, 0x1e, 0x01, 0x37, 0x36, 0x16, 0x17, 0x1e, 0x01, 0x37, 0x36, 
    0x16, 0x17, 0x1e, 0x01, 0x37, 0x36, 0x16, 0x17, 0x1e, 0x01, 0x37, 0x36, 
    0x16, 0x17, 0x1e, 0x01, 0x37, 0x36, 0x16, 0x17, 0x1e, 0x01, 0x37, 0x36, 
    0x16, 0x17, 0x1e, 0x01, 0x37, 0x36, 0x16, 0x17, 0x1e, 0x01, 0x37, 0x36, 
    0x16, 0x17, 0x1e, 0x01, 0x37, 0x36, 0x16, 0x17, 0x1e, 0x01, 0x37, 0x36, 
    0x16, 0x1f, 0x01, 0x27, 0x2e, 0x01, 0x25, 0x3e, 0x01, 0x37, 0x3e, 0x01, 
    0x37, 0x3e, 0x01, 0x37, 0x3e, 0x01, 0x37, 0x3e, 0x01, 0x37, 0x3e, 0x01, 
    0x37, 0x3e, 0x01, 0x37, 0x3e, 0x01, 0x37, 0x3e, 0x01, 0x37, 0x3e, 0x01, 
    0x37, 0x3e, 0x01, 0x37, 0x3e, 0x01, 0x37, 0x3e, 0x01, 0x37, 0x3e, 0x01, 
    0x37, 0x3e, 0x01, 0x37, 0x3e, 0x01, 0x37, 0x3e, 0x01, 0x37, 0x3e, 0x01, 
    0x37, 0x3e, 0x01, 0x37, 0x3e, 0x01, 0x37, 0x3e, 0x01, 0x37, 0x3e, 0x01, 
    0x37, 0x3e, 0x01, 0x37, 0x3e, 0x01, 0x37, 0x3e, 0x01, 0x37, 0x3e, 0x01, 
    0x37, 0x3e, 0x01, 0x37, 0x3e, 0x01, 0x37, 0x3e, 0x01, 0x37, 0x3e, 0x01, 
    0x37, 0x3e, 0x01, 0x37, 0x3e, 0x01, 0x37, 0x3e, 0x01, 0x37, 0x3e, 0x01, 
    0x37, 0x3e, 0x01, 0x37, 0x3e, 0x01, 0x37, 0x3e, 0x01, 0x37, 0x3e, 0x01, 
    0x37, 0x3e, 0x01, 0x37, 0x3e, 0x01, 0x37, 0x3e, 0x01, 0x37, 0x3e, 0x01, 
    0x37, 0x3e, 0x01, 0x37, 0x3e, 0x01, 0x37, 0x3e, 0x01, 0x37, 0x3e, 0x01, 
    0x37, 0x3e, 0x01, 0x37, 0x3e, 0x01, 0x37, 0x3e, 0x01, 0x37, 0x3e, 0x01, 
    0x37, 0x3e, 0x01, 0x37, 0x3e, 0x01, 0x37, 0x3e, 0x01, 0x37, 0x3e, 0x01, 
    0x37, 0x3e, 0x01, 0x37, 0x3e, 0x01, 0x37, 0x3e, 0x01, 0x37, 0x3e, 0x01, 
    0x37, 0x3e, 0x01, 0x37, 0x3e, 0x01, 0x37, 0x3e, 0x01, 0x37, 0x3e, 0x01, 
    0x37, 0x3e, 0x01, 0x37, 0x3e, 0x01, 0x37, 0x3e, 0x01, 0x37, 0x3e, 0x01, 
    0x37, 0x3e, 0x01, 0x37, 0x3e, 0x01, 0x37, 0x3e, 0x01, 0x37, 0x3e, 0x01, 
    0x37, 0x3e, 0x01, 0x37, 0x3e, 0x01, 0x37, 0x36, 0x26, 0x27, 0x2e, 0x01, 
    0x37, 0x36, 0x26, 0x27, 0x2e, 0x01, 0x37, 0x36, 0x26, 0x27, 0x2e, 0x01, 
    0x37, 0x36, 0x26, 0x27, 0x2e, 0x01, 0x37, 0x36, 0x26, 0x27, 0x2e, 0x01, 
    0x37, 0x36, 0x26, 0x27, 0x2e, 0x01, 0x37, 0x36, 0x26, 0x27, 0x2e, 0x01, 
    0x37, 0x36, 0x26, 0x27, 0x2e, 0x01, 0x37, 0x36, 0x26, 0x27, 0x2e, 0x01, 
    0x37, 0x36, 0x26, 0x27, 0x2e, 0x01, 0x37, 0x36, 0x26, 0x27, 0x2e, 0x01, 
    0x37, 0x36, 0x26, 0x27, 0x2e, 0x01, 0x37, 0x36, 0x26, 0x27, 0x2e, 0x01, 
    0x37, 0x36, 0x26, 0x27, 0x2e, 0x01, 0x27, 0x2e, 0x01, 0x27, 0x2e, 0x01, 
    0x37, 0x36, 0x26, 0x27, 0x2e, 0x01, 0x37, 0x36, 0x26, 0x27, 0x2e, 0x01, 
    0x37, 0x36, 0x26, 0x27, 0x2e, 0x01, 0x37, 0x36, 0x26, 0x27, 0x2e, 0x01, 
    0x37, 0x36, 0x26, 0x27, 0x2e, 0x01, 0x37, 0x36, 0x26, 0x27, 0x2e, 0x01, 
    0x37, 0x36, 0x26, 0x27, 0x2e, 0x01, 0x37, 0x36, 0x26, 0x27, 0x2e, 0x01, 
    0x37, 0x36, 0x26, 0x27, 0x2e, 0x01, 0x27, 0x2e, 0x01, 0x27, 0x2e, 0x01, 
    0x37, 0x36, 0x26, 0x27, 0x2e, 0x01, 0x37, 0x36, 0x26, 0x27, 0x2e, 0x01, 
    0x37, 0x36, 0x26, 0x27, 0x2e, 0x01, 0x37, 0x36, 0x26, 0x27, 0x2e, 0x01, 
    0x37, 0x36, 0x26, 0x27, 0x2e, 0x01, 0x37, 0x36, 0x26, 0x27, 0x2e, 0x01, 
    0x37, 0x36, 0x26, 0x27, 0x2e, 0x01, 0x37, 0x36, 0x26, 0x27, 0x2e, 0x01, 
    0x37, 0x3e, 0x01, 0x37, 0x3e, 0x01, 0x37, 0x3e, 0x01, 0x37, 0x36, 0x16, 
    0x17, 0x1e, 0x01, 0x37, 0x36, 0x16, 0x17, 0x1e, 0x01, 0x37, 0x36, 0x16, 
    0x17, 0x1e, 0x01, 0x37, 0x36, 0x16, 0x17, 0x1e, 0x01, 0x37, 0x36, 0x16, 
    0x17, 0x1e, 0x01, 0x37, 0x36, 0x16, 0x17, 0x1e, 0x01, 0x37, 0x36, 0x16, 
    0x17, 0x1e, 0x01, 0x37, 0x36, 0x16, 0x17, 0x1e, 0x01, 0x37, 0x36, 0x16, 
    0x17, 0x1e, 0x01, 0x37, 0x36, 0x16, 0x17, 0x1e, 0x01, 0x37, 0x36, 0x16, 
    0x17, 0x1e, 0x01, 0x37, 0x36, 0x16, 0x17, 0x1e, 0x01, 0x37, 0x36, 0x16, 
    0x17, 0x1e, 0x01, 0x17, 0x1e, 0x01, 0x17, 0x1e, 0x01, 0x37, 0x36, 0x16, 
    0x17, 0x1e, 0x01, 0x37, 0x36, 0x16, 0x17, 0x1e, 0x01, 0x37, 0x36, 0x16, 
    0x17, 0x1e, 0x01, 0x37, 0x36, 0x16, 0x17, 0x1e, 0x01, 0x37, 0x36, 0x16, 
    0x17, 0x1e, 0x01, 0x37, 0x36, 0x16, 0x17, 0x1e, 0x01, 0x37, 0x36, 0x16, 
    0x17, 0x1e, 0x01, 0x37, 0x36, 0x16, 0x17, 0x1e, 0x01, 0x37, 0x36, 0x16, 
    0x17, 0x1e, 0x01, 0x37, 0x36, 0x16, 0x17, 0x1e, 0x01, 0x37, 0x36, 0x16, 
    0x17, 0x1e, 0x01, 0x37, 0x36, 0x16, 0x17, 0x1e, 0x01, 0x37, 0x36, 0x16, 
    0x17, 0x1e, 0x01, 0x17, 0x1e, 0x01, 0x17, 0x1e, 0x01, 0x37, 0x36, 0x16, 
    0x17, 0x1e, 0x01, 0x37, 0x36, 0x16, 0x17, 0x1e, 0x01, 0x37, 0x36, 0x16, 
    0x17, 0x1e, 0x01, 0x37, 0x36, 0x16, 0x17, 0x1e, 0x01, 0x37, 0x36, 0x16, 
    0x17, 0x1e, 0x01, 0x37, 0x36, 0x16, 0x17, 0x1e, 0x01, 0x37, 0x36, 0x16, 
    0x17, 0x1e, 0x01, 0x37, 0x36, 0x16, 0x17, 0x1e, 0x01, 0x37, 0x36, 0x16, 
    0x17, 0x1e, 0x01, 0x27, 0x26, 0x06, 0x17, 0x16, 0x06, 0x27, 0x26, 0x06, 
    0x17, 0x16, 0x06, 0x27, 0x26, 0x06, 0x17, 0x16, 0x06, 0x27, 0x26, 0x06, 
    0x17, 0x16, 0x06, 0x27, 0x26, 0x06, 0x17, 0x16, 0x06, 0x27, 0x26, 0x06, 
    0x17, 0x16, 0x06, 0x27, 0x26, 0x06, 0x17, 0x16, 0x06, 0x27, 0x26, 0x06, 
    0x17, 0x16, 0x06, 0x27, 0x26, 0x06, 0x17, 0x16, 0x06, 0x27, 0x26, 0x06, 
    0x17, 0x16, 0x06, 0x27, 0x26, 0x06, 0x17, 0x16, 0x06, 0x07, 0x26, 0x06, 
    0x07, 0x0e, 0x01, 0x27, 0x26, 0x06, 0x17, 0x16, 0x06, 0x27, 0x26, 0x06, 
    0x17, 0x16, 0x06, 0x27, 0x26, 0x06, 0x17, 0x16, 0x06, 0x27, 0x26, 0x06, 
    0x17, 0x16, 0x06, 0x27, 0x26, 0x06, 0x17, 0x16, 0x06, 0x27, 0x26, 0x06, 
    0x17, 0x16, 0x06, 0x27, 0x26, 0x06, 0x17, 0x16, 0x06, 0x07, 0x0e, 0x01, 
    0x17, 0x16, 0x06, 0x07, 0x0e, 0x01, 0x17, 0x16, 0x06, 0x27, 0x26, 0x06, 
    0x17, 0x16, 0x06, 0x27, 0x26, 0x06, 0x17, 0x16, 0x06, 0x27, 0x26, 0x06, 
    0x17, 0x16, 0x06, 0x07, 0x0e, 0x01, 0x17, 0x16, 0x06, 0x27, 0x26, 0x06, 
    0x17, 0x16, 0x06, 0x27, 0x26, 0x06, 0x17, 0x16, 0x06, 0x27, 0x26, 0x06, 
    0x17, 0x16, 0x06, 0x27, 0x26, 0x06, 0x17, 0x16, 0x06, 0x27, 0x26, 0x06, 
    0x17, 0x16, 0x06, 0x27, 0x26, 0x06, 0x17, 0x16, 0x06, 0x27, 0x26, 0x06, 
    0x17, 0x16, 0x06, 0x27, 0x26, 0x06, 0x17, 0x16, 0x06, 0x27, 0x26, 0x06, 
    0x17, 0x16, 0x06, 0x27, 0x26, 0x06, 0x17, 0x16, 0x26, 0x2f, 0x01, 0x03, 
    0xbc, 0x00, 0x02, 0x02, 0x03, 0x00, 0x00, 0x00, 0x01, 0x03, 0x02, 0x02, 
    0x00, 0x00, 0x02, 0x05, 0x05, 0x03, 0x00, 0x00, 0x02, 0x05, 0x05, 0x03, 
    0x00, 0x00, 0x04, 0x05, 0x05, 0x03, 0x00, 0x00, 0x02, 0x02, 0x02, 0x02, 
    0x00, 0x00, 0x02, 0x05, 0x05, 0x03, 0x00, 0x00, 0x01, 0x02, 0x03, 0x01, 
    0x00, 0x00, 0x02, 0x02, 0x02, 0x02, 0x00, 0x00, 0x01, 0x02, 0x02, 0x02, 
    0x00, 0x00, 0x02, 0x02, 0x02, 0x02, 0x00, 0x00, 0x01, 0x02, 0x02, 0x02, 
    0x00, 0x00, 0x02, 0x02, 0x02, 0x02, 0x00, 0x00, 0x01, 0x02, 0x03, 0x02, 
    0x01, 0x01, 0x02, 0x02, 0x02, 0x01, 0x00, 0x00, 0x02, 0x02, 0x02, 0x02, 
    0x00, 0x00, 0x01, 0x02, 0x03, 0x01, 0x00, 0x00, 0x01, 0x03, 0x02, 0x02, 
    0x00, 0x00, 0x01, 0x02, 0x03, 0x01, 0x00, 0x00, 0x01, 0x03, 0x03, 0x01, 
    0x00, 0x00, 0x00, 0x03, 0x03, 0x01, 0x00, 0x00, 0x01, 0x03, 0x03, 0x00, 
    0x00, 0x00, 0x01, 0x03, 0x03, 0x01, 0x00, 0x00, 0x01, 0x03, 0x02, 0x01, 
    0x00, 0x00, 0x02, 0x02, 0x03, 0x01, 0x00, 0x00, 0x01, 0x03, 0x02, 0x01, 
    0x00, 0x00, 0x02, 0x02, 0x03, 0x01, 0x00, 0x00, 0x01, 0x03, 0x02, 0x02, 
    0x01, 0x01, 0x02, 0x02, 0x02, 0x01, 0x00, 0x00, 0x02, 0x02, 0x03, 0x01, 
    0x00, 0x00, 0x01, 0x03, 0x02, 0x01, 0x00, 0x00, 0x02, 0x02, 0x02, 0x02, 
    0x00, 0x00, 0x02, 0x05, 0x05, 0x03, 0x00, 0x00, 0x01, 0x03, 0x02, 0x01, 
    0x00, 0x00, 0x02, 0x02, 0x02, 0x02, 0x00, 0x00, 0x02, 0x05, 0x05, 0x03, 
    0x00, 0x00, 0x01, 0x02, 0x02, 0x02, 0x01, 0x01, 0x04, 0x04, 0x05, 0x03, 
    0x00, 0x00, 0x02, 0x05, 0x05, 0x03, 0x00, 0x00, 0x03, 0x08, 0x08, 0x03, 
    0x00, 0x00, 0x03, 0x08, 0x07, 0x05, 0x00, 0x00, 0x1a, 0x30, 0x31, 0x1a, 
    0x00, 0x00, 0x05, 0x07, 0x08, 0x03, 0x00, 0x00, 0x03, 0x08, 0x08, 0x03, 
    0x00, 0x00, 0x03, 0x05, 0x04, 0x04, 0x01, 0x01, 0x03, 0x04, 0x05, 0x03, 
    0x00, 0x00, 0x01, 0x02, 0x02, 0x02, 0x00, 0x00, 0x03, 0x05, 0x05, 0x02, 
    0x00, 0x00, 0x02, 0x02, 0x02, 0x02, 0x00, 0x00, 0x01, 0x02, 0x02, 0x02, 
    0x00, 0x00, 0x03, 0x05, 0x05, 0x02, 0x00, 0x00, 0x02, 0x02, 0x02, 0x02, 
    0x00, 0x00, 0x01, 0x02, 0x02, 0x02, 0x00, 0x00, 0x02, 0x03, 0x03, 0x02, 
    0x00, 0x00, 0x02, 0x02, 0x02, 0x01, 0x00, 0x00, 0x02, 0x02, 0x03, 0x01, 
    0x00, 0x00, 0x01, 0x03, 0x02, 0x01, 0x00, 0x00, 0x02, 0x02, 0x03, 0x01, 
    0x00, 0x00, 0x01, 0x03, 0x03, 0x00, 0x00, 0x00, 0x01, 0x03, 0x03, 0x01, 
    0x00, 0x00, 0x01, 0x03, 0x03, 0x00, 0x00, 0x00, 0x01, 0x03, 0x03, 0x01, 
    0x00, 0x00, 0x01, 0x03, 0x03, 0x01, 0x00, 0x00, 0x00, 0x03, 0x03, 0x01, 
    0x00, 0x00, 0x01, 0x03, 0x02, 0x02, 0x00, 0x00, 0x01, 0x02, 0x03, 0x01, 
    0x00, 0x00, 0x01, 0x03, 0x02, 0x02, 0x00, 0x00, 0x01, 0x02, 0x02, 0x02, 
    0x00, 0x00, 0x02, 0x02, 0x02, 0x02, 0x00, 0x00, 0x0a, 0x05, 0x01, 0x01, 
    0x00, 0x00, 0x02, 0x02, 0x02, 0x01, 0x00, 0x00, 0x02, 0x02, 0x02, 0x02, 
    0x00, 0x00, 0x02, 0x02, 0x02, 0x01, 0x00, 0x00, 0x02, 0x02, 0x02, 0x02, 
    0x00, 0x00, 0x02, 0x02, 0x02, 0x01, 0x00, 0x00, 0x03, 0x05, 0x05, 0x02, 
    0x00, 0x00, 0x02, 0x02, 0x02, 0x02, 0x00, 0x00, 0x02, 0x02, 0x03, 0x05, 
    0x03, 0x03, 0x05, 0x03, 0x04, 0x02, 0x00, 0x00, 0x03, 0x05, 0x05, 0x02, 
    0x00, 0x00, 0x02, 0x02, 0x03, 0x01, 0x00, 0x00, 0x32, 0x2b, 0x07, 0x00, 
    0x00, 0x02, 0x02, 0x03, 0x01, 0x00, 0x00, 0x01, 0x03, 0x02, 0x02, 0x00, 
    0x00, 0x07, 0x2b, 0x32, 0x00, 0x00, 0x31, 0x2f, 0x02, 0x01, 0x01, 0x02, 
    0x02, 0x03, 0x01, 0x00, 0x00, 0x01, 0x03, 0x02, 0x02, 0x00, 0x00, 0x07, 
    0x2b, 0x32, 0x00, 0x00, 0x00, 0x04, 0x02, 0x01, 0x00, 0x00, 0x22, 0x40, 
    0x3f, 0x22, 0x6b, 0x00, 0x03, 0x05, 0x05, 0x02, 0x00, 0x00, 0x02, 0x02, 
    0x02, 0x02, 0x01, 0x01, 0x02, 0x02, 0x03, 0x01, 0x00, 0x00, 0x01, 0x03, 
    0x02, 0x01, 0x00, 0x00, 0x01, 0x02, 0x03, 0x01, 0x00, 0x00, 0x01, 0x03, 
    0x02, 0x02, 0x01, 0x01, 0x02, 0x05, 0x03, 0x03, 0x01, 0x01, 0x03, 0x03, 
    0x04, 0x03, 0x02, 0x02, 0x01, 0x02, 0x02, 0x03, 0x04, 0x03, 0x03, 0x01, 
    0x01, 0x03, 0x04, 0x05, 0x01, 0x00, 0x00, 0x02, 0x02, 0x02, 0x01, 0x00, 
    0x00, 0x02, 0x03, 0x04, 0x01, 0x00, 0x00, 0x01, 0x04, 0x03, 0x02, 0x00, 
    0x00, 0x01, 0x02, 0x02, 0x02, 0x00, 0x00, 0x02, 0x02, 0x02, 0x01, 0x00, 
    0x00, 0x03, 0x05, 0x05, 0x02, 0x00, 0x00, 0x03, 0x07, 0x08, 0x02, 0xfe, 
    0x1c, 0x00, 0x01, 0x02, 0x03, 0x01, 0x00, 0x00, 0x01, 0x03, 0x02, 0x02, 
    0x00, 0x00, 0x01, 0x02, 0x03, 0x01, 0x00, 0x00, 0x01, 0x01, 0x05, 0x0b, 
    0x00, 0x00, 0x01, 0x02, 0x02, 0x02, 0x00, 0x00, 0x02, 0x02, 0x02, 0x02, 
    0x00, 0x00, 0x01, 0x02, 0x03, 0x01, 0x00, 0x00, 0x01, 0x03, 0x02, 0x01, 
    0x00, 0x00, 0x02, 0x02, 0x03, 0x01, 0x00, 0x00, 0x02, 0x02, 0x02, 0x01, 
    0x00, 0x00, 0x02, 0x02, 0x03, 0x01, 0x00, 0x00, 0x01, 0x03, 0x02, 0x01, 
    0x00, 0x00, 0x02, 0x02, 0x02, 0x02, 0x00, 0x00, 0x02, 0x02, 0x02, 0x01, 
    0x00, 0x00, 0x02, 0x02, 0x04, 0x0a, 0x00, 0x00, 0x03, 0x04, 0x05, 0x03, 
    0x00, 0x00, 0x01, 0x03, 0x02, 0x01, 0x00, 0x00, 0x02, 0x02, 0x02, 0x02, 
    0x00, 0x00, 0x01, 0x03, 0x02, 0x01, 0x00, 0x00, 0x02, 0x02, 0x02, 0x02, 
    0x00, 0x00, 0x01, 0x03, 0x02, 0x01, 0x00, 0x00, 0x02, 0x02, 0x02, 0x02, 
    0x00, 0x00, 0x01, 0x02, 0x03, 0x01, 0x00, 0x00, 0x01, 0x03, 0x02, 0x02, 
    0x00, 0x00, 0x02, 0x03, 0x03, 0x02, 0x00, 0x00, 0x01, 0x02, 0x03, 0x01, 
    0x00, 0x00, 0x02, 0x02, 0x02, 0x02, 0x00, 0x00, 0x01, 0x02, 0x03, 0x01, 
    0x00, 0x00, 0x01, 0x03, 0x02, 0x02, 0x00, 0x00, 0x01, 0x02, 0x03, 0x01, 
    0x00, 0x00, 0x01, 0x03, 0x02, 0x02, 0x00, 0x00, 0x01, 0x02, 0x03, 0x01, 
    0x00, 0x00, 0x01, 0x03, 0x02, 0x02, 0x00, 0x00, 0x01, 0x02, 0x02, 0x02, 
    0x00, 0x00, 0x02, 0x02, 0x02, 0x02, 0x00, 0x00, 0x01, 0x01, 0x02, 0x01, 
    0x00, 0x00, 0x01, 0x02, 0x01, 0x01, 0x00, 0x00, 0x02, 0x02, 0x02, 0x02, 
    0x00, 0x00, 0x02, 0x02, 0x02, 0x01, 0x00, 0x00, 0x02, 0x02, 0x02, 0x02, 
    0x00, 0x00, 0x02, 0x02, 0x02, 0x01, 0x00, 0x00, 0x02, 0x02, 0x02, 0x02, 
    0x00, 0x00, 0x02, 0x02, 0x02, 0x01, 0x00, 0x00, 0x02, 0x02, 0x02, 0x02, 
    0x00, 0x00, 0x02, 0x02, 0x02, 0x01, 0x00, 0x00, 0x02, 0x02, 0x02, 0x02, 
    0x00, 0x00, 0x0a, 0x04, 0x02, 0x01, 0x00, 0x00, 0x02, 0x02, 0x02, 0x02, 
    0x00, 0x00, 0x01, 0x03, 0x02, 0x01, 0x00, 0x00, 0x01, 0x03, 0x02, 0x02, 
    0x00, 0x00, 0x01, 0x02, 0x03, 0x01, 0x00, 0x00, 0x01, 0x03, 0x02, 0x02, 
    0x00, 0x00, 0x01, 0x02, 0x03, 0x01, 0x00, 0x00, 0x02, 0x02, 0x02, 0x02, 
    0x00, 0x00, 0x01, 0x02, 0x02, 0x02, 0x00, 0x00, 0x02, 0x02, 0x02, 0x02, 
    0x00, 0x00, 0x01, 0x02, 0x02, 0x02, 0x00, 0x00, 0x02, 0x02, 0x02, 0x02, 
    0x00, 0x00, 0x01, 0x04, 0x02, 0x03, 0x00, 0x00, 0x01, 0x02, 0x02, 0x02, 
    0x00, 0x00, 0x02, 0x02, 0x02, 0x02, 0x00, 0x00, 0x01, 0x02, 0x02, 0x02, 
    0x00, 0x00, 0x02, 0x02, 0x02, 0x02, 0x00, 0x00, 0x01, 0x02, 0x02, 0x02, 
    0x00, 0x00, 0x02, 0x02, 0x02, 0x02, 0x00, 0x00, 0x01, 0x02, 0x02, 0x02, 
    0x00, 0x00, 0x02, 0x02, 0x02, 0x01, 0x00, 0x00, 0x02, 0x02, 0x03, 0x01, 
    0x00, 0x00, 0x01, 0x03, 0x02, 0x01, 0x00, 0x00, 0x02, 0x02, 0x02, 0x02, 
    0x00, 0x00, 0x03, 0x03, 0x02, 0x02, 0x00, 0x00, 0x02, 0x02, 0x02, 0x01, 
    0x00, 0x00, 0x02, 0x02, 0x02, 0x02, 0x00, 0x00, 0x02, 0x02, 0x02, 0x01, 
    0x00, 0x00, 0x02, 0x02, 0x02, 0x02, 0x00, 0x00, 0x09, 0x3d, 0x3c, 0x0a, 
    0x00, 0x00, 0x01, 0x02, 0x03, 0x01, 0x00, 0x00, 0x01, 0x03, 0x02, 0x01, 
    0x00, 0x00, 0x02, 0x02, 0x02, 0x02, 0x00, 0x00, 0x02, 0x02, 0x02, 0x01, 
    0x00, 0x00, 0x02, 0x02, 0x02, 0x02, 0x00, 0x00, 0x02, 0x02, 0x02, 0x01, 
    0x00, 0x00, 0x02, 0x02, 0x02, 0x02, 0x00, 0x00, 0x02, 0x02, 0x02, 0x01, 
    0x00, 0x00, 0x02, 0x02, 0x03, 0x01, 0x00, 0x00, 0x01, 0x03, 0x02, 0x01, 
    0x00, 0x00, 0x02, 0x02, 0x03, 0x01, 0x00, 0x00, 0x01, 0x01, 0x05, 0x0a, 
    0x00, 0x00, 0x02, 0x02, 0x02, 0x02, 0x00, 0x00, 0x01, 0x02, 0x03, 0x01, 
    0x00, 0x00, 0x02, 0x02, 0x02, 0x02, 0x00, 0x00, 0x01, 0x02, 0x03, 0x01, 
    0x00, 0x00, 0x02, 0x02, 0x02, 0x02, 0x00, 0x00, 0x01, 0x02, 0x02, 0x02, 
    0x00, 0x00, 0x02, 0x02, 0x02, 0x02, 0x00, 0x00, 0x02, 0x05, 0x04, 0x03, 
    0x01, 0x00, 0x12, 0x04, 0x01, 0x02, 0x00, 0x00, 0x01, 0x02, 0x02, 0x02, 
    0x00, 0x00, 0x02, 0x02, 0x02, 0x02, 0x00, 0x00, 0x01, 0x02, 0x02, 0x02, 
    0x00, 0x00, 0x02, 0x02, 0x02, 0x02, 0x00, 0x00, 0x01, 0x02, 0x02, 0x02, 
    0x00, 0x00, 0x02, 0x02, 0x02, 0x01, 0x00, 0x00, 0x02, 0x02, 0x03, 0x01, 
    0x00, 0x00, 0x01, 0x03, 0x02, 0x01, 0x00, 0x00, 0x02, 0x02, 0x03, 0x01, 
    0x00, 0x00, 0x01, 0x02, 0x02, 0x03, 0x00, 0x01, 0x02, 0x03, 0x02, 0x01, 
    0x00, 0x00, 0x02, 0x02, 0x02, 0x02, 0x00, 0x00, 0x02, 0x02, 0x02, 0x01, 
    0x00, 0x00, 0x02, 0x02, 0x02, 0x02, 0x00, 0x00, 0x02, 0x02, 0x02, 0x02, 
    0x00, 0x00, 0x01, 0x02, 0x02, 0x02, 0x00, 0x00, 0x02, 0x02, 0x02, 0x02, 
    0x00, 0x00, 0x02, 0x03, 0x03, 0x02, 0x00, 0x00, 0x01, 0x02, 0x02, 0x02, 
    0x00, 0x00, 0x02, 0x02, 0x02, 0x02, 0x00, 0x00, 0x01, 0x02, 0x02, 0x02, 
    0x00, 0x00, 0x02, 0x02, 0x02, 0x02, 0x00, 0x00, 0x01, 0x02, 0x02, 0x02, 
    0x00, 0x00, 0x02, 0x02, 0x02, 0x01, 0x00, 0x00, 0x02, 0x02, 0x03, 0x01, 
    0x00, 0x00, 0x01, 0x03, 0x02, 0x01, 0x00, 0x00, 0x02, 0x02, 0x03, 0x01, 
    0x00, 0x00, 0x01, 0x03, 0x02, 0x01, 0x00, 0x00, 0x03, 0x02, 0x04, 0x01, 
    0x00, 0x00, 0x02, 0x02, 0x02, 0x02, 0x00, 0x00, 0x02, 0x02, 0x02, 0x01, 
    0x00, 0x00, 0x02, 0x02, 0x03, 0x01, 0x00, 0x00, 0x01, 0x03, 0x02, 0x01, 
    0x00, 0x00, 0x02, 0x02, 0x02, 0x02, 0x00, 0x00, 0x01, 0x03, 0x02, 0x01, 
    0x00, 0x00, 0x02, 0x02, 0x03, 0x01, 0x00, 0x00, 0x01, 0x03, 0x02, 0x01, 
    0x00, 0x00, 0x02, 0x02, 0x03, 0x01, 0x00, 0x00, 0x01, 0x03, 0x02, 0x01, 
    0x00, 0x00, 0x02, 0x02, 0x02, 0x02, 0x00, 0x00, 0x02, 0x03, 0x03, 0x02, 
    0x00, 0x00, 0x01, 0x02, 0x03, 0x01, 0x00, 0x00, 0x02, 0x02, 0x02, 0x02, 
    0x00, 0x00, 0x01, 0x02, 0x02, 0x02, 0x00, 0x00, 0x02, 0x02, 0x02, 0x02, 
    0x00, 0x00, 0x01, 0x02, 0x02, 0x02, 0x00, 0x00, 0x02, 0x02, 0x02, 0x02, 
    0x00, 0x00, 0x01, 0x02, 0x03, 0x01, 0x00, 0x00, 0x01, 0x03, 0x02, 0x02, 
    0x00, 0x00, 0x01, 0x02, 0x03, 0x01, 0x00, 0x00, 0x01, 0x03, 0x02, 0x02, 
    0x00, 0x00, 0x01, 0x02, 0x03, 0x01, 0x00, 0x00, 0x4d, 0x43, 0x0b, 0x03, 
    0x1a, 0x00, 0x01, 0x03, 0x02, 0x01, 0x00, 0x00, 0x02, 0x02, 0x03, 0x01, 
    0x00, 0x00, 0x01, 0x03, 0x02, 0x01, 0x00, 0x00, 0x02, 0x02, 0x03, 0x01, 
    0x00, 0x00, 0x01, 0x03, 0x02, 0x01, 0x00, 0x00, 0x02, 0x02, 0x02, 0x02, 
    0x00, 0x00, 0x01, 0x02, 0x03, 0x01, 0x00, 0x00, 0x01, 0x03, 0x02, 0x02, 
    0x00, 0x00, 0x01, 0x02, 0x03, 0x01, 0x00, 0x00, 0x02, 0x03, 0x03, 0x02, 
    0x00, 0x00, 0x02, 0x02, 0x02, 0x02, 0x00, 0x00, 0x01, 0x02, 0x02, 0x02, 
    0x00, 0x00, 0x02, 0x02, 0x02, 0x02, 0x00, 0x00, 0x01, 0x02, 0x03, 0x01, 
    0x00, 0x00, 0x01, 0x03, 0x02, 0x02, 0x00, 0x00, 0x01, 0x02, 0x03, 0x01, 
    0x00, 0x00, 0x01, 0x03, 0x02, 0x02, 0x00, 0x00, 0x01, 0x02, 0x03, 0x01, 
    0x00, 0x00, 0x02, 0x05, 0x04, 0x04, 0x00, 0x00, 0x0a, 0x04, 0x02, 0x01, 
    0x00, 0x00, 0x02, 0x02, 0x03, 0x01, 0x00, 0x00, 0x01, 0x03, 0x02, 0x01, 
    0x00, 0x00, 0x02, 0x02, 0x03, 0x01, 0x00, 0x00, 0x01, 0x03, 0x02, 0x01, 
    0x00, 0x00, 0x02, 0x02, 0x02, 0x02, 0x00, 0x00, 0x01, 0x03, 0x02, 0x01, 
    0x00, 0x00, 0x02, 0x02, 0x02, 0x02, 0x00, 0x00, 0x02, 0x02, 0x02, 0x01, 
    0x00, 0x00, 0x02, 0x02, 0x02, 0x02, 0x00, 0x00, 0x02, 0x02, 0x02, 0x01, 
    0x00, 0x00, 0x02, 0x02, 0x02, 0x02, 0x01, 0x01, 0x02, 0x02, 0x03, 0x01, 
    0x00, 0x00, 0x01, 0x03, 0x02, 0x01, 0x00, 0x00, 0x02, 0x02, 0x03, 0x01, 
    0x00, 0x00, 0x01, 0x03, 0x02, 0x01, 0x00, 0x00, 0x02, 0x02, 0x02, 0x02, 
    0x00, 0x00, 0x02, 0x02, 0x02, 0x02, 0x00, 0x00, 0x01, 0x02, 0x03, 0x01, 
    0x00, 0x00, 0x02, 0x02, 0x02, 0x02, 0x00, 0x00, 0x01, 0x02, 0x03, 0x01, 
    0x00, 0x00, 0x02, 0x03, 0x03, 0x02, 0x00, 0x00, 0x04, 0x04, 0x04, 0x03, 
    0x00, 0x00, 0x05, 0x06, 0x07, 0x05, 0x00, 0x00, 0x01, 0x02, 0x02, 0x02, 
    0x00, 0x00, 0x02, 0x02, 0x02, 0x02, 0x00, 0x00, 0x01, 0x02, 0x02, 0x02, 
    0x00, 0x00, 0x02, 0x02, 0x02, 0x02, 0x00, 0x00, 0x01, 0x02, 0x02, 0x02, 
    0x00, 0x00, 0x02, 0x02, 0x02, 0x02, 0x00, 0x00, 0x01, 0x02, 0x02, 0x03, 
    0x01, 0x01, 0x04, 0x03, 0x05, 0x02, 0x00, 0x00, 0x02, 0x02, 0x02, 0x02, 
    0x00, 0x00, 0x02, 0x02, 0x02, 0x01, 0x00, 0x00, 0x02, 0x02, 0x02, 0x02, 
    0x00, 0x00, 0x02, 0x02, 0x02, 0x01, 0x00, 0x00, 0x02, 0x02, 0x02, 0x02, 
    0x00, 0x00, 0x02, 0x02, 0x02, 0x01, 0x00, 0x00, 0x02, 0x02, 0x03, 0x01, 
    0x00, 0x00, 0x01, 0x03, 0x02, 0x01, 0x00, 0x00, 0x02, 0x02, 0x02, 0x02, 
    0x01, 0x02, 0x08, 0x04, 0x01, 0x01, 0x00, 0x00, 0x02, 0x02, 0x02, 0x02, 
    0x00, 0x00, 0x01, 0x03, 0x02, 0x01, 0x00, 0x00, 0x02, 0x02, 0x03, 0x01, 
    0x00, 0x00, 0x01, 0x02, 0x03, 0x01, 0x00, 0x00, 0x02, 0x02, 0x02, 0x02, 
    0x00, 0x00, 0x01, 0x02, 0x03, 0x01, 0x00, 0x00, 0x02, 0x02, 0x02, 0x02, 
    0x00, 0x00, 0x01, 0x02, 0x03, 0x01, 0x00, 0x00, 0x01, 0x03, 0x02, 0x01, 
    0x00, 0x00, 0x0a, 0x3c, 0x3d, 0x09, 0x00, 0x00, 0x02, 0x02, 0x02, 0x02, 
    0x00, 0x00, 0x01, 0x02, 0x02, 0x02, 0x00, 0x00, 0x02, 0x02, 0x02, 0x01, 
    0x00, 0x00, 0x02, 0x02, 0x05, 0x09, 0x00, 0x00, 0x01, 0x03, 0x02, 0x01, 
    0x00, 0x00, 0x02, 0x02, 0x03, 0x01, 0x00, 0x00, 0x01, 0x03, 0x02, 0x01, 
    0x00, 0x00, 0x02, 0x02, 0x02, 0x02, 0x00, 0x00, 0x02, 0x02, 0x02, 0x01, 
    0x00, 0x00, 0x02, 0x02, 0x02, 0x02, 0x00, 0x00, 0x02, 0x02, 0x02, 0x01, 
    0x00, 0x00, 0x02, 0x02, 0x02, 0x02, 0x00, 0x00, 0x02, 0x02, 0x02, 0x01, 
    0x00, 0x00, 0x02, 0x02, 0x02, 0x02, 0x01, 0x00, 0x03, 0x02, 0x02, 0x02, 
    0x00, 0x00, 0x01, 0x03, 0x02, 0x01, 0x00, 0x00, 0x02, 0x02, 0x02, 0x02, 
    0x00, 0x00, 0x01, 0x03, 0x02, 0x01, 0x00, 0x00, 0x01, 0x03, 0x02, 0x02, 
    0x00, 0x00, 0x01, 0x02, 0x03, 0x01, 0x00, 0x00, 0x01, 0x03, 0x02, 0x02, 
    0x00, 0x00, 0x01, 0x02, 0x03, 0x01, 0x00, 0x00, 0x01, 0x03, 0x02, 0x02, 
    0x00, 0x00, 0x01, 0x02, 0x02, 0x02, 0x00, 0x00, 0x02, 0x02, 0x02, 0x02, 
    0x00, 0x00, 0x01, 0x02, 0x04, 0x0a, 0x00, 0x00, 0x03, 0x05, 0x04, 0x03, 
    0x00, 0x00, 0x01, 0x03, 0x02, 0x02, 0x00, 0x00, 0x01, 0x02, 0x02, 0x02, 
    0x00, 0x00, 0x02, 0x02, 0x02, 0x02, 0x00, 0x00, 0x01, 0x02, 0x02, 0x02, 
    0x00, 0x00, 0x02, 0x02, 0x02, 0x02, 0x00, 0x00, 0x01, 0x02, 0x02, 0x02, 
    0x00, 0x00, 0x02, 0x02, 0x02, 0x01, 0x00, 0x00, 0x02, 0x02, 0x02, 0x02, 
    0x00, 0x00, 0x02, 0x03, 0x05, 0x00, 0x00, 0x00, 0x00, 0x05, 0x03, 0x02, 
    0x00, 0x00, 0x02, 0x02, 0x02, 0x02, 0x00, 0x00, 0x01, 0x02, 0x03, 0x01, 
    0x00, 0x00, 0x01, 0x03, 0x02, 0x01, 0x00, 0x00, 0x02, 0x02, 0x03, 0x01, 
    0x00, 0x00, 0x01, 0x03, 0x02, 0x01, 0x00, 0x00, 0x02, 0x02, 0x03, 0x01, 
    0x00, 0x00, 0x01, 0x03, 0x02, 0x01, 0x00, 0x00, 0x02, 0x02, 0x02, 0x02, 
    0x00, 0x00, 0x02, 0x02, 0x02, 0x01, 0x00, 0x00, 0x02, 0x02, 0x02, 0x02, 
    0x00, 0x00, 0x01, 0x02, 0x02, 0x02, 0x01, 0x01, 0x02, 0x03, 0x02, 0x01, 
    0x00, 0x00, 0x02, 0x02, 0x03, 0x01, 0x00, 0x00, 0x01, 0x03, 0x02, 0x01, 
    0x00, 0x00, 0x02, 0x02, 0x02, 0x02, 0x00, 0x00, 0x01, 0x03, 0x02, 0x01, 
    0x00, 0x00, 0x02, 0x02, 0x02, 0x02, 0x00, 0x00, 0x01, 0x03, 0x02, 0x01, 
    0x00, 0x00, 0x03, 0x05, 0x04, 0x03, 0x00, 0x00, 0x04, 0x04, 0x04, 0x03, 
    0x00, 0x00, 0x0b, 0x04, 0x02, 0x01, 0x00, 0x00, 0x01, 0x02, 0x03, 0x01, 
    0x00, 0x00, 0x01, 0x03, 0x02, 0x02, 0x00, 0x00, 0x01, 0x02, 0x03, 0x01, 
    0x00, 0x00, 0x01, 0x03, 0x02, 0x02, 0x00, 0x00, 0x01, 0x02, 0x03, 0x01, 
    0x00, 0x00, 0x01, 0x03, 0x02, 0x02, 0x00, 0x00, 0x01, 0x02, 0x02, 0x02, 
    0x00, 0x00, 0x02, 0x02, 0x02, 0x02, 0x00, 0x00, 0x01, 0x02, 0x02, 0x02, 
    0x00, 0x00, 0x02, 0x02, 0x02, 0x02, 0x00, 0x00, 0x02, 0x04, 0x02, 0x02, 
    0x00, 0x00, 0x01, 0x02, 0x03, 0x01, 0x00, 0x00, 0x01, 0x03, 0x02, 0x01, 
    0x00, 0x00, 0x0b, 0x43, 0x4d, 0x86, 0x02, 0x01, 0x00, 0x00, 0x38, 0x01, 
    0xb0, 0x01, 0xb1, 0x38, 0x00, 0x00, 0x02, 0x02, 0x02, 0x01, 0x00, 0x00, 
    0x02, 0x02, 0x03, 0x01, 0x00, 0x00, 0x01, 0x02, 0x02, 0x03, 0x00, 0x01, 
    0x03, 0x02, 0x02, 0x01, 0x00, 0x00, 0x02, 0x02, 0x03, 0x01, 0x00, 0x00, 
    0x01, 0x03, 0x02, 0x01, 0x00, 0x00, 0x02, 0x02, 0x02, 0x02, 0x00, 0x00, 
    0x02, 0x02, 0x02, 0x01, 0x00, 0x00, 0x02, 0x02, 0x02, 0x02, 0x00, 0x00, 
    0x01, 0x03, 0x02, 0x01, 0x00, 0x00, 0x02, 0x02, 0x02, 0x02, 0x00, 0x00, 
    0x01, 0x03, 0x02, 0x01, 0x00, 0x00, 0x03, 0x05, 0x04, 0x04, 0x01, 0x01, 
    0x02, 0x02, 0x02, 0x01, 0x00, 0x00, 0x03, 0x05, 0x05, 0x02, 0x00, 0x00, 
    0x03, 0x05, 0x05, 0x02, 0x00, 0x00, 0x03, 0x05, 0x05, 0x02, 0x00, 0x00, 
    0x03, 0x08, 0x09, 0x03, 0x00, 0x00, 0x03, 0x0d, 0x0d, 0x03, 0x00, 0x00, 
    0x09, 0x35, 0x36, 0x09, 0x00, 0x00, 0x03, 0x0c, 0x0b, 0x04, 0x00, 0x00, 
    0x03, 0x08, 0x08, 0x04, 0x01, 0x01, 0x03, 0x04, 0x05, 0x03, 0x00, 0x00, 
    0x02, 0x05, 0x05, 0x03, 0x00, 0x00, 0x01, 0x02, 0x02, 0x02, 0x00, 0x00, 
    0x03, 0x05, 0x05, 0x02, 0x00, 0x00, 0x02, 0x02, 0x02, 0x02, 0x00, 0x00, 
    0x01, 0x02, 0x02, 0x02, 0x00, 0x00, 0x03, 0x05, 0x04, 0x04, 0x01, 0x00, 
    0x03, 0x02, 0x01, 0x02, 0x00, 0x00, 0x02, 0x02, 0x02, 0x01, 0x00, 0x00, 
    0x02, 0x02, 0x02, 0x02, 0x00, 0x00, 0x02, 0x02, 0x02, 0x01, 0x00, 0x00, 
    0x02, 0x02, 0x03, 0x01, 0x00, 0x00, 0x01, 0x03, 0x02, 0x01, 0x00, 0x00, 
    0x02, 0x02, 0x02, 0x02, 0x00, 0x00, 0x01, 0x03, 0x02, 0x01, 0x00, 0x00, 
    0x02, 0x02, 0x03, 0x01, 0x00, 0x00, 0x01, 0x03, 0x02, 0x01, 0x00, 0x00, 
    0x01, 0x02, 0x01, 0x01, 0x00, 0x00, 0x01, 0x01, 0x02, 0x01, 0x00, 0x00, 
    0x01, 0x02, 0x03, 0x01, 0x00, 0x00, 0x01, 0x03, 0x02, 0x02, 0x00, 0x00, 
    0x01, 0x02, 0x02, 0x02, 0x00, 0x00, 0x01, 0x03, 0x02, 0x02, 0x00, 0x00, 
    0x01, 0x02, 0x03, 0x01, 0x00, 0x00, 0x01, 0x03, 0x02, 0x02, 0x00, 0x00, 
    0x01, 0x02, 0x02, 0x02, 0x00, 0x00, 0x02, 0x02, 0x02, 0x02, 0x00, 0x00, 
    0x01, 0x02, 0x02, 0x02, 0x00, 0x00, 0x03, 0x06, 0x06, 0x02, 0x00, 0x00, 
    0x02, 0x02, 0x02, 0x02, 0x00, 0x00, 0x02, 0x02, 0x02, 0x01, 0x00, 0x00, 
    0x02, 0x02, 0x02, 0x02, 0x00, 0x00, 0x02, 0x05, 0x05, 0x03, 0x00, 0x00, 
    0x02, 0x02, 0x02, 0x01, 0x00, 0x00, 0x03, 0x05, 0x05, 0x02, 0x00, 0x00, 
    0x03, 0x0a, 0x09, 0x03, 0x00, 0x00, 0x03, 0x05, 0x05, 0x02, 0x00, 0x00, 
    0x04, 0x0b, 0x0c, 0x03, 0x00, 0x00, 0x09, 0x36, 0x35, 0x09, 0x00, 0x00, 
    0x03, 0x0d, 0x0d, 0x03, 0x00, 0x00, 0x03, 0x09, 0x08, 0x03, 0x00, 0x00, 
    0x02, 0x05, 0x05, 0x03, 0x00, 0x00, 0x02, 0x05, 0x05, 0x03, 0x00, 0x00, 
    0x02, 0x05, 0x05, 0x03, 0x00, 0x00, 0x01, 0x02, 0x02, 0x02, 0x01, 0x01, 
    0x03, 0x03, 0x05, 0x0c, 0x00, 0x00, 0x02, 0x02, 0x02, 0x02, 0x00, 0x00, 
    0x01, 0x02, 0x03, 0x01, 0x00, 0x00, 0x02, 0x02, 0x02, 0x02, 0x00, 0x00, 
    0x01, 0x02, 0x02, 0x02, 0x00, 0x00, 0x02, 0x02, 0x02, 0x02, 0x00, 0x00, 
    0x01, 0x02, 0x03, 0x01, 0x00, 0x00, 0x01, 0x03, 0x02, 0x02, 0x00, 0x00, 
    0x01, 0x02, 0x02, 0x02, 0x00, 0x00, 0x02, 0x03, 0x03, 0x02, 0x00, 0x00, 
    0x02, 0x02, 0x02, 0x02, 0x00, 0x00, 0x01, 0x02, 0x02, 0x02, 0x00, 0x00, 
    0x1a, 0xc4, 0xde, 0x00, 0x00, 0x01, 0x03, 0x02, 0x02, 0x00, 0x00, 0x0a, 
    0x48, 0x48, 0x0a, 0x00, 0x00, 0x02, 0x02, 0x03, 0x01, 0x00, 0x00, 0x19, 
    0x19, 0x00, 0x00, 0x00, 0x05, 0x02, 0x03, 0x00, 0x00, 0x0d, 0x44, 0x46, 
    0x0b, 0x00, 0x00, 0x01, 0x02, 0x03, 0x00, 0x00, 0x00, 0x3f, 0x36, 0x08, 
    0x00, 0x00, 0x01, 0x02, 0x01, 0x01, 0x00, 0x00, 0x01, 0x05, 0x45, 0x02, 
    0x02, 0x00, 0x00, 0x01, 0x02, 0x03, 0x01, 0x00, 0x00, 0x02, 0x02, 0x02, 
    0x02, 0x00, 0x00, 0x03, 0x09, 0x0a, 0x03, 0x00, 0x00, 0x01, 0x01, 0x02, 
    0x01, 0x00, 0x00, 0x02, 0x05, 0x05, 0x03, 0x00, 0x00, 0x03, 0x04, 0x06, 
    0x02, 0x00, 0x00, 0x01, 0x02, 0x02, 0x02, 0x00, 0x00, 0x02, 0x02, 0x05, 
    0x00, 0x05, 0x02, 0x02, 0x00, 0x00, 0x02, 0x02, 0x02, 0x01, 0x00, 0x00, 
    0x02, 0x05, 0x03, 0x04, 0x00, 0x01, 0x04, 0x03, 0x04, 0x03, 0x01, 0x00, 
    0x03, 0x04, 0x03, 0x03, 0x01, 0x01, 0x02, 0x06, 0x05, 0x02, 0x00, 0x00, 
    0x02, 0x02, 0x02, 0x02, 0x00, 0x00, 0x01, 0x03, 0x02, 0x01, 0x00, 0x00, 
    0x02, 0x02, 0x03, 0x01, 0x00, 0x00, 0x01, 0xfb, 0xbc, 0x02, 0x01, 0x00, 
    0x00, 0x03, 0x05, 0x05, 0x02, 0x00, 0x00, 0x02, 0x02, 0x02, 0x02, 0x00, 
    0x00, 0x02, 0x07, 0x04, 0x04, 0x00, 0x00, 0x0c, 0x05, 0x03, 0x03, 0x00, 
    0x00, 0x01, 0x02, 0x03, 0x01, 0x00, 0x00, 0x02, 0x02, 0x02, 0x02, 0x00, 
    0x00, 0x02, 0x05, 0x05, 0x03, 0x00, 0x00, 0x01, 0x02, 0x02, 0x02, 0x00, 
    0x00, 0x03, 0x04, 0x04, 0x04, 0x01, 0x01, 0x02, 0x02, 0x02, 0x02, 0x00, 
    0x00, 0x03, 0x05, 0x05, 0x02, 0x00, 0x00, 0x02, 0x02, 0x02, 0x02, 0x00, 
    0x00, 0x01, 0x02, 0x02, 0x02, 0x00, 0x00, 0x03, 0x05, 0x04, 0x03, 0x00, 
    0x00, 0x0b, 0x06, 0x02, 0x05, 0x03, 0x04, 0x05, 0x04, 0x05, 0x02, 0x00, 
    0x00, 0x02, 0x02, 0x02, 0x02, 0x00, 0x00, 0x02, 0x02, 0x02, 0x01, 0x00, 
    0x00, 0x03, 0x05, 0x05, 0x02, 0x00, 0x00, 0x02, 0x02, 0x02, 0x02, 0x00, 
    0x00, 0x02, 0x05, 0x05, 0x03, 0x00, 0x00, 0x02, 0x02, 0x02, 0x01, 0x00, 
    0x00, 0x03, 0x05, 0x05, 0x02, 0x00, 0x00, 0x02, 0x01, 0x02, 0x03, 0x02, 
    0x01, 0x05, 0x03, 0x04, 0x02, 0x00, 0x00, 0x02, 0x02, 0x02, 0x02, 0x00, 
    0x00, 0x01, 0x02, 0x03, 0x01, 0x00, 0x00, 0x03, 0x05, 0x05, 0x02, 0x00, 
    0x00, 0x02, 0x02, 0x02, 0x02, 0x00, 0x00, 0x02, 0x05, 0x05, 0x03, 0x00, 
    0x00, 0x01, 0x02, 0x02, 0x02, 0x00, 0x00, 0x03, 0x06, 0x06, 0x03, 0x00, 
    0x00, 0x01, 0x02, 0x02, 0x02, 0x00, 0x00, 0x02, 0x02, 0x02, 0x02, 0x00, 
    0x00, 0x02, 0x05, 0x04, 0x04, 0x00, 0x00, 0x09, 0x0e, 0x0e, 0x0a, 0x00, 
    0x00, 0x02, 0x02, 0x02, 0x01, 0x00, 0x00, 0x02, 0x02, 0x02, 0x02, 0x00, 
    0x00, 0x03, 0x06, 0x06, 0x02, 0x00, 0x00, 0x02, 0x02, 0x02, 0x02, 0x00, 
    0x00, 0x02, 0x05, 0x05, 0x03, 0x00, 0x00, 0x02, 0x02, 0x02, 0x01, 0x00, 
    0x00, 0x03, 0x05, 0x05, 0x02, 0x00, 0x00, 0x02, 0x02, 0x02, 0x02, 0x00, 
    0x00, 0x01, 0x03, 0x02, 0x01, 0x00, 0x00, 0x03, 0x03, 0x07, 0x0c, 0x00, 
    0x00, 0x04, 0x04, 0x05, 0x02, 0x00, 0x00, 0x02, 0x02, 0x02, 0x02, 0x00, 
    0x00, 0x02, 0x05, 0x05, 0x03, 0x00, 0x00, 0x01, 0x02, 0x02, 0x02, 0x00, 
    0x00, 0x03, 0x05, 0x05, 0x02, 0x00, 0x00, 0x02, 0x02, 0x02, 0x02, 0x00, 
    0x00, 0x01, 0x02, 0x02, 0x02, 0x00, 0x00, 0x03, 0x05, 0x04, 0x04, 0x01, 
    0x00, 0x03, 0x02, 0x01, 0x02, 0x00, 0x00, 0x03, 0x05, 0x04, 0x03, 0x00, 
    0x00, 0x02, 0x02, 0x02, 0x01, 0x00, 0x00, 0x03, 0x04, 0x04, 0x03, 0x01, 
    0x00, 0x03, 0x01, 0x02, 0x02, 0x00, 0x00, 0x02, 0x02, 0x02, 0x01, 0x00, 
    0x00, 0x03, 0x05, 0x04, 0x03, 0x01, 0x01, 0x02, 0x03, 0x02, 0x01, 0x00, 
    0x00, 0x03, 0x05, 0x05, 0x02, 0x00, 0x00, 0x02, 0x02, 0x02, 0x02, 0x00, 
    0x00, 0x02, 0x05, 0x05, 0x03, 0x00, 0x00, 0x01, 0x03, 0x02, 0x01, 0x00, 
    0x00, 0x02, 0x02, 0x02, 0x02, 0x00, 0x00, 0x02, 0x05, 0x05, 0x03, 0x00, 
    0x00, 0x01, 0x02, 0x03, 0x01, 0x00, 0x00, 0x02, 0x03, 0x07, 0x06, 0x00, 
    0x00, 0x01, 0x02, 0x02, 0x02, 0x00, 0x00, 0x03, 0x05, 0x05, 0x02, 0x00, 
    0x00, 0x02, 0x02, 0x02, 0x02, 0x00, 0x00, 0x01, 0x02, 0x02, 0x02, 0x00, 
    0x00, 0x02, 0x02, 0x03, 0x01, 0x00, 0x00, 0x01, 0x03, 0x02, 0x02, 0x00, 
    0x00, 0x03, 0x0d, 0x0d, 0x03, 0x00, 0x00, 0x03, 0x05, 0x05, 0x02, 0x00, 
    0x00, 0x02, 0x02, 0x02, 0x02, 0x00, 0x00, 0x02, 0x05, 0x05, 0x04, 0x00, 
    0x01, 0x02, 0x02, 0x02, 0x02, 0x00, 0x00, 0x02, 0x05, 0x05, 0x03, 0x00, 
    0x00, 0x01, 0x02, 0x03, 0x01, 0x00, 0x00, 0x02, 0x02, 0x02, 0x02, 0x00, 
    0x00, 0x02, 0x05, 0x05, 0x03, 0x00, 0x00, 0x01, 0x02, 0x02, 0x02, 0x00, 
    0x00, 0x03, 0x05, 0x04, 0x03, 0x00, 0x00, 0x0d, 0x06, 0x04, 0x02, 0x00, 
    0x00, 0x02, 0x02, 0x02, 0x02, 0x00, 0x00, 0x01, 0x02, 0x02, 0x02, 0x00, 
    0x00, 0x03, 0x05, 0x04, 0x03, 0x00, 0x00, 0x02, 0x02, 0x02, 0x01, 0x00, 
    0x00, 0x03, 0x05, 0x05, 0x02, 0x00, 0x00, 0x02, 0x02, 0x02, 0x02, 0x00, 
    0x00, 0x02, 0x05, 0x05, 0x04, 0x04, 0x03, 0x05, 0x03, 0x05, 0x13, 0x00, 
    0x00, 0x03, 0x04, 0x05, 0x03, 0x00, 0x00, 0x01, 0x03, 0x02, 0x01, 0x00, 
    0x00, 0x03, 0x05, 0x05, 0x02, 0x00, 0x00, 0x02, 0x02, 0x02, 0x03, 0x00, 
    0x01, 0x04, 0x04, 0x05, 0x02, 0x00, 0x00, 0x02, 0x02, 0x02, 0x02, 0x00, 
    0x00, 0x01, 0x02, 0x02, 0x02, 0x00, 0x00, 0x03, 0x05, 0x05, 0x02, 0x00, 
    0x00, 0x02, 0x02, 0x02, 0x02, 0x00, 0x00, 0x02, 0x05, 0x05, 0x03, 0x00, 
    0x00, 0x01, 0x02, 0x02, 0x02, 0x00, 0x00, 0x03, 0x05, 0x04, 0x04, 0x01, 
    0x00, 0x03, 0x02, 0x01, 0x02, 0x00, 0x00, 0x02, 0x02, 0x02, 0x02, 0x00, 
    0x00, 0x02, 0x04, 0x04, 0x02, 0x00, 0x00, 0x02, 0x05, 0x05, 0x03, 0x00, 
    0x00, 0x02, 0x02, 0x02, 0x01, 0x00, 0x00, 0x02, 0x02, 0x02, 0x02, 0x01, 
    0x01, 0x02, 0x06, 0x05, 0x02, 0x00, 0x00, 0x02, 0x02, 0x02, 0x02, 0x00, 
    0x00, 0x02, 0x05, 0x05, 0x03, 0x00, 0x00, 0x02, 0x02, 0x02, 0x01, 0x00, 
    0x00, 0x03, 0x05, 0x05, 0x02, 0x00, 0x00, 0x02, 0x02, 0x02, 0x02, 0x00, 
    0x00, 0x01, 0x03, 0x02, 0x01, 0x00, 0x00, 0x03, 0x05, 0x05, 0x02, 0x00, 
    0x00, 0x02, 0x03, 0x03, 0x02, 0x00, 0x00, 0x03, 0x05, 0x05, 0x02, 0x00, 
    0x00, 0x02, 0x02, 0x02, 0x02, 0x00, 0x01, 0x03, 0x04, 0x04, 0x03, 0x00, 
    0x00, 0x01, 0x02, 0x02, 0x02, 0x00, 0x00, 0x02, 0x02, 0x02, 0x02, 0x00, 
    0x00, 0x02, 0x05, 0x05, 0x03, 0x00, 0x00, 0x01, 0x02, 0x02, 0x02, 0x01, 
    0x01, 0x04, 0x04, 0x05, 0x03, 0x00, 0x00, 0x01, 0x02, 0x02, 0x02, 0x00, 
    0x00, 0x03, 0x05, 0x05, 0x02, 0x00, 0x00, 0x02, 0x02, 0x02, 0x02, 0x00, 
    0x00, 0x02, 0x05, 0x05, 0x02, 0x00, 0x00, 0x02, 0x02, 0x02, 0x02, 0x00, 
    0x00, 0x02, 0x01, 0x02, 0x02, 0x01, 0x01, 0x03, 0x04, 0x03, 0x04, 0x00, 
    0x01, 0x02, 0x03, 0x02, 0x01, 0x00, 0x00, 0x03, 0x05, 0x05, 0x02, 0x00, 
    0x00, 0x02, 0x02, 0x02, 0x02, 0x00, 0x00, 0x02, 0x05, 0x05, 0x03, 0x00, 
    0x00, 0x02, 0x02, 0x02, 0x01, 0x00, 0x00, 0x02, 0x02, 0x02, 0x02, 0x00, 
    0x00, 0x02, 0x05, 0x05, 0x03, 0x00, 0x00, 0x01, 0x03, 0x02, 0x01, 0x00, 
    0x00, 0x03, 0x06, 0x06, 0x03, 0x00, 0x00, 0x01, 0x02, 0x03, 0x01, 0x00, 
    0x00, 0x04, 0x10, 0x14, 0x00, 0x00, 0x00, 0x14, 0x10, 0x04, 0x00, 0x00, 
    0x01, 0x03, 0x02, 0x01, 0x00, 0x00, 0x03, 0x06, 0x06, 0x03, 0x00, 0x00, 
    0x01, 0x02, 0x03, 0x01, 0x00, 0x00, 0x03, 0x05, 0x05, 0x02, 0x00, 0x00, 
    0x02, 0x02, 0x02, 0x02, 0x00, 0x00, 0x01, 0x02, 0x02, 0x02, 0x00, 0x00, 
    0x03, 0x05, 0x05, 0x02, 0x00, 0x00, 0x02, 0x02, 0x02, 0x02, 0x00, 0x00, 
    0x02, 0x05, 0x05, 0x02, 0x01, 0x01, 0x02, 0x03, 0x02, 0x02, 0x00, 0x00, 
    0x02, 0x05, 0x05, 0x03, 0x00, 0x00, 0x01, 0x02, 0x02, 0x02, 0x00, 0x00, 
    0x02, 0x02, 0x02, 0x02, 0x00, 0x00, 0x02, 0x05, 0x05, 0x02, 0x00, 0x00, 
    0x02, 0x02, 0x02, 0x02, 0x00, 0x00, 0x02, 0x05, 0x05, 0x03, 0x00, 0x00, 
    0x02, 0x02, 0x02, 0x01, 0x00, 0x00, 0x03, 0x04, 0x05, 0x04, 0x05, 0x03, 
    0x05, 0x02, 0x06, 0x0b, 0x00, 0x00, 0x02, 0x02, 0x02, 0x01, 0x00, 0x00, 
    0x03, 0x05, 0x05, 0x02, 0x00, 0x00, 0x02, 0x02, 0x02, 0x02, 0x00, 0x00, 
    0x02, 0x05, 0x05, 0x03, 0x00, 0x00, 0x01, 0x03, 0x02, 0x02, 0x01, 0x01, 
    0x03, 0x04, 0x05, 0x03, 0x00, 0x00, 0x01, 0x02, 0x03, 0x01, 0x00, 0x00, 
    0x02, 0x02, 0x02, 0x02, 0x00, 0x00, 0x02, 0x05, 0x05, 0x03, 0x00, 0x00, 
    0x01, 0x02, 0x02, 0x02, 0x00, 0x00, 0x03, 0x05, 0x04, 0x03, 0x00, 0x00, 
    0x02, 0x02, 0x02, 0x02, 0x00, 0x00, 0x02, 0x06, 0x06, 0x03, 0x00, 0x00, 
    0x02, 0x02, 0x02, 0x02, 0x00, 0x00, 0x02, 0x05, 0x05, 0x03, 0x00, 0x00, 
    0x01, 0x02, 0x02, 0x02, 0x00, 0x00, 0x02, 0x04, 0x04, 0x02, 0x00, 0x00, 
    0x02, 0x02, 0x02, 0x02, 0x00, 0x00, 0x02, 0x01, 0x02, 0x03, 0x00, 0x01, 
    0x04, 0x04, 0x05, 0x03, 0x00, 0x00, 0x01, 0x02, 0x02, 0x02, 0x01, 0x01, 
    0x03, 0x03, 0x04, 0x05, 0x03, 0x04, 0x04, 0x03, 0x02, 0x07, 0x06, 0x06, 
    0x07, 0x03, 0x03, 0x03, 0x01, 0x00, 0x03, 0x02, 0x02, 0x02, 0x00, 0x00, 
    0x02, 0x05, 0x05, 0x03, 0x00, 0x00, 0x01, 0x02, 0x03, 0x01, 0x00, 0x00, 
    0x03, 0x05, 0x05, 0x02, 0x00, 0x00, 0x02, 0x02, 0x02, 0x02, 0x00, 0x00, 
    0x01, 0x02, 0x02, 0x02, 0x00, 0x00, 0x03, 0x04, 0x04, 0x06, 0x03, 0x04, 
    0x05, 0x04, 0x05, 0x02, 0x00, 0x00, 0x02, 0x02, 0x02, 0x02, 0x00, 0x00, 
    0x02, 0x05, 0x05, 0x03, 0x00, 0x00, 0x01, 0x02, 0x02, 0x02, 0x00, 0x00, 
    0x03, 0x04, 0x05, 0x03, 0x00, 0x00, 0x02, 0x02, 0x02, 0x01, 0x00, 0x00, 
    0x02, 0x02, 0x02, 0x02, 0x00, 0x00, 0x02, 0x05, 0x05, 0x03, 0x00, 0x00, 
    0x02, 0x03, 0x03, 0x02, 0x00, 0x00, 0x03, 0x03, 0x08, 0x08, 0x00, 0x00, 
    0x04, 0x04, 0x05, 0x02, 0x00, 0x00, 0x02, 0x02, 0x02, 0x02, 0x00, 0x00, 
    0x01, 0x03, 0x02, 0x01, 0x00, 0x00, 0x03, 0x05, 0x05, 0x02, 0x00, 0x00, 
    0x02, 0x02, 0x02, 0x02, 0x01, 0x00, 0x04, 0x05, 0x05, 0x02, 0x00, 0x00, 
    0x02, 0x02, 0x02, 0x02, 0x00, 0x00, 0x02, 0x05, 0x05, 0x03, 0x00, 0x00, 
    0x03, 0x0d, 0x0d, 0x03, 0x00, 0x00, 0x02, 0x02, 0x03, 0x01, 0x00, 0x00, 
    0x01, 0x03, 0x02, 0x02, 0x00, 0x00, 0x02, 0x02, 0x02, 0x01, 0x00, 0x00, 
    0x02, 0x02, 0x02, 0x02, 0x00, 0x00, 0x02, 0x05, 0x05, 0x03, 0x00, 0x00, 
    0x0b, 0x07, 0x04, 0x03, 0x00, 0x00, 0x01, 0x03, 0x02, 0x01, 0x00, 0x00, 
    0x03, 0x05, 0x05, 0x02, 0x00, 0x00, 0x02, 0x02, 0x02, 0x02, 0x00, 0x00, 
    0x01, 0x02, 0x03, 0x01, 0x00, 0x00, 0x03, 0x05, 0x05, 0x02, 0x00, 0x00, 
    0x02, 0x02, 0x02, 0x02, 0x00, 0x00, 0x02, 0x05, 0x05, 0x03, 0x00, 0x00, 
    0x01, 0x02, 0x03, 0x02, 0x01, 0x01, 0x03, 0x04, 0x05, 0x03, 0x00, 0x00, 
    0x01, 0x02, 0x02, 0x02, 0x00, 0x00, 0x02, 0x02, 0x02, 0x02, 0x00, 0x00, 
    0x02, 0x05, 0x05, 0x03, 0x00, 0x00, 0x01, 0x02, 0x02, 0x02, 0x00, 0x00, 
    0x03, 0x04, 0x05, 0x03, 0x00, 0x00, 0x02, 0x02, 0x02, 0x01, 0x00, 0x00, 
    0x03, 0x06, 0x06, 0x03, 0x00, 0x00, 0x02, 0x02, 0x02, 0x01, 0x00, 0x00, 
    0x03, 0x05, 0x05, 0x02, 0x00, 0x00, 0x02, 0x02, 0x02, 0x02, 0x00, 0x00, 
    0x02, 0x02, 0x02, 0x01, 0x00, 0x00, 0x03, 0x05, 0x04, 0x03, 0x00, 0x00, 
    0x0b, 0x05, 0x03, 0x05, 0x04, 0x04, 0x06, 0x03, 0x04, 0x03, 0x00, 0x00, 
    0x01, 0x02, 0x03, 0x01, 0x00, 0x00, 0x02, 0x02, 0x02, 0x02, 0x00, 0x00, 
    0x02, 0x05, 0x05, 0x03, 0x00, 0x00, 0x01, 0x02, 0x02, 0x02, 0x00, 0x00, 
    0x03, 0x05, 0x05, 0x02, 0x00, 0x00, 0x02, 0x02, 0x02, 0x02, 0x00, 0x00, 
    0x02, 0x06, 0x06, 0x03, 0x00, 0x00, 0x02, 0x02, 0x02, 0x02, 0x00, 0x00, 
    0x01, 0x22, 0x21, 0x01, 0x00, 0x00, 0x02, 0x02, 0x02, 0x02, 0x00, 0x00, 
    0x02, 0x02, 0x02, 0x01, 0x00, 0x00, 0x03, 0x06, 0x06, 0x03, 0x00, 0x00, 
    0x02, 0x02, 0x02, 0x01, 0x00, 0x00, 0x03, 0x05, 0x05, 0x02, 0x00, 0x00, 
    0x02, 0x02, 0x02, 0x02, 0x00, 0x00, 0x02, 0x05, 0x05, 0x03, 0x00, 0x00, 
    0x01, 0x03, 0x02, 0x01, 0x00, 0x00, 0x02, 0x02, 0x02, 0x02, 0x00, 0x00, 
    0x02, 0x05, 0x05, 0x03, 0x00, 0x00, 0x01, 0x03, 0x02, 0x02, 0x01, 0x00, 
    0x04, 0x04, 0x05, 0x03, 0x00, 0x00, 0x01, 0x02, 0x02, 0x02, 0x00, 0x00, 
    0x03, 0x05, 0x05, 0x02, 0x00, 0x00, 0x02, 0x02, 0x02, 0x02, 0x00, 0x00, 
    0x01, 0x02, 0x02, 0x02, 0x00, 0x00, 0x03, 0x05, 0x05, 0x02, 0x00, 0x00, 
    0x02, 0x02, 0x02, 0x02, 0x00, 0x00, 0x02, 0x05, 0x04, 0x05, 0x04, 0x03, 
    0x05, 0x03, 0x03, 0x05, 0x03, 0x03, 0x05, 0x03, 0x05, 0x0b, 0x00, 0x00, 
    0x02, 0x02, 0x02, 0x02, 0x00, 0x00, 0x02, 0x05, 0x05, 0x03, 0x00, 0x00, 
    0x02, 0x02, 0x02, 0x02, 0x01, 0x01, 0x04, 0x04, 0x04, 0x03, 0x00, 0x00, 
    0x02, 0x02, 0x02, 0x01, 0x00, 0x00, 0x03, 0x05, 0x05, 0x02, 0x00, 0x00, 
    0x02, 0x02, 0x02, 0x02, 0x00, 0x00, 0x01, 0x03, 0x02, 0x01, 0x00, 0x00, 
    0x03, 0x05, 0x05, 0x02, 0x00, 0x00, 0x02, 0x02, 0x02, 0x02, 0x00, 0x00, 
    0x02, 0x03, 0x07, 0x05, 0x00, 0x00, 0x02, 0x02, 0x02, 0x02, 0x00, 0x00, 
    0x02, 0x05, 0x05, 0x03, 0x00, 0x00, 0x01, 0x02, 0x04, 0x00, 0x00, 0x00, 
    0x00, 0x02, 0x01, 0x7c, 0xff, 0xa2, 0x06, 0xef, 0x05, 0x37, 0x06, 0x9b, 
    0x06, 0xbf, 0x00, 0x00, 0x05, 0x2e, 0x01, 0x27, 0x2e, 0x01, 0x27, 0x2e, 
    0x01, 0x27, 0x2e, 0x01, 0x37, 0x36, 0x26, 0x27, 0x2e, 0x01, 0x37, 0x36, 
    0x26, 0x27, 0x2e, 0x01, 0x37, 0x36, 0x26, 0x27, 0x2e, 0x01, 0x37, 0x36, 
    0x26, 0x27, 0x2e, 0x01, 0x37, 0x36, 0x26, 0x27, 0x2e, 0x01, 0x37, 0x36, 
    0x26, 0x27, 0x2e, 0x01, 0x37, 0x36, 0x26, 0x27, 0x2e, 0x01, 0x37, 0x36, 
    0x26, 0x27, 0x2e, 0x01, 0x27, 0x36, 0x26, 0x27, 0x2e, 0x01, 0x37, 0x36, 
    0x26, 0x27, 0x26, 0x36, 0x3f, 0x01, 0x27, 0x2e, 0x01, 0x37, 0x36, 0x26, 
    0x27, 0x2e, 0x01, 0x37, 0x36, 0x26, 0x27, 0x2e, 0x01, 0x37, 0x36, 0x26, 
    0x27, 0x2e, 0x01, 0x37, 0x36, 0x26, 0x27, 0x2e, 0x01, 0x37, 0x36, 0x26, 
    0x27, 0x2e, 0x01, 0x37, 0x36, 0x26, 0x27, 0x26, 0x36, 0x3f, 0x01, 0x27, 
    0x2e, 0x01, 0x37, 0x36, 0x26, 0x27, 0x2e, 0x01, 0x37, 0x36, 0x26, 0x27, 
    0x2e, 0x01, 0x37, 0x36, 0x26, 0x27, 0x2e, 0x01, 0x37, 0x36, 0x26, 0x27, 
    0x2e, 0x01, 0x37, 0x36, 0x26, 0x27, 0x2e, 0x01, 0x37, 0x36, 0x26, 0x27, 
    0x2e, 0x01, 0x3f, 0x01, 0x27, 0x2e, 0x01, 0x37, 0x36, 0x26, 0x27, 0x2e, 
    0x01, 0x37, 0x36, 0x26, 0x27, 0x2e, 0x01, 0x27, 0x2e, 0x01, 0x27, 0x2e, 
    0x01, 0x37, 0x36, 0x26, 0x27, 0x2e, 0x01, 0x27, 0x2e, 0x01, 0x27, 0x2e, 
    0x01, 0x37, 0x36, 0x26, 0x27, 0x2e, 0x01, 0x3f, 0x01, 0x27, 0x2e, 0x01, 
    0x37, 0x36, 0x26, 0x27, 0x2e, 0x01, 0x37, 0x36, 0x26, 0x27, 0x2e, 0x01, 
    0x37, 0x36, 0x26, 0x27, 0x2e, 0x01, 0x37, 0x36, 0x26, 0x27, 0x2e, 0x01, 
    0x37, 0x36, 0x26, 0x27, 0x2e, 0x01, 0x37, 0x36, 0x26, 0x27, 0x2e, 0x01, 
    0x37, 0x36, 0x26, 0x27, 0x26, 0x06, 0x17, 0x16, 0x06, 0x27, 0x26, 0x06, 
    0x07, 0x16, 0x06, 0x27, 0x26, 0x06, 0x17, 0x16, 0x06, 0x27, 0x2e, 0x01, 
    0x37, 0x36, 0x26, 0x27, 0x2e, 0x01, 0x37, 0x3e, 0x01, 0x37, 0x3e, 0x01, 
    0x37, 0x3e, 0x01, 0x37, 0x3e, 0x01, 0x37, 0x36, 0x26, 0x27, 0x2e, 0x01, 
    0x37, 0x36, 0x26, 0x27, 0x2e, 0x01, 0x37, 0x2e, 0x01, 0x27, 0x2e, 0x01, 
    0x37, 0x36, 0x26, 0x27, 0x26, 0x06, 0x17, 0x16, 0x06, 0x27, 0x2e, 0x01, 
    0x37, 0x36, 0x26, 0x27, 0x2e, 0x01, 0x37, 0x36, 0x26, 0x27, 0x2e, 0x01, 
    0x37, 0x36, 0x26, 0x27, 0x2e, 0x01, 0x37, 0x36, 0x26, 0x27, 0x2e, 0x01, 
    0x37, 0x36, 0x26, 0x27, 0x2e, 0x01, 0x37, 0x36, 0x26, 0x27, 0x2e, 0x01, 
    0x37, 0x36, 0x26, 0x27, 0x2e, 0x01, 0x37, 0x36, 0x26, 0x27, 0x2e, 0x01, 
    0x37, 0x36, 0x26, 0x27, 0x2e, 0x01, 0x37, 0x36, 0x26, 0x27, 0x2e, 0x01, 
    0x37, 0x36, 0x26, 0x27, 0x2e, 0x01, 0x37, 0x36, 0x26, 0x27, 0x2e, 0x01, 
    0x37, 0x36, 0x26, 0x27, 0x2e, 0x01, 0x37, 0x36, 0x26, 0x27, 0x2e, 0x01, 
    0x37, 0x36, 0x26, 0x27, 0x2e, 0x01, 0x37, 0x36, 0x26, 0x27, 0x2e, 0x01, 
    0x37, 0x36, 0x26, 0x27, 0x2e, 0x01, 0x37, 0x36, 0x26, 0x27, 0x2e, 0x01, 
    0x37, 0x36, 0x26, 0x27, 0x2e, 0x01, 0x37, 0x36, 0x26, 0x27, 0x2e, 0x01, 
    0x37, 0x36, 0x26, 0x27, 0x2e, 0x01, 0x37, 0x36, 0x26, 0x27, 0x2e, 0x01, 
    0x37, 0x36, 0x26, 0x27, 0x2e, 0x01, 0x37, 0x36, 0x26, 0x27, 0x2e, 0x01, 
    0x37, 0x36, 0x26, 0x27, 0x2e, 0x01, 0x37, 0x36, 0x26, 0x27, 0x2e, 0x01, 
    0x37, 0x36, 0x26, 0x27, 0x2e, 0x01, 0x37, 0x36, 0x26, 0x27, 0x2e, 0x01, 
    0x37, 0x36, 0x26, 0x27, 0x2e, 0x01, 0x37, 0x36, 0x26, 0x27, 0x2e, 0x01, 
    0x37, 0x36, 0x26, 0x27, 0x2e, 0x01, 0x37, 0x36, 0x26, 0x27, 0x2e, 0x01, 
    0x37, 0x36, 0x26, 0x27, 0x2e, 0x01, 0x37, 0x36, 0x26, 0x27, 0x2e, 0x01, 
    0x37, 0x36, 0x26, 0x27, 0x2e, 0x01, 0x37, 0x36, 0x26, 0x27, 0x2e, 0x01, 
    0x37, 0x36, 0x26, 0x27, 0x2e, 0x01, 0x37, 0x36, 0x26, 0x27, 0x2e, 0x01, 
    0x37, 0x36, 0x26, 0x27, 0x2e, 0x01, 0x37, 0x36, 0x26, 0x27, 0x2e, 0x01, 
    0x37, 0x36, 0x26, 0x27, 0x2e, 0x01, 0x37, 0x36, 0x26, 0x27, 0x2e, 0x01, 
    0x37, 0x36, 0x26, 0x27, 0x2e, 0x01, 0x37, 0x36, 0x26, 0x27, 0x2e, 0x01, 
    0x37, 0x36, 0x26, 0x27, 0x2e, 0x01, 0x37, 0x36, 0x26, 0x27, 0x2e, 0x01, 
    0x37, 0x36, 0x26, 0x27, 0x2e, 0x01, 0x37, 0x36, 0x26, 0x27, 0x2e, 0x01, 
    0x37, 0x36, 0x26, 0x27, 0x2e, 0x01, 0x37, 0x36, 0x26, 0x27, 0x2e, 0x01, 
    0x37, 0x36, 0x26, 0x27, 0x2e, 0x01, 0x37, 0x36, 0x26, 0x27, 0x2e, 0x01, 
    0x37, 0x36, 0x26, 0x27, 0x2e, 0x01, 0x37, 0x36, 0x26, 0x27, 0x2e, 0x01, 
    0x37, 0x36, 0x26, 0x27, 0x2e, 0x01, 0x37, 0x3e, 0x01, 0x27, 0x2e, 0x01, 
    0x37, 0x36, 0x26, 0x27, 0x2e, 0x01, 0x37, 0x36, 0x26, 0x27, 0x2e, 0x01, 
    0x37, 0x36, 0x26, 0x27, 0x2e, 0x01, 0x37, 0x36, 0x26, 0x27, 0x2e, 0x01, 
    0x37, 0x36, 0x26, 0x27, 0x2e, 0x01, 0x37, 0x36, 0x26, 0x27, 0x2e, 0x01, 
    0x37, 0x36, 0x26, 0x27, 0x2e, 0x01, 0x37, 0x36, 0x26, 0x27, 0x2e, 0x01, 
    0x37, 0x36, 0x26, 0x27, 0x2e, 0x01, 0x37, 0x36, 0x26, 0x27, 0x2e, 0x01, 
    0x37, 0x36, 0x26, 0x27, 0x2e, 0x01, 0x37, 0x36, 0x26, 0x27, 0x26, 0x36, 
    0x37, 0x36, 0x26, 0x27, 0x2e, 0x01, 0x37, 0x36, 0x26, 0x27, 0x2e, 0x01, 
    0x37, 0x36, 0x26, 0x27, 0x2e, 0x01, 0x37, 0x36, 0x26, 0x27, 0x2e, 0x01, 
    0x3f, 0x02, 0x36, 0x16, 0x17, 0x1e, 0x01, 0x17, 0x1e, 0x01, 0x17, 0x1e, 
    0x01, 0x37, 0x36, 0x16, 0x17, 0x16, 0x36, 0x37, 0x36, 0x16, 0x17, 0x1e, 
    0x01, 0x37, 0x36, 0x16, 0x17, 0x1e, 0x01, 0x37, 0x36, 0x16, 0x17, 0x1e, 
    0x01, 0x37, 0x36, 0x16, 0x17, 0x1e, 0x01, 0x37, 0x36, 0x16, 0x17, 0x1e, 
    0x01, 0x37, 0x36, 0x16, 0x17, 0x1e, 0x01, 0x37, 0x36, 0x16, 0x17, 0x1e, 
    0x01, 0x37, 0x36, 0x16, 0x17, 0x1e, 0x01, 0x37, 0x36, 0x16, 0x17, 0x1e, 
    0x01, 0x37, 0x36, 0x16, 0x17, 0x1e, 0x01, 0x37, 0x36, 0x16, 0x17, 0x1e, 
    0x01, 0x37, 0x36, 0x16, 0x17, 0x1e, 0x01, 0x37, 0x36, 0x16, 0x17, 0x1e, 
    0x01, 0x37, 0x36, 0x16, 0x17, 0x1e, 0x01, 0x37, 0x36, 0x16, 0x17, 0x1e, 
    0x01, 0x37, 0x36, 0x16, 0x17, 0x1e, 0x01, 0x37, 0x36, 0x16, 0x17, 0x1e, 
    0x01, 0x37, 0x36, 0x16, 0x17, 0x1e, 0x01, 0x37, 0x36, 0x16, 0x17, 0x1e, 
    0x01, 0x37, 0x36, 0x16, 0x17, 0x1e, 0x01, 0x37, 0x36, 0x16, 0x17, 0x1e, 
    0x01, 0x37, 0x36, 0x16, 0x17, 0x1e, 0x01, 0x37, 0x36, 0x16, 0x17, 0x1e, 
    0x01, 0x37, 0x36, 0x16, 0x17, 0x1e, 0x01, 0x37, 0x36, 0x16, 0x17, 0x16, 
    0x06, 0x07, 0x0e, 0x01, 0x17, 0x16, 0x26, 0x27, 0x26, 0x06, 0x17, 0x1e, 
    0x01, 0x37, 0x36, 0x16, 0x17, 0x1e, 0x01, 0x37, 0x3e, 0x01, 0x37, 0x3e, 
    0x01, 0x37, 0x36, 0x16, 0x17, 0x1e, 0x01, 0x37, 0x36, 0x16, 0x17, 0x1e, 
    0x01, 0x37, 0x36, 0x16, 0x17, 0x1e, 0x01, 0x37, 0x36, 0x16, 0x17, 0x16, 
    0x36, 0x27, 0x26, 0x06, 0x17, 0x16, 0x06, 0x27, 0x26, 0x06, 0x17, 0x1e, 
    0x01, 0x37, 0x3e, 0x01, 0x17, 0x1e, 0x01, 0x37, 0x36, 0x16, 0x17, 0x1e, 
    0x01, 0x37, 0x36, 0x16, 0x17, 0x1e, 0x01, 0x37, 0x36, 0x16, 0x1f, 0x01, 
    0x27, 0x26, 0x06, 0x17, 0x16, 0x06, 0x27, 0x26, 0x06, 0x17, 0x16, 0x36, 
    0x37, 0x3e, 0x01, 0x37, 0x3e, 0x01, 0x37, 0x36, 0x16, 0x17, 0x1e, 0x01, 
    0x37, 0x36, 0x16, 0x17, 0x1e, 0x01, 0x37, 0x36, 0x16, 0x1f, 0x01, 0x27, 
    0x26, 0x06, 0x17, 0x16, 0x06, 0x27, 0x26, 0x06, 0x17, 0x1e, 0x01, 0x37, 
    0x3e, 0x01, 0x37, 0x3e, 0x01, 0x37, 0x3e, 0x01, 0x17, 0x1e, 0x01, 0x37, 
    0x36, 0x16, 0x17, 0x1e, 0x01, 0x37, 0x36, 0x16, 0x17, 0x1e, 0x01, 0x17, 
    0x1e, 0x01, 0x17, 0x0f, 0x01, 0x06, 0x36, 0x17, 0x16, 0x36, 0x37, 0x3e, 
    0x01, 0x37, 0x3e, 0x01, 0x37, 0x36, 0x16, 0x17, 0x1e, 0x01, 0x37, 0x36, 
    0x16, 0x17, 0x1e, 0x01, 0x37, 0x36, 0x16, 0x17, 0x1e, 0x01, 0x37, 0x36, 
    0x16, 0x07, 0x17, 0x27, 0x0e, 0x01, 0x17, 0x1e, 0x01, 0x37, 0x3e, 0x01, 
    0x37, 0x3e, 0x01, 0x37, 0x3e, 0x01, 0x17, 0x1e, 0x01, 0x37, 0x36, 0x16, 
    0x17, 0x1e, 0x01, 0x37, 0x36, 0x16, 0x17, 0x1e, 0x01, 0x37, 0x36, 0x16, 
    0x17, 0x16, 0x06, 0x07, 0x26, 0x06, 0x17, 0x16, 0x06, 0x27, 0x2e, 0x01, 
    0x17, 0x1e, 0x01, 0x37, 0x3e, 0x01, 0x37, 0x3e, 0x01, 0x37, 0x36, 0x16, 
    0x17, 0x1e, 0x01, 0x37, 0x36, 0x16, 0x17, 0x1e, 0x01, 0x37, 0x36, 0x16, 
    0x17, 0x1e, 0x01, 0x37, 0x36, 0x16, 0x17, 0x16, 0x36, 0x27, 0x26, 0x06, 
    0x17, 0x16, 0x06, 0x27, 0x26, 0x06, 0x17, 0x1e, 0x01, 0x37, 0x36, 0x16, 
    0x17, 0x1e, 0x01, 0x37, 0x3e, 0x01, 0x37, 0x3e, 0x01, 0x37, 0x3e, 0x01, 
    0x17, 0x1e, 0x01, 0x37, 0x36, 0x16, 0x17, 0x1e, 0x01, 0x37, 0x36, 0x16, 
    0x17, 0x1e, 0x01, 0x37, 0x36, 0x16, 0x17, 0x16, 0x06, 0x27, 0x26, 0x06, 
    0x17, 0x16, 0x06, 0x27, 0x26, 0x06, 0x17, 0x1e, 0x01, 0x37, 0x3e, 0x01, 
    0x17, 0x1e, 0x01, 0x37, 0x36, 0x16, 0x17, 0x1e, 0x01, 0x37, 0x36, 0x16, 
    0x17, 0x1e, 0x01, 0x37, 0x1e, 0x01, 0x17, 0x16, 0x36, 0x37, 0x3e, 0x01, 
    0x37, 0x3e, 0x01, 0x37, 0x3e, 0x01, 0x37, 0x3e, 0x01, 0x37, 0x3e, 0x01, 
    0x37, 0x3e, 0x01, 0x37, 0x3e, 0x01, 0x37, 0x3e, 0x01, 0x37, 0x3e, 0x01, 
    0x37, 0x3e, 0x01, 0x37, 0x3e, 0x01, 0x37, 0x3e, 0x01, 0x37, 0x3e, 0x01, 
    0x37, 0x3e, 0x01, 0x37, 0x3e, 0x01, 0x37, 0x3e, 0x01, 0x37, 0x36, 0x16, 
    0x17, 0x1e, 0x01, 0x37, 0x36, 0x16, 0x17, 0x16, 0x06, 0x27, 0x26, 0x06, 
    0x07, 0x16, 0x06, 0x27, 0x26, 0x06, 0x17, 0x16, 0x06, 0x27, 0x26, 0x06, 
    0x07, 0x0e, 0x01, 0x27, 0x26, 0x06, 0x17, 0x16, 0x06, 0x27, 0x26, 0x06, 
    0x17, 0x0e, 0x01, 0x27, 0x26, 0x06, 0x17, 0x16, 0x06, 0x27, 0x26, 0x06, 
    0x17, 0x16, 0x06, 0x27, 0x26, 0x06, 0x17, 0x16, 0x06, 0x27, 0x26, 0x06, 
    0x17, 0x16, 0x06, 0x27, 0x26, 0x06, 0x17, 0x16, 0x06, 0x27, 0x26, 0x06, 
    0x17, 0x16, 0x06, 0x27, 0x26, 0x06, 0x17, 0x1e, 0x01, 0x37, 0x36, 0x16, 
    0x17, 0x1e, 0x01, 0x37, 0x36, 0x16, 0x17, 0x1e, 0x01, 0x37, 0x36, 0x16, 
    0x17, 0x1e, 0x01, 0x37, 0x36, 0x16, 0x17, 0x1e, 0x01, 0x37, 0x36, 0x16, 
    0x17, 0x1e, 0x01, 0x37, 0x36, 0x16, 0x17, 0x1e, 0x01, 0x37, 0x36, 0x16, 
    0x17, 0x16, 0x06, 0x27, 0x26, 0x06, 0x17, 0x1e, 0x01, 0x37, 0x36, 0x16, 
    0x17, 0x1e, 0x01, 0x37, 0x36, 0x16, 0x17, 0x1e, 0x01, 0x37, 0x36, 0x16, 
    0x17, 0x1e, 0x01, 0x17, 0x1e, 0x01, 0x17, 0x1e, 0x01, 0x37, 0x36, 0x16, 
    0x17, 0x1e, 0x01, 0x37, 0x36, 0x16, 0x17, 0x1e, 0x01, 0x37, 0x36, 0x16, 
    0x1f, 0x01, 0x37, 0x3e, 0x01, 0x17, 0x1e, 0x01, 0x37, 0x36, 0x16, 0x17, 
    0x1e, 0x01, 0x37, 0x36, 0x16, 0x17, 0x1e, 0x01, 0x37, 0x36, 0x16, 0x17, 
    0x1e, 0x01, 0x37, 0x36, 0x16, 0x17, 0x1e, 0x01, 0x37, 0x36, 0x16, 0x17, 
    0x1e, 0x01, 0x17, 0x1e, 0x01, 0x1f, 0x01, 0x37, 0x3e, 0x01, 0x17, 0x1e, 
    0x01, 0x37, 0x36, 0x16, 0x17, 0x1e, 0x01, 0x17, 0x1e, 0x01, 0x17, 0x1e, 
    0x01, 0x37, 0x36, 0x16, 0x17, 0x1e, 0x01, 0x17, 0x36, 0x16, 0x17, 0x1e, 
    0x01, 0x37, 0x36, 0x16, 0x17, 0x1e, 0x01, 0x17, 0x1e, 0x01, 0x1f, 0x01, 
    0x37, 0x36, 0x16, 0x17, 0x1e, 0x01, 0x17, 0x1e, 0x01, 0x17, 0x1e, 0x01, 
    0x37, 0x36, 0x16, 0x17, 0x1e, 0x01, 0x37, 0x36, 0x16, 0x17, 0x1e, 0x01, 
    0x37, 0x36, 0x16, 0x17, 0x1e, 0x01, 0x17, 0x1e, 0x01, 0x17, 0x1e, 0x01, 
    0x37, 0x36, 0x16, 0x17, 0x1e, 0x01, 0x17, 0x1e, 0x01, 0x17, 0x1e, 0x01, 
    0x37, 0x36, 0x16, 0x17, 0x1e, 0x01, 0x37, 0x36, 0x16, 0x17, 0x1e, 0x01, 
    0x37, 0x36, 0x16, 0x17, 0x1e, 0x01, 0x37, 0x36, 0x16, 0x17, 0x16, 0x06, 
    0x27, 0x26, 0x06, 0x17, 0x16, 0x06, 0x07, 0x0e, 0x01, 0x17, 0x16, 0x06, 
    0x27, 0x26, 0x06, 0x17, 0x16, 0x06, 0x27, 0x0e, 0x01, 0x17, 0x16, 0x06, 
    0x27, 0x26, 0x06, 0x17, 0x16, 0x06, 0x27, 0x26, 0x06, 0x17, 0x16, 0x06, 
    0x27, 0x26, 0x06, 0x17, 0x16, 0x06, 0x27, 0x26, 0x06, 0x17, 0x16, 0x06, 
    0x27, 0x2e, 0x01, 0x01, 0x36, 0x26, 0x27, 0x2e, 0x01, 0x27, 0x2e, 0x01, 
    0x27, 0x2e, 0x01, 0x37, 0x36, 0x26, 0x27, 0x26, 0x06, 0x17, 0x1e, 0x01, 
    0x37, 0x36, 0x16, 0x17, 0x1e, 0x01, 0x37, 0x36, 0x16, 0x17, 0x1e, 0x01, 
    0x37, 0x3e, 0x01, 0x06, 0x7a, 0x01, 0x04, 0x07, 0x0a, 0x02, 0x01, 0x01, 
    0x02, 0x07, 0x05, 0x03, 0x00, 0x00, 0x02, 0x03, 0x03, 0x02, 0x00, 0x00, 
    0x02, 0x02, 0x02, 0x02, 0x00, 0x00, 0x02, 0x03, 0x02, 0x03, 0x00, 0x00, 
    0x01, 0x02, 0x02, 0x02, 0x00, 0x00, 0x02, 0x03, 0x03, 0x02, 0x00, 0x00, 
    0x02, 0x02, 0x02, 0x02, 0x00, 0x00, 0x02, 0x03, 0x02, 0x03, 0x00, 0x00, 
    0x01, 0x02, 0x02, 0x02, 0x01, 0x00, 0x03, 0x02, 0x02, 0x02, 0x00, 0x00, 
    0x02, 0x02, 0x03, 0x00, 0x00, 0x00, 0x0e, 0x0b, 0x03, 0x00, 0x00, 0x02, 
    0x02, 0x02, 0x01, 0x00, 0x00, 0x02, 0x03, 0x03, 0x02, 0x00, 0x00, 0x02, 
    0x02, 0x02, 0x02, 0x00, 0x00, 0x02, 0x03, 0x03, 0x02, 0x00, 0x00, 0x02, 
    0x02, 0x02, 0x01, 0x00, 0x00, 0x02, 0x03, 0x05, 0x00, 0x00, 0x00, 0x0d, 
    0x0b, 0x01, 0x00, 0x00, 0x02, 0x03, 0x03, 0x02, 0x00, 0x00, 0x02, 0x02, 
    0x02, 0x02, 0x00, 0x00, 0x01, 0x04, 0x03, 0x02, 0x00, 0x00, 0x01, 0x02, 
    0x03, 0x01, 0x00, 0x00, 0x02, 0x03, 0x03, 0x02, 0x00, 0x00, 0x02, 0x02, 
    0x03, 0x01, 0x00, 0x00, 0x11, 0x0e, 0x04, 0x00, 0x00, 0x02, 0x03, 0x02, 
    0x03, 0x00, 0x00, 0x01, 0x02, 0x02, 0x02, 0x01, 0x01, 0x03, 0x01, 0x02, 
    0x02, 0x00, 0x00, 0x02, 0x02, 0x02, 0x02, 0x01, 0x01, 0x02, 0x02, 0x02, 
    0x02, 0x00, 0x00, 0x01, 0x02, 0x05, 0x02, 0x01, 0x01, 0x0d, 0x0a, 0x03, 
    0x00, 0x00, 0x03, 0x02, 0x03, 0x02, 0x00, 0x00, 0x02, 0x02, 0x02, 0x02, 
    0x00, 0x00, 0x02, 0x03, 0x03, 0x02, 0x00, 0x00, 0x02, 0x02, 0x02, 0x01, 
    0x00, 0x00, 0x03, 0x02, 0x03, 0x02, 0x00, 0x00, 0x02, 0x02, 0x02, 0x02, 
    0x00, 0x00, 0x02, 0x02, 0x02, 0x01, 0x00, 0x00, 0x02, 0x02, 0x02, 0x02, 
    0x01, 0x00, 0x03, 0x02, 0x02, 0x02, 0x00, 0x00, 0x04, 0x0f, 0x0e, 0x04, 
    0x00, 0x00, 0x02, 0x02, 0x03, 0x01, 0x00, 0x00, 0x01, 0x03, 0x02, 0x02, 
    0x00, 0x00, 0x02, 0x03, 0x04, 0x01, 0x00, 0x00, 0x02, 0x03, 0x03, 0x02, 
    0x00, 0x00, 0x02, 0x02, 0x02, 0x02, 0x00, 0x01, 0x03, 0x02, 0x02, 0x02, 
    0x00, 0x00, 0x01, 0x01, 0x02, 0x01, 0x00, 0x00, 0x0a, 0x06, 0x02, 0x02, 
    0x00, 0x00, 0x02, 0x03, 0x03, 0x02, 0x00, 0x00, 0x01, 0x02, 0x02, 0x02, 
    0x00, 0x00, 0x02, 0x03, 0x03, 0x02, 0x00, 0x00, 0x02, 0x02, 0x02, 0x02, 
    0x00, 0x00, 0x02, 0x03, 0x03, 0x02, 0x00, 0x00, 0x01, 0x02, 0x02, 0x02, 
    0x00, 0x00, 0x02, 0x03, 0x03, 0x02, 0x00, 0x00, 0x02, 0x02, 0x02, 0x02, 
    0x00, 0x00, 0x02, 0x02, 0x04, 0x01, 0x00, 0x00, 0x02, 0x02, 0x02, 0x02, 
    0x00, 0x00, 0x02, 0x03, 0x03, 0x02, 0x00, 0x00, 0x02, 0x02, 0x02, 0x01, 
    0x00, 0x00, 0x03, 0x02, 0x04, 0x01, 0x00, 0x00, 0x02, 0x02, 0x02, 0x02, 
    0x00, 0x00, 0x02, 0x03, 0x03, 0x02, 0x00, 0x00, 0x02, 0x02, 0x02, 0x01, 
    0x00, 0x00, 0x03, 0x02, 0x04, 0x01, 0x00, 0x00, 0x02, 0x02, 0x02, 0x02, 
    0x00, 0x00, 0x02, 0x03, 0x03, 0x02, 0x00, 0x00, 0x01, 0x03, 0x02, 0x01, 
    0x00, 0x00, 0x03, 0x02, 0x04, 0x01, 0x00, 0x00, 0x02, 0x02, 0x02, 0x02, 
    0x00, 0x00, 0x02, 0x03, 0x03, 0x02, 0x00, 0x00, 0x01, 0x02, 0x03, 0x01, 
    0x00, 0x00, 0x02, 0x03, 0x03, 0x02, 0x00, 0x00, 0x02, 0x02, 0x02, 0x02, 
    0x00, 0x00, 0x02, 0x03, 0x02, 0x03, 0x00, 0x00, 0x01, 0x01, 0x03, 0x0c, 
    0x00, 0x00, 0x02, 0x01, 0x04, 0x0b, 0x00, 0x00, 0x01, 0x02, 0x04, 0x0a, 
    0x00, 0x00, 0x01, 0x02, 0x04, 0x0b, 0x00, 0x00, 0x01, 0x02, 0x03, 0x0b, 
    0x00, 0x00, 0x01, 0x02, 0x04, 0x0a, 0x00, 0x00, 0x02, 0x02, 0x03, 0x0b, 
    0x00, 0x00, 0x01, 0x02, 0x04, 0x0a, 0x00, 0x00, 0x02, 0x02, 0x03, 0x0b, 
    0x00, 0x00, 0x01, 0x02, 0x03, 0x0b, 0x00, 0x00, 0x03, 0x02, 0x03, 0x02, 
    0x00, 0x00, 0x02, 0x02, 0x02, 0x02, 0x00, 0x00, 0x02, 0x03, 0x03, 0x02, 
    0x00, 0x00, 0x01, 0x03, 0x02, 0x01, 0x00, 0x00, 0x03, 0x02, 0x03, 0x02, 
    0x00, 0x00, 0x02, 0x02, 0x02, 0x02, 0x00, 0x00, 0x02, 0x03, 0x02, 0x03, 
    0x00, 0x00, 0x01, 0x02, 0x03, 0x01, 0x00, 0x00, 0x02, 0x03, 0x03, 0x02, 
    0x00, 0x00, 0x02, 0x02, 0x02, 0x02, 0x00, 0x00, 0x02, 0x03, 0x03, 0x02, 
    0x00, 0x00, 0x01, 0x02, 0x02, 0x02, 0x00, 0x00, 0x02, 0x03, 0x03, 0x02, 
    0x00, 0x00, 0x02, 0x02, 0x02, 0x02, 0x00, 0x00, 0x01, 0x04, 0x04, 0x01, 
    0x00, 0x00, 0x01, 0x02, 0x02, 0x02, 0x00, 0x00, 0x02, 0x03, 0x03, 0x02, 
    0x00, 0x00, 0x02, 0x02, 0x02, 0x02, 0x00, 0x00, 0x00, 0x05, 0x02, 0x03, 
    0x00, 0x00, 0x01, 0x02, 0x03, 0x01, 0x00, 0x00, 0x01, 0x04, 0x04, 0x01, 
    0x00, 0x00, 0x01, 0x03, 0x02, 0x01, 0x00, 0x00, 0x02, 0x03, 0x04, 0x01, 
    0x00, 0x00, 0x02, 0x02, 0x03, 0x01, 0x00, 0x00, 0x01, 0x04, 0x04, 0x01, 
    0x00, 0x00, 0x01, 0x03, 0x02, 0x01, 0x00, 0x00, 0x01, 0x04, 0x04, 0x01, 
    0x00, 0x00, 0x02, 0x02, 0x03, 0x01, 0x00, 0x00, 0x01, 0x04, 0x04, 0x01, 
    0x00, 0x00, 0x01, 0x03, 0x02, 0x01, 0x00, 0x00, 0x01, 0x04, 0x05, 0x00, 
    0x00, 0x00, 0x02, 0x03, 0x03, 0x02, 0x00, 0x00, 0x02, 0x02, 0x03, 0x01, 
    0x00, 0x00, 0x01, 0x02, 0x05, 0x02, 0x00, 0x00, 0x01, 0x02, 0x03, 0x01, 
    0x00, 0x00, 0x0a, 0x07, 0x03, 0x00, 0x00, 0x03, 0x05, 0x06, 0x03, 0x00, 
    0x00, 0x03, 0x06, 0x07, 0x02, 0x00, 0x00, 0x01, 0x07, 0x06, 0x03, 0x00, 
    0x00, 0x02, 0x02, 0x02, 0x02, 0x00, 0x00, 0x01, 0x07, 0x06, 0x04, 0x01, 
    0x00, 0x04, 0x05, 0x05, 0x02, 0x01, 0x01, 0x03, 0x05, 0x04, 0x04, 0x01, 
    0x00, 0x04, 0x04, 0x06, 0x02, 0x01, 0x01, 0x02, 0x02, 0x02, 0x01, 0x00, 
    0x00, 0x03, 0x06, 0x07, 0x02, 0x00, 0x00, 0x02, 0x07, 0x06, 0x02, 0x00, 
    0x00, 0x03, 0x06, 0x07, 0x02, 0x00, 0x00, 0x02, 0x07, 0x06, 0x02, 0x00, 
    0x00, 0x02, 0x02, 0x02, 0x03, 0x01, 0x01, 0x02, 0x06, 0x06, 0x03, 0x00, 
    0x00, 0x02, 0x05, 0x06, 0x03, 0x00, 0x01, 0x03, 0x06, 0x06, 0x03, 0x00, 
    0x00, 0x01, 0x02, 0x03, 0x01, 0x00, 0x00, 0x02, 0x03, 0x03, 0x02, 0x00, 
    0x00, 0x02, 0x02, 0x02, 0x02, 0x00, 0x00, 0x01, 0x04, 0x02, 0x03, 0x00, 
    0x00, 0x01, 0x02, 0x02, 0x02, 0x00, 0x00, 0x02, 0x03, 0x03, 0x02, 0x00, 
    0x00, 0x02, 0x02, 0x02, 0x02, 0x00, 0x00, 0x01, 0x04, 0x02, 0x03, 0x00, 
    0x00, 0x01, 0x02, 0x02, 0x02, 0x00, 0x00, 0x02, 0x03, 0x04, 0x01, 0x00, 
    0x00, 0x01, 0x04, 0x03, 0x02, 0x00, 0x00, 0x03, 0x09, 0x0a, 0x03, 0x00, 
    0x00, 0x02, 0x02, 0x02, 0x02, 0x00, 0x00, 0x01, 0x02, 0x02, 0x02, 0x00, 
    0x00, 0x05, 0x17, 0x16, 0x05, 0x00, 0x00, 0x02, 0x02, 0x02, 0x01, 0x00, 
    0x00, 0x02, 0x03, 0x03, 0x02, 0x00, 0x00, 0x02, 0x02, 0x03, 0x01, 0x00, 
    0x00, 0x00, 0x09, 0x07, 0x02, 0x00, 0x00, 0x01, 0x07, 0x05, 0x04, 0x00, 
    0x00, 0x0d, 0x16, 0x21, 0x02, 0x00, 0x00, 0x01, 0x04, 0x03, 0x02, 0x00, 
    0x00, 0x01, 0x03, 0x02, 0x01, 0x00, 0x00, 0x02, 0x03, 0x04, 0x01, 0x00, 
    0x00, 0x0d, 0x0b, 0x03, 0x00, 0x00, 0x02, 0x02, 0x02, 0x02, 0x00, 0x00, 
    0x04, 0x11, 0x13, 0x02, 0x01, 0x01, 0x03, 0x04, 0x05, 0x03, 0x01, 0x00, 
    0x03, 0x03, 0x02, 0x02, 0x00, 0x00, 0x0c, 0x03, 0x02, 0x01, 0x00, 0x00, 
    0x09, 0x07, 0x02, 0x00, 0x00, 0x01, 0x04, 0x03, 0x02, 0x00, 0x00, 0x04, 
    0x0e, 0x0f, 0x02, 0x00, 0x00, 0x02, 0x0c, 0x0c, 0x02, 0x00, 0x00, 0x01, 
    0x02, 0x03, 0x02, 0x01, 0x00, 0x03, 0x02, 0x02, 0x01, 0x00, 0x00, 0x02, 
    0x03, 0x05, 0x00, 0x00, 0x01, 0x0d, 0x0d, 0x00, 0x00, 0x00, 0x00, 0x0c, 
    0x0a, 0x03, 0x00, 0x00, 0x03, 0x0f, 0x0f, 0x04, 0x00, 0x00, 0x02, 0x02, 
    0x02, 0x01, 0x00, 0x00, 0x02, 0x03, 0x03, 0x02, 0x00, 0x00, 0x02, 0x02, 
    0x03, 0x01, 0x01, 0x00, 0x0c, 0x0b, 0x01, 0x00, 0x00, 0x01, 0x06, 0x06, 
    0x02, 0x00, 0x00, 0x02, 0x14, 0x15, 0x02, 0x00, 0x00, 0x02, 0x03, 0x03, 
    0x02, 0x00, 0x00, 0x02, 0x02, 0x02, 0x01, 0x00, 0x00, 0x02, 0x03, 0x04, 
    0x01, 0x00, 0x00, 0x01, 0x04, 0x02, 0x03, 0x00, 0x00, 0x03, 0x05, 0x08, 
    0x01, 0x00, 0x00, 0x01, 0x06, 0x05, 0x03, 0x00, 0x00, 0x04, 0x14, 0x13, 
    0x04, 0x00, 0x00, 0x02, 0x02, 0x02, 0x02, 0x00, 0x00, 0x01, 0x04, 0x02, 
    0x03, 0x00, 0x00, 0x01, 0x02, 0x03, 0x01, 0x00, 0x00, 0x00, 0x09, 0x07, 
    0x01, 0x00, 0x00, 0x02, 0x07, 0x05, 0x04, 0x00, 0x00, 0x02, 0x02, 0x02, 
    0x03, 0x01, 0x00, 0x02, 0x01, 0x01, 0x01, 0x01, 0x01, 0x02, 0x19, 0x18, 
    0x02, 0x00, 0x00, 0x02, 0x03, 0x03, 0x02, 0x00, 0x00, 0x02, 0x02, 0x02, 
    0x02, 0x00, 0x00, 0x01, 0x04, 0x04, 0x01, 0x00, 0x00, 0x01, 0x08, 0x06, 
    0x03, 0x00, 0x00, 0x03, 0x06, 0x06, 0x02, 0x00, 0x00, 0x05, 0x1e, 0x1d, 
    0x06, 0x00, 0x00, 0x01, 0x02, 0x02, 0x02, 0x00, 0x00, 0x02, 0x03, 0x03, 
    0x02, 0x00, 0x00, 0x02, 0x02, 0x02, 0x01, 0x00, 0x00, 0x0c, 0x07, 0x04, 
    0x02, 0x00, 0x00, 0x02, 0x01, 0x04, 0x0b, 0x00, 0x00, 0x02, 0x03, 0x03, 
    0x02, 0x00, 0x00, 0x02, 0x02, 0x02, 0x01, 0x00, 0x00, 0x03, 0x02, 0x04, 
    0x01, 0x00, 0x00, 0x02, 0x02, 0x02, 0x02, 0x00, 0x00, 0x02, 0x03, 0x03, 
    0x02, 0x00, 0x00, 0x01, 0x03, 0x02, 0x01, 0x00, 0x00, 0x04, 0x13, 0x12, 
    0x05, 0x01, 0x01, 0x02, 0x02, 0x02, 0x01, 0x00, 0x00, 0x01, 0x02, 0x02, 
    0x03, 0x01, 0x00, 0x03, 0x02, 0x02, 0x01, 0x00, 0x00, 0x02, 0x02, 0x02, 
    0x02, 0x01, 0x01, 0x02, 0x02, 0x02, 0x02, 0x00, 0x00, 0x01, 0x02, 0x02, 
    0x03, 0x00, 0x01, 0x03, 0x02, 0x02, 0x01, 0x00, 0x00, 0x02, 0x03, 0x04, 
    0x01, 0x00, 0x00, 0x02, 0x02, 0x02, 0x02, 0x00, 0x00, 0x02, 0x03, 0x03, 
    0x02, 0x00, 0x00, 0x01, 0x02, 0x02, 0x02, 0x00, 0x00, 0x02, 0x03, 0x03, 
    0x02, 0x00, 0x00, 0x02, 0x02, 0x02, 0x02, 0x00, 0x00, 0x02, 0x02, 0x02, 
    0x02, 0x00, 0x00, 0x02, 0x03, 0x03, 0x02, 0x00, 0x00, 0x02, 0x02, 0x02, 
    0x01, 0x00, 0x00, 0x02, 0x03, 0x03, 0x02, 0x00, 0x00, 0x02, 0x02, 0x02, 
    0x02, 0x00, 0x00, 0x01, 0x04, 0x03, 0x02, 0x00, 0x00, 0x01, 0x02, 0x02, 
    0x03, 0x01, 0x02, 0x03, 0x05, 0x02, 0x01, 0x00, 0x00, 0x03, 0x0e, 0x0e, 
    0x04, 0x00, 0x00, 0x01, 0x02, 0x02, 0x03, 0x00, 0x01, 0x03, 0x02, 0x02, 
    0x01, 0x00, 0x00, 0x02, 0x03, 0x03, 0x02, 0x00, 0x00, 0x02, 0x02, 0x02, 
    0x02, 0x00, 0x00, 0x01, 0x03, 0x02, 0x02, 0x01, 0x01, 0x02, 0x02, 0x02, 
    0x01, 0x00, 0x00, 0x0d, 0x0a, 0x03, 0x01, 0x01, 0x02, 0x02, 0x01, 0x02, 
    0x00, 0x00, 0x02, 0x02, 0x02, 0x03, 0x00, 0x01, 0x02, 0x02, 0x02, 0x01, 
    0x00, 0x00, 0x02, 0x02, 0x03, 0x02, 0x01, 0x00, 0x03, 0x02, 0x01, 0x02, 
    0x00, 0x00, 0x02, 0x03, 0x04, 0x01, 0x00, 0x00, 0x10, 0x0f, 0x02, 0x01, 
    0x01, 0x02, 0x02, 0x02, 0x01, 0x00, 0x00, 0x03, 0x02, 0x03, 0x02, 0x00, 
    0x00, 0x02, 0x02, 0x02, 0x02, 0x00, 0x00, 0x02, 0x03, 0x03, 0x02, 0x00, 
    0x00, 0x01, 0x03, 0x02, 0x01, 0x00, 0x00, 0x03, 0x02, 0x04, 0x01, 0x00, 
    0x00, 0x0d, 0x09, 0x03, 0x00, 0x00, 0x02, 0x03, 0x03, 0x02, 0x00, 0x00, 
    0x02, 0x02, 0x02, 0x02, 0x00, 0x00, 0x01, 0x03, 0x02, 0x02, 0x01, 0x01, 
    0x02, 0x02, 0x02, 0x01, 0x00, 0x00, 0x02, 0x03, 0x03, 0x02, 0x00, 0x00, 
    0x02, 0x02, 0x02, 0x02, 0x00, 0x00, 0x02, 0x03, 0x02, 0x03, 0x00, 0x00, 
    0x01, 0x02, 0x02, 0x02, 0x00, 0x00, 0x02, 0x03, 0x03, 0x02, 0x00, 0x00, 
    0x02, 0x02, 0x03, 0x01, 0x00, 0x00, 0x00, 0x05, 0x04, 0x01, 0x00, 0x00, 
    0x01, 0x04, 0x03, 0x02, 0x00, 0x00, 0x02, 0x02, 0x02, 0x02, 0x00, 0x00, 
    0x02, 0x03, 0x03, 0x02, 0x00, 0x00, 0x02, 0x02, 0x02, 0x01, 0x00, 0x00, 
    0x03, 0x02, 0x04, 0x01, 0x00, 0x00, 0x02, 0x02, 0x02, 0x02, 0x00, 0x00, 
    0x02, 0x03, 0x03, 0x02, 0x00, 0x00, 0x02, 0x02, 0x02, 0x01, 0x00, 0x00, 
    0x04, 0x13, 0x12, 0x05, 0xfb, 0xff, 0x00, 0x02, 0x02, 0x02, 0x02, 0x01, 
    0x01, 0x02, 0x02, 0x02, 0x01, 0x00, 0x00, 0x03, 0x05, 0x04, 0x03, 0x00, 
    0x00, 0x02, 0x02, 0x02, 0x01, 0x00, 0x00, 0x02, 0x03, 0x03, 0x02, 0x00, 
    0x00, 0x03, 0x05, 0x04, 0x03, 0x5a, 0x03, 0x01, 0x00, 0x00, 0x01, 0x04, 
    0x04, 0x01, 0x00, 0x00, 0x01, 0x02, 0x02, 0x03, 0x00, 0x01, 0x03, 0x02, 
    0x02, 0x01, 0x00, 0x00, 0x02, 0x02, 0x02, 0x02, 0x01, 0x01, 0x02, 0x02, 
    0x02, 0x02, 0x00, 0x00, 0x01, 0x02, 0x02, 0x03, 0x00, 0x01, 0x03, 0x02, 
    0x02, 0x01, 0x00, 0x00, 0x02, 0x02, 0x02, 0x02, 0x01, 0x01, 0x02, 0x02, 
    0x02, 0x02, 0x00, 0x00, 0x02, 0x03, 0x01, 0x03, 0x00, 0x00, 0x01, 0x02, 
    0x02, 0x02, 0x00, 0x00, 0x03, 0x0b, 0x0e, 0x00, 0x00, 0x00, 0x03, 0x02, 
    0x02, 0x00, 0x00, 0x02, 0x03, 0x03, 0x02, 0x00, 0x00, 0x02, 0x02, 0x02, 
    0x01, 0x00, 0x00, 0x03, 0x02, 0x04, 0x01, 0x00, 0x00, 0x02, 0x02, 0x02, 
    0x02, 0x00, 0x00, 0x02, 0x03, 0x03, 0x02, 0x00, 0x00, 0x02, 0x0a, 0x0d, 
    0x00, 0x00, 0x01, 0x04, 0x03, 0x02, 0x00, 0x00, 0x02, 0x02, 0x02, 0x01, 
    0x00, 0x00, 0x03, 0x02, 0x04, 0x01, 0x00, 0x00, 0x02, 0x02, 0x02, 0x02, 
    0x00, 0x00, 0x02, 0x03, 0x03, 0x02, 0x00, 0x00, 0x01, 0x03, 0x02, 0x01, 
    0x00, 0x00, 0x04, 0x0e, 0x11, 0x00, 0x00, 0x01, 0x03, 0x02, 0x03, 0x00, 
    0x01, 0x02, 0x02, 0x02, 0x02, 0x00, 0x00, 0x02, 0x03, 0x02, 0x03, 0x00, 
    0x00, 0x01, 0x02, 0x02, 0x02, 0x00, 0x00, 0x02, 0x03, 0x03, 0x02, 0x00, 
    0x00, 0x02, 0x02, 0x02, 0x02, 0x00, 0x00, 0x09, 0x0b, 0x07, 0x00, 0x00, 
    0x01, 0x02, 0x02, 0x03, 0x00, 0x01, 0x02, 0x03, 0x02, 0x02, 0x00, 0x00, 
    0x01, 0x02, 0x02, 0x02, 0x01, 0x00, 0x03, 0x02, 0x02, 0x02, 0x00, 0x00, 
    0x02, 0x01, 0x02, 0x02, 0x01, 0x01, 0x02, 0x02, 0x03, 0x01, 0x00, 0x00, 
    0x02, 0x02, 0x02, 0x02, 0x00, 0x00, 0x02, 0x02, 0x02, 0x02, 0x00, 0x00, 
    0x02, 0x03, 0x02, 0x03, 0x00, 0x00, 0x01, 0x02, 0x03, 0x01, 0x00, 0x00, 
    0x01, 0x02, 0x02, 0x03, 0x00, 0x01, 0x06, 0x11, 0x13, 0x04, 0x00, 0x00, 
    0x02, 0x02, 0x02, 0x01, 0x00, 0x00, 0x02, 0x06, 0x05, 0x02, 0x02, 0x00, 
    0x03, 0x02, 0x02, 0x01, 0x00, 0x00, 0x03, 0x02, 0x03, 0x02, 0x00, 0x00, 
    0x02, 0x02, 0x02, 0x02, 0x00, 0x00, 0x02, 0x02, 0x04, 0x03, 0x02, 0x01, 
    0x02, 0x02, 0x02, 0x02, 0x00, 0x00, 0x01, 0x04, 0x03, 0x02, 0x00, 0x00, 
    0x01, 0x02, 0x03, 0x01, 0x00, 0x00, 0x02, 0x03, 0x03, 0x02, 0x00, 0x00, 
    0x02, 0x02, 0x02, 0x02, 0x00, 0x00, 0x01, 0x04, 0x02, 0x03, 0x00, 0x00, 
    0x01, 0x02, 0x03, 0x01, 0x00, 0x00, 0x02, 0x03, 0x03, 0x02, 0x00, 0x00, 
    0x02, 0x02, 0x02, 0x02, 0x00, 0x00, 0x01, 0x04, 0x02, 0x03, 0x00, 0x00, 
    0x01, 0x02, 0x02, 0x02, 0x00, 0x00, 0x02, 0x03, 0x03, 0x02, 0x00, 0x00, 
    0x02, 0x02, 0x02, 0x02, 0x00, 0x00, 0x01, 0x04, 0x02, 0x03, 0x00, 0x00, 
    0x01, 0x02, 0x02, 0x02, 0x00, 0x00, 0x02, 0x03, 0x03, 0x02, 0x00, 0x00, 
    0x02, 0x02, 0x02, 0x02, 0x00, 0x00, 0x01, 0x03, 0x03, 0x02, 0x00, 0x00, 
    0x02, 0x02, 0x02, 0x02, 0x00, 0x00, 0x02, 0x03, 0x03, 0x02, 0x00, 0x00, 
    0x02, 0x02, 0x02, 0x01, 0x00, 0x00, 0x02, 0x03, 0x03, 0x02, 0x00, 0x00, 
    0x02, 0x02, 0x02, 0x02, 0x00, 0x00, 0x02, 0x03, 0x03, 0x02, 0x00, 0x00, 
    0x01, 0x02, 0x02, 0x02, 0x01, 0x01, 0x02, 0x02, 0x03, 0x01, 0x00, 0x00, 
    0x02, 0x02, 0x02, 0x02, 0x01, 0x00, 0x03, 0x02, 0x02, 0x02, 0x00, 0x00, 
    0x0b, 0x03, 0x02, 0x01, 0x00, 0x00, 0x0b, 0x04, 0x01, 0x02, 0x00, 0x00, 
    0x0b, 0x03, 0x02, 0x01, 0x00, 0x00, 0x0b, 0x04, 0x01, 0x02, 0x00, 0x00, 
    0x0b, 0x03, 0x02, 0x01, 0x00, 0x00, 0x0b, 0x04, 0x01, 0x02, 0x00, 0x00, 
    0x0a, 0x04, 0x02, 0x01, 0x00, 0x00, 0x0b, 0x04, 0x01, 0x02, 0x00, 0x00, 
    0x0a, 0x04, 0x02, 0x01, 0x00, 0x00, 0x0c, 0x03, 0x01, 0x01, 0x01, 0x01, 
    0x02, 0x02, 0x03, 0x01, 0x00, 0x00, 0x02, 0x02, 0x02, 0x02, 0x01, 0x00, 
    0x03, 0x02, 0x02, 0x02, 0x00, 0x00, 0x01, 0x02, 0x02, 0x02, 0x01, 0x01, 
    0x02, 0x02, 0x03, 0x01, 0x00, 0x00, 0x02, 0x02, 0x02, 0x02, 0x01, 0x00, 
    0x03, 0x02, 0x02, 0x02, 0x00, 0x00, 0x01, 0x02, 0x02, 0x02, 0x01, 0x01, 
    0x02, 0x02, 0x03, 0x01, 0x00, 0x00, 0x02, 0x02, 0x02, 0x02, 0x01, 0x00, 
    0x03, 0x06, 0x05, 0x02, 0x00, 0x00, 0x02, 0x03, 0x04, 0x01, 0x00, 0x00, 
    0x02, 0x02, 0x02, 0x02, 0x00, 0x00, 0x02, 0x03, 0x03, 0x02, 0x00, 0x00, 
    0x01, 0x07, 0x07, 0x02, 0x00, 0x00, 0x02, 0x02, 0x02, 0x02, 0x00, 0x01, 
    0x02, 0x03, 0x02, 0x02, 0x00, 0x00, 0x02, 0x06, 0x07, 0x02, 0x00, 0x00, 
    0x02, 0x02, 0x02, 0x02, 0x00, 0x00, 0x02, 0x06, 0x06, 0x03, 0x01, 0x01, 
    0x02, 0x06, 0x05, 0x03, 0x00, 0x00, 0x02, 0x03, 0x03, 0x02, 0x00, 0x00, 
    0x01, 0x07, 0x06, 0x03, 0x00, 0x00, 0x03, 0x06, 0x07, 0x01, 0x00, 0x00, 
    0x02, 0x07, 0x06, 0x03, 0x00, 0x00, 0x03, 0x06, 0x07, 0x01, 0x00, 0x00, 
    0x02, 0x07, 0x06, 0x03, 0x00, 0x00, 0x02, 0x07, 0x07, 0x01, 0x00, 0x00, 
    0x02, 0x07, 0x06, 0x03, 0x00, 0x00, 0x02, 0x07, 0x07, 0x01, 0x00, 0x00, 
    0x02, 0x09, 0x08, 0x05, 0x04, 0x02, 0x05, 0x04, 0x04, 0x02, 0x00, 0x00, 
    0x03, 0x06, 0x06, 0x03, 0x00, 0x00, 0x05, 0x0b, 0x06, 0x03, 0x00, 0x00, 
    0x03, 0x0f, 0x13, 0x00, 0x00, 0x01, 0x02, 0x02, 0x03, 0x01, 0x01, 0x02, 
    0x02, 0x02, 0x01, 0x00, 0x00, 0x01, 0x04, 0x05, 0x00, 0x00, 0x00, 0x02, 
    0x02, 0x02, 0x02, 0x00, 0x00, 0x02, 0x03, 0x04, 0x01, 0x00, 0x00, 0x01, 
    0x03, 0x02, 0x01, 0x00, 0x00, 0x02, 0x03, 0x04, 0x01, 0x00, 0x00, 0x02, 
    0x02, 0x02, 0x02, 0x00, 0x00, 0x01, 0x04, 0x03, 0x02, 0x00, 0x00, 0x02, 
    0x02, 0x02, 0x01, 0x00, 0x00, 0x01, 0x04, 0x04, 0x01, 0x00, 0x00, 0x01, 
    0x03, 0x03, 0x01, 0x00, 0x00, 0x01, 0x04, 0x04, 0x01, 0x00, 0x00, 0x01, 
    0x03, 0x02, 0x01, 0x00, 0x00, 0x03, 0x02, 0x04, 0x01, 0x00, 0x00, 0x01, 
    0x03, 0x03, 0x01, 0x00, 0x00, 0x01, 0x04, 0x03, 0x02, 0x00, 0x00, 0x01, 
    0x02, 0x03, 0x01, 0x00, 0x00, 0x02, 0x03, 0x04, 0x01, 0x00, 0x00, 0x02, 
    0x02, 0x02, 0x02, 0x00, 0x00, 0x02, 0x03, 0x03, 0x02, 0x00, 0x00, 0x01, 
    0x02, 0x02, 0x02, 0x00, 0x00, 0x02, 0x03, 0x03, 0x02, 0x00, 0x00, 0x02, 
    0x02, 0x02, 0x02, 0x00, 0x00, 0x02, 0x03, 0x03, 0x02, 0x00, 0x00, 0x01, 
    0x02, 0x02, 0x02, 0x00, 0x00, 0x02, 0x03, 0x03, 0x02, 0x00, 0x00, 0x02, 
    0x07, 0x07, 0x02, 0x01, 0x01, 0x02, 0x02, 0x03, 0x00, 0x00, 0x00, 0x01, 
    0x03, 0x02, 0x02, 0x00, 0x00, 0x02, 0x02, 0x02, 0x01, 0x00, 0x00, 0x01, 
    0x02, 0x03, 0x01, 0x00, 0x00, 0x01, 0x03, 0x02, 0x01, 0x00, 0x00, 0x03, 
    0x02, 0x04, 0x01, 0x00, 0x00, 0x02, 0x02, 0x02, 0x02, 0x00, 0x00, 0x03, 
    0x07, 0x0a, 0x00, 0x00, 0x00, 0x01, 0x04, 0x04, 0x01, 0x00, 0x00, 0x01, 
    0x01, 0x02, 0x01, 0x00, 0x00, 0x00, 0x05, 0x03, 0x02, 0x00, 0x00, 0x02, 
    0x02, 0x02, 0x01, 0x00, 0x00, 0x03, 0x02, 0x04, 0x01, 0x00, 0x00, 0x02, 
    0x08, 0x0a, 0x00, 0x00, 0x01, 0x03, 0x02, 0x02, 0x00, 0x00, 0x01, 0x02, 
    0x04, 0x00, 0x00, 0x00, 0x00, 0x05, 0x03, 0x02, 0x00, 0x00, 0x02, 0x03, 
    0x03, 0x02, 0x00, 0x00, 0x01, 0x02, 0x03, 0x0c, 0x00, 0x00, 0x05, 0x08, 
    0x0e, 0x00, 0x00, 0x01, 0x04, 0x03, 0x02, 0x00, 0x00, 0x02, 0x02, 0x03, 
    0x01, 0x00, 0x00, 0x01, 0x04, 0x05, 0x00, 0x00, 0x00, 0x00, 0x05, 0x02, 
    0x03, 0x00, 0x00, 0x01, 0x02, 0x02, 0x02, 0x00, 0x00, 0x02, 0x03, 0x02, 
    0x03, 0x01, 0x01, 0x02, 0x0a, 0x0c, 0x01, 0x01, 0x00, 0x07, 0x07, 0x00, 
    0x00, 0x00, 0x00, 0x03, 0x03, 0x01, 0x00, 0x00, 0x01, 0x03, 0x02, 0x01, 
    0x00, 0x00, 0x03, 0x02, 0x04, 0x01, 0x00, 0x00, 0x02, 0x02, 0x02, 0x02, 
    0x00, 0x00, 0x03, 0x0b, 0x0f, 0x00, 0x01, 0x01, 0x07, 0x06, 0x01, 0x00, 
    0x00, 0x01, 0x04, 0x05, 0x00, 0x00, 0x00, 0x00, 0x05, 0x03, 0x02, 0x00, 
    0x00, 0x02, 0x02, 0x02, 0x01, 0x00, 0x00, 0x03, 0x02, 0x04, 0x01, 0x00, 
    0x00, 0x02, 0x07, 0x07, 0x03, 0x01, 0x00, 0x02, 0x02, 0x03, 0x01, 0x00, 
    0x00, 0x00, 0x07, 0x07, 0x01, 0x00, 0x00, 0x01, 0x03, 0x03, 0x01, 0x00, 
    0x00, 0x01, 0x03, 0x02, 0x02, 0x00, 0x00, 0x02, 0x03, 0x03, 0x02, 0x00, 
    0x00, 0x01, 0x02, 0x03, 0x01, 0x00, 0x00, 0x03, 0x07, 0x0a, 0x00, 0x00, 
    0x00, 0x01, 0x04, 0x04, 0x01, 0x00, 0x00, 0x01, 0x02, 0x01, 0x01, 0x00, 
    0x00, 0x02, 0x03, 0x03, 0x02, 0x00, 0x00, 0x02, 0x03, 0x04, 0x01, 0x00, 
    0x00, 0x00, 0x05, 0x03, 0x02, 0x00, 0x00, 0x02, 0x02, 0x02, 0x02, 0x00, 
    0x00, 0x02, 0x03, 0x03, 0x02, 0x00, 0x00, 0x01, 0x09, 0x09, 0x01, 0x00, 
    0x00, 0x01, 0x02, 0x03, 0x01, 0x00, 0x00, 0x01, 0x03, 0x03, 0x01, 0x00, 
    0x00, 0x00, 0x03, 0x02, 0x02, 0x00, 0x00, 0x02, 0x03, 0x03, 0x02, 0x00, 
    0x00, 0x02, 0x01, 0x02, 0x03, 0x00, 0x01, 0x03, 0x02, 0x06, 0x02, 0x07, 
    0x03, 0x04, 0x02, 0x01, 0x01, 0x00, 0x00, 0x0c, 0x03, 0x01, 0x01, 0x00, 
    0x00, 0x02, 0x02, 0x02, 0x03, 0x01, 0x00, 0x03, 0x01, 0x02, 0x02, 0x00, 
    0x00, 0x02, 0x03, 0x03, 0x02, 0x00, 0x00, 0x02, 0x02, 0x02, 0x01, 0x00, 
    0x00, 0x02, 0x03, 0x03, 0x02, 0x00, 0x00, 0x02, 0x02, 0x03, 0x01, 0x00, 
    0x00, 0x01, 0x03, 0x02, 0x02, 0x00, 0x00, 0x04, 0x0e, 0x0f, 0x04, 0x00, 
    0x00, 0x02, 0x03, 0x03, 0x02, 0x00, 0x00, 0x02, 0x02, 0x02, 0x02, 0x00, 
    0x00, 0x02, 0x03, 0x02, 0x02, 0x00, 0x00, 0x02, 0x02, 0x02, 0x02, 0x00, 
    0x00, 0x02, 0x03, 0x03, 0x02, 0x00, 0x00, 0x02, 0x02, 0x02, 0x01, 0x00, 
    0x00, 0x02, 0x03, 0x03, 0x02, 0x00, 0x00, 0x02, 0x02, 0x02, 0x02, 0x00, 
    0x00, 0x02, 0x03, 0x03, 0x02, 0x00, 0x00, 0x02, 0x02, 0x02, 0x01, 0x00, 
    0x00, 0x02, 0x03, 0x03, 0x02, 0x00, 0x00, 0x03, 0x05, 0x05, 0x02, 0x00, 
    0x00, 0x03, 0x02, 0x04, 0x01, 0x00, 0x00, 0x02, 0x02, 0x02, 0x02, 0x00, 
    0x00, 0x02, 0x03, 0x03, 0x02, 0x00, 0x00, 0x01, 0x03, 0x02, 0x01, 0x00, 
    0x00, 0x02, 0x03, 0x04, 0x01, 0x00, 0x00, 0x02, 0x02, 0x02, 0x02, 0x00, 
    0x00, 0x02, 0x03, 0x06, 0x09, 0x00, 0x00, 0x01, 0x02, 0x03, 0x01, 0x00, 
    0x00, 0x01, 0x03, 0x02, 0x02, 0x00, 0x00, 0x02, 0x03, 0x02, 0x03, 0x00, 
    0x00, 0x01, 0x02, 0x02, 0x02, 0x01, 0x01, 0x02, 0x02, 0x02, 0x02, 0x00, 
    0x00, 0x02, 0x02, 0x02, 0x02, 0x00, 0x00, 0x02, 0x03, 0x02, 0x03, 0x00, 
    0x00, 0x03, 0x09, 0x0d, 0x00, 0x00, 0x00, 0x05, 0x02, 0x03, 0x00, 0x00, 
    0x01, 0x02, 0x02, 0x02, 0x00, 0x00, 0x02, 0x03, 0x03, 0x02, 0x00, 0x00, 
    0x02, 0x02, 0x02, 0x01, 0x00, 0x00, 0x03, 0x02, 0x03, 0x02, 0x00, 0x00, 
    0x02, 0x02, 0x02, 0x02, 0x01, 0x01, 0x02, 0x0e, 0x11, 0x00, 0x00, 0x00, 
    0x05, 0x03, 0x02, 0x00, 0x00, 0x01, 0x02, 0x02, 0x02, 0x01, 0x01, 0x02, 
    0x02, 0x03, 0x01, 0x00, 0x00, 0x02, 0x02, 0x02, 0x02, 0x01, 0x00, 0x03, 
    0x02, 0x02, 0x02, 0x00, 0x00, 0x01, 0x02, 0x02, 0x02, 0x01, 0x01, 0x02, 
    0x0b, 0x0d, 0x00, 0x00, 0x01, 0x02, 0x02, 0x02, 0x01, 0x01, 0x02, 0x02, 
    0x02, 0x02, 0x00, 0x00, 0x02, 0x02, 0x02, 0x02, 0x00, 0x00, 0x02, 0x03, 
    0x02, 0x03, 0x00, 0x00, 0x01, 0x02, 0x02, 0x02, 0x01, 0x01, 0x03, 0x02, 
    0x01, 0x02, 0x00, 0x00, 0x02, 0x02, 0x02, 0x02, 0x01, 0x01, 0x02, 0x02, 
    0x02, 0x02, 0x00, 0x00, 0x02, 0x03, 0x03, 0x02, 0x00, 0x00, 0x01, 0x02, 
    0x02, 0x02, 0x00, 0x00, 0x04, 0x0d, 0x10, 0x02, 0x00, 0x00, 0x02, 0x19, 
    0x19, 0x02, 0x00, 0x00, 0x02, 0x02, 0x02, 0x02, 0x01, 0x01, 0x02, 0x02, 
    0x02, 0x01, 0x00, 0x00, 0x02, 0x02, 0x02, 0x03, 0x00, 0x01, 0x02, 0x02, 
    0x02, 0x02, 0x00, 0x00, 0x01, 0x04, 0x03, 0x02, 0x00, 0x00, 0x01, 0x03, 
    0x02, 0x01, 0x00, 0x00, 0x02, 0x03, 0x03, 0x02, 0x00, 0x00, 0x02, 0x02, 
    0x03, 0x01, 0x00, 0x00, 0x01, 0x04, 0xb3, 0x02, 0x01, 0x00, 0x00, 0x02, 
    0x03, 0x03, 0x02, 0x00, 0x00, 0x02, 0x02, 0x02, 0x01, 0x00, 0x00, 0x01, 
    0x01, 0x01, 0x02, 0x00, 0x00, 0x02, 0x03, 0x03, 0x02, 0x00, 0x00, 0x01, 
    0x02, 0x03, 0x01, 0x00, 0x00, 0x01, 0x00, 0x00, 0x00, 0x18, 0x02, 0x00, 
    0xff, 0xde, 0x06, 0x6a, 0x04, 0xf9, 0x00, 0xe0, 0x01, 0x10, 0x01, 0x4f, 
    0x01, 0x5b, 0x01, 0x96, 0x01, 0xba, 0x01, 0xd4, 0x01, 0xf6, 0x02, 0x05, 
    0x02, 0x29, 0x02, 0x35, 0x02, 0x4b, 0x02, 0x65, 0x02, 0x89, 0x02, 0xa5, 
    0x02, 0xfe, 0x03, 0x5a, 0x05, 0xd1, 0x08, 0x0c, 0x08, 0x18, 0x08, 0x21, 
    0x09, 0x3b, 0x0a, 0x0d, 0x0a, 0x19, 0x00, 0x00, 0x05, 0x36, 0x26, 0x27, 
    0x2e, 0x01, 0x37, 0x36, 0x26, 0x27, 0x2e, 0x01, 0x37, 0x36, 0x26, 0x27, 
    0x2e, 0x01, 0x37, 0x36, 0x26, 0x27, 0x2e, 0x01, 0x3f, 0x01, 0x27, 0x2e, 
    0x01, 0x37, 0x36, 0x26, 0x27, 0x2e, 0x01, 0x37, 0x36, 0x26, 0x27, 0x2e, 
    0x01, 0x37, 0x36, 0x26, 0x27, 0x2e, 0x01, 0x27, 0x26, 0x36, 0x13, 0x12, 
    0x36, 0x37, 0x3e, 0x01, 0x37, 0x3e, 0x01, 0x37, 0x3e, 0x01, 0x37, 0x3e, 
    0x01, 0x37, 0x3e, 0x01, 0x37, 0x3e, 0x01, 0x37, 0x36, 0x16, 0x17, 0x1e, 
    0x01, 0x3f, 0x01, 0x1f, 0x01, 0x37, 0x36, 0x16, 0x17, 0x1e, 0x01, 0x37, 
    0x36, 0x16, 0x17, 0x1e, 0x01, 0x37, 0x36, 0x16, 0x17, 0x1e, 0x01, 0x37, 
    0x36, 0x16, 0x17, 0x1e, 0x01, 0x37, 0x36, 0x16, 0x17, 0x1e, 0x01, 0x17, 
    0x1e, 0x01, 0x17, 0x1e, 0x01, 0x37, 0x36, 0x16, 0x17, 0x1e, 0x01, 0x37, 
    0x1e, 0x01, 0x17, 0x1e, 0x01, 0x37, 0x36, 0x16, 0x17, 0x1e, 0x01, 0x37, 
    0x36, 0x16, 0x17, 0x1e, 0x01, 0x37, 0x36, 0x16, 0x17, 0x1e, 0x01, 0x37, 
    0x36, 0x16, 0x17, 0x1e, 0x01, 0x37, 0x36, 0x16, 0x17, 0x1e, 0x01, 0x37, 
    0x36, 0x16, 0x17, 0x1e, 0x01, 0x37, 0x36, 0x16, 0x17, 0x1e, 0x01, 0x37, 
    0x36, 0x16, 0x17, 0x1e, 0x01, 0x37, 0x36, 0x16, 0x17, 0x1e, 0x01, 0x37, 
    0x36, 0x16, 0x17, 0x1e, 0x01, 0x37, 0x36, 0x16, 0x17, 0x1e, 0x01, 0x37, 
    0x36, 0x16, 0x17, 0x1e, 0x01, 0x13, 0x12, 0x16, 0x07, 0x0e, 0x01, 0x17, 
    0x16, 0x06, 0x27, 0x26, 0x06, 0x17, 0x16, 0x36, 0x27, 0x26, 0x06, 0x17, 
    0x16, 0x06, 0x25, 0x24, 0x26, 0x25, 0x3e, 0x01, 0x37, 0x3e, 0x01, 0x37, 
    0x3e, 0x01, 0x37, 0x3e, 0x01, 0x1b, 0x01, 0x27, 0x2e, 0x01, 0x27, 0x2e, 
    0x01, 0x27, 0x2e, 0x01, 0x3f, 0x01, 0x2d, 0x01, 0x17, 0x16, 0x06, 0x07, 
    0x0e, 0x01, 0x13, 0x12, 0x16, 0x17, 0x1e, 0x01, 0x37, 0x36, 0x16, 0x17, 
    0x16, 0x36, 0x25, 0x24, 0x36, 0x01, 0x12, 0x36, 0x37, 0x3e, 0x01, 0x37, 
    0x3e, 0x01, 0x37, 0x3e, 0x01, 0x37, 0x3e, 0x01, 0x37, 0x3e, 0x01, 0x37, 
    0x3e, 0x01, 0x37, 0x3e, 0x01, 0x37, 0x3e, 0x01, 0x37, 0x3e, 0x01, 0x37, 
    0x3e, 0x01, 0x2d, 0x01, 0x3f, 0x01, 0x25, 0x26, 0x06, 0x17, 0x16, 0x06, 
    0x27, 0x26, 0x06, 0x17, 0x16, 0x06, 0x27, 0x26, 0x16, 0x13, 0x12, 0x16, 
    0x37, 0x36, 0x16, 0x17, 0x1e, 0x01, 0x3f, 0x01, 0x01, 0x36, 0x26, 0x07, 
    0x26, 0x06, 0x17, 0x06, 0x16, 0x37, 0x3e, 0x01, 0x17, 0x36, 0x26, 0x27, 
    0x2e, 0x01, 0x37, 0x36, 0x26, 0x27, 0x2e, 0x01, 0x37, 0x36, 0x26, 0x27, 
    0x2e, 0x01, 0x27, 0x2e, 0x01, 0x27, 0x2e, 0x01, 0x37, 0x36, 0x26, 0x27, 
    0x2e, 0x01, 0x27, 0x2e, 0x01, 0x27, 0x2e, 0x01, 0x37, 0x36, 0x26, 0x27, 
    0x2e, 0x01, 0x27, 0x2e, 0x01, 0x27, 0x2e, 0x01, 0x37, 0x36, 0x26, 0x27, 
    0x26, 0x06, 0x1f, 0x01, 0x37, 0x3e, 0x01, 0x01, 0x36, 0x26, 0x27, 0x26, 
    0x36, 0x37, 0x3e, 0x01, 0x37, 0x3e, 0x01, 0x37, 0x3e, 0x01, 0x37, 0x36, 
    0x16, 0x17, 0x1e, 0x01, 0x37, 0x36, 0x16, 0x17, 0x16, 0x06, 0x27, 0x26, 
    0x06, 0x17, 0x06, 0x26, 0x27, 0x2e, 0x01, 0x25, 0x2e, 0x01, 0x37, 0x36, 
    0x26, 0x27, 0x2e, 0x01, 0x37, 0x3e, 0x01, 0x37, 0x3e, 0x01, 0x37, 0x3e, 
    0x01, 0x3f, 0x01, 0x17, 0x16, 0x36, 0x27, 0x2e, 0x01, 0x25, 0x36, 0x26, 
    0x27, 0x26, 0x36, 0x37, 0x3e, 0x01, 0x37, 0x3e, 0x01, 0x37, 0x3e, 0x01, 
    0x37, 0x36, 0x16, 0x17, 0x1e, 0x01, 0x3f, 0x01, 0x1f, 0x01, 0x27, 0x26, 
    0x06, 0x17, 0x16, 0x06, 0x27, 0x2e, 0x01, 0x25, 0x36, 0x26, 0x27, 0x26, 
    0x06, 0x07, 0x06, 0x16, 0x17, 0x1e, 0x01, 0x37, 0x3e, 0x01, 0x17, 0x36, 
    0x26, 0x27, 0x2e, 0x01, 0x27, 0x2e, 0x01, 0x37, 0x3e, 0x01, 0x37, 0x3e, 
    0x01, 0x37, 0x3e, 0x01, 0x37, 0x3e, 0x01, 0x37, 0x36, 0x26, 0x17, 0x16, 
    0x36, 0x27, 0x26, 0x06, 0x17, 0x16, 0x06, 0x27, 0x2e, 0x01, 0x37, 0x2e, 
    0x01, 0x27, 0x26, 0x06, 0x17, 0x06, 0x16, 0x37, 0x3e, 0x01, 0x25, 0x3e, 
    0x01, 0x37, 0x3e, 0x01, 0x37, 0x3e, 0x01, 0x37, 0x36, 0x16, 0x17, 0x1e, 
    0x01, 0x37, 0x36, 0x16, 0x1f, 0x01, 0x2d, 0x02, 0x36, 0x26, 0x27, 0x2e, 
    0x01, 0x37, 0x3e, 0x01, 0x37, 0x3e, 0x01, 0x3f, 0x02, 0x3e, 0x01, 0x17, 
    0x16, 0x06, 0x07, 0x06, 0x26, 0x27, 0x2e, 0x01, 0x25, 0x36, 0x26, 0x27, 
    0x2e, 0x01, 0x37, 0x3e, 0x01, 0x37, 0x3e, 0x01, 0x37, 0x3e, 0x01, 0x37, 
    0x3e, 0x01, 0x17, 0x1e, 0x01, 0x37, 0x36, 0x16, 0x17, 0x16, 0x06, 0x27, 
    0x26, 0x06, 0x17, 0x16, 0x06, 0x27, 0x2e, 0x01, 0x25, 0x36, 0x26, 0x27, 
    0x2e, 0x01, 0x37, 0x3e, 0x01, 0x37, 0x3e, 0x01, 0x3f, 0x02, 0x36, 0x26, 
    0x17, 0x16, 0x06, 0x27, 0x26, 0x06, 0x17, 0x16, 0x06, 0x2f, 0x01, 0x25, 
    0x36, 0x26, 0x27, 0x2e, 0x01, 0x37, 0x2e, 0x01, 0x27, 0x26, 0x36, 0x37, 
    0x3e, 0x01, 0x37, 0x3e, 0x01, 0x37, 0x36, 0x26, 0x27, 0x26, 0x36, 0x37, 
    0x3e, 0x01, 0x37, 0x3e, 0x01, 0x37, 0x3e, 0x01, 0x37, 0x3e, 0x01, 0x37, 
    0x36, 0x26, 0x27, 0x2e, 0x01, 0x37, 0x36, 0x26, 0x27, 0x26, 0x36, 0x37, 
    0x3e, 0x01, 0x37, 0x3e, 0x01, 0x37, 0x3e, 0x01, 0x37, 0x3e, 0x01, 0x37, 
    0x3e, 0x01, 0x37, 0x36, 0x16, 0x17, 0x16, 0x06, 0x07, 0x06, 0x36, 0x17, 
    0x16, 0x06, 0x07, 0x06, 0x36, 0x17, 0x1e, 0x01, 0x1f, 0x01, 0x07, 0x0e, 
    0x01, 0x27, 0x2e, 0x01, 0x25, 0x37, 0x3e, 0x01, 0x37, 0x3e, 0x01, 0x37, 
    0x36, 0x26, 0x27, 0x26, 0x36, 0x37, 0x3e, 0x01, 0x27, 0x26, 0x36, 0x37, 
    0x3e, 0x01, 0x37, 0x36, 0x16, 0x17, 0x1e, 0x01, 0x37, 0x36, 0x16, 0x17, 
    0x1e, 0x01, 0x37, 0x36, 0x16, 0x17, 0x16, 0x06, 0x07, 0x0e, 0x01, 0x17, 
    0x16, 0x06, 0x27, 0x26, 0x06, 0x17, 0x1e, 0x01, 0x37, 0x36, 0x16, 0x17, 
    0x1e, 0x01, 0x17, 0x1e, 0x01, 0x17, 0x16, 0x06, 0x07, 0x0e, 0x01, 0x17, 
    0x1e, 0x01, 0x37, 0x36, 0x16, 0x17, 0x1e, 0x01, 0x27, 0x26, 0x06, 0x17, 
    0x16, 0x06, 0x27, 0x26, 0x06, 0x17, 0x16, 0x06, 0x27, 0x2e, 0x01, 0x27, 
    0x25, 0x36, 0x26, 0x27, 0x2e, 0x01, 0x37, 0x36, 0x26, 0x27, 0x2e, 0x01, 
    0x37, 0x3e, 0x01, 0x27, 0x2e, 0x01, 0x37, 0x36, 0x26, 0x27, 0x2e, 0x01, 
    0x37, 0x36, 0x26, 0x27, 0x2e, 0x01, 0x37, 0x36, 0x26, 0x27, 0x2e, 0x01, 
    0x27, 0x36, 0x26, 0x27, 0x26, 0x06, 0x17, 0x16, 0x06, 0x27, 0x26, 0x06, 
    0x17, 0x16, 0x06, 0x27, 0x26, 0x06, 0x17, 0x16, 0x06, 0x27, 0x26, 0x06, 
    0x17, 0x16, 0x06, 0x27, 0x26, 0x06, 0x17, 0x16, 0x06, 0x27, 0x2e, 0x01, 
    0x37, 0x36, 0x26, 0x27, 0x2e, 0x01, 0x37, 0x36, 0x26, 0x27, 0x2e, 0x01, 
    0x37, 0x36, 0x26, 0x27, 0x2e, 0x01, 0x37, 0x3e, 0x01, 0x37, 0x3e, 0x01, 
    0x37, 0x3e, 0x01, 0x37, 0x3e, 0x01, 0x37, 0x3e, 0x01, 0x37, 0x3e, 0x01, 
    0x37, 0x3e, 0x01, 0x37, 0x3e, 0x01, 0x37, 0x36, 0x26, 0x27, 0x2e, 0x01, 
    0x37, 0x36, 0x26, 0x27, 0x2e, 0x01, 0x37, 0x36, 0x26, 0x27, 0x2e, 0x01, 
    0x3f, 0x01, 0x27, 0x2e, 0x01, 0x27, 0x2e, 0x01, 0x27, 0x2e, 0x01, 0x37, 
    0x36, 0x26, 0x27, 0x2e, 0x01, 0x37, 0x36, 0x26, 0x27, 0x2e, 0x01, 0x37, 
    0x3e, 0x01, 0x37, 0x3e, 0x01, 0x37, 0x3e, 0x01, 0x37, 0x3e, 0x01, 0x37, 
    0x3e, 0x01, 0x37, 0x3e, 0x01, 0x37, 0x3e, 0x01, 0x37, 0x3e, 0x01, 0x37, 
    0x3e, 0x01, 0x37, 0x3e, 0x01, 0x37, 0x3e, 0x01, 0x37, 0x3e, 0x01, 0x37, 
    0x3e, 0x01, 0x37, 0x36, 0x26, 0x27, 0x2e, 0x01, 0x37, 0x36, 0x26, 0x27, 
    0x2e, 0x01, 0x37, 0x36, 0x26, 0x27, 0x2e, 0x01, 0x37, 0x36, 0x26, 0x27, 
    0x2e, 0x01, 0x37, 0x3e, 0x01, 0x37, 0x3e, 0x01, 0x37, 0x3e, 0x01, 0x37, 
    0x3e, 0x01, 0x37, 0x3e, 0x01, 0x37, 0x3e, 0x01, 0x37, 0x3e, 0x01, 0x37, 
    0x3e, 0x01, 0x37, 0x3e, 0x01, 0x37, 0x36, 0x16, 0x17, 0x1e, 0x01, 0x37, 
    0x36, 0x16, 0x17, 0x1e, 0x01, 0x37, 0x36, 0x16, 0x17, 0x1e, 0x01, 0x37, 
    0x36, 0x16, 0x17, 0x16, 0x36, 0x37, 0x3e, 0x01, 0x37, 0x3e, 0x01, 0x37, 
    0x3e, 0x01, 0x37, 0x3e, 0x01, 0x37, 0x3e, 0x01, 0x37, 0x3e, 0x01, 0x37, 
    0x3e, 0x01, 0x37, 0x3e, 0x01, 0x37, 0x3e, 0x01, 0x37, 0x3e, 0x01, 0x37, 
    0x3e, 0x01, 0x37, 0x3e, 0x01, 0x37, 0x36, 0x16, 0x17, 0x1e, 0x01, 0x17, 
    0x1e, 0x01, 0x37, 0x36, 0x16, 0x1f, 0x01, 0x37, 0x36, 0x16, 0x17, 0x1e, 
    0x01, 0x37, 0x36, 0x16, 0x17, 0x1e, 0x01, 0x37, 0x36, 0x16, 0x17, 0x1e, 
    0x01, 0x37, 0x3e, 0x01, 0x37, 0x3e, 0x01, 0x37, 0x3e, 0x01, 0x37, 0x3e, 
    0x01, 0x37, 0x3e, 0x01, 0x37, 0x3e, 0x01, 0x37, 0x3e, 0x01, 0x37, 0x3e, 
    0x01, 0x37, 0x36, 0x16, 0x17, 0x1e, 0x01, 0x37, 0x36, 0x16, 0x17, 0x1e, 
    0x01, 0x37, 0x36, 0x16, 0x17, 0x1e, 0x01, 0x1f, 0x02, 0x16, 0x06, 0x27, 
    0x26, 0x06, 0x17, 0x16, 0x06, 0x27, 0x26, 0x06, 0x07, 0x0e, 0x01, 0x27, 
    0x26, 0x06, 0x17, 0x16, 0x06, 0x27, 0x26, 0x06, 0x17, 0x16, 0x06, 0x27, 
    0x26, 0x06, 0x17, 0x1e, 0x01, 0x37, 0x36, 0x16, 0x17, 0x1e, 0x01, 0x37, 
    0x36, 0x16, 0x17, 0x1e, 0x01, 0x37, 0x36, 0x16, 0x17, 0x16, 0x36, 0x37, 
    0x36, 0x16, 0x17, 0x1e, 0x01, 0x37, 0x36, 0x16, 0x17, 0x1e, 0x01, 0x37, 
    0x36, 0x16, 0x17, 0x1e, 0x01, 0x37, 0x36, 0x16, 0x17, 0x16, 0x06, 0x07, 
    0x0e, 0x01, 0x17, 0x16, 0x06, 0x27, 0x26, 0x06, 0x17, 0x16, 0x06, 0x27, 
    0x26, 0x06, 0x07, 0x0e, 0x01, 0x2f, 0x01, 0x17, 0x16, 0x06, 0x27, 0x26, 
    0x06, 0x17, 0x1e, 0x01, 0x27, 0x26, 0x06, 0x17, 0x16, 0x06, 0x27, 0x26, 
    0x06, 0x17, 0x1e, 0x01, 0x37, 0x36, 0x16, 0x17, 0x1e, 0x01, 0x37, 0x36, 
    0x16, 0x17, 0x1e, 0x01, 0x37, 0x36, 0x16, 0x17, 0x1e, 0x01, 0x17, 0x1e, 
    0x01, 0x17, 0x1e, 0x01, 0x37, 0x36, 0x16, 0x17, 0x1e, 0x01, 0x37, 0x36, 
    0x16, 0x17, 0x16, 0x06, 0x27, 0x26, 0x06, 0x17, 0x16, 0x06, 0x27, 0x26, 
    0x06, 0x17, 0x0e, 0x01, 0x27, 0x26, 0x06, 0x17, 0x16, 0x06, 0x27, 0x26, 
    0x06, 0x07, 0x0e, 0x01, 0x27, 0x26, 0x06, 0x17, 0x16, 0x06, 0x27, 0x2e, 
    0x01, 0x37, 0x36, 0x26, 0x27, 0x2e, 0x01, 0x37, 0x36, 0x26, 0x27, 0x2e, 
    0x01, 0x37, 0x36, 0x26, 0x27, 0x2e, 0x01, 0x37, 0x36, 0x26, 0x27, 0x2e, 
    0x01, 0x37, 0x36, 0x26, 0x27, 0x26, 0x06, 0x17, 0x16, 0x06, 0x27, 0x26, 
    0x06, 0x17, 0x16, 0x06, 0x27, 0x26, 0x06, 0x17, 0x16, 0x06, 0x2f, 0x01, 
    0x17, 0x16, 0x06, 0x27, 0x26, 0x06, 0x17, 0x16, 0x06, 0x27, 0x26, 0x06, 
    0x17, 0x16, 0x06, 0x27, 0x2e, 0x01, 0x37, 0x3e, 0x01, 0x37, 0x3e, 0x01, 
    0x37, 0x3e, 0x01, 0x37, 0x3e, 0x01, 0x37, 0x3e, 0x01, 0x37, 0x3e, 0x01, 
    0x37, 0x3e, 0x01, 0x37, 0x3e, 0x01, 0x37, 0x3e, 0x01, 0x37, 0x3e, 0x01, 
    0x37, 0x3e, 0x01, 0x37, 0x3e, 0x01, 0x37, 0x3e, 0x01, 0x37, 0x36, 0x16, 
    0x17, 0x1e, 0x01, 0x37, 0x36, 0x16, 0x17, 0x1e, 0x01, 0x37, 0x36, 0x16, 
    0x17, 0x1e, 0x01, 0x37, 0x36, 0x16, 0x17, 0x1e, 0x01, 0x37, 0x36, 0x16, 
    0x17, 0x1e, 0x01, 0x37, 0x3e, 0x01, 0x37, 0x3e, 0x01, 0x37, 0x3e, 0x01, 
    0x37, 0x36, 0x26, 0x27, 0x2e, 0x01, 0x37, 0x36, 0x26, 0x27, 0x2e, 0x01, 
    0x37, 0x36, 0x26, 0x27, 0x2e, 0x01, 0x37, 0x36, 0x26, 0x27, 0x2e, 0x01, 
    0x27, 0x2e, 0x01, 0x27, 0x2e, 0x01, 0x37, 0x3e, 0x01, 0x37, 0x3e, 0x01, 
    0x37, 0x3e, 0x01, 0x37, 0x3e, 0x01, 0x37, 0x3e, 0x01, 0x37, 0x3e, 0x01, 
    0x37, 0x3e, 0x01, 0x37, 0x3e, 0x01, 0x37, 0x3e, 0x01, 0x37, 0x3e, 0x01, 
    0x37, 0x3e, 0x01, 0x37, 0x3e, 0x01, 0x37, 0x3e, 0x01, 0x37, 0x3e, 0x01, 
    0x37, 0x3e, 0x01, 0x3f, 0x03, 0x27, 0x2e, 0x01, 0x37, 0x36, 0x26, 0x27, 
    0x2e, 0x01, 0x37, 0x36, 0x26, 0x27, 0x2e, 0x01, 0x37, 0x36, 0x26, 0x27, 
    0x2e, 0x01, 0x37, 0x36, 0x26, 0x27, 0x2e, 0x01, 0x37, 0x36, 0x26, 0x27, 
    0x26, 0x36, 0x37, 0x3e, 0x01, 0x37, 0x3e, 0x01, 0x37, 0x3e, 0x01, 0x37, 
    0x3e, 0x01, 0x37, 0x3e, 0x01, 0x37, 0x3e, 0x01, 0x37, 0x3e, 0x01, 0x37, 
    0x3e, 0x01, 0x37, 0x36, 0x26, 0x27, 0x2e, 0x01, 0x37, 0x36, 0x26, 0x27, 
    0x26, 0x06, 0x17, 0x16, 0x06, 0x27, 0x26, 0x06, 0x17, 0x16, 0x06, 0x27, 
    0x26, 0x06, 0x17, 0x16, 0x06, 0x27, 0x26, 0x06, 0x17, 0x16, 0x06, 0x27, 
    0x26, 0x06, 0x17, 0x16, 0x06, 0x27, 0x2e, 0x01, 0x37, 0x36, 0x26, 0x27, 
    0x2e, 0x01, 0x37, 0x36, 0x26, 0x27, 0x2e, 0x01, 0x37, 0x36, 0x26, 0x27, 
    0x2e, 0x01, 0x37, 0x36, 0x26, 0x27, 0x2e, 0x01, 0x27, 0x2e, 0x01, 0x37, 
    0x36, 0x26, 0x27, 0x2e, 0x01, 0x3f, 0x01, 0x2f, 0x01, 0x17, 0x1e, 0x01, 
    0x27, 0x26, 0x06, 0x17, 0x1e, 0x01, 0x27, 0x26, 0x06, 0x17, 0x0e, 0x01, 
    0x27, 0x26, 0x06, 0x17, 0x16, 0x06, 0x27, 0x26, 0x06, 0x17, 0x16, 0x06, 
    0x27, 0x26, 0x06, 0x17, 0x16, 0x06, 0x27, 0x2e, 0x01, 0x37, 0x36, 0x26, 
    0x27, 0x2e, 0x01, 0x37, 0x36, 0x26, 0x27, 0x2e, 0x01, 0x37, 0x36, 0x26, 
    0x27, 0x2e, 0x01, 0x37, 0x36, 0x26, 0x27, 0x2e, 0x01, 0x37, 0x36, 0x26, 
    0x27, 0x26, 0x06, 0x17, 0x16, 0x06, 0x27, 0x26, 0x16, 0x17, 0x1e, 0x01, 
    0x37, 0x36, 0x16, 0x17, 0x1e, 0x01, 0x37, 0x3e, 0x01, 0x17, 0x1e, 0x01, 
    0x37, 0x36, 0x16, 0x17, 0x1e, 0x01, 0x37, 0x36, 0x16, 0x17, 0x16, 0x06, 
    0x27, 0x26, 0x06, 0x17, 0x16, 0x06, 0x27, 0x26, 0x06, 0x17, 0x16, 0x06, 
    0x07, 0x0e, 0x01, 0x17, 0x16, 0x06, 0x27, 0x26, 0x06, 0x17, 0x16, 0x06, 
    0x27, 0x26, 0x06, 0x17, 0x16, 0x06, 0x27, 0x26, 0x06, 0x17, 0x16, 0x06, 
    0x2f, 0x01, 0x1f, 0x01, 0x37, 0x36, 0x16, 0x17, 0x1e, 0x01, 0x37, 0x36, 
    0x16, 0x17, 0x1e, 0x01, 0x17, 0x1e, 0x01, 0x17, 0x1e, 0x01, 0x37, 0x36, 
    0x16, 0x17, 0x1e, 0x01, 0x37, 0x36, 0x16, 0x17, 0x1e, 0x01, 0x37, 0x36, 
    0x16, 0x17, 0x1e, 0x01, 0x37, 0x36, 0x16, 0x17, 0x1e, 0x01, 0x37, 0x36, 
    0x16, 0x17, 0x16, 0x06, 0x27, 0x26, 0x06, 0x17, 0x16, 0x06, 0x27, 0x26, 
    0x06, 0x17, 0x16, 0x06, 0x27, 0x26, 0x06, 0x17, 0x16, 0x06, 0x27, 0x26, 
    0x06, 0x17, 0x1e, 0x01, 0x37, 0x3e, 0x01, 0x37, 0x3e, 0x01, 0x37, 0x3e, 
    0x01, 0x37, 0x3e, 0x01, 0x37, 0x3e, 0x01, 0x37, 0x3e, 0x01, 0x37, 0x3e, 
    0x01, 0x37, 0x3e, 0x01, 0x37, 0x36, 0x16, 0x17, 0x1e, 0x01, 0x37, 0x36, 
    0x16, 0x17, 0x1e, 0x01, 0x37, 0x36, 0x16, 0x17, 0x1e, 0x01, 0x37, 0x36, 
    0x16, 0x17, 0x1e, 0x01, 0x37, 0x36, 0x16, 0x17, 0x1e, 0x01, 0x37, 0x36, 
    0x16, 0x17, 0x1e, 0x01, 0x37, 0x36, 0x16, 0x1f, 0x01, 0x3f, 0x01, 0x01, 
    0x2e, 0x01, 0x27, 0x26, 0x06, 0x07, 0x1e, 0x01, 0x37, 0x3e, 0x01, 0x37, 
    0x3e, 0x01, 0x27, 0x26, 0x06, 0x17, 0x16, 0x36, 0x13, 0x2e, 0x01, 0x27, 
    0x2e, 0x01, 0x37, 0x36, 0x26, 0x27, 0x2e, 0x01, 0x27, 0x2e, 0x01, 0x27, 
    0x2e, 0x01, 0x27, 0x2e, 0x01, 0x27, 0x2e, 0x01, 0x37, 0x36, 0x26, 0x27, 
    0x2e, 0x01, 0x37, 0x36, 0x26, 0x27, 0x2e, 0x01, 0x37, 0x36, 0x26, 0x27, 
    0x2e, 0x01, 0x37, 0x36, 0x26, 0x27, 0x2e, 0x01, 0x37, 0x36, 0x26, 0x27, 
    0x2e, 0x01, 0x37, 0x36, 0x26, 0x27, 0x2e, 0x01, 0x37, 0x3e, 0x01, 0x37, 
    0x3e, 0x01, 0x37, 0x3e, 0x01, 0x37, 0x3e, 0x01, 0x37, 0x3e, 0x01, 0x37, 
    0x3e, 0x01, 0x37, 0x3e, 0x01, 0x37, 0x3e, 0x01, 0x37, 0x3e, 0x01, 0x37, 
    0x3e, 0x01, 0x37, 0x3e, 0x01, 0x37, 0x3e, 0x01, 0x37, 0x3e, 0x01, 0x37, 
    0x3e, 0x01, 0x37, 0x3e, 0x01, 0x37, 0x3e, 0x01, 0x37, 0x3e, 0x01, 0x37, 
    0x3e, 0x01, 0x37, 0x3e, 0x01, 0x37, 0x3e, 0x01, 0x37, 0x3e, 0x01, 0x37, 
    0x3e, 0x01, 0x37, 0x3e, 0x01, 0x37, 0x3e, 0x01, 0x17, 0x1e, 0x01, 0x37, 
    0x36, 0x16, 0x17, 0x1e, 0x01, 0x37, 0x36, 0x16, 0x17, 0x1e, 0x01, 0x37, 
    0x36, 0x16, 0x17, 0x1e, 0x01, 0x37, 0x36, 0x16, 0x17, 0x1e, 0x01, 0x37, 
    0x36, 0x16, 0x17, 0x1e, 0x01, 0x17, 0x1e, 0x01, 0x17, 0x1e, 0x01, 0x37, 
    0x36, 0x16, 0x17, 0x1e, 0x01, 0x37, 0x36, 0x16, 0x17, 0x1e, 0x01, 0x37, 
    0x36, 0x16, 0x17, 0x1e, 0x01, 0x37, 0x36, 0x16, 0x17, 0x1e, 0x01, 0x37, 
    0x36, 0x16, 0x17, 0x1e, 0x01, 0x37, 0x36, 0x16, 0x17, 0x1e, 0x01, 0x37, 
    0x36, 0x16, 0x17, 0x16, 0x06, 0x27, 0x26, 0x06, 0x17, 0x16, 0x06, 0x27, 
    0x26, 0x16, 0x17, 0x16, 0x06, 0x27, 0x26, 0x06, 0x17, 0x16, 0x06, 0x27, 
    0x26, 0x06, 0x17, 0x16, 0x06, 0x27, 0x26, 0x06, 0x17, 0x16, 0x06, 0x27, 
    0x26, 0x06, 0x17, 0x16, 0x06, 0x27, 0x26, 0x06, 0x17, 0x16, 0x06, 0x27, 
    0x26, 0x06, 0x17, 0x16, 0x06, 0x27, 0x26, 0x06, 0x17, 0x16, 0x06, 0x27, 
    0x26, 0x06, 0x17, 0x16, 0x06, 0x27, 0x26, 0x06, 0x07, 0x0e, 0x01, 0x27, 
    0x2e, 0x01, 0x37, 0x3e, 0x01, 0x37, 0x3e, 0x01, 0x37, 0x3e, 0x01, 0x37, 
    0x3e, 0x01, 0x37, 0x3e, 0x01, 0x37, 0x3e, 0x01, 0x37, 0x3e, 0x01, 0x37, 
    0x3e, 0x01, 0x37, 0x3e, 0x01, 0x37, 0x3e, 0x01, 0x37, 0x3e, 0x01, 0x37, 
    0x3e, 0x01, 0x37, 0x3e, 0x01, 0x37, 0x3e, 0x01, 0x37, 0x3e, 0x01, 0x27, 
    0x2e, 0x01, 0x37, 0x36, 0x26, 0x27, 0x2e, 0x01, 0x37, 0x36, 0x26, 0x27, 
    0x2e, 0x01, 0x37, 0x36, 0x26, 0x27, 0x2e, 0x01, 0x37, 0x36, 0x26, 0x27, 
    0x2e, 0x01, 0x37, 0x36, 0x26, 0x27, 0x2e, 0x01, 0x37, 0x36, 0x26, 0x27, 
    0x2e, 0x01, 0x27, 0x2e, 0x01, 0x27, 0x2e, 0x01, 0x37, 0x36, 0x26, 0x27, 
    0x26, 0x06, 0x17, 0x16, 0x06, 0x27, 0x26, 0x06, 0x17, 0x16, 0x06, 0x27, 
    0x26, 0x06, 0x17, 0x16, 0x06, 0x27, 0x26, 0x06, 0x17, 0x16, 0x06, 0x27, 
    0x26, 0x06, 0x17, 0x16, 0x06, 0x27, 0x26, 0x06, 0x17, 0x16, 0x06, 0x27, 
    0x26, 0x06, 0x17, 0x16, 0x06, 0x27, 0x26, 0x06, 0x17, 0x16, 0x06, 0x07, 
    0x06, 0x16, 0x17, 0x1e, 0x01, 0x37, 0x36, 0x16, 0x17, 0x1e, 0x01, 0x37, 
    0x36, 0x16, 0x17, 0x1e, 0x01, 0x37, 0x36, 0x16, 0x17, 0x1e, 0x01, 0x37, 
    0x36, 0x16, 0x17, 0x1e, 0x01, 0x37, 0x36, 0x16, 0x17, 0x1e, 0x01, 0x37, 
    0x36, 0x16, 0x17, 0x1e, 0x01, 0x37, 0x36, 0x16, 0x17, 0x1e, 0x01, 0x37, 
    0x36, 0x16, 0x17, 0x1e, 0x01, 0x37, 0x36, 0x16, 0x17, 0x1e, 0x01, 0x37, 
    0x36, 0x16, 0x17, 0x16, 0x36, 0x37, 0x3e, 0x01, 0x27, 0x3e, 0x01, 0x37, 
    0x36, 0x06, 0x07, 0x0e, 0x01, 0x37, 0x3e, 0x01, 0x02, 0x7d, 0x00, 0x03, 
    0x07, 0x07, 0x03, 0x00, 0x00, 0x02, 0x02, 0x02, 0x02, 0x00, 0x00, 0x01, 
    0x01, 0x05, 0x08, 0x00, 0x00, 0x01, 0x01, 0x02, 0x01, 0x00, 0x00, 0x0d, 
    0x08, 0x06, 0x00, 0x00, 0x04, 0x06, 0x09, 0x09, 0x00, 0x00, 0x01, 0x02, 
    0x02, 0x02, 0x00, 0x00, 0x01, 0x01, 0x02, 0x03, 0x03, 0x05, 0x00, 0x00, 
    0x00, 0x00, 0x04, 0x02, 0x01, 0x00, 0x00, 0x02, 0x06, 0x07, 0x00, 0x00, 
    0x00, 0x01, 0x0d, 0x08, 0x06, 0x00, 0x00, 0x7d, 0xf7, 0xf6, 0x7d, 0x00, 
    0x00, 0x03, 0x04, 0x06, 0x00, 0x00, 0x23, 0x18, 0x0b, 0x00, 0x00, 0x08, 
    0x06, 0x03, 0x03, 0x00, 0x00, 0x01, 0x02, 0x03, 0x01, 0x00, 0x00, 0x0a, 
    0x05, 0x03, 0x02, 0x00, 0x00, 0x02, 0x02, 0x02, 0x02, 0x00, 0x00, 0x02, 
    0x04, 0x03, 0x03, 0x00, 0x00, 0x02, 0x02, 0x02, 0x02, 0x00, 0x00, 0x03, 
    0x04, 0x05, 0x02, 0x00, 0x01, 0x01, 0x05, 0x04, 0x02, 0x00, 0x00, 0x01, 
    0x02, 0x01, 0x04, 0x04, 0x03, 0x05, 0x02, 0x03, 0x03, 0x00, 0x00, 0x01, 
    0x02, 0x02, 0x02, 0x00, 0x00, 0x01, 0x02, 0x03, 0x06, 0x00, 0x00, 0x04, 
    0x04, 0x05, 0x02, 0x00, 0x00, 0x02, 0x02, 0x03, 0x01, 0x00, 0x00, 0x01, 
    0x05, 0x04, 0x02, 0x00, 0x00, 0x02, 0x02, 0x02, 0x02, 0x00, 0x00, 0x02, 
    0x04, 0x04, 0x02, 0x00, 0x00, 0x02, 0x01, 0x04, 0x15, 0x00, 0x00, 0x03, 
    0x03, 0x03, 0x06, 0x02, 0x05, 0x00, 0x00, 0x00, 0x00, 0x03, 0x03, 0x01, 
    0x00, 0x00, 0x01, 0x07, 0x06, 0x01, 0x00, 0x00, 0x00, 0x0e, 0x0a, 0x04, 
    0x00, 0x00, 0x36, 0xfe, 0x59, 0xfe, 0x59, 0x37, 0x03, 0xa5, 0x00, 0x03, 
    0x04, 0x05, 0x03, 0x00, 0x00, 0x01, 0x01, 0x02, 0x01, 0x00, 0x00, 0x73, 
    0x64, 0x0f, 0x01, 0x01, 0x02, 0x02, 0x03, 0x01, 0x00, 0x00, 0xfe, 0xa1, 
    0xfe, 0xa0, 0x00, 0x00, 0x02, 0x02, 0x03, 0x01, 0x00, 0x00, 0x01, 0x04, 
    0x02, 0x04, 0x04, 0x03, 0x02, 0x00, 0x00, 0x9a, 0x01, 0x2e, 0x01, 0x2d, 
    0x9a, 0xfc, 0x2b, 0x00, 0x01, 0x02, 0x01, 0x01, 0x00, 0x00, 0x02, 0x02, 
    0x02, 0x02, 0x00, 0x00, 0x02, 0x02, 0x02, 0x01, 0x00, 0x00, 0x03, 0x04, 
    0x03, 0x03, 0x00, 0x00, 0x03, 0x04, 0x05, 0x03, 0x00, 0x00, 0x24, 0x01, 
    0x14, 0x01, 0x38, 0x00, 0x00, 0xfe, 0xad, 0xdf, 0x73, 0x00, 0x00, 0x03, 
    0x04, 0x05, 0x03, 0x00, 0x00, 0x01, 0x02, 0x04, 0x00, 0x00, 0x00, 0x00, 
    0x04, 0x02, 0x01, 0x00, 0x00, 0x05, 0x05, 0x0a, 0x03, 0x2e, 0x00, 0x01, 
    0x02, 0x03, 0x01, 0x00, 0x01, 0x01, 0x04, 0x02, 0x01, 0x84, 0x00, 0x01, 
    0x01, 0x02, 0x01, 0x00, 0x00, 0x02, 0x05, 0x05, 0x03, 0x00, 0x00, 0x01, 
    0x02, 0x02, 0x03, 0x02, 0x02, 0x03, 0x02, 0x01, 0x02, 0x00, 0x00, 0x02, 
    0x03, 0x03, 0x07, 0x05, 0x05, 0x07, 0x02, 0x05, 0x08, 0x00, 0x00, 0x02, 
    0x01, 0x02, 0x05, 0x06, 0x05, 0x07, 0x02, 0x04, 0x01, 0x00, 0x00, 0x01, 
    0x02, 0x01, 0x01, 0x00, 0x00, 0x3f, 0x29, 0x17, 0xfc, 0xdd, 0x00, 0x04, 
    0x03, 0x06, 0x00, 0x00, 0x00, 0x01, 0x03, 0x02, 0x02, 0x00, 0x00, 0x1e, 
    0xe0, 0xe1, 0x1e, 0x00, 0x00, 0x01, 0x02, 0x03, 0x01, 0x00, 0x00, 0x01, 
    0x02, 0x02, 0x03, 0x00, 0x02, 0x1e, 0xdb, 0xdc, 0x1e, 0x02, 0x33, 0x01, 
    0x01, 0x00, 0x00, 0x01, 0x02, 0x03, 0x01, 0x00, 0x00, 0x01, 0x02, 0x02, 
    0x03, 0x00, 0x02, 0x0e, 0x5c, 0x6a, 0x00, 0x00, 0x0a, 0x78, 0x38, 0x2e, 
    0xfd, 0xca, 0x00, 0x03, 0x04, 0x06, 0x00, 0x00, 0x00, 0x00, 0x06, 0x04, 
    0x03, 0x00, 0x00, 0x1d, 0xdb, 0xdb, 0x1d, 0x00, 0x00, 0x03, 0x05, 0x07, 
    0x00, 0x00, 0x07, 0x05, 0x03, 0x00, 0x00, 0x1d, 0xdb, 0xdb, 0x1d, 0x01, 
    0xeb, 0x00, 0x1c, 0xd6, 0x85, 0x6d, 0x01, 0x01, 0x00, 0x01, 0x01, 0x6e, 
    0x84, 0xd6, 0x1c, 0x50, 0x00, 0x01, 0x02, 0x01, 0x03, 0x03, 0x06, 0x01, 
    0x06, 0x02, 0x01, 0x00, 0x00, 0x02, 0x02, 0x02, 0x02, 0x00, 0x00, 0x0d, 
    0x56, 0x75, 0x09, 0x00, 0x00, 0x00, 0x06, 0x04, 0x02, 0x00, 0x00, 0x0d, 
    0x55, 0x55, 0x0c, 0xbd, 0x01, 0x14, 0x47, 0x46, 0x15, 0x00, 0x01, 0x13, 
    0x49, 0x49, 0x14, 0xfc, 0xfa, 0x00, 0x01, 0x03, 0x02, 0x02, 0x00, 0x00, 
    0x56, 0xa8, 0xa8, 0x57, 0x00, 0x00, 0x01, 0x02, 0x03, 0x01, 0x00, 0x00, 
    0xfe, 0xfa, 0xfe, 0xfa, 0x02, 0x40, 0x00, 0x01, 0x02, 0x03, 0x01, 0x00, 
    0x00, 0x01, 0x03, 0x02, 0x01, 0x00, 0x00, 0x68, 0x57, 0x12, 0x02, 0x06, 
    0x01, 0x05, 0x04, 0x03, 0x65, 0x59, 0x0e, 0xfd, 0xc8, 0x00, 0x02, 0x02, 
    0x03, 0x01, 0x00, 0x00, 0x01, 0x03, 0x02, 0x02, 0x00, 0x00, 0x1e, 0xe0, 
    0xe1, 0x1e, 0x00, 0x00, 0x01, 0x02, 0x03, 0x01, 0x00, 0x00, 0x01, 0x03, 
    0x02, 0x01, 0x00, 0x00, 0x1e, 0xe1, 0xe0, 0x1e, 0x02, 0x38, 0x00, 0x01, 
    0x02, 0x03, 0x01, 0x00, 0x00, 0x01, 0x03, 0x02, 0x01, 0x00, 0x00, 0x67, 
    0x78, 0x08, 0x00, 0x00, 0x01, 0x01, 0x02, 0x01, 0x00, 0x00, 0x0d, 0x5c, 
    0x69, 0xfd, 0xac, 0x00, 0x03, 0x04, 0x06, 0x01, 0x00, 0x01, 0x01, 0x03, 
    0x03, 0x00, 0x00, 0x00, 0x00, 0x03, 0x03, 0x01, 0x00, 0x00, 0x01, 0x03, 
    0x03, 0x00, 0x00, 0x00, 0x00, 0x03, 0x03, 0x01, 0x00, 0x00, 0x02, 0x02, 
    0x02, 0x02, 0x00, 0x00, 0x02, 0x02, 0x03, 0x01, 0x00, 0x00, 0x01, 0x03, 
    0x03, 0x00, 0x00, 0x00, 0x00, 0x03, 0x02, 0x02, 0x00, 0x00, 0x02, 0x02, 
    0x02, 0x02, 0x00, 0x00, 0x03, 0x0e, 0x19, 0x00, 0x00, 0x00, 0x01, 0x02, 
    0x03, 0x00, 0x03, 0x05, 0x01, 0x05, 0x03, 0x00, 0x03, 0x04, 0x00, 0x00, 
    0x00, 0x07, 0x06, 0x04, 0x08, 0x05, 0x05, 0x02, 0xed, 0x00, 0x00, 0x01, 
    0x01, 0x02, 0x01, 0x00, 0x00, 0x01, 0x02, 0x04, 0x01, 0x04, 0x02, 0x00, 
    0x02, 0x03, 0x00, 0x00, 0x00, 0x00, 0x19, 0x0e, 0x03, 0x00, 0x00, 0x02, 
    0x02, 0x02, 0x02, 0x00, 0x00, 0x01, 0x02, 0x03, 0x01, 0x00, 0x00, 0x01, 
    0x03, 0x02, 0x01, 0x00, 0x00, 0x02, 0x02, 0x02, 0x02, 0x00, 0x00, 0x02, 
    0x02, 0x02, 0x02, 0x00, 0x00, 0x01, 0x02, 0x03, 0x01, 0x00, 0x00, 0x01, 
    0x03, 0x02, 0x01, 0x00, 0x00, 0x00, 0x03, 0x04, 0x00, 0x00, 0x00, 0x00, 
    0x04, 0x02, 0x01, 0x00, 0x00, 0x02, 0x02, 0x02, 0x02, 0x00, 0x00, 0x06, 
    0x08, 0x0d, 0x02, 0x06, 0xfe, 0x71, 0x00, 0x03, 0x05, 0x04, 0x03, 0x00, 
    0x00, 0x03, 0x03, 0x06, 0x01, 0x00, 0x00, 0x00, 0x03, 0x02, 0x02, 0x00, 
    0x00, 0x02, 0x02, 0x02, 0x01, 0x00, 0x00, 0x03, 0x04, 0x03, 0x03, 0x00, 
    0x00, 0x04, 0x06, 0x07, 0x04, 0x01, 0x00, 0x04, 0x05, 0x06, 0x03, 0x00, 
    0x00, 0x01, 0x02, 0x03, 0x06, 0x00, 0x00, 0x04, 0x04, 0x05, 0x02, 0x00, 
    0x00, 0x02, 0x02, 0x02, 0x02, 0x00, 0x00, 0x02, 0x04, 0x03, 0x03, 0x00, 
    0x00, 0x05, 0x07, 0x06, 0x05, 0x00, 0x00, 0x02, 0x03, 0x06, 0x10, 0x00, 
    0x00, 0x01, 0x02, 0x03, 0x16, 0x00, 0x00, 0x01, 0x02, 0x03, 0x01, 0x00, 
    0x00, 0x01, 0x03, 0x02, 0x01, 0x00, 0x00, 0x03, 0x04, 0x03, 0x03, 0x00, 
    0x00, 0x01, 0x06, 0x07, 0x01, 0x00, 0x00, 0x01, 0x01, 0x02, 0x01, 0x00, 
    0x00, 0x01, 0x02, 0x01, 0x01, 0x00, 0x00, 0x01, 0x03, 0x03, 0x01, 0x00, 
    0x00, 0x01, 0x02, 0x03, 0x01, 0x00, 0x00, 0x1d, 0x16, 0x07, 0x03, 0x02, 
    0x04, 0x03, 0x03, 0x02, 0x00, 0x00, 0x02, 0x02, 0x02, 0x01, 0x00, 0x00, 
    0x02, 0x02, 0x03, 0x01, 0x00, 0x00, 0x01, 0x03, 0x02, 0x02, 0x00, 0x00, 
    0x01, 0x02, 0x02, 0x02, 0x00, 0x00, 0x04, 0x10, 0x0f, 0x05, 0x01, 0x01, 
    0x04, 0x0d, 0x0f, 0x01, 0x00, 0x00, 0x01, 0x03, 0x02, 0x01, 0x00, 0x00, 
    0x02, 0x02, 0x03, 0x01, 0x00, 0x00, 0x01, 0x02, 0x03, 0x06, 0x05, 0x01, 
    0x02, 0x00, 0x00, 0x01, 0x02, 0x03, 0x01, 0x00, 0x00, 0x01, 0x05, 0x05, 
    0x02, 0x00, 0x00, 0x01, 0x02, 0x03, 0x01, 0x00, 0x00, 0x00, 0x06, 0x04, 
    0x02, 0x00, 0x00, 0x02, 0x02, 0x02, 0x02, 0x00, 0x00, 0x01, 0x01, 0x04, 
    0x0e, 0x00, 0x00, 0x01, 0x03, 0x02, 0x01, 0x00, 0x00, 0x05, 0x14, 0x15, 
    0x04, 0x00, 0x00, 0x03, 0x05, 0x05, 0x02, 0x00, 0x00, 0x01, 0x02, 0x03, 
    0x07, 0x00, 0x00, 0x01, 0x02, 0x02, 0x02, 0x00, 0x00, 0x11, 0x01, 0x01, 
    0x04, 0x07, 0x07, 0x03, 0x00, 0x00, 0x02, 0x04, 0x04, 0x03, 0x00, 0x00, 
    0x01, 0x02, 0x02, 0x02, 0x00, 0x00, 0x02, 0x02, 0x03, 0x00, 0x00, 0x00, 
    0x01, 0x02, 0x01, 0x01, 0x00, 0x00, 0x03, 0x02, 0x05, 0x07, 0x29, 0x26, 
    0x0a, 0x03, 0x02, 0x02, 0x00, 0x00, 0x01, 0x03, 0x03, 0x00, 0x00, 0x00, 
    0x08, 0x04, 0x03, 0x00, 0x00, 0x02, 0x03, 0x03, 0x03, 0x01, 0x01, 0x04, 
    0x06, 0x07, 0x03, 0x00, 0x00, 0x02, 0x08, 0x07, 0x03, 0x00, 0x00, 0x02, 
    0x04, 0x05, 0x01, 0x00, 0x00, 0x01, 0x07, 0x05, 0x02, 0x00, 0x00, 0x02, 
    0x02, 0x02, 0x02, 0x00, 0x00, 0x04, 0x14, 0x0f, 0x0a, 0x00, 0x00, 0x09, 
    0x06, 0x04, 0x01, 0x00, 0x00, 0x02, 0x02, 0x02, 0x02, 0x00, 0x00, 0x04, 
    0x06, 0x0a, 0x00, 0x00, 0x01, 0x03, 0x02, 0x02, 0x00, 0x00, 0x01, 0x01, 
    0x01, 0x02, 0x01, 0x01, 0x01, 0x02, 0x01, 0x01, 0x00, 0x00, 0x02, 0x02, 
    0x02, 0x02, 0x00, 0x00, 0x01, 0x01, 0x05, 0x05, 0x00, 0x00, 0x01, 0x01, 
    0x02, 0x01, 0x00, 0x00, 0x02, 0x02, 0x03, 0x00, 0x00, 0x00, 0x01, 0x03, 
    0x02, 0x02, 0x00, 0x00, 0x00, 0x10, 0x0c, 0x04, 0x01, 0x01, 0x05, 0x10, 
    0x10, 0x04, 0x00, 0x00, 0x01, 0x02, 0x03, 0x01, 0x00, 0x00, 0x02, 0x02, 
    0x03, 0x01, 0x00, 0x00, 0x01, 0x03, 0x02, 0x02, 0x00, 0x00, 0x01, 0x03, 
    0x02, 0x01, 0x00, 0x00, 0x02, 0x02, 0x02, 0x02, 0x01, 0x01, 0x06, 0x1b, 
    0x20, 0x00, 0x00, 0x02, 0x02, 0x03, 0x01, 0x00, 0x00, 0x00, 0x03, 0x02, 
    0x02, 0x00, 0x00, 0x01, 0x02, 0x01, 0x01, 0x00, 0x00, 0x01, 0x01, 0x02, 
    0x01, 0x00, 0x00, 0x02, 0x02, 0x02, 0x01, 0x00, 0x00, 0x02, 0x02, 0x02, 
    0x02, 0x00, 0x00, 0x02, 0x02, 0x02, 0x01, 0x00, 0x00, 0x02, 0x01, 0x01, 
    0x01, 0x00, 0x00, 0x02, 0x02, 0x03, 0x01, 0x00, 0x00, 0x01, 0x03, 0x02, 
    0x02, 0x00, 0x00, 0x01, 0x01, 0x01, 0x02, 0x00, 0x02, 0x01, 0x05, 0x05, 
    0x02, 0x00, 0x00, 0x01, 0x04, 0x04, 0x05, 0x03, 0x04, 0x04, 0x04, 0x03, 
    0x03, 0x00, 0x00, 0x05, 0x06, 0x06, 0x05, 0x00, 0x00, 0x03, 0x03, 0x04, 
    0x02, 0x00, 0x00, 0x02, 0x02, 0x02, 0x02, 0x00, 0x00, 0x02, 0x05, 0x07, 
    0x01, 0x00, 0x00, 0x01, 0x05, 0x04, 0x02, 0x00, 0x00, 0x03, 0x07, 0x08, 
    0x02, 0x00, 0x00, 0x03, 0x07, 0x06, 0x04, 0x00, 0x00, 0x03, 0x04, 0x03, 
    0x03, 0x00, 0x00, 0x02, 0x05, 0x08, 0x00, 0x00, 0x01, 0x01, 0x04, 0x06, 
    0x00, 0x00, 0x04, 0x04, 0x05, 0x02, 0x00, 0x00, 0x06, 0x1d, 0x1e, 0x05, 
    0x2f, 0x00, 0x01, 0x03, 0x03, 0x01, 0x00, 0x00, 0x07, 0x08, 0x03, 0x02, 
    0x00, 0x00, 0x03, 0x0a, 0x0a, 0x04, 0x01, 0x01, 0x03, 0x04, 0x03, 0x03, 
    0x00, 0x00, 0x03, 0x03, 0x04, 0x03, 0x00, 0x00, 0x02, 0x05, 0x05, 0x03, 
    0x00, 0x00, 0x03, 0x0e, 0x0e, 0x04, 0x00, 0x00, 0x01, 0x02, 0x02, 0x02, 
    0x00, 0x00, 0x02, 0x04, 0x05, 0x02, 0x00, 0x00, 0x01, 0x06, 0x05, 0x03, 
    0x00, 0x00, 0x01, 0x02, 0x02, 0x02, 0x00, 0x00, 0x01, 0x01, 0x02, 0x01, 
    0x00, 0x00, 0x01, 0x01, 0x02, 0x01, 0x00, 0x00, 0x01, 0x02, 0x01, 0x01, 
    0x00, 0x00, 0x01, 0x03, 0x02, 0x01, 0x00, 0x00, 0x02, 0x02, 0x02, 0x02, 
    0x00, 0x00, 0x01, 0x02, 0x02, 0x03, 0x02, 0x02, 0x03, 0x02, 0x02, 0x01, 
    0x00, 0x00, 0x01, 0x03, 0x02, 0x02, 0x00, 0x00, 0x01, 0x01, 0x01, 0x02, 
    0x00, 0x00, 0x01, 0x02, 0x03, 0x01, 0x00, 0x00, 0x01, 0x03, 0x02, 0x02, 
    0x00, 0x00, 0x01, 0x02, 0x03, 0x01, 0x00, 0x00, 0x00, 0x06, 0x04, 0x02, 
    0x00, 0x00, 0x04, 0x0e, 0x0a, 0x07, 0x00, 0x00, 0x08, 0x0a, 0x11, 0x00, 
    0x00, 0x0d, 0x0b, 0x03, 0x00, 0x00, 0x04, 0x14, 0x1d, 0x02, 0x00, 0x00, 
    0x01, 0x03, 0x02, 0x01, 0x00, 0x00, 0x02, 0x02, 0x03, 0x01, 0x00, 0x00, 
    0x02, 0x02, 0x02, 0x01, 0x00, 0x00, 0x01, 0x06, 0x06, 0x00, 0x00, 0x00, 
    0x01, 0x03, 0x02, 0x02, 0x00, 0x00, 0x0e, 0x03, 0x01, 0x02, 0x00, 0x00, 
    0x01, 0x02, 0x03, 0x01, 0x00, 0x00, 0x01, 0x01, 0x02, 0x01, 0x00, 0x00, 
    0x01, 0x02, 0x01, 0x01, 0x00, 0x00, 0x01, 0x02, 0x01, 0x01, 0x00, 0x00, 
    0x02, 0x02, 0x02, 0x01, 0x00, 0x00, 0x03, 0x05, 0x06, 0x01, 0x00, 0x00, 
    0x02, 0x01, 0x01, 0x01, 0x00, 0x00, 0x03, 0x05, 0x05, 0x02, 0x00, 0x00, 
    0x04, 0x0e, 0x0e, 0x03, 0x00, 0x00, 0x03, 0x05, 0x05, 0x02, 0x00, 0x00, 
    0x03, 0x04, 0x03, 0x03, 0x00, 0x00, 0x02, 0x05, 0x04, 0x04, 0x00, 0x00, 
    0x07, 0x08, 0x0e, 0x02, 0x08, 0x06, 0x02, 0x00, 0x00, 0x01, 0x03, 0x03, 
    0x01, 0x00, 0x00, 0x0c, 0x0d, 0x00, 0x00, 0x00, 0x03, 0x03, 0x01, 0x00, 
    0x00, 0x00, 0x06, 0x03, 0x04, 0x00, 0x02, 0x04, 0x0c, 0x09, 0x07, 0x00, 
    0x00, 0x04, 0x04, 0x04, 0x03, 0x00, 0x00, 0x09, 0x06, 0x03, 0x02, 0x00, 
    0x00, 0x04, 0x12, 0x11, 0x04, 0x00, 0x00, 0x02, 0x02, 0x02, 0x01, 0x00, 
    0x00, 0x02, 0x02, 0x02, 0x02, 0x00, 0x00, 0x02, 0x02, 0x02, 0x01, 0x00, 
    0x00, 0x03, 0x04, 0x03, 0x03, 0x00, 0x00, 0x02, 0x04, 0x04, 0x02, 0x00, 
    0x00, 0x01, 0x02, 0x01, 0x00, 0x02, 0x02, 0x02, 0x02, 0x02, 0x01, 0x00, 
    0x00, 0x01, 0x07, 0x06, 0x01, 0x00, 0x00, 0x01, 0x02, 0x01, 0x01, 0x00, 
    0x00, 0x02, 0x02, 0x03, 0x01, 0x00, 0x00, 0x01, 0x03, 0x02, 0x02, 0x00, 
    0x00, 0x01, 0x01, 0x02, 0x01, 0x00, 0x00, 0x01, 0x03, 0x02, 0x01, 0x00, 
    0x00, 0x02, 0x02, 0x03, 0x01, 0x00, 0x00, 0x01, 0x03, 0x02, 0x01, 0x00, 
    0x00, 0x03, 0x1c, 0x14, 0x04, 0x00, 0x00, 0x03, 0x0b, 0x0e, 0x00, 0x00, 
    0x12, 0x0a, 0x07, 0x00, 0x00, 0x08, 0x0a, 0x0a, 0x07, 0x00, 0x00, 0x03, 
    0x04, 0x04, 0x02, 0x00, 0x00, 0x01, 0x02, 0x03, 0x01, 0x00, 0x00, 0x01, 
    0x03, 0x02, 0x02, 0x00, 0x00, 0x01, 0x02, 0x03, 0x01, 0x00, 0x00, 0x01, 
    0x02, 0x01, 0x01, 0x00, 0x00, 0x02, 0x02, 0x03, 0x01, 0x00, 0x00, 0x01, 
    0x03, 0x02, 0x02, 0x00, 0x00, 0x01, 0x01, 0x02, 0x01, 0x00, 0x00, 0x01, 
    0x06, 0x07, 0x01, 0x00, 0x00, 0x01, 0x01, 0x05, 0x05, 0x00, 0x00, 0x01, 
    0x07, 0x07, 0x02, 0x00, 0x00, 0x02, 0x03, 0x03, 0x05, 0x03, 0x03, 0x04, 
    0x02, 0x01, 0x02, 0x00, 0x00, 0x01, 0x02, 0x02, 0x02, 0x00, 0x00, 0x04, 
    0x11, 0x12, 0x04, 0x00, 0x00, 0x01, 0x02, 0x02, 0x02, 0x00, 0x00, 0x02, 
    0x04, 0x04, 0x03, 0x00, 0x00, 0x02, 0x04, 0x03, 0x04, 0x01, 0x01, 0x04, 
    0x0d, 0x0e, 0x03, 0x00, 0x00, 0x03, 0x04, 0x06, 0x00, 0x00, 0x00, 0x01, 
    0x03, 0x03, 0x00, 0x00, 0x00, 0x0d, 0x0c, 0xfe, 0xff, 0x01, 0x02, 0x03, 
    0x02, 0x03, 0x01, 0x00, 0x02, 0x04, 0x04, 0x02, 0x33, 0x04, 0x02, 0x04, 
    0x02, 0x08, 0x00, 0x00, 0x03, 0x96, 0x01, 0x03, 0x04, 0x03, 0x03, 0x00, 
    0x00, 0x02, 0x07, 0x07, 0x03, 0x04, 0x04, 0x05, 0x06, 0x09, 0x01, 0x01, 
    0x01, 0x01, 0x05, 0x04, 0x02, 0x00, 0x00, 0x02, 0x02, 0x02, 0x01, 0x00, 
    0x00, 0x02, 0x05, 0x05, 0x01, 0x00, 0x00, 0x01, 0x01, 0x06, 0x07, 0x00, 
    0x00, 0x01, 0x03, 0x02, 0x01, 0x00, 0x00, 0x01, 0x02, 0x01, 0x01, 0x00, 
    0x00, 0x01, 0x03, 0x03, 0x01, 0x00, 0x00, 0x01, 0x03, 0x03, 0x01, 0x00, 
    0x00, 0x01, 0x01, 0x02, 0x01, 0x00, 0x00, 0x01, 0x02, 0x03, 0x01, 0x00, 
    0x00, 0x01, 0x03, 0x02, 0x02, 0x00, 0x00, 0x01, 0x02, 0x02, 0x02, 0x00, 
    0x00, 0x01, 0x02, 0x01, 0x01, 0x00, 0x00, 0x08, 0x05, 0x01, 0x01, 0x00, 
    0x00, 0x02, 0x03, 0x05, 0x0a, 0x00, 0x00, 0x02, 0x02, 0x02, 0x02, 0x00, 
    0x00, 0x12, 0x09, 0x05, 0x02, 0x00, 0x00, 0x03, 0x04, 0x04, 0x02, 0x00, 
    0x00, 0x07, 0x2b, 0x2b, 0x07, 0x00, 0x00, 0x02, 0x04, 0x04, 0x02, 0x00, 
    0x00, 0x03, 0x07, 0x06, 0x04, 0x00, 0x00, 0x02, 0x03, 0x03, 0x04, 0x02, 
    0x02, 0x03, 0x01, 0x01, 0x02, 0x00, 0x00, 0x02, 0x04, 0x05, 0x01, 0x00, 
    0x00, 0x02, 0x06, 0x05, 0x02, 0x00, 0x00, 0x01, 0x02, 0x01, 0x01, 0x00, 
    0x00, 0x02, 0x02, 0x02, 0x02, 0x00, 0x00, 0x01, 0x02, 0x03, 0x01, 0x00, 
    0x00, 0x01, 0x03, 0x02, 0x02, 0x00, 0x00, 0x01, 0x01, 0x01, 0x02, 0x00, 
    0x00, 0x00, 0x03, 0x03, 0x01, 0x00, 0x00, 0x01, 0x03, 0x03, 0x01, 0x00, 
    0x00, 0x01, 0x03, 0x03, 0x01, 0x00, 0x00, 0x01, 0x03, 0x03, 0x00, 0x00, 
    0x00, 0x02, 0x01, 0x01, 0x01, 0x00, 0x00, 0x08, 0x05, 0x01, 0x01, 0x00, 
    0x00, 0x01, 0x06, 0x05, 0x01, 0x00, 0x00, 0x01, 0x06, 0x07, 0x01, 0x00, 
    0x00, 0x01, 0x03, 0x02, 0x01, 0x00, 0x00, 0x03, 0x04, 0x03, 0x03, 0x00, 
    0x00, 0x03, 0x04, 0x05, 0x03, 0x00, 0x00, 0x03, 0x07, 0x07, 0x03, 0x00, 
    0x00, 0x02, 0x04, 0x03, 0x03, 0x01, 0x01, 0x08, 0x28, 0x28, 0x08, 0x58, 
    0x00, 0x02, 0x04, 0x04, 0x03, 0x01, 0x01, 0x02, 0x03, 0x03, 0x05, 0x03, 
    0x03, 0x05, 0x03, 0x04, 0x01, 0x00, 0x00, 0x01, 0x03, 0x02, 0x02, 0x00, 
    0x00, 0x01, 0x02, 0x02, 0x02, 0x00, 0x00, 0x02, 0x02, 0x03, 0x01, 0x00, 
    0x00, 0x04, 0x05, 0x02, 0x01, 0x00, 0x00, 0x00, 0x04, 0x02, 0x01, 0x00, 
    0x00, 0x01, 0x02, 0x01, 0x01, 0x00, 0x00, 0x01, 0x03, 0x02, 0x02, 0x00, 
    0x00, 0x01, 0x02, 0x03, 0x0e, 0x00, 0x00, 0x01, 0x03, 0x02, 0x01, 0x00, 
    0x00, 0x02, 0x02, 0x02, 0x02, 0x00, 0x00, 0x02, 0x04, 0x03, 0x03, 0x01, 
    0x01, 0x03, 0x04, 0x04, 0x02, 0x00, 0x00, 0x06, 0x22, 0x22, 0x06, 0x00, 
    0x00, 0x03, 0x05, 0x05, 0x02, 0x00, 0x00, 0x02, 0x04, 0x04, 0x02, 0x00, 
    0x00, 0x02, 0x02, 0x02, 0x02, 0x00, 0x00, 0x02, 0x02, 0x02, 0x01, 0x00, 
    0x00, 0x0e, 0x04, 0x01, 0x01, 0x00, 0x00, 0x02, 0x02, 0x02, 0x02, 0x00, 
    0x00, 0x01, 0x01, 0x02, 0x01, 0x00, 0x00, 0x01, 0x03, 0x03, 0x00, 0x00, 
    0x00, 0x00, 0x03, 0x03, 0x01, 0x00, 0x00, 0x01, 0x02, 0x01, 0x01, 0x00, 
    0x00, 0x01, 0x03, 0x02, 0x02, 0x00, 0x00, 0x01, 0x02, 0x02, 0x02, 0x00, 
    0x00, 0x02, 0x02, 0x02, 0x02, 0x00, 0x00, 0x01, 0x01, 0x01, 0x02, 0x00, 
    0x00, 0x01, 0x02, 0x02, 0x02, 0x00, 0x00, 0x02, 0x02, 0x02, 0x02, 0x00, 
    0x00, 0x02, 0x04, 0x04, 0x02, 0x00, 0x00, 0x02, 0x05, 0x05, 0x03, 0x00, 
    0x00, 0x06, 0x22, 0x22, 0x06, 0xa5, 0x03, 0x02, 0x00, 0x00, 0x05, 0x04, 
    0x03, 0x02, 0x03, 0x01, 0x02, 0x1e, 0x03, 0x01, 0x00, 0x00, 0x01, 0x02, 
    0x02, 0x02, 0x00, 0x00, 0x02, 0x02, 0x02, 0x02, 0x00, 0x00, 0x08, 0x05, 
    0x03, 0x03, 0x00, 0x00, 0x07, 0x0a, 0x12, 0x00, 0x00, 0x01, 0x01, 0x01, 
    0x02, 0x00, 0x00, 0x06, 0x06, 0x01, 0x01, 0x00, 0x00, 0x02, 0x02, 0x02, 
    0x02, 0x00, 0x00, 0x02, 0x02, 0x05, 0x02, 0x02, 0x42, 0x02, 0x03, 0x42, 
    0x00, 0x00, 0x03, 0x03, 0x06, 0x01, 0x00, 0x00, 0x00, 0x07, 0x08, 0x00, 
    0x00, 0x00, 0x01, 0x01, 0x02, 0x01, 0x00, 0x00, 0x01, 0x02, 0x01, 0x01, 
    0x00, 0x00, 0x23, 0x23, 0x00, 0x00, 0x01, 0x02, 0x04, 0x06, 0x00, 0x00, 
    0x01, 0x02, 0x03, 0x01, 0x00, 0x00, 0x01, 0x02, 0x04, 0x08, 0x00, 0x00, 
    0x01, 0x02, 0x01, 0x01, 0x00, 0x00, 0x01, 0x02, 0x01, 0x04, 0x03, 0x03, 
    0x04, 0x02, 0x01, 0x02, 0x00, 0x00, 0x01, 0x01, 0x01, 0x02, 0x00, 0x01, 
    0x01, 0x06, 0x05, 0x02, 0x00, 0x00, 0x01, 0x02, 0x02, 0x02, 0x00, 0x00, 
    0x03, 0x03, 0x04, 0x03, 0x00, 0x00, 0x01, 0x02, 0x02, 0x02, 0x00, 0x00, 
    0x02, 0x02, 0x02, 0x02, 0x00, 0x00, 0x06, 0x03, 0x02, 0x01, 0x00, 0x00, 
    0x01, 0x03, 0x02, 0x01, 0x00, 0x00, 0x03, 0x04, 0x05, 0x01, 0x00, 0x00, 
    0x01, 0x03, 0x02, 0x01, 0x00, 0x00, 0x02, 0x02, 0x03, 0x01, 0x00, 0x00, 
    0x01, 0x03, 0x02, 0x01, 0x00, 0x00, 0x16, 0x03, 0x02, 0x01, 0x00, 0x00, 
    0x02, 0x02, 0x04, 0x03, 0xfe, 0x15, 0xfe, 0x4c, 0x3a, 0x01, 0x01, 0x02, 
    0x03, 0x05, 0x01, 0x00, 0x00, 0x01, 0x07, 0x07, 0x00, 0x00, 0x00, 0x01, 
    0x03, 0x03, 0x01, 0x00, 0x00, 0x01, 0x35, 0x01, 0x02, 0x00, 0x00, 0x01, 
    0x02, 0x02, 0x02, 0x00, 0x00, 0x99, 0x01, 0x2e, 0x01, 0xc8, 0x00, 0x00, 
    0x00, 0x04, 0x02, 0x01, 0x00, 0x00, 0x10, 0x50, 0x60, 0x00, 0x00, 0x05, 
    0x02, 0x03, 0x01, 0x01, 0x40, 0xfe, 0x1c, 0xfd, 0xfe, 0x22, 0x04, 0x03, 
    0x02, 0x00, 0x00, 0x02, 0x01, 0x02, 0x00, 0x00, 0x00, 0x00, 0x02, 0x63, 
    0x01, 0x5f, 0xb2, 0x00, 0x00, 0x03, 0x03, 0x04, 0x02, 0x00, 0x00, 0x02, 
    0x02, 0x02, 0x02, 0x00, 0x00, 0x01, 0x03, 0x02, 0x01, 0x00, 0x00, 0x01, 
    0x02, 0x01, 0x01, 0x00, 0x00, 0x02, 0x02, 0x03, 0x01, 0x00, 0x00, 0x0c, 
    0x0d, 0x00, 0x00, 0x01, 0x02, 0x01, 0x01, 0x00, 0x00, 0x02, 0x02, 0x02, 
    0x02, 0x00, 0x00, 0x3f, 0xfe, 0x17, 0xfe, 0x16, 0x3f, 0x00, 0x00, 0x01, 
    0x02, 0x01, 0x01, 0x00, 0x00, 0x03, 0xbd, 0x30, 0x0d, 0x01, 0x00, 0x0f, 
    0x2b, 0x3a, 0x05, 0x00, 0x00, 0x15, 0x10, 0x01, 0x01, 0x00, 0x00, 0x02, 
    0x02, 0x02, 0x02, 0x00, 0x00, 0x01, 0x02, 0x02, 0x02, 0x00, 0x00, 0x03, 
    0x03, 0x04, 0x03, 0x00, 0x00, 0x01, 0x02, 0x02, 0x02, 0x00, 0x00, 0x04, 
    0x06, 0x06, 0x04, 0x00, 0x00, 0x08, 0x05, 0x01, 0x01, 0x00, 0x00, 0x04, 
    0x06, 0x05, 0x05, 0x00, 0x00, 0x02, 0x04, 0x04, 0x02, 0x00, 0x00, 0x13, 
    0x22, 0x36, 0x00, 0x00, 0x01, 0xfc, 0x4c, 0x02, 0x02, 0x00, 0x00, 0x01, 
    0x12, 0x0f, 0x03, 0x00, 0x00, 0x02, 0x02, 0x03, 0x01, 0x00, 0x00, 0x01, 
    0x03, 0x02, 0x02, 0x00, 0x00, 0x03, 0x0f, 0x0f, 0x04, 0x00, 0x00, 0x02, 
    0x02, 0x03, 0x00, 0x00, 0x00, 0x00, 0x01, 0x01, 0x03, 0x04, 0x03, 0x02, 
    0x00, 0x00, 0x04, 0x0b, 0x0c, 0x03, 0x00, 0x00, 0x02, 0x02, 0x03, 0x01, 
    0x00, 0x00, 0x15, 0x22, 0x03, 0x00, 0x00, 0x00, 0x49, 0x02, 0x02, 0x00, 
    0x00, 0x00, 0x15, 0x15, 0x00, 0x00, 0x00, 0x02, 0x02, 0x03, 0x01, 0x00, 
    0x00, 0x01, 0x03, 0x02, 0x02, 0x00, 0x00, 0x15, 0x15, 0x00, 0x00, 0x01, 
    0x03, 0x03, 0x01, 0x00, 0x00, 0x01, 0x08, 0x03, 0x01, 0x00, 0x00, 0x01, 
    0x01, 0x01, 0x02, 0x01, 0x01, 0x01, 0x00, 0x00, 0x01, 0x02, 0x02, 0x02, 
    0x00, 0x00, 0x02, 0x03, 0x06, 0x18, 0x00, 0x00, 0x01, 0x03, 0x02, 0x01, 
    0x00, 0x00, 0x02, 0x02, 0x03, 0x01, 0x00, 0x00, 0x02, 0x20, 0x14, 0x00, 
    0x00, 0x00, 0x02, 0x02, 0x03, 0x01, 0x00, 0x00, 0x01, 0x07, 0x03, 0x01, 
    0x00, 0x00, 0x01, 0x03, 0x02, 0x01, 0x00, 0x00, 0x01, 0x5c, 0x12, 0x04, 
    0x00, 0x00, 0x01, 0x02, 0x01, 0x01, 0x00, 0x00, 0x01, 0x01, 0x02, 0x01, 
    0x00, 0x00, 0x04, 0x12, 0x17, 0x00, 0x00, 0x04, 0x02, 0x02, 0x00, 0x00, 
    0x03, 0x0c, 0x0b, 0x04, 0x00, 0x00, 0x02, 0x04, 0x06, 0x00, 0x00, 0x00, 
    0x03, 0x06, 0x1d, 0x07, 0x05, 0x00, 0x00, 0x00, 0x01, 0x49, 0x02, 0x02, 
    0x00, 0x00, 0x03, 0x0e, 0x0e, 0x04, 0x00, 0x00, 0x01, 0x02, 0x04, 0x00, 
    0x00, 0x00, 0x00, 0x04, 0x02, 0x01, 0x00, 0x00, 0x04, 0x0e, 0x0e, 0x03, 
    0x00, 0x00, 0x02, 0x02, 0x03, 0x01, 0x00, 0x00, 0x01, 0x05, 0x03, 0x04, 
    0x00, 0x01, 0x04, 0x07, 0x06, 0x04, 0x01, 0x01, 0x03, 0x04, 0x06, 0x00, 
    0x00, 0x02, 0x1c, 0x09, 0x07, 0x00, 0x00, 0x02, 0x02, 0x03, 0x01, 0x00, 
    0x00, 0x41, 0x01, 0x01, 0x01, 0x01, 0x01, 0x09, 0x08, 0x03, 0x00, 0x00, 
    0x0e, 0x56, 0x57, 0x0d, 0x00, 0x00, 0x03, 0x10, 0x11, 0x03, 0x00, 0x00, 
    0x05, 0x18, 0x18, 0x05, 0x00, 0x00, 0x02, 0x04, 0x04, 0x02, 0x00, 0x00, 
    0x01, 0x02, 0x01, 0x01, 0x00, 0x00, 0x03, 0x05, 0x05, 0x02, 0x00, 0x00, 
    0x05, 0x17, 0x16, 0x06, 0x01, 0x01, 0x03, 0x03, 0x04, 0x02, 0x00, 0x00, 
    0x02, 0x02, 0x03, 0x01, 0x00, 0x00, 0x01, 0x32, 0x1f, 0x0b, 0x01, 0x01, 
    0x00, 0x02, 0x02, 0x4e, 0x06, 0x04, 0x00, 0x04, 0x03, 0x0f, 0x62, 0x70, 
    0x08, 0x06, 0x02, 0x00, 0x00, 0x02, 0x0d, 0x72, 0x4a, 0x27, 0x00, 0x00, 
    0x03, 0x02, 0x03, 0x03, 0x01, 0x02, 0x51, 0x01, 0x02, 0x00, 0x01, 0x01, 
    0x0b, 0x1f, 0x32, 0x01, 0x00, 0x00, 0x01, 0x03, 0x02, 0x02, 0x00, 0x00, 
    0x02, 0x02, 0x02, 0x01, 0x00, 0x00, 0x06, 0x1c, 0x1c, 0x06, 0x01, 0x01, 
    0x02, 0x02, 0x02, 0x02, 0x00, 0x00, 0x01, 0x01, 0x02, 0x01, 0x00, 0x00, 
    0x02, 0x04, 0x03, 0x03, 0x01, 0x01, 0x06, 0x19, 0x18, 0x06, 0x01, 0x01, 
    0x04, 0x09, 0x09, 0x03, 0x00, 0x00, 0x0e, 0x5d, 0x5e, 0x0e, 0x00, 0x00, 
    0x02, 0x05, 0x05, 0x03, 0x00, 0x00, 0x01, 0x01, 0x01, 0x01, 0x00, 0x00, 
    0x01, 0x06, 0x09, 0x02, 0x01, 0x00, 0x00, 0x02, 0x02, 0x02, 0x03, 0x01, 
    0x04, 0x00, 0x1f, 0x19, 0x05, 0x00, 0x00, 0x02, 0x02, 0x02, 0x02, 0x00, 
    0x00, 0x01, 0x03, 0x02, 0x01, 0x00, 0x00, 0x01, 0x02, 0x01, 0x01, 0x00, 
    0x00, 0x02, 0x02, 0x02, 0x02, 0x00, 0x00, 0x01, 0x03, 0x02, 0x02, 0x00, 
    0x00, 0x06, 0x04, 0x01, 0x01, 0x00, 0x00, 0x01, 0x03, 0x02, 0x02, 0x00, 
    0x00, 0x01, 0x02, 0x03, 0x01, 0x00, 0x00, 0x01, 0x02, 0x01, 0x01, 0x00, 
    0x00, 0x01, 0x01, 0x02, 0x01, 0x00, 0x00, 0x0f, 0x05, 0x01, 0x01, 0x00, 
    0x00, 0x15, 0x04, 0x01, 0x02, 0x00, 0x00, 0x04, 0x11, 0x11, 0x04, 0x00, 
    0x00, 0x01, 0x02, 0x02, 0x03, 0x04, 0x03, 0x05, 0x02, 0x04, 0x02, 0x00, 
    0x00, 0x00, 0x07, 0x04, 0x04, 0x00, 0x00, 0x02, 0x03, 0x02, 0x03, 0x00, 
    0x00, 0x03, 0x04, 0x05, 0x02, 0x00, 0x00, 0x03, 0x07, 0x08, 0x02, 0x00, 
    0x00, 0x03, 0x04, 0x06, 0x00, 0x00, 0x01, 0x03, 0x02, 0x01, 0x00, 0x00, 
    0x02, 0x02, 0x02, 0x02, 0x00, 0x00, 0x03, 0x07, 0x06, 0x04, 0x01, 0x01, 
    0x06, 0x19, 0x1b, 0x05, 0x00, 0x00, 0x02, 0x08, 0x07, 0x03, 0x00, 0x00, 
    0x01, 0x02, 0x03, 0x01, 0x00, 0x00, 0x01, 0x03, 0x03, 0x01, 0x00, 0x00, 
    0x00, 0x06, 0x04, 0x02, 0x00, 0x00, 0x03, 0x05, 0x05, 0x02, 0x00, 0x00, 
    0x03, 0x0b, 0x08, 0x06, 0x00, 0x01, 0x09, 0x00, 0x00, 0x01, 0x02, 0x02, 
    0x02, 0x00, 0x00, 0x03, 0x05, 0x06, 0x01, 0x00, 0x00, 0x01, 0x05, 0x04, 
    0x02, 0x00, 0x00, 0x04, 0x11, 0x14, 0x02, 0x04, 0x02, 0x04, 0x02, 0x01, 
    0x02, 0x00, 0x00, 0x02, 0x02, 0x02, 0x01, 0x00, 0x00, 0x0e, 0x04, 0x01, 
    0x01, 0x00, 0x00, 0x02, 0x02, 0x03, 0x01, 0x00, 0x00, 0x01, 0x03, 0x02, 
    0x02, 0x00, 0x00, 0x01, 0x02, 0x03, 0x01, 0x00, 0x00, 0x07, 0x03, 0x01, 
    0x02, 0x00, 0x00, 0x01, 0x02, 0x06, 0x00, 0x06, 0x02, 0x01, 0x00, 0x00, 
    0x01, 0x03, 0x02, 0x02, 0x00, 0x00, 0x01, 0x01, 0x02, 0x01, 0x00, 0x00, 
    0x01, 0x03, 0x02, 0x01, 0x00, 0x00, 0x05, 0x17, 0x10, 0x0b, 0x00, 0x00, 
    0x03, 0x03, 0x03, 0x04, 0x03, 0x04, 0x00, 0x00, 0x00, 0x01, 0x02, 0x02, 
    0x03, 0x02, 0x01, 0x01, 0x00, 0x00, 0x06, 0x1d, 0x23, 0x00, 0x00, 0x01, 
    0x02, 0x01, 0x01, 0x00, 0x00, 0x02, 0x02, 0x02, 0x02, 0x00, 0x00, 0x01, 
    0x02, 0x03, 0x01, 0x00, 0x00, 0x01, 0x03, 0x02, 0x01, 0x00, 0x00, 0x02, 
    0x05, 0x05, 0x01, 0x00, 0x00, 0x01, 0x03, 0x02, 0x01, 0x00, 0x00, 0x02, 
    0x02, 0x03, 0x01, 0x00, 0x00, 0x01, 0x02, 0x05, 0x07, 0x00, 0x00, 0x02, 
    0x04, 0x04, 0x03, 0x00, 0x00, 0x01, 0x02, 0x01, 0x06, 0x05, 0x08, 0x15, 
    0x11, 0x04, 0x00, 0x00, 0x01, 0x02, 0x02, 0x02, 0x00, 0x00, 0x03, 0x03, 
    0x04, 0x02, 0x00, 0x00, 0x02, 0x02, 0x02, 0x02, 0x00, 0x00, 0x02, 0x02, 
    0x02, 0x01, 0x00, 0x00, 0x07, 0x06, 0x03, 0x02, 0x00, 0x00, 0x02, 0x02, 
    0x02, 0x01, 0x00, 0x00, 0x04, 0x0a, 0x0b, 0x03, 0x00, 0x00, 0x02, 0x04, 
    0x06, 0x00, 0x00, 0x00, 0x01, 0x03, 0x03, 0x01, 0x00, 0x00, 0x01, 0x03, 
    0x02, 0x01, 0x00, 0x00, 0x02, 0x02, 0x02, 0x02, 0x00, 0x00, 0x06, 0x26, 
    0x24, 0x08, 0x01, 0x01, 0x02, 0x02, 0x02, 0x01, 0x00, 0x00, 0x02, 0x02, 
    0x02, 0x02, 0x00, 0x00, 0x01, 0x02, 0x03, 0x01, 0x00, 0x00, 0x06, 0x04, 
    0x03, 0x00, 0x00, 0x03, 0x0a, 0x0b, 0x03, 0x00, 0x00, 0x02, 0x02, 0x02, 
    0x01, 0x00, 0x00, 0x03, 0x02, 0x03, 0x02, 0x00, 0x00, 0x02, 0x02, 0x02, 
    0x02, 0x00, 0x00, 0x02, 0x02, 0x02, 0x01, 0x00, 0x00, 0x02, 0x02, 0x02, 
    0x02, 0x01, 0x01, 0x03, 0x02, 0x03, 0x02, 0x00, 0x00, 0x02, 0x02, 0x02, 
    0x02, 0x00, 0x00, 0x04, 0x11, 0x11, 0x04, 0x00, 0x00, 0x02, 0x02, 0x02, 
    0x02, 0x00, 0x00, 0x03, 0x04, 0x06, 0x02, 0x00, 0x00, 0x01, 0x05, 0x05, 
    0x01, 0x00, 0x00, 0x03, 0x05, 0x04, 0x03, 0x00, 0x00, 0x01, 0x02, 0x01, 
    0x01, 0x00, 0x00, 0x01, 0x01, 0x02, 0x01, 0x00, 0x00, 0x01, 0x03, 0x02, 
    0x01, 0x00, 0x00, 0x02, 0x02, 0x03, 0x01, 0x00, 0x00, 0x01, 0x05, 0x05, 
    0x01, 0x00, 0x00, 0x02, 0x02, 0x03, 0x01, 0x00, 0x00, 0x01, 0x03, 0x03, 
    0x01, 0x00, 0x00, 0x01, 0x01, 0x02, 0x01, 0x00, 0x00, 0x01, 0x02, 0x03, 
    0x01, 0x00, 0x00, 0x23, 0x17, 0x0c, 0x00, 0x00, 0x06, 0x04, 0x01, 0x02, 
    0x00, 0x00, 0x01, 0x02, 0x03, 0x01, 0x00, 0x00, 0x01, 0x54, 0x17, 0x04, 
    0x00, 0x00, 0x03, 0x06, 0x0a, 0x09, 0x00, 0x00, 0x01, 0x02, 0x03, 0x01, 
    0x00, 0x00, 0x01, 0x03, 0x02, 0x02, 0x00, 0x00, 0x01, 0x01, 0x02, 0x01, 
    0x00, 0x00, 0x01, 0x02, 0x03, 0x01, 0x00, 0x00, 0x01, 0x03, 0x03, 0x01, 
    0x00, 0x00, 0x01, 0x03, 0x02, 0x02, 0x00, 0x00, 0x02, 0x02, 0x02, 0x01, 
    0x00, 0x00, 0x02, 0x05, 0x05, 0x01, 0x00, 0x00, 0x01, 0x03, 0x02, 0x01, 
    0x00, 0x00, 0x02, 0x02, 0x02, 0x02, 0x00, 0x00, 0x02, 0x02, 0x02, 0x02, 
    0x00, 0x00, 0x02, 0x04, 0x03, 0x03, 0x00, 0x00, 0x03, 0x03, 0x04, 0x03, 
    0x00, 0x00, 0x01, 0x02, 0x02, 0x02, 0x00, 0x00, 0x02, 0x02, 0x02, 0x02, 
    0x00, 0x00, 0x02, 0x04, 0x03, 0x03, 0x00, 0x00, 0x04, 0x0b, 0x0c, 0x03, 
    0x00, 0x00, 0x02, 0x02, 0x02, 0x01, 0x00, 0x00, 0x03, 0x04, 0x04, 0x02, 
    0x00, 0x00, 0x03, 0x07, 0x07, 0x04, 0x01, 0x00, 0x04, 0x03, 0x04, 0x02, 
    0x00, 0x00, 0x04, 0x0d, 0x11, 0x01, 0x00, 0x00, 0x01, 0x03, 0x03, 0x00, 
    0x00, 0x00, 0x01, 0x02, 0x01, 0x01, 0x00, 0x00, 0x0a, 0x0a, 0x00, 0x00, 
    0x01, 0x03, 0x03, 0x01, 0x00, 0x00, 0x01, 0x16, 0x0d, 0x04, 0x00, 0x00, 
    0x02, 0x05, 0x05, 0x03, 0x00, 0x00, 0x02, 0x04, 0x03, 0x03, 0x01, 0x01, 
    0x04, 0x05, 0x08, 0x01, 0x00, 0x00, 0x00, 0x13, 0x0f, 0x04, 0x00, 0x00, 
    0x01, 0x01, 0x03, 0x0e, 0x00, 0x00, 0x02, 0x02, 0x02, 0x02, 0x00, 0x00, 
    0x02, 0x04, 0x03, 0x04, 0x01, 0x01, 0x02, 0x03, 0x03, 0x02, 0x00, 0x00, 
    0x02, 0x02, 0x02, 0x01, 0x00, 0x00, 0x01, 0x02, 0x02, 0x02, 0x00, 0x00, 
    0x02, 0x02, 0x02, 0x02, 0x00, 0x00, 0x01, 0x05, 0x03, 0x03, 0x00, 0x00, 
    0x02, 0x02, 0x02, 0x02, 0x00, 0x00, 0x01, 0x02, 0x03, 0x01, 0x00, 0x00, 
    0x01, 0x03, 0x02, 0x01, 0x00, 0x00, 0x02, 0x02, 0x03, 0x01, 0x00, 0x00, 
    0x01, 0x03, 0x02, 0x01, 0x00, 0x00, 0x02, 0x01, 0x01, 0x01, 0x00, 0x00, 
    0x01, 0x08, 0x07, 0x05, 0x06, 0x06, 0x02, 0x00, 0x00, 0x05, 0x17, 0x1b, 
    0x00, 0x00, 0x1b, 0x17, 0x05, 0x00, 0x00, 0x03, 0x0a, 0x0d, 0x01, 0x00, 
    0x00, 0x02, 0x02, 0x03, 0x01, 0x00, 0x00, 0x01, 0x01, 0x01, 0x02, 0x00, 
    0x00, 0x01, 0x01, 0x05, 0x08, 0x00, 0x00, 0x01, 0x02, 0x03, 0x01, 0x00, 
    0x00, 0x01, 0x03, 0x02, 0x01, 0x00, 0x00, 0x02, 0x02, 0x02, 0x02, 0x00, 
    0x00, 0x02, 0x02, 0x02, 0x01, 0x00, 0x00, 0x02, 0x01, 0x01, 0x01, 0x00, 
    0x00, 0x02, 0x02, 0x02, 0x02, 0x00, 0x00, 0x02, 0x02, 0x02, 0x02, 0x00, 
    0x00, 0x02, 0x03, 0x02, 0x03, 0x00, 0x00, 0x03, 0x04, 0x07, 0x01, 0x00, 
    0x00, 0x00, 0x06, 0x03, 0x03, 0x00, 0x00, 0x02, 0x02, 0x02, 0x01, 0x00, 
    0x00, 0x04, 0x0b, 0x0c, 0x03, 0x00, 0x00, 0x02, 0x02, 0x02, 0x02, 0x00, 
    0x00, 0x04, 0x05, 0x05, 0x04, 0x01, 0x01, 0x03, 0x03, 0x04, 0x02, 0x00, 
    0x00, 0x03, 0x09, 0x08, 0x03, 0x00, 0x00, 0x03, 0x09, 0x13, 0x01, 0x00, 
    0x00, 0x01, 0x03, 0x03, 0x01, 0x00, 0x00, 0x0a, 0x0a, 0x00, 0x00, 0x01, 
    0x01, 0x02, 0x01, 0x00, 0x00, 0x01, 0x01, 0x02, 0x04, 0x03, 0x04, 0x04, 
    0x07, 0x06, 0x03, 0x00, 0x00, 0x02, 0x08, 0x07, 0x03, 0x00, 0x00, 0x02, 
    0x05, 0x05, 0x03, 0x00, 0x00, 0x02, 0x08, 0x05, 0x05, 0x00, 0x00, 0x01, 
    0x02, 0x02, 0x02, 0x00, 0x00, 0x03, 0x0c, 0x0c, 0x03, 0x00, 0x00, 0x02, 
    0x02, 0x02, 0x01, 0x00, 0x00, 0x03, 0x04, 0x05, 0x01, 0x00, 0x00, 0x01, 
    0x06, 0x04, 0x04, 0x00, 0x00, 0x07, 0x05, 0x04, 0x01, 0x00, 0x00, 0x01, 
    0x02, 0x03, 0x01, 0x00, 0x00, 0x03, 0x03, 0x04, 0x03, 0x00, 0x00, 0x01, 
    0x02, 0x02, 0x02, 0x00, 0x00, 0x02, 0x02, 0x03, 0x01, 0x00, 0x00, 0x01, 
    0x03, 0x02, 0x02, 0x00, 0x00, 0x02, 0x02, 0x02, 0x01, 0x00, 0x00, 0x01, 
    0x02, 0x01, 0x01, 0x00, 0x00, 0x02, 0x02, 0x03, 0x01, 0x00, 0x00, 0x01, 
    0x03, 0x02, 0x01, 0x00, 0x00, 0x01, 0x0d, 0x0b, 0x03, 0x00, 0x00, 0x04, 
    0x17, 0x1c, 0x00, 0x00, 0x01, 0x04, 0x02, 0x02, 0x00, 0x00, 0x02, 0x02, 
    0x02, 0x01, 0x00, 0x00, 0x01, 0xd9, 0x04, 0x05, 0x00, 0x00, 0x09, 0x02, 
    0x02, 0x01, 0xfe, 0x90, 0x02, 0x02, 0x00, 0x00, 0x01, 0x02, 0x03, 0x01, 
    0x00, 0x00, 0x02, 0x04, 0x04, 0x02, 0x01, 0x01, 0x01, 0x06, 0x05, 0x02, 
    0x00, 0x00, 0x01, 0x02, 0x02, 0x02, 0x00, 0x00, 0x02, 0x04, 0x05, 0x02, 
    0x00, 0x00, 0x01, 0x06, 0x04, 0x03, 0x00, 0x00, 0x0b, 0x08, 0x05, 0x04, 
    0x01, 0x01, 0x03, 0x02, 0x03, 0x02, 0x00, 0x00, 0x07, 0x07, 0x0b, 0x03, 
    0x00, 0x00, 0x05, 0x18, 0x17, 0x05, 0x00, 0x00, 0x04, 0x0e, 0x0a, 0x07, 
    0x00, 0x00, 0x03, 0x03, 0x04, 0x03, 0x00, 0x00, 0x03, 0x08, 0x08, 0x03, 
    0x00, 0x00, 0x01, 0x02, 0x01, 0x01, 0x00, 0x00, 0x02, 0x02, 0x02, 0x02, 
    0x00, 0x00, 0x02, 0x03, 0x06, 0x09, 0x00, 0x00, 0x01, 0x02, 0x02, 0x02, 
    0x00, 0x00, 0x08, 0x05, 0x01, 0x01, 0x00, 0x00, 0x01, 0x01, 0x03, 0x07, 
    0x00, 0x00, 0x02, 0x02, 0x03, 0x01, 0x00, 0x00, 0x01, 0x03, 0x03, 0x00, 
    0x00, 0x00, 0x00, 0x03, 0x03, 0x01, 0x00, 0x00, 0x01, 0x03, 0x02, 0x02, 
    0x00, 0x00, 0x01, 0x01, 0x01, 0x02, 0x00, 0x00, 0x01, 0x02, 0x02, 0x02, 
    0x00, 0x00, 0x02, 0x02, 0x02, 0x01, 0x00, 0x00, 0x02, 0x05, 0x04, 0x02, 
    0x01, 0x01, 0x02, 0x05, 0x03, 0x03, 0x00, 0x00, 0x02, 0x02, 0x02, 0x01, 
    0x00, 0x00, 0x02, 0x02, 0x02, 0x02, 0x00, 0x00, 0x02, 0x04, 0x04, 0x02, 
    0x00, 0x00, 0x02, 0x02, 0x02, 0x02, 0x00, 0x00, 0x06, 0x08, 0x0a, 0x03, 
    0x00, 0x00, 0x03, 0x07, 0x08, 0x02, 0x00, 0x00, 0x06, 0x1b, 0x1b, 0x05, 
    0x00, 0x00, 0x03, 0x07, 0x07, 0x03, 0x00, 0x00, 0x03, 0x0b, 0x07, 0x07, 
    0x00, 0x00, 0x02, 0x03, 0x06, 0x09, 0x00, 0x00, 0x03, 0x04, 0x06, 0x01, 
    0x00, 0x00, 0x02, 0x05, 0x05, 0x01, 0x00, 0x00, 0x01, 0x06, 0x05, 0x03, 
    0x00, 0x00, 0x02, 0x02, 0x02, 0x01, 0x00, 0x00, 0x02, 0x01, 0x01, 0x01, 
    0x00, 0x00, 0x02, 0x02, 0x03, 0x01, 0x00, 0x00, 0x01, 0x03, 0x02, 0x01, 
    0x00, 0x00, 0x02, 0x02, 0x03, 0x01, 0x00, 0x00, 0x01, 0x3c, 0x03, 0x01, 
    0x00, 0x00, 0x02, 0x02, 0x02, 0x01, 0x00, 0x00, 0x03, 0x04, 0x03, 0x03, 
    0x00, 0x00, 0x01, 0x06, 0x05, 0x03, 0x00, 0x00, 0x02, 0x02, 0x02, 0x01, 
    0x00, 0x00, 0x02, 0x01, 0x01, 0x01, 0x00, 0x00, 0x03, 0x08, 0x09, 0x08, 
    0x00, 0x00, 0x0c, 0x19, 0x20, 0x06, 0x00, 0x00, 0x01, 0x02, 0x03, 0x01, 
    0x00, 0x00, 0x05, 0x05, 0x07, 0x03, 0x00, 0x00, 0x02, 0x02, 0x02, 0x02, 
    0x00, 0x00, 0x0d, 0x04, 0x01, 0x02, 0x00, 0x00, 0x01, 0x02, 0x02, 0x02, 
    0x00, 0x00, 0x01, 0x02, 0x01, 0x01, 0x00, 0x00, 0x02, 0x02, 0x02, 0x02, 
    0x00, 0x00, 0x01, 0x02, 0x03, 0x01, 0x00, 0x00, 0x01, 0x03, 0x02, 0x01, 
    0x00, 0x00, 0x02, 0x02, 0x03, 0x01, 0x00, 0x00, 0x01, 0x01, 0x02, 0x01, 
    0x00, 0x00, 0x02, 0x02, 0x02, 0x01, 0x00, 0x00, 0x02, 0x01, 0x04, 0x0d, 
    0x00, 0x00, 0x04, 0x04, 0x05, 0x02, 0x00, 0x00, 0x02, 0x02, 0x02, 0x02, 
    0x00, 0x00, 0x05, 0x07, 0x09, 0x04, 0x01, 0x01, 0x06, 0x11, 0x12, 0x04, 
    0x00, 0x00, 0x03, 0x07, 0x06, 0x04, 0x00, 0x00, 0x03, 0x05, 0x05, 0x02, 
    0x00, 0x00, 0x02, 0x04, 0x04, 0x03, 0x00, 0x00, 0x01, 0x02, 0x02, 0x02, 
    0x00, 0x00, 0x02, 0x02, 0x02, 0x02, 0x00, 0x00, 0x01, 0x02, 0x02, 0x02, 
    0x00, 0x00, 0x01, 0x02, 0x01, 0x01, 0x00, 0x00, 0x02, 0x02, 0x02, 0x02, 
    0x00, 0x00, 0x01, 0x02, 0x03, 0x01, 0x00, 0x00, 0x01, 0x03, 0x03, 0x00, 
    0x00, 0x00, 0x00, 0xea, 0x03, 0x03, 0x00, 0x03, 0x02, 0x03, 0x03, 0x06, 
    0x00, 0x00, 0x02, 0x00, 0x00, 0x0a, 0x00, 0xe1, 0xff, 0x19, 0x07, 0x89, 
    0x05, 0xc0, 0x08, 0x61, 0x0e, 0xa1, 0x0e, 0xaa, 0x0e, 0xb3, 0x0e, 0xbc, 
    0x0e, 0xc8, 0x0e, 0xd1, 0x10, 0xb7, 0x12, 0x2b, 0x12, 0x34, 0x00, 0x00, 
    0x05, 0x36, 0x26, 0x27, 0x2e, 0x01, 0x37, 0x36, 0x26, 0x27, 0x2e, 0x01, 
    0x37, 0x2e, 0x01, 0x27, 0x2e, 0x01, 0x37, 0x36, 0x26, 0x27, 0x2e, 0x01, 
    0x37, 0x36, 0x26, 0x27, 0x2e, 0x01, 0x37, 0x36, 0x26, 0x27, 0x2e, 0x01, 
    0x37, 0x36, 0x26, 0x27, 0x2e, 0x01, 0x37, 0x36, 0x26, 0x27, 0x2e, 0x01, 
    0x37, 0x36, 0x26, 0x27, 0x2e, 0x01, 0x37, 0x36, 0x26, 0x27, 0x2e, 0x01, 
    0x37, 0x36, 0x26, 0x27, 0x2e, 0x01, 0x37, 0x36, 0x26, 0x27, 0x2e, 0x01, 
    0x37, 0x36, 0x26, 0x27, 0x2e, 0x01, 0x37, 0x36, 0x26, 0x27, 0x2e, 0x01, 
    0x37, 0x36, 0x26, 0x27, 0x2e, 0x01, 0x37, 0x36, 0x26, 0x27, 0x2e, 0x01, 
    0x37, 0x36, 0x26, 0x27, 0x2e, 0x01, 0x37, 0x2e, 0x01, 0x27, 0x2e, 0x01, 
    0x37, 0x36, 0x26, 0x2f, 0x01, 0x37, 0x3e, 0x01, 0x37, 0x3e, 0x01, 0x37, 
    0x3e, 0x01, 0x37, 0x3e, 0x01, 0x37, 0x3e, 0x01, 0x37, 0x3e, 0x01, 0x37, 
    0x3e, 0x01, 0x37, 0x3e, 0x01, 0x37, 0x3e, 0x01, 0x37, 0x3e, 0x01, 0x37, 
    0x3e, 0x01, 0x37, 0x3e, 0x01, 0x37, 0x3e, 0x01, 0x37, 0x3e, 0x01, 0x37, 
    0x3e, 0x01, 0x37, 0x3e, 0x01, 0x37, 0x36, 0x26, 0x27, 0x2e, 0x01, 0x37, 
    0x36, 0x26, 0x27, 0x2e, 0x01, 0x37, 0x36, 0x26, 0x27, 0x2e, 0x01, 0x37, 
    0x36, 0x26, 0x27, 0x26, 0x06, 0x17, 0x16, 0x06, 0x27, 0x26, 0x06, 0x17, 
    0x16, 0x06, 0x27, 0x26, 0x06, 0x17, 0x16, 0x06, 0x27, 0x26, 0x06, 0x07, 
    0x0e, 0x01, 0x27, 0x26, 0x06, 0x17, 0x16, 0x06, 0x27, 0x26, 0x06, 0x17, 
    0x16, 0x06, 0x27, 0x26, 0x06, 0x07, 0x0e, 0x01, 0x27, 0x26, 0x06, 0x07, 
    0x0e, 0x01, 0x27, 0x2e, 0x01, 0x37, 0x36, 0x26, 0x27, 0x2e, 0x01, 0x37, 
    0x36, 0x26, 0x27, 0x2e, 0x01, 0x37, 0x36, 0x26, 0x27, 0x2e, 0x01, 0x37, 
    0x36, 0x26, 0x27, 0x2e, 0x01, 0x37, 0x36, 0x26, 0x27, 0x2e, 0x01, 0x37, 
    0x36, 0x26, 0x27, 0x2e, 0x01, 0x37, 0x36, 0x26, 0x27, 0x2e, 0x01, 0x37, 
    0x36, 0x26, 0x27, 0x2e, 0x01, 0x37, 0x36, 0x26, 0x27, 0x2e, 0x01, 0x37, 
    0x36, 0x26, 0x27, 0x2e, 0x01, 0x37, 0x36, 0x26, 0x27, 0x2e, 0x01, 0x37, 
    0x36, 0x26, 0x27, 0x2e, 0x01, 0x37, 0x36, 0x26, 0x27, 0x2e, 0x01, 0x37, 
    0x36, 0x26, 0x27, 0x2e, 0x01, 0x37, 0x36, 0x26, 0x27, 0x2e, 0x01, 0x37, 
    0x36, 0x26, 0x27, 0x2e, 0x01, 0x37, 0x36, 0x26, 0x27, 0x2e, 0x01, 0x37, 
    0x36, 0x26, 0x27, 0x2e, 0x01, 0x37, 0x36, 0x26, 0x27, 0x2e, 0x01, 0x37, 
    0x3e, 0x01, 0x37, 0x3e, 0x01, 0x37, 0x3e, 0x01, 0x37, 0x3e, 0x01, 0x37, 
    0x3e, 0x01, 0x37, 0x3e, 0x01, 0x37, 0x3e, 0x01, 0x37, 0x3e, 0x01, 0x37, 
    0x3e, 0x01, 0x37, 0x3e, 0x01, 0x37, 0x3e, 0x01, 0x37, 0x3e, 0x01, 0x37, 
    0x3e, 0x01, 0x37, 0x3e, 0x01, 0x37, 0x3e, 0x01, 0x37, 0x3e, 0x01, 0x37, 
    0x3e, 0x01, 0x37, 0x3e, 0x01, 0x37, 0x3e, 0x01, 0x37, 0x3e, 0x01, 0x37, 
    0x3e, 0x01, 0x37, 0x3e, 0x01, 0x37, 0x3e, 0x01, 0x37, 0x3e, 0x01, 0x37, 
    0x3e, 0x01, 0x37, 0x3e, 0x01, 0x37, 0x3e, 0x01, 0x37, 0x3e, 0x01, 0x37, 
    0x3e, 0x01, 0x37, 0x3e, 0x01, 0x37, 0x36, 0x26, 0x27, 0x2e, 0x01, 0x37, 
    0x36, 0x26, 0x27, 0x2e, 0x01, 0x37, 0x36, 0x26, 0x27, 0x2e, 0x01, 0x27, 
    0x2e, 0x01, 0x27, 0x2e, 0x01, 0x37, 0x36, 0x26, 0x27, 0x2e, 0x01, 0x37, 
    0x36, 0x26, 0x27, 0x2e, 0x01, 0x37, 0x36, 0x26, 0x27, 0x2e, 0x01, 0x37, 
    0x36, 0x26, 0x27, 0x2e, 0x01, 0x37, 0x36, 0x26, 0x27, 0x2e, 0x01, 0x37, 
    0x36, 0x26, 0x27, 0x2e, 0x01, 0x37, 0x36, 0x26, 0x27, 0x2e, 0x01, 0x37, 
    0x36, 0x26, 0x27, 0x2e, 0x01, 0x37, 0x36, 0x26, 0x27, 0x2e, 0x01, 0x37, 
    0x36, 0x26, 0x27, 0x2e, 0x01, 0x37, 0x36, 0x26, 0x27, 0x2e, 0x01, 0x37, 
    0x36, 0x26, 0x27, 0x2e, 0x01, 0x37, 0x36, 0x26, 0x27, 0x2e, 0x01, 0x37, 
    0x3e, 0x01, 0x37, 0x3e, 0x01, 0x37, 0x3e, 0x01, 0x37, 0x3e, 0x01, 0x37, 
    0x3e, 0x01, 0x37, 0x3e, 0x01, 0x37, 0x3e, 0x01, 0x37, 0x3e, 0x01, 0x37, 
    0x3e, 0x01, 0x37, 0x3e, 0x01, 0x37, 0x3e, 0x01, 0x37, 0x3e, 0x01, 0x37, 
    0x3e, 0x01, 0x37, 0x3e, 0x01, 0x37, 0x3e, 0x01, 0x37, 0x3e, 0x01, 0x37, 
    0x3e, 0x01, 0x37, 0x3e, 0x01, 0x37, 0x3e, 0x01, 0x37, 0x3e, 0x01, 0x37, 
    0x3e, 0x01, 0x37, 0x3e, 0x01, 0x37, 0x3e, 0x01, 0x37, 0x3e, 0x01, 0x37, 
    0x3e, 0x01, 0x37, 0x3e, 0x01, 0x37, 0x3e, 0x01, 0x37, 0x3e, 0x01, 0x37, 
    0x3e, 0x01, 0x37, 0x3e, 0x01, 0x37, 0x3e, 0x01, 0x37, 0x3e, 0x01, 0x37, 
    0x3e, 0x01, 0x37, 0x3e, 0x01, 0x37, 0x3e, 0x01, 0x37, 0x3e, 0x01, 0x37, 
    0x3e, 0x01, 0x37, 0x3e, 0x01, 0x3f, 0x02, 0x36, 0x16, 0x17, 0x1e, 0x01, 
    0x37, 0x36, 0x16, 0x17, 0x1e, 0x01, 0x37, 0x3e, 0x01, 0x17, 0x1e, 0x01, 
    0x37, 0x36, 0x16, 0x17, 0x1e, 0x01, 0x37, 0x36, 0x16, 0x17, 0x1e, 0x01, 
    0x37, 0x3e, 0x01, 0x17, 0x1e, 0x01, 0x37, 0x36, 0x16, 0x17, 0x16, 0x36, 
    0x37, 0x36, 0x16, 0x17, 0x1e, 0x01, 0x37, 0x3e, 0x01, 0x37, 0x3e, 0x01, 
    0x37, 0x3e, 0x01, 0x37, 0x3e, 0x01, 0x37, 0x3e, 0x01, 0x37, 0x3e, 0x01, 
    0x37, 0x3e, 0x01, 0x37, 0x36, 0x26, 0x27, 0x2e, 0x01, 0x37, 0x36, 0x26, 
    0x27, 0x2e, 0x01, 0x37, 0x36, 0x26, 0x27, 0x2e, 0x01, 0x37, 0x36, 0x26, 
    0x27, 0x2e, 0x01, 0x37, 0x36, 0x26, 0x27, 0x2e, 0x01, 0x37, 0x36, 0x26, 
    0x27, 0x2e, 0x01, 0x37, 0x36, 0x26, 0x27, 0x2e, 0x01, 0x37, 0x36, 0x26, 
    0x27, 0x2e, 0x01, 0x3f, 0x02, 0x3e, 0x01, 0x37, 0x3e, 0x01, 0x37, 0x3e, 
    0x01, 0x37, 0x3e, 0x01, 0x37, 0x3e, 0x01, 0x37, 0x3e, 0x01, 0x37, 0x3e, 
    0x01, 0x37, 0x3e, 0x01, 0x37, 0x3e, 0x01, 0x37, 0x3e, 0x01, 0x37, 0x3e, 
    0x01, 0x37, 0x3e, 0x01, 0x37, 0x3e, 0x01, 0x37, 0x3e, 0x01, 0x37, 0x3e, 
    0x01, 0x37, 0x3e, 0x01, 0x37, 0x3e, 0x01, 0x37, 0x3e, 0x01, 0x37, 0x3e, 
    0x01, 0x37, 0x3e, 0x01, 0x37, 0x3e, 0x01, 0x37, 0x3e, 0x01, 0x37, 0x3e, 
    0x01, 0x37, 0x3e, 0x01, 0x37, 0x3e, 0x01, 0x37, 0x3e, 0x01, 0x37, 0x3e, 
    0x01, 0x37, 0x3e, 0x01, 0x37, 0x3e, 0x01, 0x37, 0x3e, 0x01, 0x37, 0x3e, 
    0x01, 0x37, 0x3e, 0x01, 0x37, 0x3e, 0x01, 0x37, 0x3e, 0x01, 0x37, 0x3e, 
    0x01, 0x37, 0x3e, 0x01, 0x37, 0x3e, 0x01, 0x37, 0x3e, 0x01, 0x37, 0x36, 
    0x16, 0x17, 0x1e, 0x01, 0x37, 0x36, 0x16, 0x17, 0x1e, 0x01, 0x37, 0x36, 
    0x16, 0x17, 0x1e, 0x01, 0x37, 0x36, 0x16, 0x17, 0x1e, 0x01, 0x37, 0x36, 
    0x16, 0x17, 0x1e, 0x01, 0x37, 0x36, 0x16, 0x17, 0x1e, 0x01, 0x37, 0x36, 
    0x16, 0x17, 0x1e, 0x01, 0x17, 0x1e, 0x01, 0x17, 0x1e, 0x01, 0x17, 0x1e, 
    0x01, 0x17, 0x1e, 0x01, 0x37, 0x36, 0x16, 0x17, 0x1e, 0x01, 0x37, 0x36, 
    0x16, 0x17, 0x1e, 0x01, 0x37, 0x36, 0x16, 0x17, 0x1e, 0x01, 0x37, 0x36, 
    0x16, 0x1f, 0x01, 0x37, 0x3e, 0x01, 0x37, 0x3e, 0x01, 0x37, 0x3e, 0x01, 
    0x37, 0x3e, 0x01, 0x37, 0x3e, 0x01, 0x37, 0x3e, 0x01, 0x37, 0x3e, 0x01, 
    0x37, 0x3e, 0x01, 0x37, 0x3e, 0x01, 0x37, 0x3e, 0x01, 0x37, 0x3e, 0x01, 
    0x37, 0x3e, 0x01, 0x37, 0x3e, 0x01, 0x37, 0x3e, 0x01, 0x37, 0x3e, 0x01, 
    0x37, 0x3e, 0x01, 0x37, 0x3e, 0x01, 0x37, 0x3e, 0x01, 0x37, 0x3e, 0x01, 
    0x37, 0x3e, 0x01, 0x37, 0x3e, 0x01, 0x37, 0x3e, 0x01, 0x37, 0x3e, 0x01, 
    0x37, 0x3e, 0x01, 0x37, 0x3e, 0x01, 0x37, 0x3e, 0x01, 0x37, 0x3e, 0x01, 
    0x37, 0x3e, 0x01, 0x37, 0x3e, 0x01, 0x37, 0x3e, 0x01, 0x37, 0x36, 0x16, 
    0x17, 0x1e, 0x01, 0x37, 0x36, 0x16, 0x17, 0x1e, 0x01, 0x37, 0x36, 0x16, 
    0x17, 0x1e, 0x01, 0x37, 0x36, 0x16, 0x17, 0x1e, 0x01, 0x37, 0x36, 0x16, 
    0x17, 0x1e, 0x01, 0x37, 0x36, 0x16, 0x17, 0x1e, 0x01, 0x37, 0x36, 0x16, 
    0x17, 0x1e, 0x01, 0x37, 0x36, 0x16, 0x17, 0x1e, 0x01, 0x37, 0x36, 0x16, 
    0x17, 0x1e, 0x01, 0x37, 0x36, 0x16, 0x17, 0x1e, 0x01, 0x37, 0x36, 0x16, 
    0x17, 0x1e, 0x01, 0x37, 0x36, 0x16, 0x17, 0x1e, 0x01, 0x37, 0x36, 0x16, 
    0x17, 0x1e, 0x01, 0x37, 0x36, 0x16, 0x17, 0x1e, 0x01, 0x37, 0x36, 0x16, 
    0x17, 0x1e, 0x01, 0x37, 0x36, 0x16, 0x17, 0x1e, 0x01, 0x37, 0x36, 0x16, 
    0x17, 0x1e, 0x01, 0x37, 0x36, 0x16, 0x17, 0x1e, 0x01, 0x37, 0x36, 0x16, 
    0x17, 0x1e, 0x01, 0x3f, 0x01, 0x17, 0x16, 0x06, 0x27, 0x26, 0x06, 0x17, 
    0x16, 0x06, 0x07, 0x0e, 0x01, 0x17, 0x1e, 0x01, 0x27, 0x26, 0x06, 0x17, 
    0x16, 0x06, 0x27, 0x26, 0x06, 0x17, 0x16, 0x06, 0x27, 0x26, 0x06, 0x17, 
    0x16, 0x06, 0x27, 0x26, 0x06, 0x17, 0x16, 0x06, 0x27, 0x26, 0x16, 0x17, 
    0x16, 0x06, 0x27, 0x26, 0x06, 0x17, 0x1e, 0x01, 0x37, 0x36, 0x16, 0x17, 
    0x1e, 0x01, 0x37, 0x36, 0x16, 0x17, 0x1e, 0x01, 0x37, 0x36, 0x16, 0x17, 
    0x1e, 0x01, 0x37, 0x3e, 0x01, 0x37, 0x3e, 0x01, 0x37, 0x3e, 0x01, 0x37, 
    0x3e, 0x01, 0x37, 0x3e, 0x01, 0x37, 0x3e, 0x01, 0x37, 0x3e, 0x01, 0x37, 
    0x3e, 0x01, 0x37, 0x3e, 0x01, 0x37, 0x3e, 0x01, 0x37, 0x3e, 0x01, 0x37, 
    0x3e, 0x01, 0x37, 0x3e, 0x01, 0x37, 0x3e, 0x01, 0x37, 0x3e, 0x01, 0x37, 
    0x3e, 0x01, 0x37, 0x3e, 0x01, 0x17, 0x1e, 0x01, 0x37, 0x36, 0x16, 0x17, 
    0x1e, 0x01, 0x37, 0x36, 0x16, 0x17, 0x1e, 0x01, 0x37, 0x36, 0x16, 0x17, 
    0x1e, 0x01, 0x37, 0x36, 0x16, 0x17, 0x1e, 0x01, 0x37, 0x36, 0x16, 0x17, 
    0x1e, 0x01, 0x37, 0x36, 0x16, 0x17, 0x1e, 0x01, 0x37, 0x36, 0x16, 0x17, 
    0x1e, 0x01, 0x37, 0x36, 0x16, 0x17, 0x1e, 0x01, 0x37, 0x36, 0x16, 0x17, 
    0x1e, 0x01, 0x37, 0x36, 0x16, 0x17, 0x1e, 0x01, 0x37, 0x36, 0x16, 0x17, 
    0x1e, 0x01, 0x17, 0x1e, 0x01, 0x17, 0x1e, 0x01, 0x37, 0x36, 0x16, 0x17, 
    0x1e, 0x01, 0x37, 0x36, 0x16, 0x17, 0x1e, 0x01, 0x37, 0x36, 0x16, 0x17, 
    0x1e, 0x01, 0x37, 0x36, 0x16, 0x17, 0x1e, 0x01, 0x17, 0x1e, 0x01, 0x17, 
    0x1e, 0x01, 0x37, 0x36, 0x16, 0x17, 0x1e, 0x01, 0x37, 0x36, 0x16, 0x17, 
    0x1e, 0x01, 0x27, 0x26, 0x06, 0x17, 0x16, 0x06, 0x27, 0x26, 0x06, 0x17, 
    0x16, 0x06, 0x27, 0x26, 0x06, 0x17, 0x16, 0x06, 0x27, 0x26, 0x06, 0x17, 
    0x16, 0x06, 0x27, 0x26, 0x06, 0x17, 0x16, 0x06, 0x27, 0x26, 0x06, 0x17, 
    0x16, 0x06, 0x27, 0x26, 0x06, 0x17, 0x16, 0x06, 0x27, 0x26, 0x06, 0x17, 
    0x16, 0x06, 0x27, 0x26, 0x06, 0x17, 0x16, 0x06, 0x27, 0x26, 0x06, 0x17, 
    0x16, 0x06, 0x27, 0x26, 0x06, 0x17, 0x16, 0x06, 0x27, 0x26, 0x06, 0x17, 
    0x16, 0x06, 0x27, 0x26, 0x06, 0x17, 0x16, 0x06, 0x27, 0x26, 0x06, 0x17, 
    0x16, 0x06, 0x07, 0x0e, 0x01, 0x17, 0x16, 0x06, 0x27, 0x26, 0x06, 0x17, 
    0x16, 0x06, 0x27, 0x26, 0x06, 0x17, 0x1e, 0x01, 0x37, 0x36, 0x16, 0x17, 
    0x1e, 0x01, 0x37, 0x36, 0x16, 0x17, 0x1e, 0x01, 0x37, 0x36, 0x16, 0x17, 
    0x1e, 0x01, 0x37, 0x36, 0x16, 0x17, 0x1e, 0x01, 0x37, 0x36, 0x16, 0x17, 
    0x1e, 0x01, 0x37, 0x36, 0x16, 0x17, 0x1e, 0x01, 0x37, 0x36, 0x16, 0x17, 
    0x1e, 0x01, 0x37, 0x36, 0x16, 0x17, 0x1e, 0x01, 0x37, 0x36, 0x16, 0x17, 
    0x1e, 0x01, 0x37, 0x36, 0x16, 0x17, 0x1e, 0x01, 0x37, 0x36, 0x16, 0x17, 
    0x1e, 0x01, 0x37, 0x36, 0x16, 0x17, 0x1e, 0x01, 0x37, 0x36, 0x16, 0x17, 
    0x1e, 0x01, 0x37, 0x36, 0x16, 0x17, 0x1e, 0x01, 0x37, 0x36, 0x16, 0x17, 
    0x1e, 0x01, 0x37, 0x36, 0x16, 0x17, 0x1e, 0x01, 0x17, 0x1e, 0x01, 0x37, 
    0x36, 0x16, 0x17, 0x16, 0x06, 0x27, 0x26, 0x06, 0x17, 0x16, 0x06, 0x27, 
    0x26, 0x06, 0x17, 0x16, 0x06, 0x27, 0x0e, 0x01, 0x17, 0x16, 0x06, 0x27, 
    0x26, 0x06, 0x17, 0x16, 0x06, 0x27, 0x26, 0x06, 0x17, 0x16, 0x06, 0x27, 
    0x26, 0x06, 0x17, 0x16, 0x06, 0x27, 0x26, 0x06, 0x17, 0x16, 0x06, 0x27, 
    0x26, 0x06, 0x17, 0x16, 0x06, 0x27, 0x26, 0x06, 0x17, 0x16, 0x06, 0x27, 
    0x26, 0x06, 0x17, 0x16, 0x06, 0x27, 0x26, 0x06, 0x17, 0x16, 0x06, 0x27, 
    0x26, 0x06, 0x17, 0x16, 0x06, 0x27, 0x26, 0x06, 0x17, 0x16, 0x06, 0x27, 
    0x26, 0x06, 0x17, 0x16, 0x06, 0x27, 0x26, 0x06, 0x17, 0x16, 0x06, 0x27, 
    0x26, 0x06, 0x17, 0x16, 0x06, 0x27, 0x26, 0x06, 0x17, 0x16, 0x06, 0x27, 
    0x26, 0x06, 0x17, 0x16, 0x06, 0x27, 0x26, 0x06, 0x17, 0x16, 0x06, 0x07, 
    0x06, 0x26, 0x27, 0x2e, 0x01, 0x27, 0x2e, 0x01, 0x27, 0x2e, 0x01, 0x27, 
    0x2e, 0x01, 0x37, 0x36, 0x26, 0x27, 0x2e, 0x01, 0x27, 0x36, 0x26, 0x27, 
    0x2e, 0x01, 0x27, 0x2e, 0x01, 0x27, 0x2e, 0x01, 0x27, 0x2e, 0x01, 0x27, 
    0x2e, 0x01, 0x37, 0x36, 0x26, 0x27, 0x2e, 0x01, 0x37, 0x36, 0x26, 0x27, 
    0x26, 0x06, 0x17, 0x16, 0x06, 0x27, 0x26, 0x06, 0x17, 0x16, 0x06, 0x27, 
    0x26, 0x06, 0x17, 0x16, 0x06, 0x27, 0x26, 0x06, 0x17, 0x1e, 0x01, 0x37, 
    0x36, 0x16, 0x17, 0x1e, 0x01, 0x37, 0x36, 0x16, 0x17, 0x1e, 0x01, 0x37, 
    0x36, 0x16, 0x17, 0x1e, 0x01, 0x37, 0x36, 0x16, 0x17, 0x1e, 0x01, 0x37, 
    0x36, 0x16, 0x17, 0x1e, 0x01, 0x37, 0x36, 0x16, 0x17, 0x1e, 0x01, 0x17, 
    0x1e, 0x01, 0x17, 0x1e, 0x01, 0x37, 0x36, 0x16, 0x17, 0x16, 0x36, 0x27, 
    0x26, 0x06, 0x17, 0x16, 0x06, 0x27, 0x26, 0x06, 0x07, 0x0e, 0x01, 0x27, 
    0x26, 0x06, 0x17, 0x16, 0x06, 0x27, 0x26, 0x06, 0x17, 0x16, 0x06, 0x27, 
    0x26, 0x06, 0x17, 0x16, 0x06, 0x27, 0x26, 0x06, 0x07, 0x0e, 0x01, 0x27, 
    0x26, 0x06, 0x17, 0x16, 0x06, 0x27, 0x26, 0x06, 0x17, 0x16, 0x06, 0x27, 
    0x26, 0x06, 0x17, 0x16, 0x06, 0x27, 0x26, 0x06, 0x17, 0x16, 0x06, 0x27, 
    0x26, 0x06, 0x17, 0x16, 0x06, 0x27, 0x26, 0x06, 0x07, 0x0e, 0x01, 0x27, 
    0x26, 0x06, 0x17, 0x16, 0x06, 0x27, 0x26, 0x06, 0x07, 0x0e, 0x01, 0x27, 
    0x26, 0x06, 0x17, 0x16, 0x06, 0x27, 0x26, 0x06, 0x17, 0x16, 0x06, 0x27, 
    0x26, 0x06, 0x07, 0x0e, 0x01, 0x27, 0x26, 0x06, 0x17, 0x16, 0x06, 0x27, 
    0x26, 0x06, 0x17, 0x16, 0x06, 0x27, 0x2e, 0x01, 0x37, 0x36, 0x26, 0x27, 
    0x2e, 0x01, 0x37, 0x36, 0x26, 0x27, 0x2e, 0x01, 0x37, 0x36, 0x26, 0x27, 
    0x2e, 0x01, 0x37, 0x36, 0x26, 0x27, 0x2e, 0x01, 0x37, 0x36, 0x26, 0x27, 
    0x2e, 0x01, 0x37, 0x36, 0x26, 0x27, 0x2e, 0x01, 0x37, 0x36, 0x26, 0x27, 
    0x2e, 0x01, 0x37, 0x36, 0x26, 0x27, 0x2e, 0x01, 0x37, 0x36, 0x26, 0x27, 
    0x2e, 0x01, 0x37, 0x36, 0x26, 0x27, 0x2e, 0x01, 0x27, 0x2e, 0x01, 0x27, 
    0x2e, 0x01, 0x37, 0x36, 0x26, 0x27, 0x2e, 0x01, 0x37, 0x36, 0x26, 0x27, 
    0x2e, 0x01, 0x37, 0x36, 0x26, 0x27, 0x2e, 0x01, 0x37, 0x36, 0x26, 0x27, 
    0x2e, 0x01, 0x37, 0x36, 0x26, 0x27, 0x2e, 0x01, 0x17, 0x16, 0x06, 0x27, 
    0x26, 0x06, 0x17, 0x16, 0x06, 0x07, 0x0e, 0x01, 0x17, 0x16, 0x06, 0x27, 
    0x26, 0x06, 0x17, 0x16, 0x06, 0x27, 0x26, 0x06, 0x17, 0x16, 0x06, 0x27, 
    0x26, 0x06, 0x17, 0x16, 0x06, 0x27, 0x26, 0x06, 0x17, 0x16, 0x06, 0x27, 
    0x26, 0x06, 0x17, 0x16, 0x06, 0x27, 0x26, 0x06, 0x17, 0x16, 0x06, 0x27, 
    0x26, 0x06, 0x17, 0x16, 0x06, 0x27, 0x26, 0x06, 0x17, 0x16, 0x06, 0x27, 
    0x26, 0x06, 0x17, 0x16, 0x06, 0x27, 0x26, 0x06, 0x17, 0x16, 0x06, 0x27, 
    0x26, 0x06, 0x17, 0x16, 0x06, 0x27, 0x2e, 0x01, 0x27, 0x3e, 0x01, 0x37, 
    0x3e, 0x01, 0x37, 0x3e, 0x01, 0x37, 0x3e, 0x01, 0x37, 0x3e, 0x01, 0x37, 
    0x3e, 0x01, 0x37, 0x3e, 0x01, 0x37, 0x3e, 0x01, 0x37, 0x3e, 0x01, 0x37, 
    0x3e, 0x01, 0x37, 0x3e, 0x01, 0x37, 0x3e, 0x01, 0x37, 0x3e, 0x01, 0x37, 
    0x3e, 0x01, 0x37, 0x3e, 0x01, 0x37, 0x3e, 0x01, 0x37, 0x3e, 0x01, 0x37, 
    0x3e, 0x01, 0x37, 0x3e, 0x01, 0x37, 0x3e, 0x01, 0x37, 0x3e, 0x01, 0x37, 
    0x3e, 0x01, 0x37, 0x3e, 0x01, 0x37, 0x36, 0x16, 0x17, 0x16, 0x36, 0x37, 
    0x3e, 0x01, 0x17, 0x37, 0x17, 0x1e, 0x01, 0x37, 0x36, 0x16, 0x17, 0x1e, 
    0x01, 0x37, 0x36, 0x16, 0x17, 0x1e, 0x01, 0x37, 0x36, 0x16, 0x17, 0x1e, 
    0x01, 0x37, 0x36, 0x16, 0x17, 0x1e, 0x01, 0x37, 0x36, 0x16, 0x17, 0x1e, 
    0x01, 0x37, 0x36, 0x16, 0x17, 0x1e, 0x01, 0x37, 0x36, 0x16, 0x17, 0x1e, 
    0x01, 0x37, 0x36, 0x16, 0x17, 0x1e, 0x01, 0x37, 0x36, 0x16, 0x17, 0x1e, 
    0x01, 0x37, 0x36, 0x16, 0x17, 0x1e, 0x01, 0x37, 0x36, 0x16, 0x17, 0x1e, 
    0x01, 0x37, 0x36, 0x16, 0x17, 0x1e, 0x01, 0x37, 0x36, 0x16, 0x17, 0x1e, 
    0x01, 0x37, 0x3e, 0x01, 0x37, 0x3e, 0x01, 0x37, 0x3e, 0x01, 0x37, 0x3e, 
    0x01, 0x37, 0x3e, 0x01, 0x37, 0x3e, 0x01, 0x37, 0x3e, 0x01, 0x37, 0x3e, 
    0x01, 0x37, 0x3e, 0x01, 0x37, 0x3e, 0x01, 0x37, 0x3e, 0x01, 0x37, 0x3e, 
    0x01, 0x37, 0x3e, 0x01, 0x37, 0x3e, 0x01, 0x37, 0x3e, 0x01, 0x37, 0x3e, 
    0x01, 0x37, 0x3e, 0x01, 0x37, 0x3e, 0x01, 0x37, 0x36, 0x26, 0x27, 0x26, 
    0x36, 0x37, 0x36, 0x26, 0x27, 0x2e, 0x01, 0x37, 0x36, 0x26, 0x27, 0x2e, 
    0x01, 0x37, 0x36, 0x26, 0x27, 0x2e, 0x01, 0x37, 0x36, 0x26, 0x27, 0x2e, 
    0x01, 0x37, 0x36, 0x26, 0x27, 0x2e, 0x01, 0x37, 0x36, 0x26, 0x27, 0x2e, 
    0x01, 0x37, 0x3e, 0x01, 0x37, 0x3e, 0x01, 0x37, 0x3e, 0x01, 0x37, 0x3e, 
    0x01, 0x37, 0x3e, 0x01, 0x37, 0x3e, 0x01, 0x37, 0x3e, 0x01, 0x37, 0x3e, 
    0x01, 0x37, 0x3e, 0x01, 0x37, 0x3e, 0x01, 0x37, 0x3e, 0x01, 0x37, 0x3e, 
    0x01, 0x37, 0x3e, 0x01, 0x37, 0x3e, 0x01, 0x3f, 0x02, 0x36, 0x16, 0x17, 
    0x1e, 0x01, 0x37, 0x36, 0x16, 0x17, 0x1e, 0x01, 0x37, 0x36, 0x16, 0x17, 
    0x16, 0x36, 0x37, 0x36, 0x16, 0x17, 0x1e, 0x01, 0x37, 0x36, 0x16, 0x17, 
    0x1e, 0x01, 0x17, 0x36, 0x16, 0x17, 0x1e, 0x01, 0x37, 0x36, 0x16, 0x17, 
    0x16, 0x36, 0x37, 0x3e, 0x01, 0x37, 0x3e, 0x01, 0x37, 0x3e, 0x01, 0x37, 
    0x3e, 0x01, 0x37, 0x3e, 0x01, 0x37, 0x3e, 0x01, 0x37, 0x3e, 0x01, 0x37, 
    0x3e, 0x01, 0x37, 0x3e, 0x01, 0x37, 0x3e, 0x01, 0x37, 0x3e, 0x01, 0x37, 
    0x3e, 0x01, 0x37, 0x3e, 0x01, 0x37, 0x3e, 0x01, 0x37, 0x3e, 0x01, 0x37, 
    0x3e, 0x01, 0x37, 0x3e, 0x01, 0x37, 0x3e, 0x01, 0x27, 0x2e, 0x01, 0x37, 
    0x36, 0x26, 0x27, 0x2e, 0x01, 0x37, 0x36, 0x26, 0x27, 0x2e, 0x01, 0x27, 
    0x2e, 0x01, 0x27, 0x2e, 0x01, 0x37, 0x36, 0x26, 0x27, 0x2e, 0x01, 0x27, 
    0x2e, 0x01, 0x27, 0x2e, 0x01, 0x37, 0x36, 0x26, 0x27, 0x2e, 0x01, 0x37, 
    0x36, 0x26, 0x27, 0x2e, 0x01, 0x37, 0x36, 0x26, 0x27, 0x2e, 0x01, 0x27, 
    0x2e, 0x01, 0x27, 0x2e, 0x01, 0x37, 0x36, 0x26, 0x27, 0x2e, 0x01, 0x37, 
    0x36, 0x26, 0x27, 0x2e, 0x01, 0x27, 0x2e, 0x01, 0x2f, 0x01, 0x37, 0x3e, 
    0x01, 0x37, 0x3e, 0x01, 0x37, 0x36, 0x26, 0x27, 0x2e, 0x01, 0x37, 0x3e, 
    0x01, 0x37, 0x3e, 0x01, 0x37, 0x3e, 0x01, 0x37, 0x3e, 0x01, 0x37, 0x3e, 
    0x01, 0x37, 0x3e, 0x01, 0x37, 0x3e, 0x01, 0x37, 0x3e, 0x01, 0x37, 0x3e, 
    0x01, 0x37, 0x3e, 0x01, 0x37, 0x3e, 0x01, 0x37, 0x3e, 0x01, 0x37, 0x3e, 
    0x01, 0x37, 0x3e, 0x01, 0x37, 0x3e, 0x01, 0x37, 0x3e, 0x01, 0x37, 0x3e, 
    0x01, 0x37, 0x3e, 0x01, 0x37, 0x3e, 0x01, 0x37, 0x3e, 0x01, 0x37, 0x3e, 
    0x01, 0x37, 0x3e, 0x01, 0x27, 0x2e, 0x01, 0x37, 0x36, 0x26, 0x27, 0x2e, 
    0x01, 0x37, 0x36, 0x26, 0x27, 0x2e, 0x01, 0x37, 0x36, 0x26, 0x27, 0x2e, 
    0x01, 0x37, 0x36, 0x26, 0x27, 0x2e, 0x01, 0x37, 0x36, 0x26, 0x27, 0x2e, 
    0x01, 0x37, 0x36, 0x26, 0x27, 0x2e, 0x01, 0x37, 0x36, 0x26, 0x27, 0x2e, 
    0x01, 0x37, 0x36, 0x26, 0x07, 0x0e, 0x01, 0x27, 0x26, 0x06, 0x07, 0x0e, 
    0x01, 0x27, 0x26, 0x06, 0x17, 0x16, 0x06, 0x27, 0x26, 0x06, 0x17, 0x16, 
    0x06, 0x27, 0x26, 0x06, 0x17, 0x16, 0x06, 0x27, 0x26, 0x06, 0x17, 0x16, 
    0x06, 0x27, 0x26, 0x06, 0x17, 0x16, 0x06, 0x27, 0x26, 0x06, 0x17, 0x16, 
    0x06, 0x27, 0x2e, 0x01, 0x37, 0x36, 0x26, 0x27, 0x2e, 0x01, 0x37, 0x36, 
    0x26, 0x27, 0x2e, 0x01, 0x37, 0x36, 0x26, 0x27, 0x2e, 0x01, 0x37, 0x36, 
    0x26, 0x27, 0x2e, 0x01, 0x2f, 0x01, 0x37, 0x3e, 0x01, 0x37, 0x3e, 0x01, 
    0x37, 0x3e, 0x01, 0x37, 0x3e, 0x01, 0x37, 0x3e, 0x01, 0x37, 0x3e, 0x01, 
    0x37, 0x3e, 0x01, 0x37, 0x3e, 0x01, 0x37, 0x3e, 0x01, 0x37, 0x3e, 0x01, 
    0x37, 0x3e, 0x01, 0x37, 0x3e, 0x01, 0x37, 0x3e, 0x01, 0x37, 0x3e, 0x01, 
    0x37, 0x36, 0x26, 0x27, 0x2e, 0x01, 0x37, 0x36, 0x26, 0x27, 0x2e, 0x01, 
    0x27, 0x2e, 0x01, 0x27, 0x2e, 0x01, 0x37, 0x36, 0x26, 0x27, 0x2e, 0x01, 
    0x37, 0x36, 0x26, 0x27, 0x2e, 0x01, 0x37, 0x36, 0x26, 0x27, 0x2e, 0x01, 
    0x37, 0x36, 0x26, 0x27, 0x2e, 0x01, 0x27, 0x36, 0x26, 0x27, 0x2e, 0x01, 
    0x37, 0x36, 0x26, 0x27, 0x2e, 0x01, 0x27, 0x26, 0x06, 0x17, 0x16, 0x06, 
    0x27, 0x26, 0x06, 0x17, 0x16, 0x06, 0x27, 0x26, 0x06, 0x17, 0x16, 0x06, 
    0x27, 0x26, 0x06, 0x17, 0x16, 0x06, 0x27, 0x26, 0x06, 0x17, 0x16, 0x06, 
    0x27, 0x26, 0x06, 0x17, 0x16, 0x06, 0x27, 0x26, 0x06, 0x17, 0x16, 0x06, 
    0x27, 0x26, 0x06, 0x17, 0x16, 0x06, 0x27, 0x26, 0x06, 0x17, 0x16, 0x06, 
    0x27, 0x26, 0x06, 0x17, 0x16, 0x06, 0x27, 0x26, 0x06, 0x17, 0x16, 0x06, 
    0x27, 0x26, 0x06, 0x17, 0x16, 0x06, 0x27, 0x26, 0x06, 0x17, 0x16, 0x06, 
    0x27, 0x26, 0x06, 0x17, 0x16, 0x06, 0x27, 0x26, 0x06, 0x17, 0x0f, 0x01, 
    0x06, 0x26, 0x27, 0x2e, 0x01, 0x17, 0x16, 0x06, 0x2f, 0x01, 0x37, 0x36, 
    0x26, 0x27, 0x2e, 0x01, 0x37, 0x36, 0x26, 0x27, 0x2e, 0x01, 0x37, 0x36, 
    0x26, 0x27, 0x2e, 0x01, 0x37, 0x36, 0x26, 0x27, 0x2e, 0x01, 0x37, 0x36, 
    0x26, 0x27, 0x2e, 0x01, 0x37, 0x36, 0x26, 0x27, 0x2e, 0x01, 0x37, 0x36, 
    0x26, 0x27, 0x2e, 0x01, 0x37, 0x36, 0x26, 0x27, 0x2e, 0x01, 0x37, 0x36, 
    0x26, 0x27, 0x2e, 0x01, 0x37, 0x36, 0x26, 0x27, 0x2e, 0x01, 0x37, 0x36, 
    0x26, 0x27, 0x2e, 0x01, 0x37, 0x36, 0x26, 0x27, 0x2e, 0x01, 0x37, 0x36, 
    0x26, 0x27, 0x2e, 0x01, 0x37, 0x26, 0x36, 0x07, 0x0e, 0x01, 0x27, 0x26, 
    0x06, 0x17, 0x16, 0x06, 0x27, 0x26, 0x06, 0x07, 0x0e, 0x01, 0x27, 0x26, 
    0x06, 0x17, 0x16, 0x06, 0x27, 0x26, 0x06, 0x17, 0x16, 0x06, 0x27, 0x26, 
    0x06, 0x07, 0x0e, 0x01, 0x27, 0x26, 0x06, 0x17, 0x16, 0x06, 0x27, 0x26, 
    0x06, 0x07, 0x0e, 0x01, 0x27, 0x26, 0x06, 0x17, 0x16, 0x06, 0x27, 0x26, 
    0x06, 0x17, 0x1e, 0x01, 0x37, 0x36, 0x16, 0x17, 0x1e, 0x01, 0x17, 0x1e, 
    0x01, 0x17, 0x1e, 0x01, 0x37, 0x36, 0x16, 0x17, 0x1e, 0x01, 0x37, 0x36, 
    0x16, 0x17, 0x1e, 0x01, 0x37, 0x36, 0x16, 0x17, 0x1e, 0x01, 0x17, 0x1e, 
    0x01, 0x17, 0x1e, 0x01, 0x37, 0x36, 0x16, 0x17, 0x1e, 0x01, 0x37, 0x36, 
    0x16, 0x17, 0x16, 0x06, 0x27, 0x26, 0x06, 0x17, 0x16, 0x06, 0x27, 0x26, 
    0x06, 0x17, 0x16, 0x06, 0x27, 0x26, 0x06, 0x17, 0x16, 0x06, 0x27, 0x26, 
    0x06, 0x17, 0x16, 0x06, 0x27, 0x26, 0x06, 0x17, 0x16, 0x06, 0x27, 0x2e, 
    0x01, 0x37, 0x36, 0x26, 0x27, 0x2e, 0x01, 0x37, 0x36, 0x26, 0x27, 0x2e, 
    0x01, 0x37, 0x36, 0x26, 0x27, 0x2e, 0x01, 0x37, 0x36, 0x26, 0x27, 0x2e, 
    0x01, 0x37, 0x36, 0x26, 0x27, 0x2e, 0x01, 0x37, 0x36, 0x26, 0x27, 0x2e, 
    0x01, 0x27, 0x2e, 0x01, 0x27, 0x26, 0x16, 0x17, 0x16, 0x06, 0x27, 0x26, 
    0x06, 0x17, 0x16, 0x06, 0x07, 0x0e, 0x01, 0x17, 0x16, 0x06, 0x27, 0x26, 
    0x06, 0x17, 0x16, 0x06, 0x27, 0x26, 0x06, 0x17, 0x16, 0x06, 0x27, 0x26, 
    0x06, 0x17, 0x16, 0x06, 0x27, 0x26, 0x06, 0x17, 0x16, 0x06, 0x07, 0x26, 
    0x06, 0x17, 0x16, 0x06, 0x27, 0x26, 0x06, 0x17, 0x16, 0x06, 0x27, 0x26, 
    0x16, 0x17, 0x1e, 0x01, 0x37, 0x36, 0x16, 0x17, 0x1e, 0x01, 0x37, 0x36, 
    0x16, 0x17, 0x1e, 0x01, 0x37, 0x36, 0x16, 0x17, 0x1e, 0x01, 0x37, 0x36, 
    0x16, 0x17, 0x1e, 0x01, 0x37, 0x36, 0x16, 0x17, 0x1e, 0x01, 0x37, 0x36, 
    0x16, 0x17, 0x1e, 0x01, 0x37, 0x36, 0x16, 0x17, 0x1e, 0x01, 0x37, 0x36, 
    0x16, 0x17, 0x1e, 0x01, 0x37, 0x36, 0x16, 0x17, 0x1e, 0x01, 0x37, 0x36, 
    0x16, 0x17, 0x1e, 0x01, 0x37, 0x36, 0x16, 0x17, 0x1e, 0x01, 0x37, 0x36, 
    0x16, 0x17, 0x1e, 0x01, 0x37, 0x1f, 0x01, 0x16, 0x06, 0x27, 0x26, 0x06, 
    0x17, 0x1e, 0x01, 0x37, 0x36, 0x16, 0x07, 0x16, 0x06, 0x07, 0x26, 0x06, 
    0x07, 0x0e, 0x01, 0x27, 0x26, 0x06, 0x17, 0x16, 0x06, 0x27, 0x26, 0x06, 
    0x17, 0x16, 0x06, 0x27, 0x26, 0x06, 0x17, 0x16, 0x06, 0x27, 0x26, 0x06, 
    0x17, 0x16, 0x06, 0x27, 0x26, 0x06, 0x17, 0x16, 0x06, 0x27, 0x26, 0x06, 
    0x17, 0x16, 0x06, 0x27, 0x26, 0x06, 0x17, 0x16, 0x06, 0x27, 0x26, 0x06, 
    0x17, 0x16, 0x06, 0x27, 0x26, 0x06, 0x07, 0x16, 0x06, 0x27, 0x26, 0x06, 
    0x17, 0x16, 0x06, 0x27, 0x26, 0x06, 0x17, 0x16, 0x06, 0x27, 0x26, 0x06, 
    0x17, 0x16, 0x06, 0x27, 0x26, 0x16, 0x17, 0x1e, 0x01, 0x17, 0x1e, 0x01, 
    0x37, 0x36, 0x16, 0x17, 0x1e, 0x01, 0x17, 0x1e, 0x01, 0x17, 0x1e, 0x01, 
    0x37, 0x36, 0x16, 0x17, 0x1e, 0x01, 0x37, 0x36, 0x16, 0x17, 0x1e, 0x01, 
    0x17, 0x1e, 0x01, 0x17, 0x1e, 0x01, 0x37, 0x36, 0x16, 0x17, 0x1e, 0x01, 
    0x17, 0x1e, 0x01, 0x17, 0x1e, 0x01, 0x37, 0x36, 0x16, 0x17, 0x16, 0x36, 
    0x37, 0x3e, 0x01, 0x37, 0x3e, 0x01, 0x37, 0x3e, 0x01, 0x37, 0x3e, 0x01, 
    0x37, 0x3e, 0x01, 0x37, 0x3e, 0x01, 0x37, 0x3e, 0x01, 0x37, 0x3e, 0x01, 
    0x37, 0x3e, 0x01, 0x37, 0x3e, 0x01, 0x37, 0x3e, 0x01, 0x37, 0x3e, 0x01, 
    0x3f, 0x01, 0x17, 0x1e, 0x01, 0x17, 0x1e, 0x01, 0x37, 0x36, 0x16, 0x17, 
    0x1e, 0x01, 0x37, 0x36, 0x16, 0x17, 0x1e, 0x01, 0x37, 0x36, 0x16, 0x17, 
    0x1e, 0x01, 0x37, 0x36, 0x16, 0x17, 0x1e, 0x01, 0x37, 0x36, 0x16, 0x17, 
    0x1e, 0x01, 0x37, 0x36, 0x16, 0x17, 0x1e, 0x01, 0x37, 0x36, 0x16, 0x17, 
    0x16, 0x06, 0x27, 0x26, 0x16, 0x17, 0x16, 0x06, 0x27, 0x26, 0x06, 0x17, 
    0x16, 0x06, 0x07, 0x0e, 0x01, 0x17, 0x16, 0x06, 0x27, 0x26, 0x16, 0x17, 
    0x16, 0x06, 0x27, 0x26, 0x06, 0x17, 0x16, 0x06, 0x27, 0x26, 0x06, 0x17, 
    0x16, 0x06, 0x07, 0x0e, 0x01, 0x17, 0x16, 0x06, 0x27, 0x26, 0x06, 0x17, 
    0x1e, 0x01, 0x37, 0x36, 0x16, 0x17, 0x1e, 0x01, 0x37, 0x36, 0x16, 0x17, 
    0x1e, 0x01, 0x37, 0x36, 0x16, 0x17, 0x1e, 0x01, 0x37, 0x36, 0x16, 0x17, 
    0x1e, 0x01, 0x37, 0x36, 0x16, 0x17, 0x1e, 0x01, 0x37, 0x36, 0x16, 0x17, 
    0x1e, 0x01, 0x37, 0x36, 0x16, 0x17, 0x1e, 0x01, 0x37, 0x36, 0x16, 0x17, 
    0x1e, 0x01, 0x37, 0x36, 0x16, 0x17, 0x1e, 0x01, 0x37, 0x3e, 0x01, 0x01, 
    0x36, 0x26, 0x27, 0x26, 0x06, 0x17, 0x16, 0x36, 0x25, 0x36, 0x26, 0x27, 
    0x26, 0x06, 0x17, 0x1e, 0x01, 0x25, 0x3e, 0x01, 0x27, 0x26, 0x06, 0x17, 
    0x16, 0x36, 0x01, 0x36, 0x26, 0x27, 0x26, 0x06, 0x17, 0x1e, 0x01, 0x37, 
    0x3e, 0x01, 0x01, 0x36, 0x26, 0x27, 0x26, 0x16, 0x17, 0x1e, 0x01, 0x01, 
    0x2e, 0x01, 0x27, 0x2e, 0x01, 0x27, 0x36, 0x26, 0x27, 0x2e, 0x01, 0x37, 
    0x36, 0x26, 0x27, 0x2e, 0x01, 0x37, 0x36, 0x26, 0x27, 0x2e, 0x01, 0x37, 
    0x36, 0x26, 0x27, 0x2e, 0x01, 0x37, 0x36, 0x26, 0x27, 0x2e, 0x01, 0x37, 
    0x36, 0x26, 0x27, 0x2e, 0x01, 0x37, 0x36, 0x26, 0x27, 0x2e, 0x01, 0x37, 
    0x36, 0x26, 0x27, 0x2e, 0x01, 0x37, 0x36, 0x26, 0x27, 0x2e, 0x01, 0x37, 
    0x36, 0x26, 0x27, 0x2e, 0x01, 0x37, 0x36, 0x26, 0x27, 0x2e, 0x01, 0x37, 
    0x36, 0x26, 0x27, 0x2e, 0x01, 0x37, 0x36, 0x26, 0x27, 0x2e, 0x01, 0x37, 
    0x36, 0x26, 0x27, 0x2e, 0x01, 0x37, 0x36, 0x26, 0x27, 0x2e, 0x01, 0x37, 
    0x36, 0x26, 0x27, 0x2e, 0x01, 0x37, 0x36, 0x26, 0x27, 0x2e, 0x01, 0x37, 
    0x36, 0x26, 0x27, 0x2e, 0x01, 0x37, 0x3e, 0x01, 0x37, 0x3e, 0x01, 0x37, 
    0x3e, 0x01, 0x37, 0x3e, 0x01, 0x37, 0x3e, 0x01, 0x37, 0x3e, 0x01, 0x37, 
    0x3e, 0x01, 0x37, 0x3e, 0x01, 0x37, 0x3e, 0x01, 0x37, 0x3e, 0x01, 0x37, 
    0x3e, 0x01, 0x37, 0x3e, 0x01, 0x37, 0x3e, 0x01, 0x37, 0x3e, 0x01, 0x37, 
    0x3e, 0x01, 0x37, 0x3e, 0x01, 0x37, 0x3e, 0x01, 0x37, 0x3e, 0x01, 0x37, 
    0x3e, 0x01, 0x37, 0x3e, 0x01, 0x37, 0x3e, 0x01, 0x37, 0x3e, 0x01, 0x37, 
    0x3e, 0x01, 0x37, 0x3e, 0x01, 0x37, 0x3e, 0x01, 0x37, 0x3e, 0x01, 0x37, 
    0x3e, 0x01, 0x37, 0x3e, 0x01, 0x37, 0x3e, 0x01, 0x37, 0x3e, 0x01, 0x37, 
    0x3e, 0x01, 0x37, 0x3e, 0x01, 0x37, 0x3e, 0x01, 0x37, 0x3e, 0x01, 0x37, 
    0x3e, 0x01, 0x37, 0x3e, 0x01, 0x37, 0x3e, 0x01, 0x37, 0x3e, 0x01, 0x37, 
    0x3e, 0x01, 0x37, 0x3e, 0x01, 0x17, 0x1e, 0x01, 0x37, 0x36, 0x16, 0x17, 
    0x1e, 0x01, 0x37, 0x36, 0x16, 0x17, 0x1e, 0x01, 0x37, 0x36, 0x16, 0x17, 
    0x1e, 0x01, 0x37, 0x36, 0x16, 0x17, 0x1e, 0x01, 0x37, 0x36, 0x16, 0x17, 
    0x1e, 0x01, 0x37, 0x36, 0x16, 0x17, 0x1e, 0x01, 0x37, 0x36, 0x16, 0x17, 
    0x1e, 0x01, 0x37, 0x36, 0x16, 0x17, 0x1e, 0x01, 0x37, 0x36, 0x16, 0x17, 
    0x1e, 0x01, 0x37, 0x36, 0x16, 0x17, 0x1e, 0x01, 0x37, 0x36, 0x16, 0x17, 
    0x1e, 0x01, 0x37, 0x36, 0x16, 0x17, 0x1e, 0x01, 0x17, 0x1e, 0x01, 0x17, 
    0x1e, 0x01, 0x37, 0x36, 0x16, 0x17, 0x1e, 0x01, 0x37, 0x36, 0x16, 0x17, 
    0x1e, 0x01, 0x17, 0x1e, 0x01, 0x17, 0x1e, 0x01, 0x37, 0x36, 0x16, 0x17, 
    0x1e, 0x01, 0x37, 0x36, 0x16, 0x17, 0x1e, 0x01, 0x37, 0x36, 0x16, 0x17, 
    0x1e, 0x01, 0x17, 0x1e, 0x01, 0x17, 0x1e, 0x01, 0x07, 0x0e, 0x01, 0x17, 
    0x16, 0x06, 0x07, 0x26, 0x06, 0x17, 0x16, 0x06, 0x27, 0x26, 0x06, 0x17, 
    0x16, 0x06, 0x27, 0x26, 0x06, 0x17, 0x16, 0x06, 0x07, 0x0e, 0x01, 0x17, 
    0x16, 0x06, 0x27, 0x26, 0x06, 0x17, 0x16, 0x06, 0x27, 0x26, 0x06, 0x17, 
    0x16, 0x06, 0x07, 0x0e, 0x01, 0x17, 0x16, 0x06, 0x27, 0x26, 0x06, 0x17, 
    0x16, 0x06, 0x27, 0x26, 0x06, 0x17, 0x16, 0x06, 0x27, 0x26, 0x06, 0x17, 
    0x16, 0x06, 0x27, 0x26, 0x06, 0x17, 0x16, 0x06, 0x27, 0x26, 0x06, 0x17, 
    0x16, 0x06, 0x27, 0x26, 0x06, 0x17, 0x16, 0x06, 0x27, 0x26, 0x06, 0x17, 
    0x16, 0x06, 0x27, 0x26, 0x06, 0x17, 0x16, 0x06, 0x27, 0x26, 0x06, 0x17, 
    0x16, 0x06, 0x27, 0x26, 0x06, 0x17, 0x16, 0x06, 0x27, 0x26, 0x06, 0x17, 
    0x16, 0x06, 0x27, 0x26, 0x06, 0x17, 0x16, 0x06, 0x27, 0x2e, 0x01, 0x17, 
    0x16, 0x06, 0x27, 0x2e, 0x01, 0x37, 0x3e, 0x01, 0x37, 0x3e, 0x01, 0x37, 
    0x3e, 0x01, 0x37, 0x3e, 0x01, 0x37, 0x3e, 0x01, 0x37, 0x3e, 0x01, 0x37, 
    0x3e, 0x01, 0x37, 0x3e, 0x01, 0x37, 0x3e, 0x01, 0x37, 0x3e, 0x01, 0x37, 
    0x3e, 0x01, 0x37, 0x3e, 0x01, 0x37, 0x3e, 0x01, 0x37, 0x3e, 0x01, 0x37, 
    0x3e, 0x01, 0x37, 0x3e, 0x01, 0x37, 0x3e, 0x01, 0x37, 0x3e, 0x01, 0x37, 
    0x3e, 0x01, 0x37, 0x3e, 0x01, 0x37, 0x3e, 0x01, 0x37, 0x3e, 0x01, 0x37, 
    0x3e, 0x01, 0x37, 0x3e, 0x01, 0x37, 0x3e, 0x01, 0x37, 0x3e, 0x01, 0x37, 
    0x3e, 0x01, 0x37, 0x3e, 0x01, 0x37, 0x3e, 0x01, 0x37, 0x3e, 0x01, 0x37, 
    0x36, 0x26, 0x27, 0x2e, 0x01, 0x37, 0x36, 0x26, 0x27, 0x2e, 0x01, 0x37, 
    0x36, 0x26, 0x27, 0x2e, 0x01, 0x37, 0x36, 0x26, 0x27, 0x2e, 0x01, 0x37, 
    0x36, 0x26, 0x27, 0x2e, 0x01, 0x37, 0x36, 0x26, 0x27, 0x2e, 0x01, 0x37, 
    0x36, 0x26, 0x27, 0x2e, 0x01, 0x37, 0x36, 0x26, 0x27, 0x2e, 0x01, 0x37, 
    0x36, 0x26, 0x27, 0x2e, 0x01, 0x37, 0x36, 0x26, 0x27, 0x2e, 0x01, 0x37, 
    0x36, 0x26, 0x27, 0x2e, 0x01, 0x37, 0x36, 0x26, 0x27, 0x2e, 0x01, 0x37, 
    0x36, 0x26, 0x27, 0x2e, 0x01, 0x37, 0x36, 0x26, 0x27, 0x2e, 0x01, 0x37, 
    0x36, 0x26, 0x27, 0x2e, 0x01, 0x37, 0x2e, 0x01, 0x27, 0x26, 0x06, 0x17, 
    0x16, 0x06, 0x27, 0x26, 0x06, 0x17, 0x16, 0x06, 0x27, 0x26, 0x06, 0x17, 
    0x16, 0x06, 0x27, 0x26, 0x06, 0x17, 0x16, 0x06, 0x27, 0x26, 0x06, 0x17, 
    0x16, 0x06, 0x27, 0x26, 0x06, 0x17, 0x16, 0x06, 0x27, 0x26, 0x06, 0x17, 
    0x16, 0x06, 0x27, 0x26, 0x06, 0x17, 0x16, 0x06, 0x27, 0x26, 0x06, 0x17, 
    0x16, 0x06, 0x27, 0x26, 0x06, 0x17, 0x16, 0x06, 0x27, 0x26, 0x06, 0x17, 
    0x16, 0x06, 0x27, 0x26, 0x06, 0x17, 0x16, 0x06, 0x27, 0x26, 0x06, 0x17, 
    0x16, 0x06, 0x27, 0x26, 0x06, 0x17, 0x16, 0x06, 0x27, 0x26, 0x06, 0x17, 
    0x16, 0x06, 0x27, 0x0e, 0x01, 0x17, 0x1e, 0x01, 0x37, 0x36, 0x16, 0x17, 
    0x1e, 0x01, 0x37, 0x36, 0x16, 0x17, 0x1e, 0x01, 0x37, 0x36, 0x16, 0x17, 
    0x1e, 0x01, 0x37, 0x36, 0x16, 0x17, 0x1e, 0x01, 0x37, 0x36, 0x16, 0x17, 
    0x1e, 0x01, 0x37, 0x36, 0x16, 0x17, 0x1e, 0x01, 0x37, 0x36, 0x16, 0x17, 
    0x1e, 0x01, 0x37, 0x36, 0x16, 0x17, 0x1e, 0x01, 0x37, 0x36, 0x16, 0x17, 
    0x1e, 0x01, 0x37, 0x36, 0x16, 0x17, 0x1e, 0x01, 0x37, 0x36, 0x16, 0x17, 
    0x1e, 0x01, 0x37, 0x36, 0x16, 0x17, 0x1e, 0x01, 0x37, 0x36, 0x16, 0x17, 
    0x1e, 0x01, 0x37, 0x36, 0x16, 0x17, 0x1e, 0x01, 0x37, 0x36, 0x16, 0x17, 
    0x1e, 0x01, 0x37, 0x3e, 0x01, 0x03, 0x3e, 0x01, 0x37, 0x26, 0x06, 0x17, 
    0x16, 0x36, 0x03, 0x88, 0x00, 0x05, 0x05, 0x07, 0x03, 0x00, 0x00, 0x03, 
    0x04, 0x03, 0x04, 0x00, 0x01, 0x03, 0x04, 0x03, 0x03, 0x00, 0x00, 0x02, 
    0x08, 0x05, 0x05, 0x00, 0x00, 0x03, 0x04, 0x05, 0x03, 0x00, 0x00, 0x02, 
    0x08, 0x07, 0x03, 0x00, 0x00, 0x02, 0x05, 0x05, 0x03, 0x00, 0x00, 0x02, 
    0x04, 0x03, 0x03, 0x00, 0x00, 0x05, 0x05, 0x07, 0x03, 0x00, 0x00, 0x02, 
    0x05, 0x05, 0x03, 0x00, 0x00, 0x03, 0x07, 0x07, 0x03, 0x00, 0x00, 0x02, 
    0x05, 0x05, 0x03, 0x00, 0x00, 0x03, 0x03, 0x04, 0x02, 0x00, 0x00, 0x03, 
    0x07, 0x08, 0x02, 0x00, 0x00, 0x03, 0x05, 0x05, 0x02, 0x00, 0x00, 0x03, 
    0x07, 0x06, 0x04, 0x00, 0x00, 0x03, 0x04, 0x03, 0x04, 0x00, 0x01, 0x03, 
    0x04, 0x03, 0x03, 0x00, 0x00, 0x02, 0x08, 0x0a, 0x00, 0x00, 0x01, 0x02, 
    0x01, 0x01, 0x00, 0x00, 0x01, 0x03, 0x03, 0x01, 0x00, 0x00, 0x01, 0x03, 
    0x02, 0x01, 0x00, 0x00, 0x01, 0x03, 0x03, 0x01, 0x00, 0x00, 0x01, 0x01, 
    0x02, 0x01, 0x00, 0x00, 0x01, 0x03, 0x02, 0x01, 0x00, 0x00, 0x01, 0x03, 
    0x03, 0x01, 0x00, 0x00, 0x01, 0x02, 0x03, 0x01, 0x00, 0x00, 0x01, 0x03, 
    0x02, 0x01, 0x00, 0x00, 0x01, 0x02, 0x03, 0x0e, 0x00, 0x00, 0x02, 0x02, 
    0x02, 0x02, 0x00, 0x00, 0x02, 0x04, 0x04, 0x02, 0x00, 0x00, 0x03, 0x0b, 
    0x0a, 0x04, 0x00, 0x00, 0x03, 0x0e, 0x0e, 0x04, 0x00, 0x00, 0x03, 0x09, 
    0x08, 0x06, 0x03, 0x02, 0x06, 0x06, 0x06, 0x05, 0x00, 0x00, 0x07, 0x07, 
    0x0b, 0x03, 0x00, 0x00, 0x03, 0x0d, 0x0c, 0x04, 0x01, 0x01, 0x05, 0x0b, 
    0x0a, 0x06, 0x03, 0x04, 0x0d, 0x07, 0x03, 0x01, 0x00, 0x00, 0x01, 0x03, 
    0x02, 0x02, 0x00, 0x00, 0x01, 0x02, 0x02, 0x02, 0x00, 0x00, 0x01, 0x02, 
    0x01, 0x01, 0x00, 0x00, 0x01, 0x03, 0x02, 0x02, 0x00, 0x00, 0x01, 0x02, 
    0x03, 0x01, 0x00, 0x00, 0x01, 0x03, 0x02, 0x02, 0x00, 0x00, 0x01, 0x01, 
    0x01, 0x02, 0x00, 0x00, 0x01, 0x02, 0x03, 0x01, 0x00, 0x00, 0x01, 0x03, 
    0x02, 0x02, 0x00, 0x00, 0x01, 0x02, 0x03, 0x01, 0x00, 0x00, 0x01, 0x02, 
    0x01, 0x01, 0x00, 0x00, 0x01, 0x03, 0x02, 0x02, 0x00, 0x00, 0x01, 0x02, 
    0x03, 0x01, 0x00, 0x00, 0x01, 0x03, 0x02, 0x02, 0x00, 0x00, 0x01, 0x01, 
    0x01, 0x01, 0x00, 0x00, 0x02, 0x02, 0x03, 0x01, 0x00, 0x00, 0x02, 0x02, 
    0x02, 0x01, 0x00, 0x00, 0x01, 0x03, 0x03, 0x01, 0x00, 0x00, 0x01, 0x01, 
    0x02, 0x01, 0x00, 0x00, 0x05, 0x05, 0x01, 0x02, 0x00, 0x00, 0x02, 0x05, 
    0x05, 0x03, 0x00, 0x00, 0x02, 0x03, 0x02, 0x05, 0x04, 0x03, 0x04, 0x02, 
    0x05, 0x09, 0x00, 0x00, 0x04, 0x04, 0x05, 0x02, 0x00, 0x00, 0x03, 0x04, 
    0x03, 0x03, 0x00, 0x00, 0x02, 0x02, 0x02, 0x01, 0x00, 0x00, 0x03, 0x03, 
    0x03, 0x05, 0x04, 0x03, 0x05, 0x04, 0x03, 0x02, 0x00, 0x00, 0x03, 0x04, 
    0x03, 0x03, 0x00, 0x00, 0x01, 0x03, 0x02, 0x01, 0x00, 0x00, 0x02, 0x03, 
    0x03, 0x05, 0x03, 0x04, 0x05, 0x04, 0x04, 0x02, 0x00, 0x00, 0x03, 0x03, 
    0x04, 0x03, 0x00, 0x00, 0x01, 0x02, 0x03, 0x01, 0x00, 0x00, 0x01, 0x03, 
    0x02, 0x01, 0x00, 0x00, 0x03, 0x04, 0x03, 0x03, 0x00, 0x00, 0x03, 0x04, 
    0x03, 0x06, 0x03, 0x03, 0x05, 0x03, 0x03, 0x02, 0x00, 0x00, 0x01, 0x02, 
    0x03, 0x01, 0x00, 0x00, 0x03, 0x03, 0x04, 0x03, 0x00, 0x00, 0x03, 0x04, 
    0x04, 0x04, 0x00, 0x00, 0x09, 0x06, 0x02, 0x03, 0x00, 0x00, 0x01, 0x02, 
    0x02, 0x02, 0x00, 0x00, 0x03, 0x03, 0x04, 0x03, 0x00, 0x00, 0x02, 0x05, 
    0x05, 0x03, 0x00, 0x00, 0x01, 0x02, 0x02, 0x02, 0x00, 0x00, 0x02, 0x04, 
    0x04, 0x03, 0x00, 0x00, 0x01, 0x02, 0x02, 0x02, 0x00, 0x00, 0x02, 0x04, 
    0x04, 0x02, 0x00, 0x00, 0x03, 0x05, 0x05, 0x02, 0x00, 0x00, 0x02, 0x01, 
    0x05, 0x05, 0x00, 0x00, 0x01, 0x02, 0x01, 0x01, 0x00, 0x00, 0x01, 0x03, 
    0x02, 0x02, 0x00, 0x00, 0x01, 0x02, 0x02, 0x02, 0x00, 0x00, 0x01, 0x03, 
    0x02, 0x02, 0x00, 0x00, 0x01, 0x01, 0x01, 0x01, 0x00, 0x00, 0x02, 0x02, 
    0x02, 0x02, 0x00, 0x00, 0x01, 0x03, 0x02, 0x01, 0x00, 0x00, 0x02, 0x02, 
    0x02, 0x02, 0x00, 0x00, 0x01, 0x01, 0x02, 0x01, 0x00, 0x00, 0x01, 0x03, 
    0x02, 0x01, 0x00, 0x00, 0x02, 0x02, 0x03, 0x01, 0x00, 0x00, 0x01, 0x03, 
    0x02, 0x01, 0x00, 0x00, 0x02, 0x01, 0x01, 0x01, 0x00, 0x00, 0x02, 0x02, 
    0x03, 0x01, 0x00, 0x00, 0x01, 0x03, 0x02, 0x01, 0x00, 0x00, 0x02, 0x02, 
    0x03, 0x01, 0x00, 0x00, 0x01, 0x01, 0x02, 0x01, 0x00, 0x00, 0x02, 0x02, 
    0x02, 0x01, 0x00, 0x00, 0x02, 0x02, 0x03, 0x01, 0x00, 0x00, 0x0f, 0x08, 
    0x07, 0x00, 0x00, 0x07, 0x09, 0x0c, 0x05, 0x01, 0x01, 0x04, 0x0a, 0x0a, 
    0x03, 0x00, 0x00, 0x03, 0x0b, 0x0a, 0x04, 0x00, 0x00, 0x03, 0x0d, 0x09, 
    0x07, 0x00, 0x00, 0x06, 0x08, 0x0a, 0x03, 0x00, 0x00, 0x04, 0x0e, 0x0e, 
    0x03, 0x00, 0x00, 0x04, 0x0a, 0x0b, 0x03, 0x00, 0x00, 0x02, 0x04, 0x04, 
    0x02, 0x00, 0x00, 0x02, 0x02, 0x02, 0x02, 0x00, 0x00, 0x0e, 0x03, 0x02, 
    0x01, 0x00, 0x00, 0x01, 0x02, 0x03, 0x01, 0x00, 0x00, 0x01, 0x03, 0x02, 
    0x01, 0x00, 0x00, 0x01, 0x03, 0x03, 0x01, 0x00, 0x00, 0x01, 0x02, 0x03, 
    0x01, 0x00, 0x00, 0x01, 0x02, 0x01, 0x01, 0x00, 0x00, 0x01, 0x03, 0x03, 
    0x01, 0x00, 0x00, 0x01, 0x02, 0x03, 0x01, 0x00, 0x00, 0x01, 0x03, 0x03, 
    0x01, 0x00, 0x00, 0x01, 0x01, 0x02, 0x01, 0x00, 0x00, 0x0a, 0x08, 0x02, 
    0x00, 0x00, 0x03, 0x02, 0x03, 0x04, 0x02, 0x02, 0x06, 0x05, 0x04, 0x04, 
    0x00, 0x00, 0x03, 0x03, 0x04, 0x03, 0x00, 0x00, 0x02, 0x05, 0x05, 0x03, 
    0x00, 0x00, 0x02, 0x07, 0x07, 0x04, 0x01, 0x00, 0x03, 0x03, 0x03, 0x02, 
    0x00, 0x00, 0x03, 0x05, 0x05, 0x02, 0x00, 0x00, 0x03, 0x07, 0x07, 0x03, 
    0x00, 0x00, 0x03, 0x05, 0x05, 0x02, 0x00, 0x00, 0x03, 0x07, 0x05, 0x05, 
    0x00, 0x00, 0x03, 0x03, 0x04, 0x02, 0x00, 0x00, 0x03, 0x09, 0x08, 0x03, 
    0x00, 0x00, 0x02, 0x04, 0x03, 0x04, 0x00, 0x01, 0x04, 0x03, 0x04, 0x02, 
    0x00, 0x00, 0x05, 0x05, 0x08, 0x02, 0x00, 0x00, 0x03, 0x03, 0x04, 0x03, 
    0x01, 0x01, 0x04, 0x06, 0x07, 0x03, 0x00, 0x00, 0x03, 0x03, 0x04, 0x03, 
    0x00, 0x00, 0x03, 0x04, 0x08, 0x07, 0x00, 0x00, 0x02, 0x02, 0x02, 0x02, 
    0x00, 0x00, 0x01, 0x01, 0x05, 0x08, 0x00, 0x00, 0x01, 0x01, 0x02, 0x01, 
    0x00, 0x00, 0x08, 0x04, 0x01, 0x02, 0x00, 0x00, 0x01, 0x01, 0x05, 0x05, 
    0x00, 0x00, 0x02, 0x02, 0x02, 0x02, 0x00, 0x00, 0x03, 0x04, 0x04, 0x04, 
    0x00, 0x00, 0x02, 0x04, 0x03, 0x03, 0x00, 0x00, 0x02, 0x02, 0x02, 0x02, 
    0x00, 0x00, 0x01, 0x01, 0x05, 0x05, 0x00, 0x00, 0x01, 0x03, 0x02, 0x01, 
    0x00, 0x00, 0x02, 0x02, 0x03, 0x01, 0x00, 0x00, 0x1a, 0x16, 0x04, 0x00, 
    0x00, 0x02, 0x02, 0x02, 0x02, 0x00, 0x00, 0x01, 0x01, 0x02, 0x01, 0x00, 
    0x00, 0x08, 0x04, 0x02, 0x01, 0x00, 0x00, 0x01, 0x03, 0x02, 0x01, 0x00, 
    0x00, 0x01, 0x02, 0x01, 0x01, 0x01, 0x01, 0x02, 0x01, 0x02, 0x01, 0x00, 
    0x00, 0x03, 0x04, 0x05, 0x03, 0x00, 0x00, 0x01, 0x02, 0x03, 0x01, 0x00, 
    0x00, 0x01, 0x02, 0x01, 0x01, 0x00, 0x00, 0x02, 0x02, 0x02, 0x02, 0x00, 
    0x00, 0x01, 0x01, 0x05, 0x08, 0x00, 0x00, 0x01, 0x01, 0x02, 0x01, 0x00, 
    0x00, 0x07, 0x05, 0x02, 0x01, 0x00, 0x00, 0x01, 0x02, 0x02, 0x02, 0x00, 
    0x00, 0x07, 0x08, 0x04, 0x04, 0x00, 0x00, 0x02, 0x04, 0x04, 0x02, 0x00, 
    0x00, 0x03, 0x07, 0x07, 0x03, 0x00, 0x00, 0x02, 0x05, 0x05, 0x03, 0x00, 
    0x00, 0x03, 0x07, 0x05, 0x05, 0x00, 0x00, 0x03, 0x03, 0x04, 0x03, 0x01, 
    0x01, 0x04, 0x06, 0x07, 0x03, 0x00, 0x00, 0x02, 0x04, 0x04, 0x03, 0x01, 
    0x01, 0x03, 0x03, 0x04, 0x02, 0x00, 0x00, 0x04, 0x05, 0x06, 0x03, 0x01, 
    0x01, 0x04, 0x04, 0x05, 0x02, 0x00, 0x00, 0x03, 0x07, 0x07, 0x03, 0x00, 
    0x00, 0x03, 0x05, 0x04, 0x03, 0x00, 0x00, 0x02, 0x03, 0x03, 0x03, 0x01, 
    0x01, 0x04, 0x06, 0x07, 0x03, 0x00, 0x00, 0x02, 0x05, 0x05, 0x03, 0x00, 
    0x00, 0x02, 0x08, 0x05, 0x05, 0x00, 0x00, 0x02, 0x02, 0x03, 0x04, 0x02, 
    0x02, 0x04, 0x03, 0x03, 0x02, 0x00, 0x00, 0x03, 0x07, 0x0a, 0x00, 0x00, 
    0x01, 0x02, 0x01, 0x01, 0x00, 0x00, 0x01, 0x03, 0x03, 0x01, 0x00, 0x00, 
    0x00, 0x03, 0x03, 0x01, 0x00, 0x00, 0x01, 0x03, 0x03, 0x01, 0x00, 0x00, 
    0x01, 0x01, 0x01, 0x01, 0x00, 0x00, 0x01, 0x03, 0x03, 0x01, 0x00, 0x00, 
    0x01, 0x03, 0x03, 0x00, 0x00, 0x00, 0x01, 0x03, 0x03, 0x01, 0x00, 0x00, 
    0x01, 0x03, 0x02, 0x02, 0x00, 0x00, 0x01, 0x01, 0x04, 0x0d, 0x00, 0x00, 
    0x02, 0x02, 0x02, 0x02, 0x00, 0x00, 0x02, 0x04, 0x04, 0x02, 0x00, 0x00, 
    0x04, 0x0a, 0x0b, 0x03, 0x00, 0x00, 0x03, 0x0d, 0x0c, 0x04, 0x01, 0x01, 
    0x04, 0x09, 0x07, 0x06, 0x00, 0x00, 0x07, 0x0a, 0x0e, 0x04, 0x00, 0x00, 
    0x03, 0x0a, 0x0b, 0x03, 0x00, 0x00, 0x03, 0x0b, 0x09, 0x04, 0x02, 0x01, 
    0x04, 0x0c, 0x09, 0x08, 0x00, 0x00, 0x06, 0x09, 0x0e, 0x00, 0x00, 0x00, 
    0x02, 0x02, 0x03, 0x01, 0x00, 0x00, 0x01, 0x01, 0x02, 0x01, 0x00, 0x00, 
    0x01, 0x03, 0x02, 0x01, 0x00, 0x00, 0x01, 0x03, 0x03, 0x01, 0x00, 0x00, 
    0x01, 0x03, 0x02, 0x01, 0x00, 0x00, 0x02, 0x01, 0x01, 0x01, 0x00, 0x00, 
    0x01, 0x03, 0x03, 0x01, 0x00, 0x00, 0x01, 0x03, 0x02, 0x01, 0x00, 0x00, 
    0x01, 0x03, 0x03, 0x01, 0x00, 0x00, 0x01, 0x01, 0x02, 0x01, 0x00, 0x00, 
    0x01, 0x03, 0x02, 0x01, 0x00, 0x00, 0x02, 0x02, 0x02, 0x02, 0x00, 0x00, 
    0x01, 0x03, 0x02, 0x01, 0x00, 0x00, 0x01, 0x02, 0x01, 0x01, 0x00, 0x00, 
    0x02, 0x02, 0x02, 0x02, 0x00, 0x00, 0x01, 0x03, 0x02, 0x01, 0x00, 0x00, 
    0x02, 0x02, 0x02, 0x02, 0x00, 0x00, 0x01, 0x01, 0x02, 0x01, 0x00, 0x00, 
    0x01, 0x02, 0x03, 0x01, 0x00, 0x00, 0x00, 0x06, 0x04, 0x02, 0x00, 0x00, 
    0x03, 0x05, 0x05, 0x02, 0x00, 0x00, 0x02, 0x02, 0x02, 0x02, 0x00, 0x00, 
    0x02, 0x04, 0x03, 0x03, 0x00, 0x00, 0x04, 0x04, 0x05, 0x02, 0x00, 0x00, 
    0x01, 0x02, 0x01, 0x01, 0x00, 0x00, 0x03, 0x05, 0x05, 0x02, 0x00, 0x00, 
    0x02, 0x02, 0x02, 0x02, 0x00, 0x00, 0x02, 0x04, 0x04, 0x02, 0x00, 0x00, 
    0x03, 0x05, 0x04, 0x03, 0x00, 0x00, 0x09, 0x05, 0x03, 0x03, 0x00, 0x00, 
    0x03, 0x03, 0x04, 0x02, 0x00, 0x00, 0x02, 0x02, 0x02, 0x02, 0x00, 0x00, 
    0x02, 0x05, 0x05, 0x03, 0x00, 0x00, 0x06, 0x07, 0x04, 0x03, 0x00, 0x00, 
    0x03, 0x03, 0x04, 0x02, 0x00, 0x00, 0x02, 0x02, 0x03, 0x01, 0x00, 0x00, 
    0x01, 0x03, 0x02, 0x02, 0x00, 0x00, 0x02, 0x04, 0x04, 0x02, 0x00, 0x00, 
    0x02, 0x05, 0x06, 0x07, 0x00, 0x00, 0x03, 0x05, 0x05, 0x02, 0x00, 0x00, 
    0x02, 0x02, 0x02, 0x02, 0x00, 0x00, 0x02, 0x04, 0x03, 0x03, 0x00, 0x00, 
    0x03, 0x03, 0x05, 0x09, 0x00, 0x00, 0x03, 0x04, 0x05, 0x03, 0x00, 0x00, 
    0x02, 0x04, 0x04, 0x02, 0x00, 0x00, 0x02, 0x02, 0x02, 0x02, 0x00, 0x00, 
    0x02, 0x05, 0x05, 0x03, 0x00, 0x00, 0x01, 0x01, 0x02, 0x01, 0x00, 0x00, 
    0x02, 0x05, 0x04, 0x04, 0x00, 0x00, 0x03, 0x03, 0x04, 0x02, 0x00, 0x00, 
    0x02, 0x02, 0x02, 0x02, 0x00, 0x00, 0x02, 0x05, 0x04, 0x04, 0x00, 0x00, 
    0x01, 0x02, 0x02, 0x03, 0x02, 0x01, 0x01, 0x00, 0x00, 0x01, 0x03, 0x02, 
    0x01, 0x00, 0x00, 0x01, 0x02, 0x01, 0x01, 0x00, 0x00, 0x02, 0x02, 0x02, 
    0x02, 0x00, 0x00, 0x01, 0x02, 0x03, 0x01, 0x00, 0x00, 0x02, 0x02, 0x02, 
    0x02, 0x00, 0x00, 0x01, 0x01, 0x02, 0x01, 0x00, 0x00, 0x01, 0x02, 0x03, 
    0x01, 0x00, 0x00, 0x01, 0x03, 0x03, 0x01, 0x00, 0x00, 0x01, 0x02, 0x03, 
    0x01, 0x00, 0x00, 0x01, 0x02, 0x01, 0x01, 0x00, 0x00, 0x01, 0x03, 0x03, 
    0x01, 0x00, 0x00, 0x01, 0x02, 0x03, 0x01, 0x00, 0x00, 0x01, 0x03, 0x03, 
    0x01, 0x00, 0x00, 0x01, 0x01, 0x01, 0x02, 0x00, 0x00, 0x01, 0x02, 0x03, 
    0x01, 0x00, 0x00, 0x01, 0x03, 0x02, 0x02, 0x00, 0x00, 0x01, 0x02, 0x03, 
    0x01, 0x00, 0x00, 0x01, 0x02, 0x01, 0x01, 0x00, 0x00, 0x01, 0x03, 0x02, 
    0x02, 0x00, 0x00, 0x01, 0x02, 0x08, 0x0d, 0x04, 0x02, 0x07, 0x0a, 0x0b, 
    0x04, 0x01, 0x02, 0x04, 0x09, 0x0b, 0x03, 0x00, 0x00, 0x03, 0x0d, 0x09, 
    0x08, 0x01, 0x00, 0x05, 0x05, 0x06, 0x06, 0x03, 0x02, 0x08, 0x06, 0x09, 
    0x04, 0x01, 0x01, 0x04, 0x0c, 0x0d, 0x03, 0x00, 0x00, 0x03, 0x0b, 0x0a, 
    0x04, 0x00, 0x00, 0x02, 0x04, 0x04, 0x02, 0x00, 0x00, 0x02, 0x02, 0x02, 
    0x02, 0x00, 0x00, 0x0d, 0x04, 0x01, 0x01, 0x00, 0x00, 0x02, 0x02, 0x03, 
    0x01, 0x00, 0x00, 0x01, 0x03, 0x03, 0x01, 0x00, 0x00, 0x00, 0x03, 0x03, 
    0x01, 0x00, 0x00, 0x01, 0x03, 0x03, 0x01, 0x00, 0x00, 0x01, 0x01, 0x01, 
    0x01, 0x00, 0x00, 0x01, 0x03, 0x03, 0x01, 0x00, 0x00, 0x01, 0x03, 0x03, 
    0x00, 0x00, 0x00, 0x01, 0x03, 0x03, 0x01, 0x00, 0x00, 0x01, 0x01, 0x02, 
    0x01, 0x00, 0x00, 0x00, 0x06, 0x04, 0x03, 0x00, 0x00, 0x02, 0x07, 0x07, 
    0x03, 0x01, 0x01, 0x04, 0x03, 0x04, 0x02, 0x00, 0x00, 0x03, 0x04, 0x04, 
    0x02, 0x00, 0x00, 0x03, 0x08, 0x08, 0x03, 0x00, 0x00, 0x03, 0x03, 0x04, 
    0x03, 0x01, 0x01, 0x03, 0x06, 0x05, 0x04, 0x00, 0x00, 0x03, 0x04, 0x05, 
    0x03, 0x00, 0x00, 0x03, 0x07, 0x07, 0x03, 0x00, 0x00, 0x02, 0x05, 0x05, 
    0x03, 0x00, 0x00, 0x03, 0x07, 0x05, 0x05, 0x00, 0x00, 0x02, 0x04, 0x03, 
    0x03, 0x01, 0x01, 0x03, 0x04, 0x04, 0x02, 0x00, 0x00, 0x03, 0x07, 0x06, 
    0x04, 0x01, 0x01, 0x03, 0x04, 0x03, 0x03, 0x00, 0x00, 0x05, 0x05, 0x07, 
    0x03, 0x00, 0x00, 0x02, 0x04, 0x04, 0x03, 0x01, 0x01, 0x03, 0x04, 0x03, 
    0x02, 0x00, 0x00, 0x03, 0x07, 0x06, 0x04, 0x00, 0x00, 0x04, 0x04, 0x08, 
    0x07, 0x00, 0x00, 0x02, 0x02, 0x02, 0x01, 0x00, 0x00, 0x01, 0x02, 0x05, 
    0x07, 0x00, 0x00, 0x01, 0x02, 0x01, 0x01, 0x00, 0x00, 0x02, 0x02, 0x02, 
    0x02, 0x00, 0x00, 0x02, 0x02, 0x02, 0x01, 0x00, 0x00, 0x02, 0x02, 0x02, 
    0x02, 0x00, 0x00, 0x01, 0x01, 0x02, 0x01, 0x00, 0x00, 0x01, 0x03, 0x02, 
    0x01, 0x00, 0x00, 0x08, 0x05, 0x01, 0x01, 0x00, 0x00, 0x01, 0x02, 0x01, 
    0x02, 0x01, 0x01, 0x01, 0x01, 0x02, 0x01, 0x00, 0x00, 0x01, 0x02, 0x03, 
    0x01, 0x00, 0x00, 0x04, 0x04, 0x04, 0x03, 0x00, 0x00, 0x01, 0x02, 0x01, 
    0x01, 0x00, 0x00, 0x02, 0x02, 0x02, 0x02, 0x00, 0x00, 0x04, 0x16, 0x19, 
    0x01, 0x00, 0x00, 0x08, 0x05, 0x01, 0x01, 0x00, 0x00, 0x03, 0x03, 0x04, 
    0x02, 0x00, 0x00, 0x02, 0x02, 0x03, 0x01, 0x00, 0x00, 0x01, 0x02, 0x04, 
    0x05, 0x00, 0x00, 0x02, 0x02, 0x02, 0x02, 0x00, 0x00, 0x02, 0x02, 0x02, 
    0x01, 0x00, 0x00, 0x02, 0x02, 0x03, 0x01, 0x00, 0x00, 0x05, 0x05, 0x01, 
    0x01, 0x00, 0x00, 0x02, 0x02, 0x02, 0x02, 0x00, 0x00, 0x02, 0x02, 0x02, 
    0x01, 0x00, 0x00, 0x01, 0x02, 0x01, 0x01, 0x00, 0x00, 0x08, 0x05, 0x01, 
    0x01, 0x00, 0x00, 0x02, 0x02, 0x02, 0x02, 0x00, 0x00, 0x07, 0x08, 0x04, 
    0x03, 0x1c, 0x00, 0x02, 0x02, 0x02, 0x02, 0x00, 0x00, 0x02, 0x04, 0x03, 
    0x03, 0x00, 0x00, 0x04, 0x04, 0x04, 0x03, 0x00, 0x00, 0x02, 0x02, 0x02, 
    0x02, 0x00, 0x00, 0x05, 0x05, 0x01, 0x01, 0x00, 0x00, 0x01, 0x02, 0x04, 
    0x08, 0x00, 0x00, 0x01, 0x02, 0x01, 0x01, 0x00, 0x00, 0x08, 0x05, 0x01, 
    0x01, 0x00, 0x00, 0x01, 0x03, 0x02, 0x02, 0x00, 0x00, 0x01, 0x01, 0x01, 
    0x02, 0x00, 0x00, 0x01, 0x02, 0x02, 0x02, 0x00, 0x01, 0x01, 0x18, 0x14, 
    0x04, 0x00, 0x00, 0x4f, 0x03, 0x01, 0x05, 0x13, 0x18, 0x01, 0x00, 0x02, 
    0x01, 0x01, 0x01, 0x00, 0x00, 0x02, 0x02, 0x02, 0x02, 0x00, 0x00, 0x01, 
    0x02, 0x03, 0x01, 0x00, 0x00, 0x01, 0x02, 0x05, 0x05, 0x00, 0x00, 0x01, 
    0x02, 0x02, 0x02, 0x00, 0x00, 0x02, 0x02, 0x02, 0x02, 0x00, 0x00, 0x01, 
    0x02, 0x03, 0x01, 0x00, 0x00, 0x05, 0x05, 0x01, 0x02, 0x00, 0x00, 0x01, 
    0x02, 0x02, 0x02, 0x00, 0x00, 0x02, 0x02, 0x02, 0x02, 0x00, 0x00, 0x01, 
    0x01, 0x01, 0x02, 0x00, 0x00, 0x01, 0x01, 0x05, 0x08, 0x00, 0x00, 0x01, 
    0x02, 0x02, 0x02, 0x00, 0x00, 0x08, 0x01, 0x01, 0x04, 0x04, 0x04, 0x03, 
    0x00, 0x00, 0x03, 0x07, 0x07, 0x03, 0x00, 0x00, 0x02, 0x05, 0x05, 0x03, 
    0x00, 0x00, 0x03, 0x07, 0x05, 0x05, 0x00, 0x00, 0x03, 0x03, 0x04, 0x02, 
    0x00, 0x00, 0x03, 0x05, 0x05, 0x02, 0x00, 0x00, 0x03, 0x07, 0x06, 0x04, 
    0x01, 0x01, 0x03, 0x04, 0x03, 0x03, 0x00, 0x00, 0x05, 0x05, 0x06, 0x04, 
    0x00, 0x00, 0x01, 0x03, 0x03, 0x00, 0x00, 0x00, 0x01, 0x03, 0x03, 0x01, 
    0x00, 0x00, 0x01, 0x01, 0x02, 0x01, 0x00, 0x00, 0x01, 0x03, 0x02, 0x01, 
    0x00, 0x00, 0x01, 0x03, 0x03, 0x01, 0x00, 0x00, 0x01, 0x02, 0x03, 0x01, 
    0x00, 0x00, 0x01, 0x02, 0x01, 0x01, 0x00, 0x00, 0x00, 0x07, 0x04, 0x05, 
    0x01, 0x02, 0x01, 0x00, 0x00, 0x01, 0x02, 0x03, 0x01, 0x00, 0x00, 0x0f, 
    0x06, 0x04, 0x03, 0x00, 0x00, 0x01, 0x01, 0x02, 0x01, 0x00, 0x00, 0x07, 
    0x05, 0x02, 0x01, 0x00, 0x00, 0x01, 0x02, 0x02, 0x02, 0x00, 0x00, 0x05, 
    0x06, 0x0c, 0x17, 0x0e, 0x0a, 0x00, 0x00, 0x05, 0x06, 0x07, 0x06, 0x02, 
    0x02, 0x07, 0x0b, 0x0d, 0x03, 0x00, 0x00, 0x04, 0x0a, 0x0b, 0x03, 0x00, 
    0x00, 0x03, 0x0b, 0x07, 0x06, 0x00, 0x00, 0x08, 0x09, 0x09, 0x08, 0x01, 
    0x00, 0x06, 0x07, 0x09, 0x04, 0x01, 0x02, 0x01, 0x00, 0x00, 0x01, 0x03, 
    0x02, 0x02, 0x00, 0x00, 0x01, 0x02, 0x03, 0x01, 0x00, 0x00, 0x01, 0x03, 
    0x02, 0x02, 0x00, 0x00, 0x01, 0x01, 0x01, 0x02, 0x00, 0x00, 0x01, 0x02, 
    0x03, 0x01, 0x00, 0x00, 0x01, 0x03, 0x02, 0x02, 0x00, 0x00, 0x01, 0x02, 
    0x03, 0x01, 0x00, 0x00, 0x01, 0x02, 0x01, 0x01, 0x00, 0x00, 0x02, 0x02, 
    0x03, 0x00, 0x06, 0x03, 0x03, 0x00, 0x00, 0x03, 0x04, 0x05, 0x03, 0x00, 
    0x00, 0x08, 0x05, 0x03, 0x02, 0x01, 0x01, 0x03, 0x02, 0x05, 0x0a, 0x00, 
    0x00, 0x03, 0x04, 0x04, 0x04, 0x03, 0x03, 0x05, 0x03, 0x03, 0x03, 0x00, 
    0x00, 0x01, 0x03, 0x02, 0x01, 0x00, 0x00, 0x03, 0x04, 0x03, 0x03, 0x00, 
    0x00, 0x02, 0x03, 0x04, 0x05, 0x03, 0x04, 0x05, 0x03, 0x03, 0x03, 0x00, 
    0x00, 0x01, 0x02, 0x02, 0x02, 0x00, 0x00, 0x02, 0x03, 0x03, 0x03, 0x01, 
    0x01, 0x03, 0x04, 0x08, 0x00, 0x00, 0x01, 0x03, 0x03, 0x01, 0x00, 0x00, 
    0x01, 0x03, 0x03, 0x01, 0x01, 0x01, 0x00, 0x06, 0x03, 0x05, 0x03, 0x03, 
    0x05, 0x03, 0x03, 0x02, 0x00, 0x00, 0x03, 0x02, 0x03, 0x05, 0x03, 0x04, 
    0x05, 0x04, 0x03, 0x03, 0x00, 0x00, 0x09, 0x06, 0x03, 0x02, 0x00, 0x00, 
    0x03, 0x03, 0x06, 0x08, 0x00, 0x00, 0x04, 0x04, 0x05, 0x02, 0x00, 0x00, 
    0x02, 0x03, 0x03, 0x05, 0x03, 0x03, 0x07, 0x05, 0x05, 0x04, 0x00, 0x00, 
    0x03, 0x05, 0x05, 0x02, 0x00, 0x00, 0x02, 0x04, 0x07, 0x02, 0x06, 0x02, 
    0x02, 0x00, 0x00, 0x01, 0x01, 0x02, 0x01, 0x00, 0x00, 0x01, 0x03, 0x02, 
    0x01, 0x00, 0x00, 0x02, 0x02, 0x03, 0x01, 0x00, 0x00, 0x01, 0x01, 0x02, 
    0x08, 0x00, 0x00, 0x02, 0x02, 0x03, 0x01, 0x00, 0x00, 0x01, 0x03, 0x02, 
    0x01, 0x00, 0x00, 0x02, 0x02, 0x02, 0x02, 0x00, 0x00, 0x01, 0x01, 0x01, 
    0x02, 0x0b, 0x0a, 0x04, 0x01, 0x01, 0x04, 0x09, 0x07, 0x05, 0x00, 0x00, 
    0x08, 0x0a, 0x0e, 0x03, 0x00, 0x00, 0x03, 0x0b, 0x0a, 0x04, 0x00, 0x00, 
    0x03, 0x0e, 0x0e, 0x04, 0x00, 0x00, 0x03, 0x0a, 0x08, 0x06, 0x00, 0x00, 
    0x06, 0x08, 0x0a, 0x03, 0x00, 0x00, 0x03, 0x05, 0x05, 0x02, 0x00, 0x00, 
    0x02, 0x01, 0x04, 0x15, 0x00, 0x00, 0x01, 0x02, 0x03, 0x15, 0x00, 0x00, 
    0x02, 0x01, 0x04, 0x15, 0x00, 0x00, 0x01, 0x01, 0x02, 0x06, 0x06, 0x0b, 
    0x00, 0x00, 0x01, 0x01, 0x02, 0x01, 0x00, 0x00, 0x01, 0x03, 0x02, 0x01, 
    0x00, 0x00, 0x01, 0x03, 0x03, 0x01, 0x00, 0x00, 0x01, 0x02, 0x03, 0x01, 
    0x00, 0x00, 0x01, 0x02, 0x01, 0x01, 0x00, 0x00, 0x01, 0x03, 0x03, 0x01, 
    0x00, 0x00, 0x00, 0x03, 0x03, 0x01, 0x00, 0x00, 0x04, 0x06, 0x05, 0x05, 
    0x00, 0x00, 0x03, 0x03, 0x04, 0x03, 0x01, 0x01, 0x04, 0x06, 0x07, 0x03, 
    0x00, 0x00, 0x02, 0x05, 0x05, 0x03, 0x00, 0x00, 0x02, 0x04, 0x03, 0x03, 
    0x00, 0x00, 0x05, 0x05, 0x07, 0x03, 0x00, 0x00, 0x03, 0x07, 0x07, 0x04, 
    0x01, 0x00, 0x04, 0x03, 0x04, 0x02, 0x00, 0x00, 0x03, 0x04, 0x04, 0x04, 
    0x01, 0x01, 0x08, 0x00, 0x00, 0x02, 0x02, 0x02, 0x01, 0x00, 0x00, 0x02, 
    0x02, 0x02, 0x02, 0x00, 0x00, 0x02, 0x02, 0x02, 0x01, 0x00, 0x00, 0x02, 
    0x01, 0x01, 0x01, 0x00, 0x00, 0x02, 0x02, 0x02, 0x02, 0x00, 0x00, 0x02, 
    0x02, 0x02, 0x01, 0x00, 0x00, 0x02, 0x01, 0x05, 0x05, 0x00, 0x00, 0x01, 
    0x03, 0x02, 0x01, 0x00, 0x00, 0x02, 0x02, 0x02, 0x02, 0x00, 0x00, 0x02, 
    0x02, 0x02, 0x01, 0x00, 0x00, 0x05, 0x05, 0x02, 0x01, 0x00, 0x00, 0x01, 
    0x03, 0x02, 0x01, 0x00, 0x00, 0x02, 0x02, 0x02, 0x02, 0x00, 0x00, 0x01, 
    0x01, 0x01, 0x02, 0x00, 0x01, 0x18, 0x13, 0x05, 0x01, 0x03, 0x4f, 0x00, 
    0x00, 0x04, 0x15, 0x19, 0x00, 0x00, 0x03, 0x03, 0x04, 0x02, 0x00, 0x00, 
    0x02, 0x02, 0x03, 0x01, 0x00, 0x00, 0x01, 0x01, 0x05, 0x08, 0x00, 0x00, 
    0x01, 0x01, 0x02, 0x01, 0x00, 0x00, 0x02, 0x02, 0x02, 0x01, 0x00, 0x00, 
    0x02, 0x02, 0x03, 0x01, 0x00, 0x00, 0x01, 0x01, 0x05, 0x05, 0x00, 0x00, 
    0x02, 0x02, 0x02, 0x02, 0x00, 0x00, 0x01, 0x03, 0x02, 0x01, 0x00, 0x00, 
    0x02, 0x02, 0x02, 0x02, 0x00, 0x00, 0x05, 0x05, 0x01, 0x01, 0x00, 0x00, 
    0x01, 0x03, 0x02, 0x02, 0x00, 0x00, 0x01, 0x02, 0x03, 0x01, 0x00, 0x01, 
    0x00, 0x01, 0x01, 0x03, 0x04, 0x05, 0x03, 0x00, 0x00, 0x02, 0x04, 0x03, 
    0x03, 0x01, 0x01, 0x04, 0x07, 0x07, 0x03, 0x00, 0x00, 0x02, 0x04, 0x03, 
    0x03, 0x00, 0x00, 0x04, 0x06, 0x06, 0x04, 0x01, 0x01, 0x03, 0x04, 0x04, 
    0x02, 0x00, 0x00, 0x03, 0x07, 0x06, 0x04, 0x01, 0x01, 0x03, 0x04, 0x03, 
    0x03, 0x00, 0x00, 0x04, 0x06, 0x05, 0x05, 0x00, 0x00, 0x02, 0x02, 0x03, 
    0x01, 0x00, 0x00, 0x01, 0x02, 0x03, 0x01, 0x00, 0x00, 0x01, 0x02, 0x01, 
    0x01, 0x00, 0x00, 0x01, 0x03, 0x03, 0x01, 0x00, 0x00, 0x00, 0x03, 0x03, 
    0x01, 0x00, 0x00, 0x01, 0x03, 0x02, 0x02, 0x00, 0x00, 0x01, 0x01, 0x01, 
    0x02, 0x00, 0x00, 0x00, 0x03, 0x03, 0x01, 0x00, 0x00, 0x01, 0x03, 0x02, 
    0x01, 0x00, 0x00, 0x16, 0x03, 0x02, 0x01, 0x00, 0x00, 0x15, 0x04, 0x01, 
    0x01, 0x00, 0x00, 0x16, 0x03, 0x02, 0x01, 0x00, 0x00, 0x15, 0x04, 0x01, 
    0x01, 0x00, 0x00, 0x03, 0x05, 0x05, 0x02, 0x00, 0x00, 0x03, 0x0b, 0x08, 
    0x06, 0x00, 0x00, 0x06, 0x07, 0x0b, 0x03, 0x00, 0x00, 0x04, 0x0e, 0x0d, 
    0x04, 0x00, 0x00, 0x03, 0x0b, 0x0a, 0x04, 0x00, 0x00, 0x03, 0x0a, 0x08, 
    0x06, 0x00, 0x00, 0x07, 0x09, 0x0c, 0x05, 0x01, 0x01, 0x05, 0x0b, 0x10, 
    0x00, 0x00, 0x00, 0x01, 0x02, 0x01, 0x01, 0x00, 0x00, 0x02, 0x02, 0x02, 
    0x02, 0x00, 0x00, 0x01, 0x03, 0x02, 0x01, 0x00, 0x00, 0x02, 0x02, 0x03, 
    0x01, 0x00, 0x00, 0x01, 0x01, 0x02, 0x01, 0x00, 0x00, 0x01, 0x03, 0x02, 
    0x01, 0x00, 0x00, 0x02, 0x02, 0x02, 0x02, 0x00, 0x00, 0x01, 0x02, 0x03, 
    0x01, 0x00, 0x00, 0x01, 0x02, 0x01, 0x00, 0x02, 0x02, 0x02, 0x02, 0x02, 
    0x01, 0x00, 0x00, 0x03, 0x05, 0x04, 0x03, 0x00, 0x00, 0x07, 0x04, 0x02, 
    0x05, 0x05, 0x04, 0x06, 0x02, 0x03, 0x02, 0x00, 0x00, 0x03, 0x05, 0x04, 
    0x03, 0x00, 0x00, 0x07, 0x07, 0x04, 0x02, 0x00, 0x00, 0x02, 0x02, 0x02, 
    0x02, 0x00, 0x00, 0x02, 0x04, 0x04, 0x02, 0x00, 0x00, 0x02, 0x04, 0x07, 
    0x07, 0x00, 0x00, 0x03, 0x04, 0x05, 0x03, 0x00, 0x00, 0x02, 0x04, 0x04, 
    0x02, 0x00, 0x00, 0x02, 0x02, 0x02, 0x02, 0x00, 0x00, 0x03, 0x04, 0x07, 
    0x00, 0x01, 0x01, 0x03, 0x03, 0x01, 0x00, 0x00, 0x01, 0x03, 0x03, 0x01, 
    0x01, 0x00, 0x01, 0x05, 0x04, 0x05, 0x03, 0x03, 0x05, 0x03, 0x03, 0x02, 
    0x00, 0x00, 0x03, 0x05, 0x04, 0x03, 0x00, 0x00, 0x09, 0x05, 0x03, 0x03, 
    0x00, 0x00, 0x02, 0x02, 0x02, 0x01, 0x00, 0x00, 0x03, 0x04, 0x04, 0x02, 
    0x00, 0x00, 0x02, 0x05, 0x05, 0x03, 0x00, 0x00, 0x07, 0x06, 0x04, 0x03, 
    0x00, 0x00, 0x02, 0x02, 0x02, 0x01, 0x00, 0x00, 0x03, 0x03, 0x04, 0x03, 
    0x01, 0x00, 0x04, 0x02, 0x06, 0x07, 0x00, 0x00, 0x03, 0x04, 0x05, 0x03, 
    0x00, 0x00, 0x01, 0x02, 0x03, 0x01, 0x00, 0x00, 0x02, 0x01, 0x03, 0x00, 
    0x03, 0x01, 0x02, 0x00, 0x00, 0x01, 0x03, 0x02, 0x01, 0x00, 0x00, 0x02, 
    0x02, 0x02, 0x02, 0x00, 0x00, 0x01, 0x02, 0x03, 0x01, 0x00, 0x00, 0x01, 
    0x02, 0x01, 0x01, 0x00, 0x00, 0x02, 0x02, 0x02, 0x02, 0x00, 0x00, 0x01, 
    0x02, 0x03, 0x01, 0x00, 0x00, 0x01, 0x03, 0x02, 0x02, 0x00, 0x00, 0x01, 
    0x01, 0x02, 0x01, 0x00, 0x00, 0x00, 0x10, 0x09, 0x07, 0x01, 0x00, 0x08, 
    0x09, 0x09, 0x08, 0x00, 0x00, 0x06, 0x08, 0x0a, 0x03, 0x00, 0x00, 0x04, 
    0x0a, 0x0b, 0x03, 0x00, 0x00, 0x03, 0x0d, 0x0c, 0x06, 0x02, 0x03, 0x06, 
    0x06, 0x06, 0x05, 0x00, 0x00, 0x0a, 0x0e, 0x18, 0x0b, 0x06, 0x05, 0x00, 
    0x00, 0x02, 0x02, 0x02, 0x02, 0x00, 0x00, 0x01, 0x01, 0x04, 0x0e, 0x00, 
    0x00, 0x01, 0x02, 0x02, 0x02, 0x00, 0x00, 0x01, 0x02, 0x03, 0x0e, 0x00, 
    0x00, 0x02, 0x02, 0x02, 0x02, 0x00, 0x00, 0x01, 0x01, 0x04, 0x0e, 0x00, 
    0x00, 0x01, 0x02, 0x03, 0x01, 0x00, 0x00, 0x01, 0x03, 0x03, 0x00, 0x00, 
    0x00, 0x02, 0x01, 0x01, 0x01, 0x00, 0x00, 0x02, 0x02, 0x03, 0x01, 0x00, 
    0x00, 0x01, 0x03, 0x03, 0x00, 0x00, 0x00, 0x01, 0x03, 0x03, 0x01, 0x00, 
    0x00, 0x01, 0x01, 0x02, 0x01, 0x00, 0x00, 0x01, 0x03, 0x02, 0x01, 0x00, 
    0x00, 0x01, 0x03, 0x02, 0x02, 0x00, 0x00, 0x05, 0x05, 0x06, 0x04, 0x00, 
    0x00, 0x03, 0x03, 0x04, 0x03, 0x01, 0x01, 0x04, 0x06, 0x07, 0x03, 0x00, 
    0x00, 0x02, 0x04, 0x04, 0x03, 0x01, 0x01, 0x03, 0x03, 0x04, 0x02, 0x00, 
    0x00, 0x05, 0x05, 0x08, 0x02, 0x00, 0x00, 0x03, 0x05, 0x05, 0x02, 0x00, 
    0x00, 0x03, 0x07, 0x08, 0x02, 0x00, 0x00, 0x03, 0x05, 0x04, 0x03, 0x00, 
    0x00, 0x03, 0x02, 0x04, 0x01, 0x02, 0x39, 0x00, 0x01, 0x01, 0x04, 0x0e, 
    0x01, 0x02, 0x11, 0xfd, 0x20, 0x00, 0x04, 0x05, 0x0a, 0x04, 0x0a, 0x06, 
    0x07, 0x02, 0xf7, 0x05, 0x01, 0x04, 0x04, 0x06, 0x00, 0x00, 0x02, 0xfc, 
    0x0a, 0x00, 0x01, 0x02, 0x02, 0x01, 0x00, 0x00, 0x01, 0x02, 0x02, 0x01, 
    0x04, 0x01, 0x00, 0x17, 0x02, 0x04, 0x01, 0x0b, 0x09, 0x08, 0xfe, 0x2e, 
    0x01, 0x04, 0x09, 0x08, 0x05, 0x01, 0x00, 0x04, 0x07, 0x07, 0x02, 0x00, 
    0x00, 0x03, 0x04, 0x03, 0x03, 0x00, 0x00, 0x04, 0x05, 0x09, 0x09, 0x00, 
    0x00, 0x04, 0x04, 0x05, 0x02, 0x00, 0x00, 0x03, 0x04, 0x03, 0x03, 0x00, 
    0x00, 0x01, 0x02, 0x03, 0x01, 0x00, 0x00, 0x02, 0x02, 0x02, 0x02, 0x00, 
    0x00, 0x09, 0x05, 0x05, 0x15, 0x00, 0x00, 0x01, 0x02, 0x02, 0x02, 0x00, 
    0x00, 0x02, 0x02, 0x02, 0x02, 0x00, 0x00, 0x01, 0x02, 0x03, 0x01, 0x00, 
    0x00, 0x01, 0x02, 0x01, 0x01, 0x00, 0x00, 0x02, 0x02, 0x02, 0x02, 0x00, 
    0x00, 0x01, 0x01, 0x06, 0x07, 0x00, 0x00, 0x01, 0x01, 0x01, 0x02, 0x00, 
    0x00, 0x01, 0x02, 0x03, 0x01, 0x00, 0x00, 0x01, 0x03, 0x02, 0x01, 0x00, 
    0x00, 0x02, 0x02, 0x03, 0x01, 0x00, 0x00, 0x01, 0x03, 0x03, 0x01, 0x00, 
    0x00, 0x00, 0x03, 0x03, 0x01, 0x00, 0x00, 0x01, 0x03, 0x02, 0x01, 0x00, 
    0x00, 0x02, 0x01, 0x01, 0x01, 0x00, 0x00, 0x02, 0x02, 0x02, 0x02, 0x00, 
    0x00, 0x01, 0x03, 0x02, 0x01, 0x00, 0x00, 0x02, 0x01, 0x05, 0x05, 0x00, 
    0x00, 0x01, 0x03, 0x02, 0x01, 0x00, 0x00, 0x02, 0x01, 0x04, 0x08, 0x00, 
    0x00, 0x15, 0x07, 0x03, 0x02, 0x00, 0x00, 0x01, 0x03, 0x02, 0x01, 0x00, 
    0x00, 0x01, 0x02, 0x01, 0x04, 0x03, 0x03, 0x05, 0x03, 0x03, 0x03, 0x00, 
    0x00, 0x02, 0x05, 0x05, 0x03, 0x00, 0x00, 0x02, 0x04, 0x03, 0x03, 0x01, 
    0x01, 0x03, 0x04, 0x03, 0x03, 0x00, 0x00, 0x03, 0x03, 0x04, 0x03, 0x00, 
    0x00, 0x02, 0x07, 0x07, 0x04, 0x00, 0x01, 0x05, 0x08, 0x09, 0x04, 0x01, 
    0x01, 0x0a, 0x3b, 0x3b, 0x0a, 0x00, 0x00, 0x03, 0x0a, 0x0b, 0x03, 0x00, 
    0x00, 0x03, 0x08, 0x09, 0x03, 0x00, 0x00, 0x02, 0x04, 0x03, 0x03, 0x00, 
    0x00, 0x05, 0x05, 0x07, 0x03, 0x00, 0x00, 0x02, 0x02, 0x02, 0x02, 0x00, 
    0x00, 0x02, 0x05, 0x05, 0x03, 0x00, 0x00, 0x02, 0x03, 0x03, 0x05, 0x03, 
    0x03, 0x04, 0x01, 0x02, 0x01, 0x00, 0x00, 0x02, 0x04, 0x04, 0x02, 0x00, 
    0x00, 0x02, 0x01, 0x03, 0x16, 0x00, 0x00, 0x02, 0x02, 0x02, 0x01, 0x00, 
    0x00, 0x02, 0x02, 0x02, 0x02, 0x00, 0x00, 0x03, 0x03, 0x04, 0x02, 0x00, 
    0x00, 0x02, 0x02, 0x02, 0x02, 0x00, 0x00, 0x02, 0x02, 0x02, 0x01, 0x00, 
    0x00, 0x02, 0x02, 0x02, 0x02, 0x00, 0x00, 0x01, 0x01, 0x02, 0x01, 0x00, 
    0x00, 0x01, 0x03, 0x02, 0x01, 0x00, 0x00, 0x01, 0x03, 0x03, 0x01, 0x00, 
    0x00, 0x01, 0x03, 0x03, 0x00, 0x00, 0x00, 0x00, 0x03, 0x03, 0x01, 0x00, 
    0x00, 0x02, 0x02, 0x02, 0x02, 0x00, 0x00, 0x01, 0x02, 0x03, 0x01, 0x00, 
    0x00, 0x01, 0x02, 0x01, 0x01, 0x00, 0x00, 0x02, 0x02, 0x02, 0x02, 0x00, 
    0x00, 0x01, 0x02, 0x02, 0x02, 0x00, 0x00, 0x02, 0x02, 0x02, 0x02, 0x00, 
    0x00, 0x02, 0x04, 0x03, 0x03, 0x00, 0x00, 0x02, 0x02, 0x02, 0x02, 0x00, 
    0x00, 0x01, 0x02, 0x02, 0x02, 0x00, 0x00, 0x15, 0x04, 0x01, 0x02, 0x00, 
    0x00, 0x02, 0x04, 0x04, 0x02, 0x00, 0x00, 0x02, 0x02, 0x02, 0x01, 0x00, 
    0x00, 0x02, 0x02, 0x02, 0x02, 0x00, 0x00, 0x03, 0x03, 0x04, 0x02, 0x00, 
    0x00, 0x03, 0x05, 0x05, 0x02, 0x00, 0x00, 0x02, 0x02, 0x02, 0x02, 0x00, 
    0x00, 0x03, 0x07, 0x05, 0x05, 0x00, 0x00, 0x03, 0x03, 0x04, 0x02, 0x00, 
    0x00, 0x03, 0x09, 0x08, 0x03, 0x00, 0x00, 0x03, 0x0b, 0x0a, 0x03, 0x00, 
    0x00, 0x0a, 0x3b, 0x3b, 0x0a, 0x58, 0x00, 0x07, 0x0a, 0x0e, 0x04, 0x00, 
    0x00, 0x03, 0x07, 0x07, 0x03, 0x00, 0x00, 0x02, 0x05, 0x04, 0x04, 0x01, 
    0x00, 0x03, 0x03, 0x03, 0x02, 0x00, 0x00, 0x04, 0x04, 0x05, 0x02, 0x00, 
    0x00, 0x02, 0x02, 0x02, 0x02, 0x00, 0x00, 0x0d, 0x04, 0x01, 0x02, 0x00, 
    0x00, 0x01, 0x02, 0x02, 0x02, 0x00, 0x00, 0x0e, 0x03, 0x02, 0x01, 0x00, 
    0x00, 0x01, 0x03, 0x02, 0x02, 0x00, 0x00, 0x01, 0x01, 0x01, 0x02, 0x00, 
    0x00, 0x01, 0x02, 0x03, 0x01, 0x00, 0x00, 0x02, 0x02, 0x02, 0x02, 0x00, 
    0x00, 0x01, 0x02, 0x03, 0x01, 0x00, 0x00, 0x01, 0x01, 0x02, 0x01, 0x00, 
    0x00, 0x01, 0x02, 0x01, 0x01, 0x00, 0x00, 0x01, 0x03, 0x02, 0x01, 0x00, 
    0x00, 0x02, 0x02, 0x03, 0x01, 0x00, 0x00, 0x01, 0x03, 0x02, 0x01, 0x00, 
    0x00, 0x02, 0x01, 0x01, 0x01, 0x00, 0x00, 0x02, 0x02, 0x03, 0x01, 0x00, 
    0x00, 0x01, 0x02, 0x03, 0x0e, 0x00, 0x00, 0x02, 0x02, 0x02, 0x01, 0x00, 
    0x00, 0x02, 0x01, 0x04, 0x0d, 0x00, 0x00, 0x04, 0x04, 0x05, 0x02, 0x00, 
    0x00, 0x02, 0x02, 0x02, 0x02, 0x00, 0x00, 0x03, 0x03, 0x04, 0x02, 0x00, 
    0x00, 0x03, 0x05, 0x05, 0x02, 0x00, 0x00, 0x03, 0x07, 0x07, 0x03, 0x00, 
    0x00, 0x04, 0x10, 0x0b, 0x0a, 0x00, 0x01, 0x06, 0x07, 0x07, 0x06, 0x00, 
    0x00, 0x08, 0x0c, 0x10, 0x03, 0x00, 0x00, 0x03, 0x05, 0x05, 0x02, 0x00, 
    0x00, 0x03, 0x07, 0x08, 0x02, 0x00, 0x00, 0x03, 0x04, 0x03, 0x03, 0x00, 
    0x00, 0x02, 0x02, 0x02, 0x01, 0x00, 0x00, 0x03, 0x05, 0x04, 0x03, 0x00, 
    0x00, 0x0e, 0x04, 0x01, 0x01, 0x00, 0x00, 0x02, 0x02, 0x02, 0x02, 0x00, 
    0x00, 0x0e, 0x03, 0x02, 0x01, 0x00, 0x00, 0x01, 0x03, 0x02, 0x01, 0x00, 
    0x00, 0x01, 0x02, 0x01, 0x01, 0x00, 0x00, 0x02, 0x02, 0x03, 0x01, 0x00, 
    0x00, 0x01, 0x02, 0x03, 0x01, 0x00, 0x00, 0x01, 0x03, 0x03, 0x01, 0x00, 
    0x00, 0x01, 0x01, 0x02, 0x01, 0x00, 0x00, 0x01, 0x02, 0x01, 0x01, 0x00, 
    0x00, 0x01, 0x03, 0x03, 0x01, 0x00, 0x00, 0x01, 0x03, 0x02, 0x01, 0x00, 
    0x00, 0x01, 0x03, 0x02, 0x02, 0x00, 0x00, 0x01, 0x01, 0x02, 0x01, 0x00, 
    0x00, 0x01, 0x02, 0x03, 0x01, 0x00, 0x00, 0x01, 0x02, 0x03, 0x0e, 0x00, 
    0x00, 0x02, 0x02, 0x02, 0x02, 0x00, 0x00, 0x01, 0x01, 0x04, 0x0e, 0x00, 
    0x00, 0x03, 0x04, 0x05, 0x03, 0x00, 0x00, 0x01, 0x02, 0x02, 0x02, 0x00, 
    0x00, 0x03, 0x03, 0x04, 0x03, 0x00, 0x00, 0x02, 0x04, 0x03, 0x04, 0x01, 
    0x01, 0x03, 0x07, 0x07, 0x03, 0x00, 0x00, 0x03, 0x10, 0x0c, 0x08, 0x00, 
    0x00, 0x07, 0x0a, 0x09, 0x07, 0xf0, 0x06, 0x04, 0x00, 0x02, 0x17, 0x00, 
    0x00, 0x05, 0xe4, 0x01, 0x01, 0x00, 0x00, 0x01, 0x03, 0x02, 0x02, 0x00, 
    0x00, 0x01, 0x02, 0x02, 0x02, 0x00, 0x00, 0x01, 0x03, 0x02, 0x01, 0x00, 
    0x00, 0x02, 0x01, 0x01, 0x01, 0x00, 0x00, 0x02, 0x02, 0x03, 0x01, 0x00, 
    0x00, 0x01, 0x03, 0x02, 0x01, 0x00, 0x00, 0x02, 0x02, 0x03, 0x01, 0x00, 
    0x00, 0x01, 0x01, 0x02, 0x01, 0x00, 0x00, 0x01, 0x03, 0x02, 0x01, 0x00, 
    0x00, 0x02, 0x02, 0x03, 0x01, 0x00, 0x00, 0x01, 0x03, 0x02, 0x01, 0x00, 
    0x00, 0x02, 0x01, 0x01, 0x01, 0x00, 0x00, 0x02, 0x02, 0x03, 0x01, 0x00, 
    0x00, 0x01, 0x03, 0x02, 0x01, 0x00, 0x00, 0x02, 0x02, 0x03, 0x01, 0x00, 
    0x00, 0x01, 0x01, 0x02, 0x01, 0x00, 0x00, 0x02, 0x02, 0x02, 0x01, 0x00, 
    0x00, 0x02, 0x02, 0x03, 0x01, 0x00, 0x00, 0x0f, 0x08, 0x07, 0x00, 0x00, 
    0x07, 0x09, 0x0c, 0x05, 0x01, 0x01, 0x04, 0x0a, 0x0a, 0x03, 0x00, 0x00, 
    0x03, 0x0a, 0x0a, 0x04, 0x00, 0x00, 0x03, 0x0d, 0x09, 0x07, 0x00, 0x00, 
    0x06, 0x08, 0x0a, 0x03, 0x00, 0x00, 0x04, 0x0e, 0x0e, 0x03, 0x00, 0x00, 
    0x04, 0x0a, 0x0b, 0x03, 0x00, 0x00, 0x02, 0x04, 0x04, 0x02, 0x00, 0x00, 
    0x02, 0x02, 0x02, 0x02, 0x00, 0x00, 0x0e, 0x03, 0x02, 0x01, 0x00, 0x00, 
    0x01, 0x02, 0x03, 0x01, 0x00, 0x00, 0x01, 0x03, 0x02, 0x01, 0x00, 0x00, 
    0x01, 0x03, 0x03, 0x01, 0x00, 0x00, 0x01, 0x02, 0x03, 0x01, 0x00, 0x00, 
    0x02, 0x02, 0x02, 0x02, 0x00, 0x00, 0x01, 0x01, 0x02, 0x01, 0x00, 0x00, 
    0x01, 0x02, 0x03, 0x01, 0x00, 0x00, 0x01, 0x03, 0x03, 0x01, 0x00, 0x00, 
    0x01, 0x02, 0x04, 0x01, 0x02, 0x01, 0x04, 0x07, 0x07, 0x02, 0x00, 0x00, 
    0x03, 0x03, 0x04, 0x03, 0x01, 0x00, 0x04, 0x03, 0x04, 0x03, 0x00, 0x00, 
    0x04, 0x06, 0x07, 0x03, 0x00, 0x00, 0x02, 0x05, 0x05, 0x03, 0x00, 0x00, 
    0x02, 0x07, 0x07, 0x04, 0x01, 0x00, 0x03, 0x03, 0x03, 0x02, 0x00, 0x00, 
    0x03, 0x05, 0x05, 0x02, 0x00, 0x00, 0x03, 0x07, 0x07, 0x03, 0x00, 0x00, 
    0x03, 0x05, 0x05, 0x02, 0x00, 0x00, 0x03, 0x07, 0x05, 0x05, 0x00, 0x00, 
    0x03, 0x03, 0x04, 0x02, 0x00, 0x00, 0x03, 0x05, 0x05, 0x02, 0x00, 0x00, 
    0x03, 0x07, 0x06, 0x04, 0x01, 0x01, 0x04, 0x03, 0x04, 0x02, 0x00, 0x00, 
    0x05, 0x05, 0x08, 0x02, 0x00, 0x00, 0x03, 0x03, 0x04, 0x03, 0x01, 0x01, 
    0x04, 0x06, 0x07, 0x03, 0x00, 0x00, 0x03, 0x03, 0x04, 0x03, 0x00, 0x00, 
    0x03, 0x04, 0x08, 0x07, 0x00, 0x00, 0x02, 0x02, 0x02, 0x02, 0x00, 0x00, 
    0x01, 0x02, 0x03, 0x01, 0x00, 0x00, 0x03, 0x03, 0x04, 0x03, 0x00, 0x00, 
    0x08, 0x04, 0x01, 0x02, 0x00, 0x00, 0x01, 0x02, 0x03, 0x01, 0x00, 0x00, 
    0x01, 0x02, 0x01, 0x01, 0x00, 0x00, 0x02, 0x02, 0x02, 0x02, 0x00, 0x00, 
    0x03, 0x04, 0x04, 0x04, 0x00, 0x00, 0x01, 0x01, 0x01, 0x02, 0x00, 0x00, 
    0x01, 0x02, 0x02, 0x02, 0x00, 0x00, 0x02, 0x02, 0x02, 0x01, 0x00, 0x00, 
    0x03, 0x04, 0x03, 0x03, 0x00, 0x00, 0x01, 0x03, 0x02, 0x01, 0x00, 0x00, 
    0x02, 0x02, 0x02, 0x02, 0x00, 0x00, 0x05, 0x15, 0x16, 0x04, 0x00, 0x00, 
    0x02, 0x02, 0x02, 0x02, 0x00, 0x00, 0x01, 0x01, 0x01, 0x02, 0x01, 0x01, 
    0x03, 0x04, 0x03, 0x03, 0x00, 0x00, 0x01, 0x03, 0x02, 0x01, 0x00, 0x00, 
    0x02, 0x02, 0x02, 0x02, 0x00, 0x00, 0x01, 0x01, 0x02, 0x01, 0x00, 0x00, 
    0x01, 0x01, 0x05, 0x08, 0x00, 0x00, 0x01, 0x02, 0x03, 0x01, 0x00, 0x00, 
    0x01, 0x02, 0x01, 0x01, 0x00, 0x00, 0x02, 0x02, 0x02, 0x02, 0x00, 0x00, 
    0x01, 0x02, 0x02, 0x02, 0x00, 0x00, 0x02, 0x02, 0x02, 0x02, 0x00, 0x00, 
    0x01, 0x01, 0x02, 0x01, 0x00, 0x00, 0x01, 0x02, 0x03, 0x01, 0x00, 0x00, 
    0x02, 0x02, 0x02, 0x02, 0x00, 0x00, 0x01, 0x02, 0x02, 0x02, 0x00, 0x00, 
    0x07, 0x08, 0x04, 0x04, 0x00, 0x00, 0x02, 0x04, 0x04, 0x02, 0x00, 0x00, 
    0x03, 0x07, 0x06, 0x04, 0x01, 0x01, 0x03, 0x04, 0x04, 0x02, 0x00, 0x00, 
    0x03, 0x07, 0x05, 0x05, 0x00, 0x00, 0x03, 0x03, 0x04, 0x03, 0x01, 0x01, 
    0x03, 0x03, 0x04, 0x02, 0x00, 0x00, 0x03, 0x07, 0x07, 0x04, 0x01, 0x01, 
    0x03, 0x03, 0x04, 0x02, 0x00, 0x00, 0x05, 0x05, 0x07, 0x03, 0x00, 0x00, 
    0x03, 0x05, 0x05, 0x02, 0x00, 0x00, 0x03, 0x07, 0x07, 0x03, 0x00, 0x00, 
    0x03, 0x05, 0x04, 0x03, 0x00, 0x00, 0x02, 0x03, 0x03, 0x03, 0x01, 0x01, 
    0x04, 0x06, 0x07, 0x03, 0x00, 0x00, 0x02, 0x05, 0x05, 0x03, 0x00, 0x00, 
    0x02, 0x08, 0x05, 0x05, 0x00, 0x00, 0x02, 0x04, 0x03, 0x04, 0x01, 0x00, 
    0x04, 0x03, 0x04, 0x02, 0x00, 0x00, 0x03, 0x07, 0x0a, 0x00, 0x00, 0x01, 
    0x02, 0x01, 0x01, 0x00, 0x00, 0x01, 0x03, 0x02, 0x02, 0x00, 0x00, 0x00, 
    0x03, 0x03, 0x01, 0x00, 0x00, 0x01, 0x03, 0x03, 0x01, 0x00, 0x00, 0x01, 
    0x01, 0x01, 0x02, 0x00, 0x00, 0x00, 0x03, 0x03, 0x01, 0x00, 0x00, 0x01, 
    0x03, 0x03, 0x00, 0x00, 0x00, 0x01, 0x03, 0x03, 0x01, 0x00, 0x00, 0x01, 
    0x03, 0x02, 0x02, 0x00, 0x00, 0x01, 0x01, 0x04, 0x0d, 0x00, 0x00, 0x02, 
    0x02, 0x02, 0x02, 0x00, 0x00, 0x02, 0x04, 0x04, 0x02, 0x00, 0x00, 0x04, 
    0x0a, 0x0b, 0x03, 0x00, 0x00, 0x03, 0x0d, 0x0c, 0x05, 0x01, 0x01, 0x04, 
    0x0a, 0x07, 0x06, 0x00, 0x00, 0x07, 0x09, 0x0d, 0x04, 0x00, 0x00, 0x03, 
    0x0a, 0x0b, 0x03, 0x00, 0x00, 0x03, 0x0b, 0x09, 0x04, 0x02, 0x01, 0x04, 
    0x0c, 0x09, 0x08, 0x00, 0x00, 0x06, 0x09, 0x0e, 0x00, 0x00, 0x02, 0x02, 
    0x02, 0x02, 0x00, 0x00, 0x02, 0x02, 0x02, 0x01, 0x00, 0x00, 0x02, 0x01, 
    0x01, 0x01, 0x00, 0x00, 0x02, 0x02, 0x03, 0x01, 0x00, 0x00, 0x01, 0x03, 
    0x02, 0x01, 0x00, 0x00, 0x02, 0x02, 0x02, 0x02, 0x00, 0x00, 0x01, 0x01, 
    0x02, 0x01, 0x00, 0x00, 0x01, 0x03, 0x02, 0x01, 0x00, 0x00, 0x01, 0x03, 
    0x03, 0x01, 0x00, 0x00, 0x01, 0x03, 0x02, 0x01, 0x00, 0x00, 0x01, 0x02, 
    0x01, 0x01, 0x00, 0x00, 0x02, 0x02, 0x03, 0x01, 0x00, 0x00, 0x01, 0x03, 
    0x02, 0x01, 0x00, 0x00, 0x02, 0x02, 0x02, 0x02, 0x00, 0x00, 0x01, 0x01, 
    0x02, 0x01, 0x00, 0x00, 0x01, 0x03, 0x02, 0x01, 0x00, 0x00, 0x02, 0x02, 
    0x02, 0x02, 0x00, 0x00, 0x01, 0x02, 0x03, 0x01, 0x00, 0x00, 0x01, 0x02, 
    0x01, 0x01, 0x00, 0x00, 0x05, 0x05, 0x01, 0x01, 0x00, 0x00, 0x03, 0x05, 
    0x04, 0x03, 0x00, 0x00, 0x09, 0x06, 0x03, 0x02, 0x00, 0x00, 0x02, 0x03, 
    0x05, 0x0a, 0x00, 0x00, 0x04, 0x04, 0x04, 0x03, 0x00, 0x00, 0x08, 0x06, 
    0x04, 0x02, 0x00, 0x00, 0x02, 0x04, 0x03, 0x05, 0x03, 0x04, 0x05, 0x02, 
    0x03, 0x05, 0x03, 0x03, 0x05, 0x03, 0x03, 0x02, 0x00, 0x00, 0x02, 0x05, 
    0x05, 0x03, 0x00, 0x00, 0x07, 0x06, 0x05, 0x02, 0x00, 0x00, 0x02, 0x02, 
    0x02, 0x01, 0x00, 0x00, 0x03, 0x04, 0x06, 0x00, 0x00, 0x01, 0x03, 0x02, 
    0x02, 0x00, 0x00, 0x02, 0x04, 0x03, 0x03, 0x00, 0x00, 0x02, 0x03, 0x05, 
    0x0a, 0x00, 0x00, 0x03, 0x05, 0x05, 0x02, 0x00, 0x00, 0x02, 0x02, 0x02, 
    0x02, 0x00, 0x00, 0x02, 0x04, 0x03, 0x03, 0x00, 0x00, 0x03, 0x03, 0x03, 
    0x05, 0x03, 0x04, 0x04, 0x04, 0x04, 0x02, 0x00, 0x00, 0x02, 0x02, 0x02, 
    0x01, 0x00, 0x00, 0x03, 0x04, 0x04, 0x02, 0x00, 0x00, 0x02, 0x05, 0x04, 
    0x04, 0x00, 0x00, 0x0a, 0x05, 0x03, 0x02, 0x00, 0x00, 0x02, 0x03, 0x06, 
    0x09, 0x00, 0x00, 0x03, 0x04, 0x05, 0x03, 0x00, 0x00, 0x01, 0x01, 0x05, 
    0x05, 0x00, 0x00, 0x01, 0x01, 0x02, 0x01, 0x00, 0x00, 0x01, 0x03, 0x02, 
    0x01, 0x00, 0x00, 0x01, 0x03, 0x02, 0x02, 0x00, 0x00, 0x01, 0x02, 0x03, 
    0x01, 0x00, 0x00, 0x01, 0x02, 0x01, 0x01, 0x00, 0x00, 0x02, 0x02, 0x02, 
    0x02, 0x00, 0x00, 0x01, 0x02, 0x03, 0x01, 0x00, 0x00, 0x02, 0x02, 0x02, 
    0x02, 0x00, 0x00, 0x01, 0x01, 0x02, 0x01, 0x00, 0x00, 0x01, 0x02, 0x03, 
    0x01, 0x00, 0x00, 0x01, 0x03, 0x03, 0x01, 0x00, 0x00, 0x01, 0x02, 0x03, 
    0x01, 0x00, 0x00, 0x01, 0x02, 0x01, 0x01, 0x00, 0x00, 0x02, 0x02, 0x02, 
    0x02, 0x00, 0x00, 0x01, 0x02, 0x03, 0x01, 0x00, 0x00, 0x01, 0x03, 0x03, 
    0x01, 0x00, 0x00, 0x01, 0x01, 0x01, 0x02, 0x00, 0x00, 0x01, 0x02, 0x02, 
    0x02, 0x00, 0x00, 0x02, 0x02, 0x02, 0x02, 0x00, 0x00, 0x12, 0x0b, 0x08, 
    0x00, 0x00, 0x06, 0x07, 0x08, 0x04, 0x01, 0x02, 0x04, 0x0c, 0x0c, 0x04, 
    0x00, 0x00, 0x03, 0x0b, 0x0a, 0x03, 0x00, 0x00, 0x03, 0x0b, 0x08, 0x06, 
    0x00, 0x00, 0x07, 0x0a, 0x0e, 0x04, 0x00, 0x00, 0x03, 0x0a, 0x0b, 0x03, 
    0x00, 0x00, 0x03, 0x0b, 0x0a, 0x04, 0x00, 0x00, 0x02, 0x04, 0x04, 0x02, 
    0x00, 0x00, 0x02, 0x02, 0x02, 0x02, 0x00, 0x00, 0x0d, 0x04, 0x01, 0x01, 
    0x00, 0x00, 0x02, 0x02, 0x03, 0x01, 0x00, 0x00, 0x01, 0x03, 0x03, 0x01, 
    0x00, 0x00, 0x00, 0x03, 0x03, 0x01, 0x00, 0x00, 0x01, 0x03, 0x02, 0x01, 
    0x00, 0x00, 0x02, 0x01, 0x01, 0x01, 0x00, 0x00, 0x01, 0x03, 0x03, 0x01, 
    0x00, 0x00, 0x01, 0x03, 0x03, 0x00, 0x00, 0x00, 0x02, 0x02, 0x03, 0x01, 
    0x00, 0x00, 0x01, 0x01, 0x02, 0x01, 0x00, 0x00, 0x00, 0x06, 0x04, 0x03, 
    0x00, 0x00, 0x02, 0x08, 0x05, 0x05, 0x00, 0x00, 0x03, 0x04, 0x05, 0x02, 
    0x00, 0x00, 0x03, 0x07, 0x08, 0x02, 0x00, 0x00, 0x03, 0x05, 0x05, 0x02, 
    0x00, 0x00, 0x03, 0x04, 0x03, 0x03, 0x00, 0x00, 0x04, 0x06, 0x07, 0x03, 
    0x00, 0x00, 0x02, 0x05, 0x05, 0x03, 0x00, 0x00, 0x03, 0x07, 0x07, 0x03, 
    0x00, 0x00, 0x02, 0x05, 0x04, 0x04, 0x00, 0x00, 0x03, 0x03, 0x04, 0x02, 
    0x00, 0x00, 0x03, 0x07, 0x06, 0x04, 0x01, 0x01, 0x03, 0x04, 0x04, 0x02, 
    0x00, 0x00, 0x03, 0x07, 0x06, 0x04, 0x00, 0x00, 0x03, 0x05, 0x05, 0x02, 
    0x00, 0x00, 0x02, 0x04, 0x04, 0x03, 0x00, 0x00, 0x02, 0x08, 0x06, 0x04, 
    0x01, 0x01, 0x03, 0x04, 0x03, 0x02, 0x00, 0x00, 0x05, 0x05, 0x08, 0x02, 
    0x00, 0x00, 0x03, 0x09, 0x0a, 0x01, 0x00, 0x00, 0x01, 0x03, 0x02, 0x01, 
    0x00, 0x00, 0x02, 0x02, 0x02, 0x02, 0x00, 0x00, 0x02, 0x02, 0x02, 0x01, 
    0x00, 0x00, 0x01, 0x02, 0x01, 0x01, 0x00, 0x00, 0x02, 0x02, 0x02, 0x02, 
    0x00, 0x00, 0x02, 0x02, 0x02, 0x01, 0x00, 0x00, 0x02, 0x02, 0x02, 0x02, 
    0x00, 0x00, 0x01, 0x01, 0x02, 0x01, 0x00, 0x00, 0x01, 0x03, 0x02, 0x01, 
    0x00, 0x00, 0x01, 0x02, 0x05, 0x07, 0x00, 0x00, 0x01, 0x02, 0x01, 0x01, 
    0x00, 0x00, 0x02, 0x02, 0x02, 0x02, 0x00, 0x00, 0x01, 0x02, 0x03, 0x01, 
    0x00, 0x00, 0x01, 0x02, 0x04, 0x05, 0x02, 0x01, 0x02, 0x01, 0x01, 0x01, 
    0x00, 0x00, 0x02, 0x02, 0x02, 0x02, 0x00, 0x00, 0x04, 0x16, 0x15, 0x05, 
    0x00, 0x00, 0x02, 0x02, 0x02, 0x02, 0x00, 0x00, 0x01, 0x02, 0x03, 0x01, 
    0x00, 0x00, 0x05, 0x05, 0x01, 0x02, 0x00, 0x00, 0x01, 0x02, 0x02, 0x02, 
    0x00, 0x00, 0x02, 0x02, 0x02, 0x01, 0x00, 0x00, 0x02, 0x01, 0x01, 0x01, 
    0x00, 0x00, 0x08, 0x05, 0x01, 0x01, 0x00, 0x00, 0x02, 0x02, 0x03, 0x01, 
    0x00, 0x00, 0x01, 0x01, 0x02, 0x01, 0x00, 0x00, 0x02, 0x02, 0x02, 0x01, 
    0x00, 0x00, 0x02, 0x02, 0x02, 0x02, 0x00, 0x00, 0x02, 0x02, 0x02, 0x01, 
    0x00, 0x00, 0x01, 0x02, 0x01, 0x01, 0x00, 0x00, 0x02, 0x02, 0x02, 0x02, 
    0x00, 0x00, 0x02, 0x02, 0x02, 0x01, 0x00, 0x00, 0x02, 0x01, 0x01, 0x03, 
    0x02, 0x02, 0x02, 0x00, 0x00, 0x04, 0x05, 0x06, 0x02, 0x00, 0x00, 0x03, 
    0x07, 0x06, 0x04, 0x00, 0x00, 0x03, 0x04, 0x03, 0x04, 0x00, 0x01, 0x04, 
    0x06, 0x07, 0x03, 0x00, 0x00, 0x03, 0x03, 0x04, 0x03, 0x00, 0x00, 0x02, 
    0x05, 0x04, 0x04, 0x00, 0x00, 0x04, 0x06, 0x07, 0x03, 0x00, 0x00, 0x02, 
    0x05, 0x05, 0x03, 0x00, 0x00, 0x02, 0x08, 0x07, 0x03, 0x00, 0x00, 0x02, 
    0x04, 0x03, 0x03, 0x00, 0x00, 0x03, 0x04, 0x05, 0x03, 0x00, 0x00, 0x03, 
    0x07, 0x07, 0x03, 0x00, 0x00, 0x02, 0x05, 0x05, 0x03, 0x00, 0x00, 0x03, 
    0x07, 0x05, 0x05, 0x00, 0x00, 0x03, 0x03, 0x04, 0x02, 0x00, 0x00, 0x03, 
    0x09, 0x08, 0x03, 0x00, 0x00, 0x02, 0x04, 0x04, 0x02, 0x00, 0x00, 0x03, 
    0x05, 0x04, 0x03, 0x00, 0x00, 0x05, 0x05, 0x07, 0x03, 0x00, 0x00, 0x03, 
    0x03, 0x03, 0x04, 0x01, 0x02, 0x01, 0x04, 0x02, 0x01, 0x00, 0x00, 0x01, 
    0x03, 0x03, 0x01, 0x00, 0x00, 0x01, 0x03, 0x02, 0x01, 0x00, 0x00, 0x01, 
    0x02, 0x01, 0x01, 0x00, 0x00, 0x02, 0x02, 0x02, 0x02, 0x00, 0x00, 0x01, 
    0x03, 0x02, 0x01, 0x00, 0x00, 0x01, 0x03, 0x03, 0x01, 0x00, 0x00, 0x01, 
    0x02, 0x03, 0x01, 0x00, 0x00, 0x01, 0x03, 0x02, 0x01, 0x00, 0x00, 0x01, 
    0x02, 0x03, 0x0e, 0x00, 0x00, 0x02, 0x02, 0x02, 0x02, 0x00, 0x00, 0x02, 
    0x04, 0x04, 0x02, 0x00, 0x00, 0x03, 0x0b, 0x0a, 0x04, 0x00, 0x00, 0x03, 
    0x0a, 0x0b, 0x03, 0x00, 0x00, 0x04, 0x0e, 0x0a, 0x07, 0x00, 0x00, 0x06, 
    0x08, 0x0a, 0x03, 0x00, 0x00, 0x04, 0x0a, 0x0a, 0x03, 0x00, 0x00, 0x03, 
    0x0d, 0x0c, 0x04, 0x01, 0x01, 0x04, 0x09, 0x07, 0x06, 0x00, 0x00, 0x08, 
    0x0a, 0x13, 0x00, 0x00, 0x00, 0x02, 0x02, 0x03, 0x01, 0x00, 0x00, 0x01, 
    0x02, 0x02, 0x02, 0x00, 0x00, 0x01, 0x02, 0x01, 0x01, 0x00, 0x00, 0x02, 
    0x02, 0x03, 0x01, 0x00, 0x00, 0x01, 0x02, 0x03, 0x01, 0x00, 0x00, 0x02, 
    0x02, 0x02, 0x02, 0x00, 0x00, 0x01, 0x01, 0x01, 0x02, 0x00, 0x00, 0x01, 
    0x02, 0x03, 0x01, 0x00, 0x00, 0x01, 0x03, 0x02, 0x02, 0x00, 0x00, 0x01, 
    0x02, 0x03, 0x01, 0x00, 0x00, 0x01, 0x02, 0x01, 0x01, 0x00, 0x00, 0x02, 
    0x02, 0x02, 0x02, 0x00, 0x00, 0x01, 0x02, 0x03, 0x01, 0x00, 0x00, 0x01, 
    0x03, 0x02, 0x02, 0x00, 0x00, 0x01, 0x01, 0x01, 0x02, 0x00, 0x00, 0x01, 
    0x02, 0x03, 0x01, 0x00, 0x00, 0x02, 0x02, 0x02, 0x01, 0x00, 0x00, 0x02, 
    0x02, 0x03, 0x01, 0x00, 0x00, 0x01, 0x01, 0x02, 0x01, 0x00, 0x00, 0x05, 
    0x05, 0x01, 0x02, 0x00, 0x00, 0x02, 0x05, 0x04, 0x03, 0x00, 0x00, 0x09, 
    0x06, 0x03, 0x02, 0x00, 0x00, 0x03, 0x04, 0x04, 0x02, 0x00, 0x00, 0x02, 
    0x02, 0x02, 0x01, 0x00, 0x00, 0x03, 0x05, 0x05, 0x02, 0x00, 0x00, 0x03, 
    0x04, 0x03, 0x03, 0x00, 0x00, 0x02, 0x02, 0x02, 0x01, 0x00, 0x00, 0x03, 
    0x02, 0x06, 0x09, 0x00, 0x00, 0x04, 0x04, 0x04, 0x03, 0x00, 0x00, 0x03, 
    0x04, 0x03, 0x03, 0x00, 0x00, 0x01, 0x03, 0x02, 0x01, 0x00, 0x00, 0x02, 
    0x03, 0x03, 0x05, 0x05, 0x04, 0x06, 0x02, 0x03, 0x02, 0x00, 0x00, 0x03, 
    0x03, 0x04, 0x03, 0x00, 0x00, 0x01, 0x02, 0x03, 0x01, 0x00, 0x00, 0x00, 
    0x06, 0x05, 0x09, 0x00, 0x00, 0x03, 0x03, 0x04, 0x05, 0x04, 0x03, 0x05, 
    0x03, 0x03, 0x02, 0x00, 0x00, 0x02, 0x05, 0x04, 0x04, 0x00, 0x00, 0x07, 
    0x06, 0x04, 0x03, 0x00, 0x00, 0x01, 0x02, 0x02, 0x02, 0x00, 0x00, 0x03, 
    0x03, 0x04, 0x03, 0x00, 0x00, 0x02, 0x04, 0x07, 0x07, 0x00, 0x00, 0x03, 
    0x04, 0x05, 0x03, 0x00, 0x00, 0x01, 0x02, 0x02, 0x02, 0x00, 0x00, 0x02, 
    0x04, 0x04, 0x03, 0x00, 0x00, 0x02, 0x03, 0x06, 0x09, 0x00, 0x00, 0x03, 
    0x04, 0x05, 0x02, 0x00, 0x00, 0x02, 0x01, 0x05, 0x05, 0x00, 0x00, 0x01, 
    0x91, 0x04, 0x02, 0x00, 0x00, 0x03, 0x03, 0x04, 0x04, 0x03, 0x02, 0x05, 
    0x03, 0x02, 0x05, 0x04, 0x03, 0x05, 0x04, 0x03, 0x02, 0x00, 0x00, 0x03, 
    0x04, 0x06, 0x07, 0x00, 0x00, 0x03, 0x04, 0x04, 0x03, 0x00, 0x00, 0x0a, 
    0x05, 0x03, 0x02, 0x00, 0x00, 0x03, 0x03, 0x05, 0x09, 0x00, 0x00, 0x03, 
    0x04, 0x05, 0x03, 0x00, 0x00, 0x02, 0x02, 0x02, 0x01, 0x00, 0x00, 0x03, 
    0x02, 0x03, 0x03, 0x01, 0x01, 0x04, 0x03, 0x07, 0x00, 0x00, 0x01, 0x01, 
    0x03, 0x05, 0x00, 0x05, 0x03, 0x01, 0x01, 0x00, 0x07, 0x04, 0x03, 0x00, 
    0x00, 0x02, 0x02, 0x02, 0x02, 0x00, 0x00, 0x02, 0x04, 0x04, 0x02, 0x00, 
    0x00, 0x03, 0x05, 0x04, 0x03, 0x00, 0x00, 0x07, 0x07, 0x04, 0x02, 0x00, 
    0x00, 0x02, 0x02, 0x02, 0x01, 0x00, 0x00, 0x03, 0x04, 0x04, 0x02, 0x00, 
    0x00, 0x02, 0x04, 0x06, 0x07, 0x00, 0x00, 0x03, 0x04, 0x05, 0x03, 0x00, 
    0x00, 0x02, 0x02, 0x02, 0x01, 0x00, 0x00, 0x03, 0x04, 0x03, 0x03, 0x00, 
    0x00, 0x03, 0x04, 0x04, 0x04, 0x00, 0x00, 0x08, 0x06, 0x03, 0x03, 0x00, 
    0x00, 0x01, 0x01, 0x05, 0x07, 0x04, 0x01, 0x02, 0x00, 0x00, 0x01, 0x03, 
    0x02, 0x01, 0x00, 0x00, 0x01, 0x03, 0x02, 0x02, 0x00, 0x00, 0x01, 0x02, 
    0x03, 0x01, 0x00, 0x00, 0x01, 0x02, 0x01, 0x01, 0x00, 0x00, 0x02, 0x02, 
    0x02, 0x02, 0x00, 0x00, 0x01, 0x02, 0x03, 0x01, 0x00, 0x00, 0x01, 0x03, 
    0x02, 0x02, 0x00, 0x00, 0x01, 0x01, 0x02, 0x01, 0x00, 0x00, 0x01, 0x01, 
    0x02, 0x01, 0x00, 0x00, 0x03, 0x0e, 0x0d, 0x04, 0x00, 0x00, 0x03, 0x0a, 
    0x08, 0x06, 0x00, 0x00, 0x06, 0x08, 0x0a, 0x03, 0x00, 0x00, 0x04, 0x0a, 
    0x0b, 0x03, 0x00, 0x00, 0x04, 0x0d, 0x0e, 0x04, 0x00, 0x00, 0x03, 0x0b, 
    0x07, 0x06, 0x00, 0x00, 0x0a, 0x0e, 0x17, 0x01, 0x07, 0x04, 0x04, 0x00, 
    0x00, 0x01, 0x02, 0x02, 0x02, 0x00, 0x00, 0x01, 0x02, 0x05, 0x0c, 0x00, 
    0x00, 0x02, 0x02, 0x02, 0x02, 0x00, 0x00, 0x02, 0x03, 0x06, 0x09, 0x00, 
    0x00, 0x01, 0x02, 0x02, 0x02, 0x00, 0x00, 0x01, 0x02, 0x01, 0x06, 0x06, 
    0x0c, 0x00, 0x00, 0x02, 0x01, 0x01, 0x01, 0x00, 0x00, 0x02, 0x02, 0x03, 
    0x01, 0x00, 0x00, 0x01, 0x03, 0x03, 0x00, 0x00, 0x00, 0x01, 0x03, 0x03, 
    0x01, 0x00, 0x00, 0x01, 0x01, 0x01, 0x02, 0x01, 0x00, 0x02, 0x02, 0x01, 
    0x01, 0x00, 0x00, 0x02, 0x03, 0x03, 0x01, 0x07, 0x06, 0x04, 0x01, 0x01, 
    0x03, 0x04, 0x03, 0x03, 0x01, 0x01, 0x04, 0x06, 0x07, 0x03, 0x00, 0x00, 
    0x02, 0x04, 0x03, 0x04, 0x01, 0x01, 0x02, 0x03, 0x03, 0x03, 0x01, 0x00, 
    0x04, 0x07, 0x07, 0x02, 0x00, 0x00, 0x03, 0x05, 0x05, 0x02, 0x00, 0x00, 
    0x03, 0x07, 0x06, 0x04, 0x00, 0x00, 0x02, 0x02, 0x03, 0x04, 0x02, 0x04, 
    0x01, 0x04, 0x03, 0x03, 0x02, 0x02, 0x01, 0x00, 0x00, 0x01, 0x02, 0x03, 
    0x06, 0x00, 0x00, 0x02, 0x02, 0x02, 0x02, 0x00, 0x00, 0x08, 0x04, 0x02, 
    0x01, 0x00, 0x00, 0x02, 0x04, 0x04, 0x02, 0x00, 0x00, 0x02, 0x02, 0x02, 
    0x02, 0x00, 0x00, 0x01, 0x02, 0x03, 0x01, 0x00, 0x00, 0x01, 0x02, 0x01, 
    0x01, 0x00, 0x00, 0x03, 0x05, 0x04, 0x03, 0x00, 0x00, 0x02, 0x02, 0x02, 
    0x02, 0x00, 0x00, 0x01, 0x01, 0x01, 0x02, 0x00, 0x00, 0x01, 0x02, 0x02, 
    0x02, 0x00, 0x00, 0x13, 0x0f, 0x03, 0x00, 0x00, 0x08, 0x2e, 0x2f, 0x07, 
    0x00, 0x00, 0x03, 0x0f, 0x11, 0x01, 0x01, 0x00, 0x03, 0x04, 0x03, 0x03, 
    0x00, 0x00, 0x01, 0x02, 0x03, 0x01, 0x00, 0x00, 0x03, 0x03, 0x04, 0x03, 
    0x00, 0x00, 0x01, 0x01, 0x05, 0x08, 0x00, 0x00, 0x01, 0x02, 0x03, 0x01, 
    0x00, 0x00, 0x06, 0x04, 0x01, 0x02, 0x00, 0x00, 0x01, 0x02, 0x02, 0x02, 
    0x00, 0x00, 0x03, 0x03, 0x03, 0x05, 0x02, 0x03, 0x03, 0x02, 0x02, 0x02, 
    0x00, 0x00, 0x01, 0x02, 0x03, 0x01, 0x00, 0x00, 0x06, 0x06, 0x02, 0x03, 
    0x03, 0x03, 0x02, 0x00, 0x00, 0x04, 0x06, 0x07, 0x03, 0x00, 0x00, 0x02, 
    0x05, 0x05, 0x03, 0x00, 0x00, 0x03, 0x07, 0x05, 0x05, 0x00, 0x00, 0x12, 
    0x05, 0x02, 0x02, 0x00, 0x00, 0x03, 0x07, 0x06, 0x04, 0x01, 0x01, 0x03, 
    0x04, 0x03, 0x03, 0x01, 0x01, 0x04, 0x06, 0x05, 0x02, 0x02, 0x03, 0x01, 
    0x00, 0x00, 0x01, 0x03, 0x03, 0x01, 0x00, 0x00, 0x01, 0x01, 0x02, 0x01, 
    0x00, 0x00, 0x01, 0x03, 0x02, 0x01, 0x00, 0x00, 0x01, 0x03, 0x03, 0x01, 
    0x00, 0x00, 0x01, 0x02, 0x03, 0x01, 0x00, 0x00, 0x01, 0x02, 0x01, 0x01, 
    0x00, 0x00, 0x01, 0x03, 0x02, 0x02, 0x00, 0x00, 0x02, 0x02, 0x02, 0x02, 
    0x00, 0x00, 0x15, 0x04, 0x01, 0x01, 0x00, 0x00, 0x15, 0x04, 0x01, 0x02, 
    0x00, 0x00, 0x15, 0x03, 0x02, 0x01, 0x00, 0x00, 0x05, 0x06, 0x0b, 0x18, 
    0x0e, 0x0a, 0x00, 0x00, 0x06, 0x08, 0x0a, 0x03, 0x00, 0x00, 0x04, 0x0e, 
    0x0e, 0x03, 0x00, 0x00, 0x04, 0x0a, 0x0b, 0x03, 0x00, 0x00, 0x03, 0x0b, 
    0x07, 0x06, 0x00, 0x00, 0x06, 0x07, 0x09, 0x04, 0x01, 0x01, 0x04, 0x0d, 
    0x0e, 0x04, 0x00, 0x00, 0x01, 0x01, 0x01, 0x02, 0x00, 0x00, 0x01, 0x01, 
    0x01, 0x02, 0x00, 0x00, 0x01, 0x02, 0x03, 0x01, 0x00, 0x00, 0x01, 0x03, 
    0x02, 0x02, 0x00, 0x00, 0x01, 0x02, 0x03, 0x01, 0x00, 0x00, 0x01, 0x02, 
    0x01, 0x01, 0x00, 0x00, 0x01, 0x03, 0x03, 0x01, 0x00, 0x00, 0x01, 0x02, 
    0x02, 0x02, 0x00, 0x00, 0x01, 0x03, 0x02, 0x02, 0x00, 0x00, 0x01, 0x02, 
    0x03, 0x07, 0x04, 0x02, 0x01, 0x00, 0x00, 0x02, 0x05, 0x05, 0x03, 0x00, 
    0x00, 0x01, 0x01, 0x02, 0x01, 0x00, 0x00, 0x02, 0x05, 0x05, 0x03, 0x00, 
    0x00, 0x03, 0x03, 0x04, 0x02, 0x00, 0x00, 0x02, 0x02, 0x02, 0x02, 0x00, 
    0x00, 0x02, 0x05, 0x04, 0x04, 0x00, 0x00, 0x07, 0x06, 0x04, 0x03, 0x00, 
    0x00, 0x02, 0x04, 0x04, 0x02, 0x00, 0x00, 0x02, 0x02, 0x02, 0x02, 0x00, 
    0x00, 0x02, 0x04, 0x07, 0x07, 0x00, 0x00, 0x03, 0x04, 0x05, 0x03, 0x00, 
    0x00, 0x01, 0x02, 0x02, 0x02, 0x00, 0x00, 0x03, 0x03, 0x04, 0x03, 0x00, 
    0x00, 0x03, 0x04, 0x06, 0x01, 0x01, 0x01, 0x03, 0x06, 0x00, 0x06, 0x03, 
    0x01, 0x00, 0x00, 0x07, 0x03, 0x06, 0x03, 0x03, 0x05, 0x03, 0x03, 0x02, 
    0x00, 0x00, 0x03, 0x05, 0x04, 0x03, 0x00, 0x00, 0x09, 0x06, 0x03, 0x02, 
    0x00, 0x00, 0x02, 0x02, 0x02, 0x02, 0x00, 0x00, 0x02, 0x04, 0x04, 0x02, 
    0x00, 0x00, 0x03, 0x05, 0x04, 0x03, 0x00, 0x00, 0x07, 0x07, 0x04, 0x02, 
    0x00, 0x00, 0x02, 0x02, 0x02, 0x02, 0x00, 0x00, 0x02, 0x04, 0x03, 0x03, 
    0x01, 0x01, 0x03, 0x03, 0x05, 0x07, 0x00, 0x00, 0x03, 0x05, 0x05, 0x02, 
    0x00, 0x00, 0x02, 0x02, 0x02, 0x02, 0x00, 0x00, 0x01, 0x02, 0x02, 0x00, 
    0x02, 0x02, 0x01, 0x00, 0x00, 0x02, 0x02, 0x03, 0x01, 0x00, 0x00, 0x02, 
    0x02, 0x02, 0x01, 0x00, 0x00, 0x01, 0x03, 0x03, 0x01, 0x00, 0x00, 0x01, 
    0x01, 0x02, 0x01, 0x00, 0x00, 0x01, 0x03, 0x02, 0x01, 0x00, 0x00, 0x02, 
    0x02, 0x03, 0x01, 0x00, 0x00, 0x01, 0x03, 0x02, 0x01, 0x00, 0x00, 0x02, 
    0x01, 0x01, 0x01, 0x00, 0x00, 0x02, 0x01, 0x01, 0x01, 0x00, 0x00, 0x04, 
    0x0a, 0x09, 0x05, 0x01, 0x01, 0x04, 0x0c, 0x0a, 0x07, 0x00, 0x00, 0x06, 
    0x07, 0x0b, 0x03, 0x00, 0x00, 0x03, 0x0b, 0x0a, 0x04, 0x00, 0x00, 0x03, 
    0x0e, 0x0d, 0x04, 0x01, 0x01, 0x05, 0x08, 0x07, 0x06, 0x00, 0x00, 0x06, 
    0x08, 0x0a, 0x03, 0x00, 0x00, 0x03, 0x05, 0x05, 0x02, 0x00, 0x00, 0x02, 
    0x01, 0x04, 0x15, 0x00, 0x00, 0x01, 0x01, 0x04, 0x15, 0x00, 0x00, 0x01, 
    0x02, 0x03, 0x16, 0x00, 0x00, 0x01, 0x01, 0x04, 0x15, 0x00, 0x00, 0x02, 
    0x02, 0x02, 0x02, 0x00, 0x00, 0x02, 0x02, 0x03, 0x01, 0x00, 0x00, 0x01, 
    0x01, 0x02, 0x01, 0x00, 0x00, 0x01, 0x03, 0x02, 0x01, 0x00, 0x00, 0x01, 
    0x03, 0x03, 0x01, 0x00, 0x00, 0x01, 0x02, 0x03, 0x01, 0x00, 0x00, 0x01, 
    0x02, 0x01, 0x01, 0x00, 0x00, 0x01, 0x03, 0x03, 0x01, 0x00, 0x00, 0x01, 
    0x06, 0x03, 0x03, 0x00, 0x00, 0x04, 0x06, 0x06, 0x04, 0x01, 0x01, 0x03, 
    0x04, 0x03, 0x03, 0x00, 0x00, 0x02, 0x05, 0x05, 0x03, 0x00, 0x00, 0x02, 
    0x08, 0x05, 0x05, 0x00, 0x00, 0x02, 0x04, 0x04, 0x02, 0x00, 0x00, 0x03, 
    0x07, 0x07, 0x04, 0x01, 0x00, 0x04, 0x03, 0x04, 0x02, 0x00, 0x00, 0x03, 
    0x05, 0x04, 0x03, 0x00, 0x00, 0x02, 0x03, 0x03, 0x02, 0x00, 0x00, 0x02, 
    0x02, 0x02, 0x01, 0x00, 0x00, 0x02, 0x01, 0x04, 0x06, 0x00, 0x00, 0x03, 
    0x04, 0x05, 0x03, 0x00, 0x00, 0x02, 0x02, 0x02, 0x01, 0x00, 0x00, 0x02, 
    0x01, 0x05, 0x05, 0x00, 0x00, 0x01, 0x03, 0x02, 0x01, 0x00, 0x00, 0x02, 
    0x02, 0x02, 0x02, 0x00, 0x00, 0x01, 0x03, 0x02, 0x01, 0x00, 0x00, 0x05, 
    0x05, 0x02, 0x01, 0x00, 0x00, 0x01, 0x03, 0x02, 0x01, 0x00, 0x00, 0x02, 
    0x02, 0x02, 0x02, 0x00, 0x00, 0x01, 0x01, 0x01, 0x02, 0x00, 0x01, 0x18, 
    0x15, 0x04, 0x00, 0x00, 0x05, 0x24, 0x23, 0x06, 0x00, 0x00, 0x04, 0x14, 
    0x18, 0x01, 0x01, 0x00, 0x03, 0x03, 0x04, 0x02, 0x00, 0x00, 0x02, 0x02, 
    0x03, 0x01, 0x00, 0x00, 0x01, 0x01, 0x05, 0x08, 0x00, 0x00, 0x01, 0x01, 
    0x02, 0x01, 0x00, 0x00, 0x02, 0x02, 0x02, 0x01, 0x00, 0x00, 0x02, 0x02, 
    0x03, 0x01, 0x00, 0x00, 0x01, 0x02, 0x04, 0x05, 0x00, 0x00, 0x02, 0x02, 
    0x02, 0x02, 0x00, 0x00, 0x01, 0x03, 0x02, 0x01, 0x00, 0x00, 0x02, 0x02, 
    0x02, 0x02, 0x00, 0x00, 0x05, 0x05, 0x01, 0x01, 0x00, 0x00, 0x01, 0x03, 
    0x02, 0x02, 0x00, 0x00, 0x01, 0x02, 0x03, 0x01, 0x00, 0x00, 0x01, 0x02, 
    0x02, 0x04, 0x03, 0x03, 0x03, 0x00, 0x00, 0x02, 0x04, 0x03, 0x03, 0x01, 
    0x01, 0x04, 0x07, 0x07, 0x03, 0x00, 0x00, 0x02, 0x04, 0x03, 0x03, 0x00, 
    0x00, 0x04, 0x06, 0x06, 0x04, 0x01, 0x01, 0x03, 0x04, 0x04, 0x02, 0x00, 
    0x00, 0x03, 0x07, 0x06, 0x04, 0x01, 0x01, 0x03, 0x04, 0x03, 0x03, 0x00, 
    0x00, 0x03, 0x03, 0x06, 0x00, 0x00, 0x00, 0x01, 0x01, 0x02, 0x02, 0x00, 
    0x01, 0x02, 0x01, 0x01, 0x01, 0x00, 0x00, 0x01, 0x03, 0x03, 0x01, 0x00, 
    0x00, 0x00, 0x03, 0x03, 0x01, 0x00, 0x00, 0x01, 0x03, 0x02, 0x02, 0x00, 
    0x00, 0x01, 0x01, 0x01, 0x02, 0x00, 0x00, 0x0c, 0x06, 0x06, 0x01, 0x02, 
    0x01, 0x00, 0x00, 0x02, 0x02, 0x02, 0x01, 0x00, 0x00, 0x0e, 0x04, 0x01, 
    0x01, 0x00, 0x00, 0x02, 0x02, 0x02, 0x02, 0x00, 0x00, 0x0e, 0x03, 0x02, 
    0x01, 0x00, 0x00, 0x02, 0x02, 0x02, 0x01, 0x00, 0x00, 0x0e, 0x04, 0x01, 
    0x01, 0x00, 0x00, 0x03, 0x05, 0x05, 0x02, 0x00, 0x00, 0x03, 0x0b, 0x08, 
    0x06, 0x00, 0x00, 0x05, 0x07, 0x09, 0x04, 0x01, 0x01, 0x05, 0x0d, 0x0e, 
    0x03, 0x00, 0x00, 0x04, 0x0e, 0x0d, 0x04, 0x00, 0x00, 0x03, 0x07, 0x05, 
    0x05, 0x00, 0x00, 0x07, 0x09, 0x0c, 0x05, 0x01, 0x01, 0x03, 0x0a, 0x0a, 
    0x03, 0x00, 0x00, 0x01, 0x02, 0x01, 0x01, 0x00, 0x00, 0x01, 0x02, 0x01, 
    0x01, 0x00, 0x00, 0x02, 0x02, 0x03, 0x01, 0x00, 0x00, 0x01, 0x03, 0x02, 
    0x01, 0x00, 0x00, 0x02, 0x02, 0x02, 0x02, 0x00, 0x00, 0x01, 0x01, 0x02, 
    0x01, 0x00, 0x00, 0x01, 0x03, 0x02, 0x01, 0x00, 0x00, 0x02, 0x02, 0x03, 
    0x01, 0x00, 0x00, 0x01, 0x02, 0x03, 0x01, 0x00, 0x00, 0x01, 0x02, 0x01, 
    0x01, 0x00, 0x00, 0x01, 0x01, 0x46, 0x01, 0x00, 0x00, 0x00, 0x0f, 0x02, 
    0x02, 0x0f, 0x08, 0x00, 0x05, 0x05, 0x0a, 0x03, 0x0b, 0x06, 0x04, 0x14, 
    0x06, 0x02, 0x00, 0x00, 0x07, 0x03, 0x04, 0x00, 0x01, 0x60, 0x02, 0x03, 
    0x00, 0x01, 0x02, 0x04, 0x05, 0x02, 0x01, 0x01, 0x02, 0x01, 0x79, 0x02, 
    0x16, 0x00, 0x00, 0x02, 0x0c, 0x09, 0x05, 0xfd, 0x65, 0x02, 0x01, 0x00, 
    0x00, 0x02, 0x02, 0x03, 0x01, 0x00, 0x00, 0x01, 0x03, 0x02, 0x01, 0x00, 
    0x00, 0x02, 0x01, 0x01, 0x01, 0x00, 0x00, 0x07, 0x06, 0x01, 0x01, 0x00, 
    0x00, 0x02, 0x02, 0x02, 0x02, 0x00, 0x00, 0x01, 0x01, 0x02, 0x01, 0x00, 
    0x00, 0x02, 0x02, 0x02, 0x01, 0x00, 0x00, 0x02, 0x01, 0x04, 0x08, 0x00, 
    0x00, 0x16, 0x06, 0x03, 0x02, 0x00, 0x00, 0x01, 0x03, 0x02, 0x01, 0x00, 
    0x00, 0x02, 0x02, 0x02, 0x02, 0x00, 0x00, 0x02, 0x04, 0x03, 0x03, 0x00, 
    0x00, 0x02, 0x02, 0x02, 0x02, 0x00, 0x00, 0x02, 0x05, 0x04, 0x04, 0x00, 
    0x00, 0x09, 0x09, 0x05, 0x04, 0x00, 0x00, 0x03, 0x03, 0x04, 0x03, 0x00, 
    0x00, 0x02, 0x07, 0x07, 0x04, 0x00, 0x01, 0x05, 0x09, 0x08, 0x05, 0x01, 
    0x01, 0x0a, 0x3a, 0x3b, 0x0a, 0x00, 0x00, 0x03, 0x0a, 0x0b, 0x03, 0x00, 
    0x00, 0x03, 0x08, 0x09, 0x03, 0x00, 0x00, 0x02, 0x04, 0x03, 0x03, 0x00, 
    0x00, 0x03, 0x03, 0x04, 0x03, 0x01, 0x01, 0x03, 0x04, 0x03, 0x03, 0x00, 
    0x00, 0x02, 0x05, 0x04, 0x04, 0x00, 0x00, 0x07, 0x06, 0x04, 0x03, 0x00, 
    0x00, 0x01, 0x02, 0x02, 0x02, 0x00, 0x00, 0x08, 0x05, 0x07, 0x14, 0x00, 
    0x00, 0x02, 0x02, 0x02, 0x01, 0x00, 0x00, 0x02, 0x02, 0x02, 0x02, 0x00, 
    0x00, 0x03, 0x03, 0x04, 0x02, 0x00, 0x00, 0x02, 0x02, 0x03, 0x01, 0x00, 
    0x00, 0x01, 0x03, 0x02, 0x01, 0x00, 0x00, 0x02, 0x02, 0x02, 0x02, 0x00, 
    0x00, 0x01, 0x01, 0x02, 0x01, 0x00, 0x00, 0x01, 0x03, 0x02, 0x01, 0x00, 
    0x00, 0x02, 0x02, 0x03, 0x01, 0x00, 0x00, 0x01, 0x03, 0x03, 0x00, 0x00, 
    0x00, 0x00, 0x03, 0x03, 0x01, 0x00, 0x00, 0x01, 0x03, 0x03, 0x01, 0x00, 
    0x00, 0x01, 0x02, 0x03, 0x01, 0x00, 0x00, 0x01, 0x02, 0x01, 0x01, 0x00, 
    0x00, 0x01, 0x03, 0x02, 0x02, 0x00, 0x00, 0x01, 0x02, 0x03, 0x01, 0x00, 
    0x00, 0x01, 0x03, 0x02, 0x02, 0x00, 0x00, 0x02, 0x04, 0x03, 0x03, 0x00, 
    0x00, 0x02, 0x02, 0x02, 0x02, 0x00, 0x00, 0x01, 0x02, 0x02, 0x02, 0x00, 
    0x00, 0x16, 0x03, 0x01, 0x02, 0x00, 0x00, 0x02, 0x04, 0x04, 0x02, 0x00, 
    0x00, 0x01, 0x02, 0x01, 0x04, 0x03, 0x04, 0x05, 0x02, 0x03, 0x02, 0x00, 
    0x00, 0x02, 0x02, 0x02, 0x02, 0x00, 0x00, 0x02, 0x05, 0x04, 0x04, 0x01, 
    0x01, 0x04, 0x05, 0x05, 0x04, 0x00, 0x00, 0x03, 0x03, 0x04, 0x02, 0x00, 
    0x00, 0x03, 0x09, 0x08, 0x03, 0x00, 0x00, 0x03, 0x0a, 0x0a, 0x04, 0x01, 
    0x01, 0x0b, 0x3c, 0x3c, 0x0a, 0x01, 0x01, 0x04, 0x06, 0x07, 0x04, 0x01, 
    0x00, 0x04, 0x07, 0x07, 0x02, 0x00, 0x00, 0x03, 0x04, 0x03, 0x03, 0x00, 
    0x00, 0x04, 0x04, 0x05, 0x06, 0x02, 0x02, 0x04, 0x03, 0x03, 0x02, 0x00, 
    0x00, 0x01, 0x03, 0x02, 0x01, 0x00, 0x00, 0x03, 0x02, 0x03, 0x05, 0x03, 
    0x03, 0x04, 0x02, 0x01, 0x02, 0x00, 0x00, 0x02, 0x04, 0x04, 0x02, 0x00, 
    0x00, 0x01, 0x02, 0x03, 0x16, 0x00, 0x00, 0x01, 0x02, 0x03, 0x01, 0x00, 
    0x00, 0x02, 0x02, 0x02, 0x02, 0x00, 0x00, 0x01, 0x02, 0x02, 0x02, 0x00, 
    0x00, 0x01, 0x02, 0x01, 0x01, 0x00, 0x00, 0x02, 0x02, 0x02, 0x02, 0x00, 
    0x00, 0x01, 0x02, 0x02, 0x02, 0x00, 0x00, 0x02, 0x02, 0x03, 0x01, 0x00, 
    0x00, 0x01, 0x01, 0x01, 0x02, 0x00, 0x00, 0x01, 0x02, 0x03, 0x01, 0x00, 
    0x00, 0x01, 0x03, 0x03, 0x01, 0x00, 0x00, 0x00, 0x03, 0x03, 0x01, 0x00, 
    0x00, 0x01, 0x6d, 0x01, 0x01, 0x00, 0x00, 0x01, 0x03, 0x03, 0x01, 0x00, 
    0x00, 0x01, 0x03, 0x02, 0x01, 0x00, 0x00, 0x02, 0x02, 0x02, 0x02, 0x00, 
    0x00, 0x01, 0x01, 0x02, 0x01, 0x00, 0x00, 0x01, 0x02, 0x03, 0x01, 0x00, 
    0x00, 0x01, 0x02, 0x03, 0x0e, 0x00, 0x00, 0x02, 0x02, 0x02, 0x02, 0x00, 
    0x00, 0x01, 0x01, 0x04, 0x0e, 0x00, 0x00, 0x03, 0x04, 0x05, 0x03, 0x00, 
    0x00, 0x01, 0x02, 0x02, 0x02, 0x00, 0x00, 0x03, 0x03, 0x04, 0x03, 0x00, 
    0x00, 0x02, 0x04, 0x03, 0x04, 0x01, 0x01, 0x03, 0x07, 0x07, 0x02, 0x00, 
    0x00, 0x04, 0x0e, 0x0a, 0x07, 0x00, 0x00, 0x08, 0x0b, 0x0b, 0x08, 0x00, 
    0x00, 0x07, 0x0a, 0x0e, 0x04, 0x00, 0x00, 0x03, 0x07, 0x07, 0x03, 0x00, 
    0x00, 0x02, 0x05, 0x05, 0x03, 0x00, 0x00, 0x02, 0x04, 0x03, 0x03, 0x00, 
    0x00, 0x02, 0x02, 0x02, 0x02, 0x00, 0x00, 0x02, 0x05, 0x04, 0x04, 0x00, 
    0x00, 0x0d, 0x04, 0x01, 0x02, 0x00, 0x00, 0x01, 0x02, 0x02, 0x02, 0x00, 
    0x00, 0x0e, 0x03, 0x02, 0x01, 0x00, 0x00, 0x01, 0x03, 0x02, 0x02, 0x00, 
    0x00, 0x01, 0x01, 0x01, 0x02, 0x00, 0x00, 0x01, 0x02, 0x03, 0x01, 0x00, 
    0x00, 0x01, 0x03, 0x02, 0x02, 0x00, 0x00, 0x01, 0x02, 0x03, 0x01, 0x00, 
    0x00, 0x01, 0x01, 0x02, 0x01, 0x00, 0x00, 0x01, 0x02, 0x01, 0x01, 0x00, 
    0x00, 0x01, 0x03, 0x02, 0x01, 0x00, 0x00, 0x02, 0x02, 0x03, 0x01, 0x00, 
    0x00, 0x01, 0x03, 0x02, 0x01, 0x00, 0x00, 0x02, 0x01, 0x01, 0x01, 0x00, 
    0x00, 0x02, 0x02, 0x03, 0x01, 0x00, 0x00, 0x01, 0x02, 0x03, 0x0e, 0x00, 
    0x00, 0x02, 0x02, 0x02, 0x01, 0x00, 0x00, 0x02, 0x01, 0x04, 0x0d, 0x00, 
    0x00, 0x04, 0x04, 0x05, 0x02, 0x00, 0x00, 0x02, 0x02, 0x02, 0x02, 0x00, 
    0x00, 0x03, 0x03, 0x04, 0x02, 0x00, 0x00, 0x03, 0x07, 0x07, 0x03, 0x00, 
    0x00, 0x03, 0x08, 0x09, 0x03, 0x00, 0x00, 0x03, 0x0d, 0x09, 0x08, 0x00, 
    0x01, 0x06, 0x07, 0x07, 0x06, 0x00, 0x00, 0x07, 0x09, 0x0d, 0x03, 0x00, 
    0x00, 0x03, 0x08, 0x09, 0x02, 0x00, 0x00, 0x03, 0x07, 0x08, 0x02, 0x00, 
    0x00, 0x03, 0x04, 0x03, 0x03, 0x00, 0x00, 0x02, 0x02, 0x02, 0x01, 0x00, 
    0x00, 0x03, 0x05, 0x04, 0x03, 0x00, 0x00, 0x0e, 0x04, 0x01, 0x01, 0x00, 
    0x00, 0x02, 0x02, 0x02, 0x02, 0x00, 0x00, 0x0e, 0x03, 0x02, 0x01, 0x00, 
    0x00, 0x01, 0x03, 0x02, 0x01, 0x00, 0x00, 0x01, 0x02, 0x01, 0x01, 0x00, 
    0x00, 0x02, 0x02, 0x02, 0x02, 0x00, 0x00, 0x01, 0x02, 0x03, 0x01, 0x00, 
    0x00, 0x01, 0x03, 0x03, 0x01, 0x00, 0x00, 0x01, 0x01, 0x02, 0x01, 0x00, 
    0x00, 0x01, 0x01, 0xb0, 0x06, 0x06, 0x01, 0x01, 0x15, 0x03, 0x03, 0x03, 
    0x00, 0x01, 0x00, 0x00, 0x00, 0x01, 0x00, 0x00, 0x39, 0x5d, 0x96, 0x91, 
    0x5f, 0x0f, 0x3c, 0xf5, 0x00, 0x0b, 0x08, 0x00, 0x00, 0x00, 0x00, 0x00, 
    0xe5, 0x8c, 0x51, 0x49, 0x00, 0x00, 0x00, 0x00, 0xe5, 0x8c, 0x51, 0x49, 
    0x00, 0x06, 0xfe, 0x6f, 0x07, 0xf7, 0x06, 0x5f, 0x00, 0x00, 0x00, 0x08, 
    0x00, 0x02, 0x00, 0x01, 0x00, 0x00, 0x00, 0x00, 0x00, 0x01, 0x00, 0x00, 
    0x06, 0x66, 0xfe, 0x67, 0x00, 0x00, 0x08, 0x00, 0x00, 0x06, 0x00, 0x09, 
    0x07, 0xf7, 0x00, 0x01, 0x00, 0x00, 0x00, 0x00, 0x00, 0x00, 0x00, 0x00, 
    0x00, 0x00, 0x00, 0x00, 0x00, 0x00, 0x00, 0x0a, 0x04, 0x00, 0x00, 0x00, 
    0x04, 0x00, 0x00, 0x00, 0x08, 0x00, 0x00, 0x06, 0x08, 0x00, 0x00, 0x07, 
    0x08, 0x00, 0x01, 0x51, 0x08, 0x00, 0x01, 0x1a, 0x08, 0x00, 0x01, 0x1a, 
    0x08, 0x00, 0x01, 0x7c, 0x08, 0x00, 0x02, 0x00, 0x08, 0x00, 0x00, 0xe1, 
    0x00, 0x00, 0x00, 0x00, 0x00, 0x00, 0x00, 0x00, 0x00, 0x00, 0x00, 0x00, 
    0x00, 0x00, 0x33, 0xe4, 0x00, 0x00, 0x80, 0x54, 0x00, 0x00, 0xa4, 0x68, 
    0x00, 0x00, 0xc3, 0xcc, 0x00, 0x00, 0xe0, 0x10, 0x00, 0x00, 0xf4, 0x64, 
    0x00, 0x01, 0x13, 0x14, 0x00, 0x01, 0x49, 0xdc, 0x00, 0x01, 0x00, 0x00, 
    0x00, 0x0a, 0x19, 0x6c, 0x00, 0x18, 0x00, 0x00, 0x00, 0x00, 0x00, 0x02, 
    0x00, 0x00, 0x00, 0x00, 0x00, 0x00, 0x00, 0x00, 0x00, 0x00, 0x00, 0x00, 
    0x00, 0x00, 0x00, 0x00, 0x00, 0x00, 0x00, 0x0d, 0x00, 0xa2, 0x00, 0x01, 
    0x00, 0x00, 0x00, 0x00, 0x00, 0x01, 0x00, 0x09, 0x00, 0x00, 0x00, 0x03, 
    0x00, 0x01, 0x04, 0x09, 0x00, 0x00, 0x00, 0x44, 0x00, 0x09, 0x00, 0x03, 
    0x00, 0x01, 0x04, 0x09, 0x00, 0x01, 0x00, 0x12, 0x00, 0x4d, 0x00, 0x03, 
    0x00, 0x01, 0x04, 0x09, 0x00, 0x02, 0x00, 0x0e, 0x00, 0x5f, 0x00, 0x03, 
    0x00, 0x01, 0x04, 0x09, 0x00, 0x03, 0x00, 0x48, 0x00, 0x6d, 0x00, 0x03, 
    0x00, 0x01, 0x04, 0x09, 0x00, 0x04, 0x00, 0x22, 0x00, 0xb5, 0x00, 0x03, 
    0x00, 0x01, 0x04, 0x09, 0x00, 0x05, 0x00, 0x16, 0x00, 0xd7, 0x00, 0x03, 
    0x00, 0x01, 0x04, 0x09, 0x00, 0x06, 0x00, 0x22, 0x00, 0xed, 0x00, 0x03, 
    0x00, 0x01, 0x04, 0x09, 0x00, 0x07, 0x00, 0x0c, 0x01, 0x0f, 0x00, 0x03, 
    0x00, 0x01, 0x04, 0x09, 0x00, 0x08, 0x00, 0x14, 0x01, 0x1b, 0x00, 0x03, 
    0x00, 0x01, 0x04, 0x09, 0x00, 0x09, 0x00, 0x14, 0x01, 0x2f, 0x00, 0x03, 
    0x00, 0x01, 0x04, 0x09, 0x00, 0x0b, 0x00, 0x2c, 0x01, 0x43, 0x00, 0x03, 
    0x00, 0x01, 0x04, 0x09, 0x00, 0x13, 0x00, 0x1e, 0x01, 0x6f, 0x4d, 0x65, 
    0x6e, 0x75, 0x2d, 0x69, 0x63, 0x6f, 0x6e, 0x00, 0xa9, 0x00, 0x20, 0x00, 
    0x32, 0x00, 0x30, 0x00, 0x32, 0x00, 0x31, 0x00, 0x20, 0x00, 0x6d, 0x00, 
    0x79, 0x00, 0x66, 0x00, 0x6f, 0x00, 0x6e, 0x00, 0x74, 0x00, 0x20, 0x00, 
    0x41, 0x00, 0x6c, 0x00, 0x6c, 0x00, 0x20, 0x00, 0x72, 0x00, 0x69, 0x00, 
    0x67, 0x00, 0x68, 0x00, 0x74, 0x00, 0x73, 0x00, 0x20, 0x00, 0x72, 0x00, 
    0x65, 0x00, 0x73, 0x00, 0x65, 0x00, 0x72, 0x00, 0x76, 0x00, 0x65, 0x00, 
    0x64, 0x00, 0x2e, 0x00, 0x4d, 0x00, 0x65, 0x00, 0x6e, 0x00, 0x75, 0x00, 
    0x2d, 0x00, 0x69, 0x00, 0x63, 0x00, 0x6f, 0x00, 0x6e, 0x00, 0x52, 0x00, 
    0x65, 0x00, 0x67, 0x00, 0x75, 0x00, 0x6c, 0x00, 0x61, 0x00, 0x72, 0x00, 
    0x4d, 0x00, 0x65, 0x00, 0x6e, 0x00, 0x75, 0x00, 0x2d, 0x00, 0x69, 0x00, 
    0x63, 0x00, 0x6f, 0x00, 0x6e, 0x00, 0x2d, 0x00, 0x6d, 0x00, 0x79, 0x00, 
    0x66, 0x00, 0x6f, 0x00, 0x6e, 0x00, 0x74, 0x00, 0x2d, 0x00, 0x6f, 0x00, 
    0x65, 0x00, 0x48, 0x00, 0x47, 0x00, 0x69, 0x00, 0x46, 0x00, 0x4f, 0x00, 
    0x4b, 0x00, 0x2d, 0x00, 0x32, 0x00, 0x30, 0x00, 0x32, 0x00, 0x36, 0x00, 
    0x2d, 0x00, 0x30, 0x00, 0x31, 0x00, 0x2d, 0x00, 0x31, 0x00, 0x33, 0x00, 
    0x4d, 0x00, 0x65, 0x00, 0x6e, 0x00, 0x75, 0x00, 0x2d, 0x00, 0x69, 0x00, 
    0x63, 0x00, 0x6f, 0x00, 0x6e, 0x00, 0x20, 0x00, 0x52, 0x00, 0x65, 0x00, 
    0x67, 0x00, 0x75, 0x00, 0x6c, 0x00, 0x61, 0x00, 0x72, 0x00, 0x56, 0x00, 
    0x65, 0x00, 0x72, 0x00, 0x73, 0x00, 0x69, 0x00, 0x6f, 0x00, 0x6e, 0x00, 
    0x20, 0x00, 0x31, 0x00, 0x2e, 0x00, 0x30, 0x00, 0x4d, 0x00, 0x65, 0x00, 
    0x6e, 0x00, 0x75, 0x00, 0x2d, 0x00, 0x69, 0x00, 0x63, 0x00, 0x6f, 0x00, 
    0x6e, 0x00, 0x2d, 0x00, 0x52, 0x00, 0x65, 0x00, 0x67, 0x00, 0x75, 0x00, 
    0x6c, 0x00, 0x61, 0x00, 0x72, 0x00, 0x6d, 0x00, 0x79, 0x00, 0x66, 0x00, 
    0x6f, 0x00, 0x6e, 0x00, 0x74, 0x00, 0x6d, 0x00, 0x79, 0x00, 0x66, 0x00, 
    0x6f, 0x00, 0x6e, 0x00, 0x74, 0x00, 0x2e, 0x00, 0x62, 0x00, 0x69, 0x00, 
    0x64, 0x00, 0x6d, 0x00, 0x79, 0x00, 0x66, 0x00, 0x6f, 0x00, 0x6e, 0x00, 
    0x74, 0x00, 0x2e, 0x00, 0x62, 0x00, 0x69, 0x00, 0x64, 0x00, 0x68, 0x00, 
    0x74, 0x00, 0x74, 0x00, 0x70, 0x00, 0x3a, 0x00, 0x2f, 0x00, 0x2f, 0x00, 
    0x64, 0x00, 0x69, 0x00, 0x73, 0x00, 0x2e, 0x00, 0x6d, 0x00, 0x79, 0x00, 
    0x66, 0x00, 0x6f, 0x00, 0x6e, 0x00, 0x74, 0x00, 0x2e, 0x00, 0x62, 0x00, 
    0x69, 0x00, 0x64, 0x00, 0x2f, 0x00, 0x74, 0x00, 0x68, 0x00, 0x69, 0x00, 
    0x73, 0x00, 0x20, 0x00, 0x69, 0x00, 0x73, 0x00, 0x20, 0x00, 0x6d, 0x00, 
    0x79, 0x00, 0x20, 0x00, 0x66, 0x00, 0x6f, 0x00, 0x6e, 0x00, 0x74, 0x00, 
    0x00, 0x02, 0x00, 0x00, 0x00, 0x00, 0x00, 0x00, 0xfe, 0x67, 0x00, 0x01, 
    0x00, 0x00, 0x00, 0x00, 0x00, 0x00, 0x00, 0x00, 0x00, 0x00, 0x00, 0x00, 
    0x00, 0x00, 0x00, 0x00, 0x00, 0x00, 0x00, 0x00, 0x00, 0x0a, 0x00, 0x01, 
    0x00, 0x03, 0x00, 0x44, 0x00, 0x45, 0x00, 0x46, 0x00, 0x47, 0x00, 0x48, 
    0x00, 0x49, 0x00, 0x4a, 0x00, 0x4b, 0x00, 0x00
};

static const unsigned int iconsFont_size = sizeof(iconsFont);

#endif // ICONSFONT_H
