// Font data for ImGui
// Generated from TTF/OTF file
// Size: 22316 bytes
// Use with: ImGui::GetIO().Fonts->AddFontFromMemoryTTF(knife_font, sizeof(knife_font), size, NULL, NULL);

#ifndef KNIFE_FONT_H
#define KNIFE_FONT_H

static unsigned char knife_font[] = {
    0x4f, 0x54, 0x54, 0x4f, 0x00, 0x09, 0x00, 0x80, 0x00, 0x03, 0x00, 0x10, 
    0x43, 0x46, 0x46, 0x20, 0x25, 0x0b, 0xdc, 0x24, 0x00, 0x00, 0x05, 0x4c, 
    0x00, 0x00, 0x51, 0x9c, 0x4f, 0x53, 0x2f, 0x32, 0x6a, 0x2d, 0x68, 0xda, 
    0x00, 0x00, 0x01, 0x00, 0x00, 0x00, 0x00, 0x60, 0x63, 0x6d, 0x61, 0x70, 
    0x03, 0xa9, 0x04, 0x7f, 0x00, 0x00, 0x04, 0x80, 0x00, 0x00, 0x00, 0xac, 
    0x68, 0x65, 0x61, 0x64, 0x30, 0x47, 0x9b, 0xaa, 0x00, 0x00, 0x00, 0x9c, 
    0x00, 0x00, 0x00, 0x36, 0x68, 0x68, 0x65, 0x61, 0x03, 0xea, 0x06, 0x0c, 
    0x00, 0x00, 0x00, 0xd4, 0x00, 0x00, 0x00, 0x24, 0x68, 0x6d, 0x74, 0x78, 
    0x54, 0x91, 0x00, 0x00, 0x00, 0x00, 0x56, 0xe8, 0x00, 0x00, 0x00, 0x44, 
    0x6d, 0x61, 0x78, 0x70, 0x00, 0x11, 0x50, 0x00, 0x00, 0x00, 0x00, 0xf8, 
    0x00, 0x00, 0x00, 0x06, 0x6e, 0x61, 0x6d, 0x65, 0x6d, 0x40, 0x8d, 0xb9, 
    0x00, 0x00, 0x01, 0x60, 0x00, 0x00, 0x03, 0x1e, 0x70, 0x6f, 0x73, 0x74, 
    0x00, 0x03, 0x00, 0x00, 0x00, 0x00, 0x05, 0x2c, 0x00, 0x00, 0x00, 0x20, 
    0x00, 0x01, 0x00, 0x00, 0x00, 0x01, 0x00, 0x00, 0xd4, 0xe7, 0x9c, 0x89, 
    0x5f, 0x0f, 0x3c, 0xf5, 0x00, 0x03, 0x03, 0xe8, 0x00, 0x00, 0x00, 0x00, 
    0xe5, 0x81, 0xac, 0x0d, 0x00, 0x00, 0x00, 0x00, 0xe5, 0x81, 0xac, 0x0d, 
    0x00, 0x00, 0xff, 0xf0, 0x06, 0x2d, 0x02, 0xc0, 0x00, 0x00, 0x00, 0x03, 
    0x00, 0x02, 0x00, 0x00, 0x00, 0x00, 0x00, 0x00, 0x00, 0x01, 0x00, 0x00, 
    0x03, 0xe8, 0xff, 0xbe, 0x00, 0x00, 0x06, 0x3c, 0x00, 0x00, 0x00, 0x00, 
    0x00, 0x00, 0x00, 0x01, 0x00, 0x00, 0x00, 0x00, 0x00, 0x00, 0x00, 0x00, 
    0x00, 0x00, 0x00, 0x00, 0x00, 0x00, 0x00, 0x11, 0x00, 0x00, 0x50, 0x00, 
    0x00, 0x11, 0x00, 0x00, 0x00, 0x03, 0x05, 0x24, 0x01, 0xf4, 0x00, 0x05, 
    0x00, 0x00, 0x02, 0x8a, 0x02, 0xbb, 0x00, 0x00, 0x00, 0x8c, 0x02, 0x8a, 
    0x02, 0xbb, 0x00, 0x00, 0x01, 0xdf, 0x00, 0x31, 0x01, 0x02, 0x00, 0x00, 
    0x00, 0x00, 0x00, 0x00, 0x00, 0x00, 0x00, 0x00, 0x00, 0x00, 0x00, 0x00, 
    0x00, 0x01, 0x00, 0x00, 0x00, 0x00, 0x00, 0x00, 0x00, 0x00, 0x00, 0x00, 
    0x00, 0x00, 0x58, 0x58, 0x58, 0x58, 0x00, 0x40, 0x00, 0x20, 0x00, 0x79, 
    0x03, 0xe8, 0xff, 0xbe, 0x00, 0x00, 0x02, 0xc0, 0x00, 0x10, 0x00, 0x00, 
    0x00, 0x01, 0x00, 0x00, 0x00, 0x00, 0x02, 0xbd, 0x02, 0xc0, 0x00, 0x20, 
    0x00, 0x20, 0x00, 0x00, 0x00, 0x00, 0x00, 0x22, 0x01, 0x9e, 0x00, 0x01, 
    0x00, 0x00, 0x00, 0x00, 0x00, 0x00, 0x00, 0x01, 0x00, 0x45, 0x00, 0x01, 
    0x00, 0x00, 0x00, 0x00, 0x00, 0x01, 0x00, 0x0c, 0x00, 0x00, 0x00, 0x01, 
    0x00, 0x00, 0x00, 0x00, 0x00, 0x02, 0x00, 0x07, 0x00, 0x24, 0x00, 0x01, 
    0x00, 0x00, 0x00, 0x00, 0x00, 0x03, 0x00, 0x1f, 0x01, 0x23, 0x00, 0x01, 
    0x00, 0x00, 0x00, 0x00, 0x00, 0x04, 0x00, 0x14, 0x00, 0x39, 0x00, 0x01, 
    0x00, 0x00, 0x00, 0x00, 0x00, 0x05, 0x00, 0x03, 0x01, 0x1a, 0x00, 0x01, 
    0x00, 0x00, 0x00, 0x00, 0x00, 0x06, 0x00, 0x13, 0x00, 0x75, 0x00, 0x01, 
    0x00, 0x00, 0x00, 0x00, 0x00, 0x07, 0x00, 0x01, 0x00, 0x45, 0x00, 0x01, 
    0x00, 0x00, 0x00, 0x00, 0x00, 0x08, 0x00, 0x0a, 0x00, 0xae, 0x00, 0x01, 
    0x00, 0x00, 0x00, 0x00, 0x00, 0x09, 0x00, 0x01, 0x00, 0x45, 0x00, 0x01, 
    0x00, 0x00, 0x00, 0x00, 0x00, 0x0a, 0x00, 0x01, 0x00, 0x45, 0x00, 0x01, 
    0x00, 0x00, 0x00, 0x00, 0x00, 0x0b, 0x00, 0x1a, 0x00, 0xcc, 0x00, 0x01, 
    0x00, 0x00, 0x00, 0x00, 0x00, 0x0c, 0x00, 0x01, 0x00, 0x45, 0x00, 0x01, 
    0x00, 0x00, 0x00, 0x00, 0x00, 0x0d, 0x00, 0x01, 0x00, 0x45, 0x00, 0x01, 
    0x00, 0x00, 0x00, 0x00, 0x00, 0x0e, 0x00, 0x01, 0x00, 0x45, 0x00, 0x01, 
    0x00, 0x00, 0x00, 0x00, 0x00, 0x10, 0x00, 0x0c, 0x00, 0x00, 0x00, 0x01, 
    0x00, 0x00, 0x00, 0x00, 0x00, 0x11, 0x00, 0x07, 0x00, 0x24, 0x00, 0x03, 
    0x00, 0x01, 0x04, 0x09, 0x00, 0x00, 0x00, 0x02, 0x00, 0x65, 0x00, 0x03, 
    0x00, 0x01, 0x04, 0x09, 0x00, 0x01, 0x00, 0x18, 0x00, 0x0c, 0x00, 0x03, 
    0x00, 0x01, 0x04, 0x09, 0x00, 0x02, 0x00, 0x0e, 0x00, 0x2b, 0x00, 0x03, 
    0x00, 0x01, 0x04, 0x09, 0x00, 0x03, 0x00, 0x3e, 0x01, 0x42, 0x00, 0x03, 
    0x00, 0x01, 0x04, 0x09, 0x00, 0x04, 0x00, 0x28, 0x00, 0x4d, 0x00, 0x03, 
    0x00, 0x01, 0x04, 0x09, 0x00, 0x05, 0x00, 0x06, 0x01, 0x1d, 0x00, 0x03, 
    0x00, 0x01, 0x04, 0x09, 0x00, 0x06, 0x00, 0x26, 0x00, 0x88, 0x00, 0x03, 
    0x00, 0x01, 0x04, 0x09, 0x00, 0x07, 0x00, 0x02, 0x00, 0x65, 0x00, 0x03, 
    0x00, 0x01, 0x04, 0x09, 0x00, 0x08, 0x00, 0x14, 0x00, 0xb8, 0x00, 0x03, 
    0x00, 0x01, 0x04, 0x09, 0x00, 0x09, 0x00, 0x02, 0x00, 0x65, 0x00, 0x03, 
    0x00, 0x01, 0x04, 0x09, 0x00, 0x0a, 0x00, 0x02, 0x00, 0x65, 0x00, 0x03, 
    0x00, 0x01, 0x04, 0x09, 0x00, 0x0b, 0x00, 0x34, 0x00, 0xe6, 0x00, 0x03, 
    0x00, 0x01, 0x04, 0x09, 0x00, 0x0c, 0x00, 0x02, 0x00, 0x65, 0x00, 0x03, 
    0x00, 0x01, 0x04, 0x09, 0x00, 0x0d, 0x00, 0x02, 0x00, 0x65, 0x00, 0x03, 
    0x00, 0x01, 0x04, 0x09, 0x00, 0x0e, 0x00, 0x02, 0x00, 0x65, 0x00, 0x03, 
    0x00, 0x01, 0x04, 0x09, 0x00, 0x10, 0x00, 0x18, 0x00, 0x0c, 0x00, 0x03, 
    0x00, 0x01, 0x04, 0x09, 0x00, 0x11, 0x00, 0x0e, 0x00, 0x2b, 0x4d, 0x79, 
    0x43, 0x75, 0x73, 0x74, 0x6f, 0x6d, 0x46, 0x6f, 0x6e, 0x74, 0x00, 0x4d, 
    0x00, 0x79, 0x00, 0x43, 0x00, 0x75, 0x00, 0x73, 0x00, 0x74, 0x00, 0x6f, 
    0x00, 0x6d, 0x00, 0x46, 0x00, 0x6f, 0x00, 0x6e, 0x00, 0x74, 0x52, 0x65, 
    0x67, 0x75, 0x6c, 0x61, 0x72, 0x00, 0x52, 0x00, 0x65, 0x00, 0x67, 0x00, 
    0x75, 0x00, 0x6c, 0x00, 0x61, 0x00, 0x72, 0x4d, 0x79, 0x43, 0x75, 0x73, 
    0x74, 0x6f, 0x6d, 0x46, 0x6f, 0x6e, 0x74, 0x20, 0x52, 0x65, 0x67, 0x75, 
    0x6c, 0x61, 0x72, 0x00, 0x4d, 0x00, 0x79, 0x00, 0x43, 0x00, 0x75, 0x00, 
    0x73, 0x00, 0x74, 0x00, 0x6f, 0x00, 0x6d, 0x00, 0x46, 0x00, 0x6f, 0x00, 
    0x6e, 0x00, 0x74, 0x00, 0x20, 0x00, 0x52, 0x00, 0x65, 0x00, 0x67, 0x00, 
    0x75, 0x00, 0x6c, 0x00, 0x61, 0x00, 0x72, 0x4d, 0x79, 0x43, 0x75, 0x73, 
    0x74, 0x6f, 0x6d, 0x46, 0x6f, 0x6e, 0x74, 0x52, 0x65, 0x67, 0x75, 0x6c, 
    0x61, 0x72, 0x00, 0x4d, 0x00, 0x79, 0x00, 0x43, 0x00, 0x75, 0x00, 0x73, 
    0x00, 0x74, 0x00, 0x6f, 0x00, 0x6d, 0x00, 0x46, 0x00, 0x6f, 0x00, 0x6e, 
    0x00, 0x74, 0x00, 0x52, 0x00, 0x65, 0x00, 0x67, 0x00, 0x75, 0x00, 0x6c, 
    0x00, 0x61, 0x00, 0x72, 0x54, 0x65, 0x78, 0x74, 0x53, 0x74, 0x75, 0x64, 
    0x69, 0x6f, 0x00, 0x54, 0x00, 0x65, 0x00, 0x78, 0x00, 0x74, 0x00, 0x53, 
    0x00, 0x74, 0x00, 0x75, 0x00, 0x64, 0x00, 0x69, 0x00, 0x6f, 0x68, 0x74, 
    0x74, 0x70, 0x73, 0x3a, 0x2f, 0x2f, 0x77, 0x77, 0x77, 0x2e, 0x74, 0x65, 
    0x78, 0x74, 0x73, 0x74, 0x75, 0x64, 0x69, 0x6f, 0x2e, 0x63, 0x6f, 0x6d, 
    0x00, 0x68, 0x00, 0x74, 0x00, 0x74, 0x00, 0x70, 0x00, 0x73, 0x00, 0x3a, 
    0x00, 0x2f, 0x00, 0x2f, 0x00, 0x77, 0x00, 0x77, 0x00, 0x77, 0x00, 0x2e, 
    0x00, 0x74, 0x00, 0x65, 0x00, 0x78, 0x00, 0x74, 0x00, 0x73, 0x00, 0x74, 
    0x00, 0x75, 0x00, 0x64, 0x00, 0x69, 0x00, 0x6f, 0x00, 0x2e, 0x00, 0x63, 
    0x00, 0x6f, 0x00, 0x6d, 0x31, 0x2e, 0x30, 0x00, 0x31, 0x00, 0x2e, 0x00, 
    0x30, 0x54, 0x65, 0x78, 0x74, 0x53, 0x74, 0x75, 0x64, 0x69, 0x6f, 0x3a, 
    0x4d, 0x79, 0x43, 0x75, 0x73, 0x74, 0x6f, 0x6d, 0x46, 0x6f, 0x6e, 0x74, 
    0x20, 0x52, 0x65, 0x67, 0x75, 0x6c, 0x61, 0x72, 0x00, 0x54, 0x00, 0x65, 
    0x00, 0x78, 0x00, 0x74, 0x00, 0x53, 0x00, 0x74, 0x00, 0x75, 0x00, 0x64, 
    0x00, 0x69, 0x00, 0x6f, 0x00, 0x3a, 0x00, 0x4d, 0x00, 0x79, 0x00, 0x43, 
    0x00, 0x75, 0x00, 0x73, 0x00, 0x74, 0x00, 0x6f, 0x00, 0x6d, 0x00, 0x46, 
    0x00, 0x6f, 0x00, 0x6e, 0x00, 0x74, 0x00, 0x20, 0x00, 0x52, 0x00, 0x65, 
    0x00, 0x67, 0x00, 0x75, 0x00, 0x6c, 0x00, 0x61, 0x00, 0x72, 0x00, 0x00, 
    0x00, 0x00, 0x00, 0x01, 0x00, 0x03, 0x00, 0x01, 0x00, 0x00, 0x00, 0x0c, 
    0x00, 0x04, 0x00, 0xa0, 0x00, 0x00, 0x00, 0x24, 0x00, 0x20, 0x00, 0x04, 
    0x00, 0x04, 0x00, 0x00, 0x00, 0x20, 0x00, 0x61, 0x00, 0x62, 0x00, 0x64, 
    0x00, 0x65, 0x00, 0x69, 0x00, 0x6d, 0x00, 0x70, 0x00, 0x71, 0x00, 0x72, 
    0x00, 0x73, 0x00, 0x74, 0x00, 0x75, 0x00, 0x76, 0x00, 0x77, 0x00, 0x79, 
    0xff, 0xff, 0x00, 0x00, 0x00, 0x00, 0x00, 0x20, 0x00, 0x61, 0x00, 0x62, 
    0x00, 0x64, 0x00, 0x65, 0x00, 0x69, 0x00, 0x6d, 0x00, 0x70, 0x00, 0x71, 
    0x00, 0x72, 0x00, 0x73, 0x00, 0x74, 0x00, 0x75, 0x00, 0x76, 0x00, 0x77, 
    0x00, 0x79, 0xff, 0xff, 0x00, 0x00, 0xff, 0xe1, 0xff, 0xad, 0xff, 0xae, 
    0xff, 0xa5, 0xff, 0x9f, 0xff, 0x9d, 0xff, 0x9e, 0xff, 0x9a, 0xff, 0x91, 
    0xff, 0x95, 0xff, 0x99, 0xff, 0x99, 0xff, 0x90, 0xff, 0x99, 0xff, 0x8c, 
    0xff, 0x8f, 0x00, 0x01, 0x00, 0x00, 0x00, 0x00, 0x00, 0x00, 0x00, 0x00, 
    0x00, 0x00, 0x00, 0x00, 0x00, 0x00, 0x00, 0x00, 0x00, 0x00, 0x00, 0x00, 
    0x00, 0x00, 0x00, 0x00, 0x00, 0x00, 0x00, 0x00, 0x00, 0x00, 0x00, 0x00, 
    0x00, 0x00, 0x00, 0x00, 0x00, 0x03, 0x00, 0x00, 0x00, 0x00, 0x00, 0x00, 
    0x00, 0x00, 0x00, 0x00, 0x00, 0x00, 0x00, 0x00, 0x00, 0x00, 0x00, 0x00, 
    0x00, 0x00, 0x00, 0x00, 0x00, 0x00, 0x00, 0x00, 0x00, 0x00, 0x00, 0x00, 
    0x01, 0x00, 0x04, 0x01, 0x00, 0x01, 0x01, 0x01, 0x14, 0x4d, 0x79, 0x43, 
    0x75, 0x73, 0x74, 0x6f, 0x6d, 0x46, 0x6f, 0x6e, 0x74, 0x52, 0x65, 0x67, 
    0x75, 0x6c, 0x61, 0x72, 0x00, 0x01, 0x01, 0x01, 0x28, 0xf8, 0x1b, 0x00, 
    0xf8, 0x1c, 0x02, 0xf8, 0x1d, 0x03, 0xf8, 0x1e, 0x04, 0x8b, 0x7b, 0xfa, 
    0x7c, 0x1c, 0x06, 0x3c, 0x05, 0x1d, 0x00, 0x00, 0x00, 0xee, 0x0f, 0x1d, 
    0x00, 0x00, 0x01, 0x0f, 0x11, 0x8b, 0x1d, 0x00, 0x00, 0x51, 0x9c, 0x12, 
    0x00, 0x14, 0x01, 0x01, 0x04, 0x18, 0x24, 0x2b, 0x30, 0x37, 0x3e, 0x45, 
    0x4c, 0x53, 0x5a, 0x61, 0x68, 0x6f, 0x76, 0x7d, 0x84, 0x85, 0x8c, 0x8d, 
    0x31, 0x2e, 0x30, 0x4d, 0x79, 0x43, 0x75, 0x73, 0x74, 0x6f, 0x6d, 0x46, 
    0x6f, 0x6e, 0x74, 0x20, 0x52, 0x65, 0x67, 0x75, 0x6c, 0x61, 0x72, 0x4d, 
    0x79, 0x43, 0x75, 0x73, 0x74, 0x6f, 0x6d, 0x46, 0x6f, 0x6e, 0x74, 0x52, 
    0x65, 0x67, 0x75, 0x6c, 0x61, 0x72, 0x73, 0x70, 0x61, 0x63, 0x65, 0x75, 
    0x6e, 0x69, 0x30, 0x30, 0x37, 0x31, 0x75, 0x6e, 0x69, 0x30, 0x30, 0x37, 
    0x37, 0x75, 0x6e, 0x69, 0x30, 0x30, 0x36, 0x35, 0x75, 0x6e, 0x69, 0x30, 
    0x30, 0x37, 0x35, 0x75, 0x6e, 0x69, 0x30, 0x30, 0x36, 0x39, 0x75, 0x6e, 
    0x69, 0x30, 0x30, 0x37, 0x32, 0x75, 0x6e, 0x69, 0x30, 0x30, 0x37, 0x39, 
    0x75, 0x6e, 0x69, 0x30, 0x30, 0x36, 0x34, 0x75, 0x6e, 0x69, 0x30, 0x30, 
    0x37, 0x30, 0x75, 0x6e, 0x69, 0x30, 0x30, 0x36, 0x44, 0x75, 0x6e, 0x69, 
    0x30, 0x30, 0x37, 0x33, 0x75, 0x6e, 0x69, 0x30, 0x30, 0x37, 0x34, 0x61, 
    0x75, 0x6e, 0x69, 0x30, 0x30, 0x37, 0x36, 0x62, 0x00, 0x00, 0x00, 0x01, 
    0x8b, 0x01, 0x8c, 0x01, 0x8d, 0x01, 0x8e, 0x01, 0x8f, 0x01, 0x90, 0x01, 
    0x91, 0x01, 0x92, 0x01, 0x93, 0x01, 0x94, 0x01, 0x95, 0x01, 0x96, 0x01, 
    0x97, 0x01, 0x98, 0x01, 0x99, 0x01, 0x9a, 0x00, 0x11, 0x02, 0x00, 0x01, 
    0x00, 0x13, 0x00, 0x16, 0x06, 0x64, 0x08, 0x0d, 0x17, 0x1d, 0x1d, 0x97, 
    0x1f, 0x30, 0x27, 0x2f, 0x2a, 0x24, 0x2c, 0xcc, 0x31, 0x3f, 0x38, 0x5f, 
    0x3f, 0x34, 0x43, 0x09, 0x4a, 0xc9, 0x4d, 0xc1, 0x50, 0x67, 0xf8, 0xec, 
    0xef, 0x8b, 0x15, 0xf8, 0x24, 0x8b, 0x05, 0x8b, 0xf9, 0x50, 0x05, 0xfc, 
    0x24, 0x8b, 0x05, 0x0e, 0xf7, 0x8e, 0x0e, 0x1c, 0x05, 0xde, 0x97, 0xf9, 
    0x4e, 0x15, 0x8b, 0x87, 0xa8, 0x5e, 0x9b, 0x72, 0x08, 0xa8, 0x6b, 0xc0, 
    0x59, 0xb0, 0x73, 0x08, 0xbc, 0x6a, 0xd9, 0x66, 0xf7, 0x41, 0x41, 0x08, 
    0xf7, 0x97, 0x20, 0xa7, 0x7f, 0x93, 0x8f, 0x08, 0x94, 0x8b, 0xd9, 0x6e, 
    0x93, 0x83, 0x08, 0x8f, 0x8b, 0x87, 0x77, 0x87, 0x76, 0x08, 0x7a, 0x5a, 
    0x8b, 0x87, 0xa0, 0x82, 0x08, 0x93, 0x87, 0x93, 0x87, 0x8f, 0x8b, 0x08, 
    0x8b, 0x8b, 0x98, 0xa0, 0x9b, 0xa3, 0x08, 0x97, 0xa4, 0x94, 0xa4, 0x8f, 
    0x8b, 0x08, 0x8b, 0x8b, 0x93, 0x87, 0x97, 0x86, 0x08, 0x94, 0x87, 0x97, 
    0x87, 0x8f, 0x8b, 0x08, 0x8f, 0x8b, 0x8f, 0x87, 0x8f, 0x8b, 0x08, 0x8f, 
    0x87, 0x9c, 0x83, 0x9b, 0x87, 0x08, 0x98, 0x82, 0xa7, 0x7f, 0x9c, 0x83, 
    0x08, 0x9b, 0x87, 0x97, 0x83, 0x90, 0x8b, 0x08, 0x8b, 0x8b, 0x97, 0x87, 
    0x9b, 0x82, 0x08, 0x98, 0x87, 0x9b, 0x83, 0x97, 0x87, 0x08, 0x94, 0x87, 
    0x93, 0x87, 0x93, 0x87, 0x08, 0x8f, 0x8b, 0x9b, 0x82, 0x9c, 0x83, 0x08, 
    0x9b, 0x87, 0xa4, 0x7f, 0x93, 0x83, 0x08, 0x9c, 0x7e, 0xc0, 0x73, 0x97, 
    0x8b, 0x08, 0x93, 0x8b, 0x94, 0x86, 0x93, 0x8b, 0x08, 0x9b, 0x83, 0xa0, 
    0x8f, 0x97, 0x94, 0x08, 0x97, 0x93, 0x9c, 0xcc, 0x8b, 0xa4, 0x08, 0x8b, 
    0xa0, 0x87, 0x8f, 0x83, 0x8f, 0x08, 0x82, 0x8f, 0x87, 0x8b, 0x83, 0x87, 
    0x08, 0x87, 0x87, 0x83, 0x8f, 0x6e, 0x97, 0x08, 0x76, 0x93, 0x77, 0x98, 
    0x7f, 0x8b, 0x08, 0x76, 0x8f, 0x52, 0xa3, 0x59, 0xa4, 0x08, 0x77, 0x93, 
    0x7a, 0x93, 0x87, 0x8b, 0x08, 0x87, 0x8b, 0x87, 0x8b, 0x87, 0x90, 0x08, 
    0x8b, 0x8f, 0x56, 0xa3, 0x82, 0x8b, 0x08, 0x87, 0x8b, 0x87, 0x8b, 0x8b, 
    0x8f, 0x08, 0x87, 0x90, 0x56, 0xa3, 0x83, 0x8b, 0x08, 0x86, 0x8b, 0x87, 
    0x8b, 0x8b, 0x8f, 0x08, 0x8b, 0x8b, 0x7f, 0x93, 0x7f, 0x90, 0x08, 0x72, 
    0x97, 0x05, 0x8b, 0x9b, 0x05, 0x8f, 0x98, 0x8f, 0x9b, 0x93, 0x9b, 0x08, 
    0x9c, 0xac, 0x93, 0xa4, 0x8b, 0x9b, 0x08, 0x87, 0x98, 0x76, 0x93, 0x7f, 
    0x87, 0x08, 0x77, 0x7e, 0x72, 0x62, 0x7f, 0x66, 0x08, 0x87, 0x83, 0x8b, 
    0x83, 0x86, 0x8b, 0x08, 0x8b, 0x8b, 0x7f, 0x8f, 0x7f, 0x93, 0x08, 0x72, 
    0x98, 0x05, 0x7b, 0x7e, 0x05, 0x76, 0x83, 0x8b, 0x87, 0x83, 0x93, 0x08, 
    0x87, 0x93, 0x8b, 0x8b, 0x93, 0x90, 0x08, 0x8f, 0x8f, 0x8f, 0x8f, 0x8b, 
    0x8f, 0x08, 0x87, 0x8b, 0x7b, 0x7a, 0x8b, 0x87, 0x08, 0x8b, 0x8b, 0x8f, 
    0x87, 0x8b, 0x8b, 0x08, 0x8f, 0x87, 0x8b, 0x8b, 0x8b, 0x87, 0x08, 0x87, 
    0x8b, 0x87, 0x8b, 0x87, 0x8b, 0x08, 0x83, 0x8b, 0x8b, 0x8f, 0x8f, 0x8b, 
    0x08, 0x8f, 0x8b, 0x8b, 0x8b, 0x87, 0x8f, 0x08, 0x8b, 0x8f, 0x8b, 0x8b, 
    0x87, 0x87, 0x08, 0x86, 0x87, 0x83, 0x8f, 0x77, 0x93, 0x08, 0x6a, 0x98, 
    0xfb, 0x45, 0xd9, 0x31, 0xb4, 0x08, 0x6e, 0x97, 0x73, 0x97, 0x87, 0x8b, 
    0x08, 0x8b, 0x87, 0x7a, 0x6b, 0x8b, 0x86, 0x08, 0x8b, 0x8b, 0xc9, 0x6f, 
    0x8f, 0x8b, 0x08, 0x8b, 0x8f, 0x7e, 0x8f, 0x7b, 0x93, 0x08, 0x6a, 0x97, 
    0x05, 0x93, 0x9c, 0x05, 0x90, 0x93, 0x8f, 0x93, 0x8b, 0x8b, 0x08, 0x8f, 
    0x8b, 0xf5, 0x5a, 0xf7, 0x03, 0x5a, 0x08, 0xb0, 0x7a, 0xbd, 0x77, 0xa3, 
    0x7e, 0x08, 0xa4, 0x7f, 0xa3, 0x83, 0x94, 0x87, 0x08, 0x93, 0x8b, 0x97, 
    0x87, 0x97, 0x87, 0x08, 0x9c, 0x82, 0x05, 0x83, 0x7f, 0x05, 0x7a, 0x7f, 
    0x8b, 0x8b, 0x8b, 0x9b, 0x08, 0x8f, 0x93, 0x87, 0x90, 0x87, 0x8b, 0x08, 
    0x83, 0x8b, 0x83, 0x7e, 0x93, 0x87, 0x08, 0x8f, 0x87, 0x8b, 0x87, 0x87, 
    0x87, 0x08, 0x87, 0x83, 0x87, 0x8b, 0x8b, 0x8f, 0x08, 0x8b, 0x8f, 0x8b, 
    0x8b, 0x87, 0x8b, 0x08, 0x8b, 0x87, 0x82, 0x8f, 0x83, 0x93, 0x08, 0x83, 
    0x93, 0x66, 0x9c, 0x6a, 0x97, 0x08, 0x6a, 0x9b, 0x46, 0xa8, 0x59, 0xa0, 
    0x08, 0x5a, 0xa3, 0x5e, 0x9c, 0x8b, 0x8b, 0x08, 0x8b, 0x87, 0xa4, 0x7e, 
    0xab, 0x7f, 0x08, 0xac, 0x7f, 0xc1, 0x72, 0xb0, 0x7b, 0x08, 0xab, 0x7a, 
    0xa8, 0x7f, 0x8f, 0x8b, 0x08, 0x8b, 0x8b, 0x8f, 0x87, 0x8f, 0x8b, 0x08, 
    0x8b, 0x87, 0x8b, 0x8b, 0x83, 0x8b, 0x08, 0x87, 0x8f, 0x87, 0x87, 0x8f, 
    0x87, 0x08, 0x8b, 0x86, 0x8b, 0x8b, 0x6e, 0x98, 0x08, 0x7f, 0x8f, 0x77, 
    0x93, 0x7a, 0x93, 0x08, 0x7b, 0x8f, 0x66, 0x9c, 0x6a, 0x9b, 0x08, 0x6a, 
    0x98, 0x5a, 0x9f, 0x72, 0x97, 0x08, 0xfb, 0x07, 0xbd, 0x4e, 0xa7, 0x6a, 
    0xa0, 0x08, 0x49, 0xb4, 0x45, 0xc0, 0x8f, 0x8f, 0x08, 0x90, 0x8b, 0xa3, 
    0x87, 0xac, 0x83, 0x08, 0xf7, 0x2c, 0x66, 0xe5, 0x77, 0x8f, 0x8f, 0x08, 
    0x8b, 0x8b, 0x77, 0x93, 0x72, 0x8f, 0x08, 0x73, 0x93, 0x34, 0xa0, 0x3d, 
    0x9f, 0x08, 0xfb, 0x38, 0xb4, 0x87, 0x8b, 0x8b, 0x87, 0x08, 0xf7, 0xc0, 
    0xfb, 0x03, 0x15, 0x8b, 0x87, 0x87, 0x87, 0x8b, 0x83, 0x08, 0x8b, 0x83, 
    0x05, 0x93, 0x93, 0x05, 0x93, 0x97, 0x97, 0x8f, 0xa0, 0x83, 0x08, 0x8f, 
    0x87, 0x93, 0x8b, 0x87, 0x8b, 0x08, 0x8b, 0x8f, 0x6e, 0x98, 0x83, 0x8b, 
    0x08, 0x83, 0x8b, 0x87, 0x86, 0x87, 0x8b, 0x08, 0xf7, 0x34, 0x7b, 0x15, 
    0x83, 0x83, 0x86, 0x87, 0x8b, 0x8b, 0x08, 0x8b, 0x87, 0x94, 0x8f, 0x93, 
    0x93, 0x08, 0x97, 0x9b, 0x8b, 0x8b, 0x7b, 0x7f, 0x08, 0xb4, 0x72, 0x15, 
    0x87, 0x87, 0x87, 0x87, 0x8b, 0x8b, 0x08, 0x8b, 0x87, 0x93, 0x8f, 0x93, 
    0x93, 0x08, 0x97, 0x94, 0x87, 0x8f, 0x7b, 0x7e, 0x08, 0xbc, 0x77, 0x15, 
    0x87, 0x87, 0x87, 0x87, 0x8f, 0x8b, 0x08, 0x8f, 0x8b, 0x97, 0x97, 0x8b, 
    0x8b, 0x08, 0x8b, 0x8f, 0x83, 0x87, 0x87, 0x87, 0x08, 0xb8, 0x72, 0x15, 
    0x83, 0x83, 0x8b, 0x8b, 0x93, 0x8f, 0x08, 0x93, 0x8f, 0x94, 0x93, 0x87, 
    0x8b, 0x08, 0x8b, 0x90, 0x82, 0x86, 0x87, 0x83, 0x08, 0xb4, 0x73, 0x15, 
    0x87, 0x86, 0x8b, 0x8b, 0x93, 0x90, 0x08, 0x90, 0x8f, 0x8f, 0x8b, 0x8b, 
    0x8f, 0x08, 0x8b, 0x8b, 0x87, 0x8b, 0x82, 0x83, 0x08, 0xbd, 0x7a, 0x15, 
    0x86, 0x87, 0x8b, 0x8b, 0x90, 0x8b, 0x08, 0x8b, 0x8b, 0x8f, 0x8b, 0x8f, 
    0x8f, 0x08, 0x8b, 0x8f, 0x8b, 0x8b, 0x83, 0x87, 0x08, 0xf7, 0xbf, 0x7b, 
    0x15, 0x87, 0x76, 0x77, 0x6a, 0x82, 0x7f, 0x08, 0x83, 0x87, 0x8b, 0x8b, 
    0x8b, 0x8f, 0x08, 0x8b, 0xa0, 0xac, 0xc4, 0x93, 0x8b, 0x08, 0x8b, 0x8b, 
    0x8b, 0x83, 0x8b, 0x87, 0x08, 0xfb, 0x8e, 0x8b, 0x15, 0x87, 0x87, 0x87, 
    0x87, 0x8f, 0x8b, 0x08, 0x8f, 0x8b, 0x97, 0x97, 0x87, 0x8b, 0x08, 0x8b, 
    0x8f, 0x87, 0x87, 0x87, 0x87, 0x08, 0x87, 0x76, 0x15, 0x8f, 0x8b, 0x8f, 
    0x87, 0x8f, 0x8b, 0x08, 0x8b, 0x8b, 0x8b, 0x8f, 0x83, 0x8f, 0x08, 0x83, 
    0x8f, 0x8b, 0x8b, 0x8f, 0x83, 0x08, 0xb8, 0x8b, 0x15, 0x83, 0x7f, 0x8b, 
    0x8b, 0x93, 0x87, 0x08, 0x8f, 0x87, 0x8f, 0x87, 0x8f, 0x8b, 0x08, 0x8b, 
    0x8b, 0x87, 0x8f, 0x87, 0x8f, 0x08, 0x83, 0x8f, 0x05, 0x93, 0x93, 0x05, 
    0x8f, 0x8f, 0x8f, 0x8f, 0x8b, 0x8b, 0x08, 0x8b, 0x8f, 0x83, 0x87, 0x87, 
    0x87, 0x08, 0x35, 0x56, 0x15, 0x8b, 0x87, 0x8f, 0x8b, 0x8f, 0x8b, 0x08, 
    0x8b, 0x8f, 0x87, 0x8b, 0x87, 0x8b, 0x08, 0x87, 0x8f, 0x8b, 0x8b, 0x8f, 
    0x87, 0x08, 0xd9, 0x87, 0x15, 0x8b, 0x87, 0x93, 0x82, 0x8b, 0x8b, 0x08, 
    0x8f, 0x90, 0x87, 0x97, 0x87, 0x8b, 0x08, 0x87, 0x8b, 0x8b, 0x8b, 0x8b, 
    0x87, 0x08, 0x62, 0x87, 0x15, 0x8b, 0x87, 0x8b, 0x8b, 0x87, 0x86, 0x08, 
    0x86, 0x8b, 0x8b, 0x8b, 0x8b, 0x90, 0x08, 0x8b, 0x8f, 0x8b, 0x8b, 0x90, 
    0x8b, 0x08, 0x8f, 0x8b, 0x8b, 0x8b, 0x8b, 0x8b, 0x08, 0x9b, 0x7a, 0x15, 
    0x87, 0x87, 0x7f, 0x87, 0x8b, 0x93, 0x08, 0x8b, 0x8f, 0x8b, 0x8b, 0x8f, 
    0x87, 0x08, 0x8f, 0x8b, 0x8b, 0x8b, 0x8b, 0x8f, 0x08, 0x8b, 0x8f, 0x8f, 
    0x8b, 0x8f, 0x8b, 0x08, 0x8f, 0x8b, 0x8b, 0x8b, 0x87, 0x83, 0x08, 0xa0, 
    0x8b, 0x15, 0x8b, 0x87, 0x8b, 0x8b, 0x86, 0x87, 0x08, 0x87, 0x8b, 0x8b, 
    0x8b, 0x8b, 0x8f, 0x08, 0x8b, 0x8f, 0x8b, 0x8b, 0x8f, 0x8b, 0x08, 0x90, 
    0x8b, 0x8b, 0x8b, 0x8b, 0x8b, 0x08, 0x93, 0x87, 0x15, 0x8b, 0x87, 0x8b, 
    0x8b, 0x87, 0x87, 0x08, 0x87, 0x8b, 0x8b, 0x8b, 0x8b, 0x8f, 0x08, 0x8b, 
    0x8f, 0x8b, 0x8b, 0x8f, 0x8b, 0x08, 0x8f, 0x8b, 0x8b, 0x8b, 0x8b, 0x8b, 
    0x08, 0x9b, 0x83, 0x15, 0x8f, 0x87, 0x8b, 0x87, 0x87, 0x8b, 0x08, 0x83, 
    0x87, 0x83, 0x93, 0x8f, 0x8f, 0x08, 0x8f, 0x8f, 0x8f, 0x8b, 0x8f, 0x87, 
    0x08, 0xdd, 0x87, 0x15, 0x8b, 0x87, 0x8b, 0x8b, 0x87, 0x8b, 0x08, 0x87, 
    0x8b, 0x8b, 0x8b, 0x8b, 0x8f, 0x08, 0x8b, 0x8f, 0x8b, 0x8b, 0x8f, 0x8b, 
    0x08, 0x8f, 0x8b, 0x8b, 0x8b, 0x8b, 0x87, 0x08, 0xa4, 0x83, 0x15, 0x8b, 
    0x86, 0x87, 0x87, 0x8b, 0x8b, 0x08, 0x8b, 0x8b, 0x87, 0x8f, 0x8f, 0x90, 
    0x08, 0x8b, 0x8f, 0x8f, 0x8f, 0x8b, 0x8b, 0x08, 0x8b, 0x8b, 0x8f, 0x87, 
    0x87, 0x87, 0x08, 0x7f, 0x8b, 0x15, 0x87, 0x86, 0x86, 0x8b, 0x8b, 0x8b, 
    0x08, 0x87, 0x8b, 0x8b, 0x8b, 0x8f, 0x90, 0x08, 0x8b, 0x8f, 0x90, 0x8b, 
    0x8b, 0x8b, 0x08, 0x8f, 0x8b, 0x8b, 0x8b, 0x8b, 0x87, 0x08, 0x7a, 0x7e, 
    0x15, 0x8b, 0x87, 0x87, 0x8b, 0x87, 0x8b, 0x08, 0x8b, 0x8f, 0x87, 0x8b, 
    0x87, 0x8b, 0x08, 0x8b, 0x8b, 0x8b, 0x8b, 0x8b, 0x8f, 0x08, 0x8f, 0x8f, 
    0x97, 0x87, 0x8b, 0x87, 0x08, 0x9c, 0x8b, 0x15, 0x87, 0x87, 0x86, 0x8b, 
    0x8b, 0x8b, 0x08, 0x87, 0x8b, 0x8b, 0x8b, 0x8b, 0x8f, 0x08, 0x8b, 0x8f, 
    0x8f, 0x8b, 0x90, 0x8b, 0x08, 0x8b, 0x8b, 0x8f, 0x8b, 0x8b, 0x87, 0x08, 
    0x2c, 0x77, 0x15, 0x87, 0x7a, 0x8b, 0x8b, 0x7b, 0x87, 0x08, 0x7e, 0x87, 
    0x05, 0x94, 0x9c, 0x05, 0x9b, 0xab, 0x9b, 0x8f, 0x83, 0x6f, 0x08, 0xf2, 
    0x97, 0x15, 0x87, 0x87, 0x87, 0x8b, 0x8b, 0x8b, 0x08, 0x87, 0x8b, 0x8b, 
    0x8b, 0x8f, 0x8f, 0x08, 0x8b, 0x8f, 0x8f, 0x8b, 0x8b, 0x8b, 0x08, 0x8f, 
    0x8b, 0x8b, 0x8b, 0x8b, 0x87, 0x08, 0x66, 0x7f, 0x15, 0x8b, 0x8b, 0x87, 
    0x87, 0x87, 0x8b, 0x08, 0x7e, 0x87, 0x87, 0x8f, 0x8f, 0x8f, 0x08, 0x8b, 
    0x8f, 0x98, 0x8b, 0x93, 0x87, 0x08, 0xa4, 0x8b, 0x15, 0x86, 0x8b, 0x8b, 
    0x8b, 0x87, 0x8b, 0x08, 0x87, 0x8f, 0x8b, 0x8b, 0x8f, 0x8b, 0x08, 0x8f, 
    0x8b, 0x90, 0x8b, 0x8b, 0x87, 0x08, 0x97, 0x83, 0x15, 0x8f, 0x8b, 0x8f, 
    0x86, 0x8b, 0x87, 0x08, 0x87, 0x8b, 0x87, 0x8b, 0x8b, 0x8f, 0x08, 0x87, 
    0x8b, 0x87, 0x90, 0x87, 0x8b, 0x08, 0x82, 0x8b, 0x8b, 0x8b, 0x8f, 0x8f, 
    0x08, 0x94, 0x8f, 0x8b, 0x8b, 0x93, 0x83, 0x08, 0x6a, 0x86, 0x15, 0x87, 
    0x87, 0x87, 0x8b, 0x8b, 0x8b, 0x08, 0x87, 0x8b, 0x8b, 0x8b, 0x8b, 0x8f, 
    0x08, 0x8b, 0x90, 0x8f, 0x8b, 0x8f, 0x8b, 0x08, 0x8b, 0x8b, 0x8f, 0x8b, 
    0x8b, 0x86, 0x08, 0xa4, 0x83, 0x15, 0x8b, 0x87, 0x8b, 0x8b, 0x87, 0x8b, 
    0x08, 0x86, 0x8b, 0x8b, 0x8b, 0x8b, 0x8f, 0x08, 0x8b, 0x8f, 0x8b, 0x8b, 
    0x8b, 0x8b, 0x08, 0x90, 0x8b, 0x8b, 0x8b, 0x8f, 0x87, 0x08, 0x97, 0x87, 
    0x15, 0x87, 0x87, 0x87, 0x8b, 0x8b, 0x8b, 0x08, 0x87, 0x8b, 0x8b, 0x8b, 
    0x8f, 0x8f, 0x08, 0x8b, 0x8f, 0x8f, 0x8b, 0x8b, 0x8b, 0x08, 0x8f, 0x8b, 
    0x8b, 0x8b, 0x8b, 0x87, 0x08, 0x72, 0x7f, 0x15, 0x87, 0x87, 0x87, 0x8b, 
    0x8b, 0x8b, 0x08, 0x87, 0x8b, 0x8b, 0x8b, 0x8f, 0x8f, 0x08, 0x8b, 0x8f, 
    0x8f, 0x8b, 0x8b, 0x8b, 0x08, 0x8f, 0x8b, 0x8b, 0x8b, 0x8b, 0x87, 0x08, 
    0x0e, 0x1c, 0x05, 0x76, 0xf8, 0x14, 0xf9, 0x4a, 0x15, 0x2c, 0x73, 0xfb, 
    0x0a, 0x54, 0x5b, 0x64, 0x08, 0x84, 0x83, 0x6b, 0x73, 0x7b, 0x7b, 0x08, 
    0x7b, 0x7c, 0x74, 0x7b, 0x83, 0x7b, 0x08, 0x83, 0x73, 0x05, 0xc2, 0xa3, 
    0x05, 0xf7, 0x12, 0xc2, 0xf7, 0x2a, 0xab, 0xf7, 0x0b, 0x7b, 0x08, 0xf7, 
    0x0a, 0x7b, 0xf7, 0x32, 0x4c, 0x93, 0x64, 0x08, 0x8b, 0x7b, 0xaa, 0x6b, 
    0x93, 0x8b, 0x08, 0x93, 0x8b, 0xa3, 0x9b, 0xa2, 0x9b, 0x08, 0xa3, 0x9b, 
    0xa2, 0x9b, 0x9b, 0x8b, 0x08, 0xab, 0x8b, 0xaa, 0x6b, 0x93, 0x6b, 0x08, 
    0x8b, 0x74, 0x93, 0x8b, 0xab, 0x83, 0x08, 0xb2, 0x7b, 0xab, 0x6c, 0x8b, 
    0x63, 0x08, 0x8b, 0x7b, 0x93, 0x8b, 0x9a, 0x84, 0x08, 0x9b, 0x8b, 0x9b, 
    0x83, 0x93, 0x7b, 0x08, 0x9b, 0x7b, 0x8b, 0x83, 0x8b, 0x64, 0x08, 0x83, 
    0x4c, 0x93, 0x6b, 0xb2, 0x6c, 0x08, 0xab, 0x6b, 0xb2, 0x83, 0xab, 0x9b, 
    0x08, 0xa2, 0x93, 0x9b, 0x93, 0x9b, 0x8b, 0x08, 0xa2, 0x8b, 0x05, 0x84, 
    0xe9, 0x05, 0x8b, 0xd2, 0x8b, 0x9b, 0x83, 0x93, 0x08, 0x83, 0x93, 0x83, 
    0x93, 0x8b, 0x93, 0x08, 0x8b, 0x93, 0x8b, 0x92, 0x83, 0x8b, 0x08, 0x83, 
    0x8b, 0x8b, 0x8b, 0x8b, 0x84, 0x08, 0x93, 0x8b, 0x7b, 0x83, 0x74, 0x8b, 
    0x08, 0x6b, 0x8b, 0x83, 0x93, 0xa3, 0x9a, 0x08, 0x9b, 0x9b, 0x8b, 0x8b, 
    0x83, 0x9b, 0x08, 0x7b, 0x9b, 0x83, 0x92, 0x7b, 0x84, 0x08, 0x83, 0x8b, 
    0x83, 0x8b, 0x93, 0x92, 0x08, 0xa3, 0x93, 0x8b, 0x9b, 0x44, 0xca, 0x08, 
    0x2c, 0xea, 0x5c, 0xb2, 0x6b, 0x8b, 0x08, 0x7c, 0x8b, 0x83, 0x8b, 0x8b, 
    0x8b, 0x08, 0x8b, 0x8b, 0x7b, 0x9b, 0x73, 0x93, 0x08, 0x74, 0x93, 0x6b, 
    0xa3, 0x7b, 0x9a, 0x08, 0x7c, 0xa3, 0x7b, 0x9b, 0x83, 0x93, 0x08, 0x7b, 
    0x8b, 0x83, 0x93, 0x83, 0x9a, 0x08, 0x84, 0x9b, 0x8b, 0x8b, 0x83, 0x73, 
    0x08, 0x7b, 0x74, 0x63, 0x83, 0x93, 0x9b, 0x08, 0x93, 0xa2, 0x83, 0x8b, 
    0x2d, 0x9b, 0x08, 0xfb, 0x0b, 0x93, 0xfb, 0x02, 0x8b, 0x54, 0x83, 0x08, 
    0xf8, 0xa4, 0x3c, 0x15, 0x8b, 0x83, 0xd2, 0x64, 0x8b, 0x8b, 0x08, 0x93, 
    0x8b, 0x73, 0x9b, 0x74, 0x9a, 0x08, 0x73, 0x93, 0x7b, 0x93, 0x93, 0x8b, 
    0x08, 0xf7, 0x79, 0xfb, 0xd7, 0x15, 0x8b, 0x83, 0x8b, 0x8b, 0x83, 0x83, 
    0x08, 0x83, 0x8b, 0x8b, 0x8b, 0x8b, 0x93, 0x08, 0x8b, 0x93, 0x8b, 0x8b, 
    0x93, 0x8b, 0x08, 0x93, 0x8b, 0x8b, 0x8b, 0x8b, 0x8b, 0x08, 0xf7, 0x49, 
    0xfb, 0x0a, 0x15, 0xa3, 0x6b, 0x83, 0x64, 0x6c, 0x63, 0x08, 0x7b, 0x73, 
    0x8b, 0x8b, 0x9b, 0x93, 0x08, 0x92, 0x93, 0x93, 0x8b, 0x93, 0x8b, 0x08, 
    0x93, 0x83, 0x64, 0x7c, 0x73, 0x8b, 0x08, 0x73, 0x8b, 0x6c, 0x9a, 0x83, 
    0xab, 0x08, 0x7b, 0xb2, 0xba, 0xda, 0xb3, 0x8b, 0x08, 0x9b, 0x8b, 0x9a, 
    0x83, 0x93, 0x7c, 0x08, 0x9b, 0xfb, 0x03, 0x15, 0x83, 0x83, 0x8b, 0x8b, 
    0x8b, 0x93, 0x08, 0x8b, 0x93, 0x93, 0x93, 0x93, 0x83, 0x08, 0x8b, 0x8b, 
    0x8b, 0x83, 0x83, 0x8b, 0x08, 0x0e, 0x1c, 0x05, 0x7d, 0xb9, 0xf9, 0x2f, 
    0x15, 0xb0, 0x66, 0xd1, 0x57, 0xb0, 0x7d, 0x08, 0x9a, 0x83, 0xb7, 0x79, 
    0xb3, 0x7c, 0x08, 0xb4, 0x79, 0xb0, 0x7c, 0x8e, 0x87, 0x08, 0x93, 0x8b, 
    0x8e, 0x88, 0x8f, 0x8b, 0x08, 0x8b, 0x8e, 0x80, 0x93, 0x7c, 0x92, 0x08, 
    0x7d, 0x92, 0x50, 0xb0, 0x53, 0xb0, 0x08, 0xfb, 0x20, 0xe0, 0x80, 0x92, 
    0x66, 0x9a, 0x08, 0x6e, 0x96, 0x05, 0xac, 0x6a, 0x05, 0xe7, 0x80, 0x15, 
    0x96, 0x80, 0xf8, 0x52, 0xfb, 0x96, 0xe7, 0x57, 0x08, 0xb0, 0x79, 0x96, 
    0x8b, 0x92, 0x9d, 0x08, 0x93, 0x9a, 0x8b, 0x8b, 0x83, 0x96, 0x08, 0x88, 
    0x8f, 0x78, 0x99, 0x75, 0x97, 0x08, 0xfb, 0x41, 0xea, 0xfb, 0x06, 0xc6, 
    0x27, 0xb7, 0x08, 0x6a, 0x9e, 0x6a, 0x9a, 0x84, 0x8e, 0x08, 0x78, 0x96, 
    0x7d, 0x8f, 0x8e, 0x87, 0x08, 0x8f, 0x84, 0x7c, 0x8f, 0x71, 0x96, 0x08, 
    0x72, 0x96, 0x80, 0x8e, 0x8e, 0x88, 0x08, 0xf7, 0x20, 0x54, 0x15, 0xf7, 
    0x33, 0x39, 0xcd, 0x63, 0x84, 0x8b, 0x08, 0x87, 0x8b, 0x84, 0x87, 0x8b, 
    0x84, 0x08, 0x87, 0x84, 0x8b, 0x8b, 0x78, 0x96, 0x08, 0x80, 0x92, 0x80, 
    0x92, 0x8b, 0x8b, 0x08, 0x8b, 0x8b, 0x84, 0x93, 0x84, 0x8b, 0x08, 0x83, 
    0x8e, 0x84, 0x93, 0x8b, 0x8b, 0x08, 0x8b, 0x8b, 0x84, 0x92, 0x83, 0x8f, 
    0x08, 0x84, 0x92, 0x87, 0x8f, 0x8f, 0x8b, 0x08, 0x96, 0x8b, 0x80, 0x92, 
    0x24, 0xc2, 0x08, 0x78, 0x93, 0x75, 0x9a, 0x80, 0x8e, 0x08, 0x79, 0x96, 
    0x80, 0x93, 0x92, 0x8b, 0x08, 0x8b, 0x8b, 0xa8, 0x7c, 0xb0, 0x79, 0x08, 
    0xfb, 0x2e, 0xa1, 0x15, 0x8e, 0x8b, 0x8b, 0x87, 0x88, 0x8b, 0x08, 0x8b, 
    0x8b, 0x87, 0x8f, 0x87, 0x8b, 0x08, 0x87, 0x8e, 0x8b, 0x8f, 0x8f, 0x8b, 
    0x08, 0x8b, 0x8b, 0x8f, 0x87, 0x8f, 0x88, 0x08, 0xac, 0x71, 0x15, 0x8b, 
    0x87, 0x8b, 0x8b, 0x87, 0x8b, 0x08, 0x8b, 0x8b, 0x87, 0x8b, 0x8b, 0x8f, 
    0x08, 0x88, 0x8f, 0x8b, 0x8b, 0x8e, 0x8b, 0x08, 0x8b, 0x8b, 0x8f, 0x8b, 
    0x8f, 0x87, 0x08, 0xf8, 0x00, 0xfb, 0x19, 0x15, 0x88, 0x88, 0x87, 0x87, 
    0x87, 0x87, 0x08, 0x8b, 0x84, 0x88, 0x8b, 0x83, 0x92, 0x08, 0x88, 0x8b, 
    0x87, 0x8f, 0x8f, 0x8b, 0x08, 0x8e, 0x8b, 0x8b, 0x8b, 0x88, 0x92, 0x08, 
    0x83, 0x93, 0x93, 0x8e, 0x92, 0x84, 0x08, 0x92, 0x87, 0x8b, 0x8b, 0x88, 
    0x8f, 0x08, 0x8b, 0x92, 0x8b, 0x8b, 0x96, 0x88, 0x08, 0x96, 0x87, 0x8b, 
    0x87, 0x83, 0x8b, 0x08, 0xa2, 0x79, 0x15, 0x87, 0x8b, 0x8b, 0x83, 0x8b, 
    0x88, 0x08, 0x8f, 0x83, 0x8b, 0x8b, 0x7c, 0x93, 0x08, 0x80, 0x92, 0x8b, 
    0x8b, 0x8e, 0x8b, 0x08, 0x93, 0x8b, 0x8b, 0x8b, 0x87, 0x8f, 0x08, 0x8b, 
    0x8e, 0x87, 0x8f, 0x8b, 0x8f, 0x08, 0x8b, 0x8f, 0x8b, 0x8b, 0x93, 0x87, 
    0x08, 0x92, 0x87, 0x8b, 0x8b, 0x87, 0x93, 0x08, 0x8b, 0x8e, 0x8b, 0x8b, 
    0x93, 0x84, 0x08, 0x92, 0x87, 0x8f, 0x87, 0x84, 0x88, 0x08, 0x99, 0x87, 
    0x15, 0x8f, 0x84, 0x8f, 0x8b, 0x8b, 0x8e, 0x08, 0x8b, 0x8f, 0x8e, 0x8b, 
    0x8f, 0x8b, 0x08, 0x8f, 0x87, 0x8b, 0x88, 0x87, 0x87, 0x08, 0x87, 0x87, 
    0x88, 0x88, 0x8e, 0x87, 0x08, 0x8b, 0x84, 0x8b, 0x8b, 0x84, 0x8e, 0x08, 
    0x80, 0x93, 0x87, 0x8e, 0x93, 0x8b, 0x08, 0x8e, 0x8b, 0x8b, 0x8f, 0x88, 
    0x8f, 0x08, 0x80, 0x96, 0x8e, 0x8e, 0x96, 0x84, 0x08, 0xa9, 0x7c, 0x15, 
    0x8e, 0x88, 0x8b, 0x8b, 0x8b, 0x8e, 0x08, 0x8b, 0x8f, 0x8b, 0x8b, 0x93, 
    0x87, 0x08, 0x92, 0x88, 0x8b, 0x87, 0x84, 0x87, 0x08, 0x87, 0x8b, 0x8b, 
    0x84, 0x8b, 0x87, 0x08, 0x8f, 0x84, 0x8b, 0x8b, 0x80, 0x8f, 0x08, 0x80, 
    0x92, 0x05, 0x92, 0x8f, 0x05, 0x92, 0x8e, 0x05, 0x84, 0x8f, 0x05, 0x87, 
    0x8f, 0x88, 0x8b, 0x8b, 0x8e, 0x08, 0x8b, 0x8f, 0x8e, 0x8b, 0x93, 0x87, 
    0x08, 0xa5, 0x7d, 0x15, 0x8e, 0x8b, 0x8f, 0x87, 0x8b, 0x8f, 0x08, 0x92, 
    0x8b, 0x8f, 0x83, 0x87, 0x8b, 0x08, 0x88, 0x88, 0x8b, 0x87, 0x8b, 0x87, 
    0x08, 0x8b, 0x80, 0x8b, 0x8b, 0x80, 0x8f, 0x08, 0x7f, 0x8f, 0x05, 0x97, 
    0x92, 0x05, 0x92, 0x8f, 0x05, 0x84, 0x8e, 0x05, 0x87, 0x8f, 0x87, 0x8f, 
    0x8b, 0x8b, 0x08, 0x8b, 0x8e, 0x93, 0x8b, 0x8b, 0x88, 0x08, 0xb3, 0x78, 
    0x15, 0x92, 0x8b, 0x8b, 0x88, 0x88, 0x8b, 0x08, 0x87, 0x87, 0x87, 0x8b, 
    0x8b, 0x8f, 0x08, 0x8b, 0x8b, 0x84, 0x8e, 0x87, 0x8f, 0x08, 0x84, 0x8f, 
    0x05, 0x92, 0x8b, 0x05, 0x8f, 0x8b, 0x92, 0x87, 0x8f, 0x87, 0x08, 0x8b, 
    0x71, 0x15, 0x92, 0x88, 0x88, 0x8b, 0x7c, 0x92, 0x08, 0x7c, 0x92, 0x05, 
    0x96, 0x8f, 0x05, 0x93, 0x8b, 0x8e, 0x8b, 0x8b, 0x87, 0x08, 0x8b, 0x88, 
    0x8f, 0x87, 0x8b, 0x87, 0x08, 0xac, 0x93, 0x15, 0x8b, 0x8b, 0x88, 0x87, 
    0x8b, 0x8b, 0x08, 0x7f, 0x87, 0x8f, 0x84, 0x96, 0x87, 0x08, 0x96, 0x84, 
    0x93, 0x8f, 0x8b, 0x96, 0x08, 0x8b, 0x8e, 0x8b, 0x8b, 0x8e, 0x88, 0x08, 
    0x8f, 0x8b, 0x8b, 0x87, 0x87, 0x87, 0x08, 0x84, 0x80, 0x8b, 0x8b, 0x92, 
    0x88, 0x08, 0x8f, 0x87, 0x8f, 0x87, 0x8e, 0x8b, 0x08, 0x8b, 0x8b, 0x8b, 
    0x8f, 0x84, 0x8b, 0x08, 0x87, 0x8f, 0x8b, 0x8e, 0x8f, 0x8b, 0x08, 0x8f, 
    0x8b, 0x96, 0x80, 0x8b, 0x88, 0x08, 0x8b, 0x83, 0x83, 0x8f, 0x6e, 0x9d, 
    0x08, 0x71, 0x96, 0x87, 0x93, 0x8f, 0x8b, 0x08, 0x8f, 0x8b, 0x8e, 0x92, 
    0x8f, 0x8b, 0x08, 0x8f, 0x92, 0x92, 0x8f, 0x8b, 0x84, 0x08, 0xf6, 0x87, 
    0x15, 0x87, 0x8b, 0x8b, 0x87, 0x8f, 0x8b, 0x08, 0x8f, 0x8b, 0x62, 0x3e, 
    0x84, 0x80, 0x08, 0x8b, 0x8b, 0x83, 0x8f, 0x84, 0x8e, 0x08, 0x79, 0x96, 
    0x8b, 0x88, 0x99, 0x80, 0x08, 0x96, 0x87, 0x8f, 0x87, 0x87, 0x88, 0x08, 
    0x8b, 0x87, 0x8f, 0x87, 0x93, 0x88, 0x08, 0x96, 0x83, 0x8e, 0x8b, 0x8b, 
    0x80, 0x08, 0x8b, 0x7c, 0x9a, 0x88, 0x9d, 0x96, 0x08, 0x93, 0x92, 0x96, 
    0x8f, 0x96, 0x8b, 0x08, 0x9a, 0x8b, 0x8e, 0x87, 0xa1, 0x7c, 0x08, 0x9a, 
    0x7d, 0xbf, 0x71, 0xf7, 0x11, 0x4c, 0x08, 0xf7, 0xa1, 0xfb, 0x18, 0x80, 
    0x92, 0xa1, 0x8b, 0x08, 0x96, 0x8b, 0x96, 0x8f, 0x8b, 0x8e, 0x08, 0x8f, 
    0x8f, 0x8b, 0x8b, 0x87, 0x87, 0x08, 0x84, 0x8b, 0x8b, 0x8b, 0x8b, 0x93, 
    0x08, 0x8b, 0x92, 0x8b, 0x8f, 0x92, 0x87, 0x08, 0x8b, 0x8b, 0x8f, 0x8b, 
    0x8b, 0x8f, 0x08, 0x8b, 0x8e, 0x87, 0x8b, 0x87, 0x8b, 0x08, 0x88, 0x8b, 
    0x8b, 0x8f, 0x8b, 0x8f, 0x08, 0x8e, 0x8b, 0x8b, 0x8f, 0x8b, 0x8e, 0x08, 
    0x8b, 0x8b, 0x8b, 0x8b, 0x8f, 0x8b, 0x08, 0x8f, 0x8b, 0x8b, 0x8b, 0x8b, 
    0x88, 0x08, 0x87, 0x87, 0x8f, 0x8b, 0x8e, 0x8f, 0x08, 0x8f, 0x8b, 0x8b, 
    0x8b, 0x87, 0x92, 0x08, 0x84, 0x8b, 0x8b, 0x92, 0x8b, 0x8f, 0x08, 0x8f, 
    0x92, 0x8b, 0x8b, 0x87, 0x88, 0x08, 0x87, 0x87, 0x84, 0x87, 0x87, 0x8b, 
    0x08, 0x88, 0x8b, 0x8b, 0x8b, 0x8e, 0x84, 0x08, 0x93, 0x87, 0x8b, 0x8b, 
    0x87, 0x88, 0x08, 0x87, 0x87, 0x7d, 0x8f, 0x8b, 0x8e, 0x08, 0x8e, 0x8f, 
    0x8f, 0x9a, 0x8b, 0x96, 0x08, 0x8b, 0x8e, 0x8b, 0x8b, 0x87, 0x8f, 0x08, 
    0x8b, 0x8b, 0x88, 0x87, 0x8e, 0x84, 0x08, 0x8b, 0x84, 0x8b, 0x8b, 0x84, 
    0x8b, 0x08, 0x87, 0x8e, 0x8b, 0x8b, 0x8f, 0x88, 0x08, 0x92, 0x87, 0x8b, 
    0x87, 0x88, 0x88, 0x08, 0x87, 0x83, 0x87, 0x8b, 0x88, 0x8f, 0x08, 0x87, 
    0x8f, 0x87, 0x8e, 0x8b, 0x8f, 0x08, 0x8f, 0x8f, 0x8b, 0x8e, 0x8f, 0x8f, 
    0x08, 0x8b, 0x8f, 0x8e, 0x92, 0x8b, 0x8b, 0x08, 0x8f, 0x8f, 0x8b, 0x8b, 
    0x87, 0x8e, 0x08, 0x88, 0x8b, 0x87, 0x8f, 0x8b, 0x8b, 0x08, 0x8f, 0x8b, 
    0x8b, 0x8f, 0x87, 0x8e, 0x08, 0x87, 0x8f, 0x8b, 0x8b, 0x84, 0x84, 0x08, 
    0x83, 0x83, 0x88, 0x88, 0x96, 0x8b, 0x08, 0x8f, 0x8b, 0x8e, 0x8b, 0x8b, 
    0x87, 0x08, 0x8b, 0x84, 0x8b, 0x8b, 0x88, 0x8b, 0x08, 0x87, 0x8e, 0x87, 
    0x8b, 0x8f, 0x88, 0x08, 0x8b, 0x87, 0x8f, 0x8b, 0x8b, 0x8b, 0x08, 0x92, 
    0x8b, 0x8b, 0x8b, 0x87, 0x84, 0x08, 0x88, 0x83, 0x87, 0x8b, 0x87, 0x8b, 
    0x08, 0x8b, 0x8f, 0x87, 0x8f, 0x8f, 0x8e, 0x08, 0x8b, 0x8b, 0x8b, 0x8f, 
    0x87, 0x8b, 0x08, 0x88, 0x8b, 0x8b, 0x8b, 0x8b, 0x87, 0x08, 0x8b, 0x88, 
    0x87, 0x8b, 0x8b, 0x8b, 0x08, 0x87, 0x8b, 0x8b, 0x8e, 0x8b, 0x8f, 0x08, 
    0x8f, 0x92, 0x05, 0x84, 0x84, 0x05, 0x87, 0x87, 0x84, 0x88, 0x83, 0x8b, 
    0x08, 0x84, 0x8b, 0x87, 0x8e, 0x8f, 0x8f, 0x08, 0x8f, 0x8f, 0x8e, 0x8b, 
    0x8b, 0x87, 0x08, 0x93, 0x87, 0x8e, 0x8b, 0x8b, 0x8f, 0x08, 0x8b, 0x8f, 
    0x88, 0x8b, 0x8b, 0x8b, 0x08, 0x87, 0x8b, 0x87, 0x8e, 0x8b, 0x8f, 0x08, 
    0x8b, 0x8f, 0x8b, 0x8e, 0x88, 0x88, 0x08, 0x87, 0x8b, 0x8b, 0x87, 0x8f, 
    0x8b, 0x08, 0x8b, 0x84, 0x87, 0x8e, 0x84, 0x93, 0x08, 0x87, 0x8e, 0x87, 
    0x8f, 0x8f, 0x8f, 0x08, 0x8b, 0x8e, 0x8b, 0x8b, 0x87, 0x88, 0x08, 0x84, 
    0x87, 0x80, 0x8f, 0x8b, 0x92, 0x08, 0x8b, 0x96, 0x8e, 0x96, 0x93, 0x8b, 
    0x08, 0x8f, 0x8f, 0x8b, 0x8b, 0x87, 0x8b, 0x08, 0x87, 0x8b, 0x87, 0x8f, 
    0x8b, 0x8e, 0x08, 0x8b, 0x93, 0x84, 0x92, 0x84, 0x8f, 0x08, 0x87, 0x8b, 
    0x87, 0x8e, 0x88, 0x8f, 0x08, 0x8b, 0x8f, 0x87, 0x87, 0x8b, 0x84, 0x08, 
    0x8b, 0x80, 0x92, 0x87, 0x8f, 0x92, 0x08, 0x8f, 0x93, 0x96, 0x7c, 0x8b, 
    0x80, 0x08, 0x8b, 0x80, 0x8b, 0x8b, 0x83, 0x8b, 0x08, 0x84, 0x8f, 0x8b, 
    0x8b, 0x8f, 0x87, 0x08, 0x92, 0x84, 0x87, 0x7f, 0x84, 0x8f, 0x08, 0x87, 
    0x8b, 0x88, 0x8f, 0x8b, 0x96, 0x08, 0x8b, 0x8f, 0x8e, 0x92, 0x8b, 0x8b, 
    0x08, 0x8f, 0x8b, 0x8b, 0x8f, 0x8b, 0x8e, 0x08, 0x8b, 0x8f, 0x8b, 0x8b, 
    0x87, 0x87, 0x08, 0x88, 0x88, 0x87, 0x87, 0x87, 0x8b, 0x08, 0x88, 0x8f, 
    0x8b, 0x87, 0x8e, 0x8b, 0x08, 0x93, 0x84, 0x8b, 0x8b, 0x87, 0x87, 0x08, 
    0x87, 0x84, 0x7d, 0x8e, 0x8b, 0x93, 0x08, 0x8e, 0x92, 0x8f, 0x9d, 0x87, 
    0x84, 0x08, 0x8b, 0x87, 0x88, 0x8b, 0x87, 0x8f, 0x08, 0x84, 0x8f, 0x87, 
    0x87, 0x96, 0x87, 0x08, 0x8b, 0x88, 0x8f, 0x87, 0x87, 0x87, 0x08, 0x8b, 
    0x84, 0x87, 0x8b, 0x88, 0x8f, 0x08, 0x83, 0x8e, 0x8b, 0x96, 0x93, 0x9a, 
    0x08, 0x8b, 0x8f, 0x8b, 0x8e, 0x87, 0x8b, 0x08, 0x87, 0x8b, 0x8b, 0x88, 
    0x8b, 0x8b, 0x08, 0x8b, 0x87, 0x87, 0x87, 0x88, 0x8f, 0x08, 0x87, 0x8b, 
    0x8b, 0x8b, 0x8f, 0x87, 0x08, 0x8b, 0x88, 0x8e, 0x87, 0x88, 0x87, 0x08, 
    0x8b, 0x80, 0x7c, 0x93, 0x8b, 0x96, 0x08, 0x8f, 0x8e, 0x8b, 0x93, 0x8e, 
    0x8e, 0x08, 0x8b, 0x96, 0x8b, 0x8b, 0x88, 0x88, 0x08, 0x87, 0x83, 0x87, 
    0x8b, 0x88, 0x8f, 0x08, 0x8b, 0x8f, 0x87, 0x8b, 0x8b, 0x83, 0x08, 0x8b, 
    0x88, 0x87, 0x83, 0x88, 0x8b, 0x08, 0x87, 0x8b, 0x8b, 0x8f, 0x8f, 0x92, 
    0x08, 0x8e, 0x93, 0x8b, 0x92, 0x8f, 0x8f, 0x08, 0x8b, 0x8f, 0x8b, 0x8b, 
    0x92, 0x87, 0x08, 0x8f, 0x87, 0x8b, 0x8b, 0x87, 0x93, 0x08, 0x88, 0x8e, 
    0x87, 0x93, 0x8b, 0x8e, 0x08, 0x8b, 0x8f, 0x87, 0x8f, 0x88, 0x8b, 0x08, 
    0x87, 0x8b, 0x8b, 0x87, 0x8f, 0x84, 0x08, 0x8e, 0x80, 0x8b, 0x87, 0x84, 
    0x87, 0x08, 0x84, 0x8b, 0x87, 0x87, 0x8b, 0x88, 0x08, 0x8b, 0x87, 0x8b, 
    0x87, 0x87, 0x8b, 0x08, 0x88, 0x8b, 0x8b, 0x8b, 0x8b, 0x8f, 0x08, 0x8e, 
    0x8f, 0x8b, 0x8e, 0x88, 0x8b, 0x08, 0x8b, 0x8b, 0x87, 0x88, 0x8b, 0x8b, 
    0x08, 0x8b, 0x87, 0x87, 0x8b, 0x84, 0x8f, 0x08, 0x87, 0x8e, 0x87, 0x8f, 
    0x8f, 0x8f, 0x08, 0x8b, 0x8b, 0x8b, 0x8f, 0x87, 0x8b, 0x08, 0x8b, 0x8b, 
    0x88, 0x8b, 0x8b, 0x87, 0x08, 0x8b, 0x87, 0x87, 0x8b, 0x87, 0x8f, 0x08, 
    0x84, 0x8b, 0x87, 0x9a, 0x93, 0x8e, 0x08, 0x8e, 0x8f, 0x8b, 0xa1, 0x88, 
    0x92, 0x08, 0x87, 0x8f, 0x8b, 0x8b, 0x8b, 0x84, 0x08, 0x8b, 0x87, 0x8b, 
    0x8b, 0x87, 0x8b, 0x08, 0x84, 0x8b, 0x8b, 0x8b, 0x8f, 0x84, 0x08, 0x92, 
    0x83, 0x8b, 0x84, 0x87, 0x8f, 0x08, 0x84, 0x8b, 0x8b, 0x87, 0x8f, 0x84, 
    0x08, 0x92, 0x83, 0x84, 0x88, 0x83, 0x8e, 0x08, 0x84, 0x8f, 0x8b, 0x8f, 
    0x8f, 0x8e, 0x08, 0x8b, 0x93, 0x8b, 0x8b, 0x87, 0x87, 0x08, 0x84, 0x84, 
    0x8b, 0x8b, 0x83, 0x8e, 0x08, 0x87, 0x8f, 0x88, 0x8f, 0x8e, 0x8e, 0x08, 
    0x8b, 0x8f, 0x8b, 0x8b, 0x88, 0x8b, 0x08, 0x78, 0x84, 0x88, 0x99, 0x9d, 
    0xa9, 0x08, 0x8b, 0x92, 0x8f, 0x8f, 0x87, 0x87, 0x08, 0x87, 0x8b, 0x8b, 
    0x8b, 0x8b, 0x8f, 0x08, 0x8b, 0x8f, 0x8b, 0x8b, 0x88, 0x8b, 0x08, 0x87, 
    0x8b, 0x8b, 0x87, 0x8b, 0x87, 0x08, 0x8b, 0x88, 0x8b, 0x8b, 0x84, 0x92, 
    0x08, 0x87, 0x8f, 0x87, 0x8e, 0x8b, 0x8f, 0x08, 0x88, 0x8f, 0x8b, 0x87, 
    0x8b, 0x87, 0x08, 0x8b, 0x88, 0x8b, 0x80, 0x87, 0x83, 0x08, 0x8b, 0x84, 
    0x8b, 0x8b, 0x8f, 0x8e, 0x08, 0x8e, 0x8f, 0x8f, 0x8f, 0x8f, 0x8b, 0x08, 
    0x92, 0x87, 0x87, 0x80, 0x84, 0x8b, 0x08, 0x87, 0x8b, 0x8b, 0x8b, 0x8f, 
    0x87, 0x08, 0x8f, 0x84, 0x87, 0x84, 0x84, 0x8e, 0x08, 0x87, 0x8b, 0x87, 
    0x8f, 0x8f, 0x8f, 0x08, 0x8b, 0x92, 0x8b, 0x8b, 0x87, 0x87, 0x08, 0x84, 
    0x84, 0x84, 0x8f, 0x87, 0x92, 0x08, 0x8b, 0x8f, 0x8b, 0x8e, 0x8b, 0x8b, 
    0x08, 0x8b, 0x8f, 0x87, 0x8b, 0x8b, 0x87, 0x08, 0x87, 0x88, 0x84, 0x8b, 
    0x8b, 0x8b, 0x08, 0x84, 0x8e, 0x8e, 0x9a, 0x93, 0x93, 0x08, 0x92, 0x8e, 
    0x8b, 0x8f, 0x87, 0x8b, 0x08, 0x88, 0x8b, 0x8b, 0x8b, 0x8e, 0x8f, 0x08, 
    0x8b, 0x8e, 0x8f, 0x8b, 0x8f, 0x84, 0x08, 0x92, 0x87, 0x8b, 0x88, 0x88, 
    0x87, 0x08, 0x87, 0x87, 0x87, 0x88, 0x87, 0x8b, 0x08, 0x88, 0x8e, 0x8b, 
    0x8b, 0x8e, 0x88, 0x08, 0x8f, 0x87, 0x96, 0x8f, 0x8b, 0x8e, 0x08, 0x8b, 
    0x8f, 0x8f, 0x8b, 0x8f, 0x87, 0x08, 0x8e, 0x8b, 0x8b, 0x8b, 0x88, 0x8f, 
    0x08, 0x87, 0x8f, 0x8b, 0x8b, 0x8f, 0x8e, 0x08, 0x8e, 0x8f, 0x84, 0x96, 
    0x84, 0x8b, 0x08, 0x87, 0x8b, 0x8b, 0x8b, 0x8b, 0x8f, 0x08, 0x8b, 0x8e, 
    0x8b, 0x8b, 0x87, 0x8b, 0x08, 0x87, 0x88, 0x8b, 0x8b, 0x8b, 0x8e, 0x08, 
    0x8b, 0x8b, 0x88, 0x8f, 0x8b, 0x8b, 0x08, 0x87, 0x8f, 0x87, 0x87, 0x8b, 
    0x87, 0x08, 0x8b, 0x72, 0x8b, 0x87, 0x84, 0x8f, 0x08, 0x84, 0x8e, 0x8b, 
    0x8b, 0x8e, 0x88, 0x08, 0x93, 0x87, 0x8b, 0x84, 0x8b, 0x87, 0x08, 0x87, 
    0x83, 0x8b, 0x8b, 0x84, 0x8f, 0x08, 0x8b, 0x8f, 0x83, 0x8b, 0x8b, 0x8b, 
    0x08, 0x84, 0x87, 0x8b, 0x8f, 0x8f, 0x92, 0x08, 0x8e, 0x8f, 0x8b, 0x8b, 
    0x84, 0x87, 0x08, 0x87, 0x8b, 0x88, 0x8b, 0x8b, 0x8f, 0x08, 0x8b, 0x8f, 
    0x87, 0x92, 0x87, 0x8f, 0x08, 0x84, 0x92, 0x05, 0x83, 0x84, 0x05, 0x84, 
    0x83, 0x80, 0x88, 0x8b, 0x92, 0x08, 0x8b, 0x8b, 0x8f, 0x8f, 0x8b, 0x8e, 
    0x08, 0x8e, 0x8f, 0x8f, 0x8f, 0x8b, 0x8b, 0x08, 0x87, 0x8b, 0x8f, 0x8e, 
    0x8b, 0x8f, 0x08, 0x8f, 0x8f, 0x8e, 0x8b, 0x97, 0x87, 0x08, 0xa8, 0x84, 
    0x8f, 0x8b, 0x8b, 0x92, 0x08, 0x8e, 0x8f, 0x88, 0x8e, 0x83, 0x8f, 0x08, 
    0x5f, 0x92, 0x7c, 0x97, 0x88, 0xac, 0x08, 0x8b, 0x99, 0x87, 0x8f, 0x84, 
    0x8f, 0x08, 0x83, 0x8e, 0x8b, 0x8b, 0x84, 0x88, 0x08, 0x87, 0x83, 0x8b, 
    0x8b, 0x7c, 0x8f, 0x08, 0x7d, 0x92, 0x8e, 0x8b, 0x84, 0x84, 0x08, 0x9a, 
    0x75, 0x15, 0x8b, 0x87, 0x8e, 0x88, 0x8f, 0x8b, 0x08, 0x8b, 0x8b, 0x8f, 
    0x8b, 0x8b, 0x87, 0x08, 0x8b, 0x84, 0x7c, 0x71, 0x87, 0x8e, 0x08, 0x8b, 
    0x8b, 0x84, 0x8f, 0x87, 0x8b, 0x08, 0x88, 0x8b, 0x83, 0x8b, 0x8b, 0x8b, 
    0x08, 0x8b, 0x8f, 0x9e, 0xb3, 0x8e, 0x8b, 0x08, 0x8f, 0x8b, 0x8b, 0x88, 
    0x8f, 0x87, 0x08, 0xb3, 0x80, 0x15, 0x8b, 0x84, 0x79, 0x66, 0x87, 0x8b, 
    0x08, 0x84, 0x8b, 0x8b, 0x96, 0x96, 0xa5, 0x08, 0x96, 0xa4, 0x92, 0x8f, 
    0x8b, 0x75, 0x08, 0xd9, 0x4c, 0x15, 0x87, 0x88, 0x8b, 0x8b, 0x8f, 0x8b, 
    0x08, 0x8b, 0x8b, 0x8e, 0x8b, 0x8f, 0x8e, 0x08, 0x8b, 0x8f, 0x8b, 0x8b, 
    0x87, 0x8b, 0x08, 0x8b, 0x8b, 0x88, 0x8b, 0x8b, 0x87, 0x08, 0xe7, 0x6a, 
    0x15, 0x83, 0x84, 0x05, 0x93, 0x8b, 0x05, 0x92, 0x87, 0x8b, 0x8b, 0x87, 
    0x84, 0x08, 0x8b, 0x83, 0x8b, 0x8b, 0x8f, 0x8b, 0x08, 0x8f, 0x8f, 0x8b, 
    0x8f, 0x8b, 0x8e, 0x08, 0x8b, 0x8b, 0x8b, 0x8f, 0x8f, 0x8b, 0x08, 0x8e, 
    0x87, 0x8b, 0x8f, 0x88, 0x8b, 0x08, 0x8b, 0x96, 0x92, 0x87, 0x8f, 0x84, 
    0x08, 0x8e, 0x87, 0x8f, 0x88, 0x8f, 0x8e, 0x08, 0x8e, 0x8f, 0x8b, 0x8b, 
    0x88, 0x8b, 0x08, 0x87, 0x8b, 0x87, 0x8f, 0x8b, 0x8b, 0x08, 0x8b, 0x8e, 
    0x88, 0x8f, 0x83, 0x8f, 0x08, 0x80, 0x8f, 0x8f, 0x8b, 0x80, 0x83, 0x08, 
    0x2f, 0x87, 0x15, 0x8e, 0x88, 0x8b, 0x8b, 0x88, 0x87, 0x08, 0x83, 0x87, 
    0x88, 0x8b, 0x8b, 0x8f, 0x08, 0x87, 0x8f, 0x8b, 0x8b, 0x8f, 0x8b, 0x08, 
    0x8e, 0x8b, 0x8b, 0x8b, 0x8b, 0x8e, 0x08, 0x88, 0x8f, 0x8e, 0x8b, 0x93, 
    0x87, 0x08, 0xb3, 0x8f, 0x15, 0x8b, 0x87, 0x8f, 0x8b, 0x8f, 0x8b, 0x08, 
    0x8b, 0x88, 0x8e, 0x8b, 0x88, 0x8e, 0x08, 0x8b, 0x8f, 0x83, 0x8b, 0x8b, 
    0x8b, 0x08, 0x75, 0x75, 0x15, 0x8b, 0x8b, 0x87, 0x87, 0x8b, 0x8b, 0x08, 
    0x88, 0x8b, 0x8b, 0x8b, 0x8b, 0x8f, 0x08, 0x8e, 0x8f, 0x88, 0x8b, 0x8b, 
    0x87, 0x08, 0x83, 0x8b, 0x8b, 0x8b, 0x8f, 0x92, 0x08, 0x8b, 0x93, 0x8f, 
    0x8b, 0x8e, 0x87, 0x08, 0x8f, 0x87, 0x8f, 0x88, 0x87, 0x87, 0x08, 0xa1, 
    0x80, 0x15, 0x88, 0x87, 0x7f, 0x8f, 0x8b, 0x8f, 0x08, 0x8b, 0x92, 0x8f, 
    0x8f, 0x93, 0x87, 0x08, 0x92, 0x87, 0x8b, 0x8b, 0x87, 0x84, 0x08, 0xb7, 
    0x96, 0x15, 0x8b, 0x87, 0x8f, 0x8b, 0x8b, 0x8b, 0x08, 0x8f, 0x8b, 0x8b, 
    0x8b, 0x8b, 0x8f, 0x08, 0x87, 0x8f, 0x87, 0x8b, 0x8b, 0x8b, 0x08, 0x88, 
    0x8b, 0x8b, 0x8b, 0x8e, 0x87, 0x08, 0xd1, 0x87, 0x15, 0x8f, 0x84, 0x87, 
    0x79, 0x84, 0x8b, 0x08, 0x87, 0x8e, 0x8b, 0x8b, 0x8b, 0x88, 0x08, 0x8b, 
    0x87, 0x8f, 0x8b, 0x8b, 0x8b, 0x08, 0x8f, 0x8b, 0x8e, 0x8b, 0x8f, 0x8b, 
    0x08, 0x8b, 0x8b, 0x8f, 0x8f, 0x8b, 0x8b, 0x08, 0x8b, 0x8e, 0x8e, 0x8f, 
    0x8f, 0x87, 0x08, 0x8f, 0x8b, 0x8b, 0x8b, 0x87, 0x8f, 0x08, 0x87, 0x8f, 
    0x88, 0x8e, 0x8e, 0x8f, 0x08, 0x8b, 0x92, 0x8b, 0x8f, 0x84, 0x8b, 0x08, 
    0x87, 0x8f, 0x8b, 0x8b, 0x8b, 0x83, 0x08, 0x67, 0x88, 0x15, 0x8b, 0x87, 
    0x87, 0x8b, 0x87, 0x8b, 0x08, 0x88, 0x8f, 0x87, 0x87, 0x8f, 0x8b, 0x08, 
    0x8b, 0x84, 0x99, 0x8e, 0x8b, 0x8f, 0x08, 0x8b, 0x8f, 0x8b, 0x8e, 0x8b, 
    0x8b, 0x08, 0x88, 0x8b, 0x8b, 0x88, 0x8b, 0x8b, 0x08, 0x4c, 0x87, 0x15, 
    0x92, 0x8b, 0x8b, 0x84, 0x84, 0x8b, 0x08, 0x84, 0x87, 0x87, 0x8f, 0x8f, 
    0x92, 0x08, 0x8b, 0x8f, 0x8b, 0x8b, 0x92, 0x87, 0x08, 0xf7, 0x11, 0x80, 
    0x15, 0x8b, 0x79, 0x8f, 0x87, 0x8b, 0x96, 0x08, 0x8b, 0x92, 0x8f, 0x8f, 
    0x8b, 0x8b, 0x08, 0x8e, 0x8b, 0x8b, 0x8f, 0x88, 0x8b, 0x08, 0x87, 0x8e, 
    0x87, 0x8f, 0x8f, 0x8b, 0x08, 0x8b, 0x8f, 0x8b, 0x8b, 0x87, 0x8b, 0x08, 
    0x8b, 0x8b, 0x88, 0x83, 0x8e, 0x84, 0x08, 0x20, 0x87, 0x15, 0x84, 0x88, 
    0x8b, 0x8b, 0x8f, 0x92, 0x08, 0x8b, 0x8f, 0x8e, 0x8e, 0x8b, 0x88, 0x08, 
    0x8f, 0x8b, 0x8b, 0x87, 0x87, 0x87, 0x08, 0xa9, 0x80, 0x15, 0x8b, 0x88, 
    0x87, 0x8b, 0x87, 0x8e, 0x08, 0x88, 0x8f, 0x8b, 0x8b, 0x8b, 0x87, 0x08, 
    0x8e, 0x8b, 0x8b, 0x88, 0x88, 0x8b, 0x08, 0x87, 0x8b, 0x8b, 0x8e, 0x8b, 
    0x8f, 0x08, 0x8b, 0x92, 0x8b, 0x8b, 0x92, 0x88, 0x08, 0x93, 0x87, 0x8f, 
    0x87, 0x87, 0x8b, 0x08, 0xf7, 0x06, 0x8f, 0x15, 0x8b, 0x87, 0x8b, 0x88, 
    0x8f, 0x87, 0x08, 0x8e, 0x87, 0x8b, 0x8b, 0x8b, 0x8f, 0x08, 0x8b, 0x8f, 
    0x8b, 0x8e, 0x88, 0x8f, 0x08, 0x87, 0x8f, 0x8b, 0x8b, 0x8b, 0x87, 0x08, 
    0x2b, 0x7c, 0x15, 0x84, 0x87, 0x84, 0x8f, 0x8e, 0x93, 0x08, 0x8b, 0x8e, 
    0x8f, 0x8b, 0x8f, 0x88, 0x08, 0x92, 0x87, 0x8b, 0x8b, 0x87, 0x87, 0x08, 
    0xb7, 0x93, 0x15, 0x8b, 0x87, 0x8f, 0x8b, 0x8b, 0x8b, 0x08, 0x8f, 0x8b, 
    0x8b, 0x8b, 0x8b, 0x8f, 0x08, 0x87, 0x8e, 0x87, 0x8b, 0x8b, 0x8b, 0x08, 
    0x88, 0x8b, 0x8b, 0x8b, 0x8e, 0x88, 0x08, 0xd5, 0x87, 0x15, 0x8b, 0x80, 
    0x93, 0x83, 0x8b, 0x93, 0x08, 0x8b, 0x8e, 0x87, 0x8f, 0x87, 0x8f, 0x08, 
    0x87, 0x92, 0x8b, 0x8b, 0x8f, 0x84, 0x08, 0x24, 0x83, 0x15, 0x96, 0x8b, 
    0x87, 0x84, 0x84, 0x8b, 0x08, 0x87, 0x8b, 0x88, 0x8f, 0x8b, 0x8e, 0x08, 
    0x8b, 0x8f, 0x8b, 0x8b, 0x92, 0x87, 0x08, 0xf7, 0x0e, 0x84, 0x15, 0x8e, 
    0x87, 0x8f, 0x88, 0x8b, 0x8b, 0x08, 0x8b, 0x8e, 0x87, 0x9a, 0x88, 0x8b, 
    0x08, 0x87, 0x8b, 0x8f, 0x87, 0x8b, 0x84, 0x08, 0x50, 0x8b, 0x15, 0x87, 
    0x87, 0x87, 0x8b, 0x8b, 0x8b, 0x08, 0x88, 0x8b, 0x8b, 0x8b, 0x8e, 0x8f, 
    0x08, 0x8b, 0x8f, 0x8f, 0x8b, 0x8b, 0x8b, 0x08, 0x8f, 0x8b, 0x8b, 0x8b, 
    0x8b, 0x87, 0x08, 0x66, 0x87, 0x15, 0x8e, 0x88, 0x8b, 0x8b, 0x88, 0x87, 
    0x08, 0x87, 0x87, 0x80, 0x8f, 0x8f, 0x92, 0x08, 0x8b, 0x8f, 0x8e, 0x8b, 
    0x93, 0x87, 0x08, 0x66, 0x8b, 0x15, 0x8b, 0x88, 0x8b, 0x8b, 0x87, 0x87, 
    0x08, 0x88, 0x8b, 0x8b, 0x8b, 0x8b, 0x8f, 0x08, 0x8b, 0x8e, 0x8b, 0x8b, 
    0x8e, 0x8b, 0x08, 0x8f, 0x8b, 0x8b, 0x8b, 0x8b, 0x8b, 0x08, 0xe0, 0x80, 
    0x15, 0x87, 0x88, 0x8b, 0x8b, 0x8b, 0x8e, 0x08, 0x8b, 0x8f, 0x8f, 0x8f, 
    0x8e, 0x87, 0x08, 0x8b, 0x8b, 0x8b, 0x87, 0x88, 0x8b, 0x08, 0x50, 0x88, 
    0x15, 0x8b, 0x87, 0x8b, 0x8b, 0x87, 0x8b, 0x08, 0x87, 0x8b, 0x8b, 0x8b, 
    0x8b, 0x8f, 0x08, 0x8b, 0x8e, 0x8b, 0x8b, 0x8b, 0x8b, 0x08, 0x8f, 0x8b, 
    0x8b, 0x8b, 0x8f, 0x88, 0x08, 0xf7, 0x36, 0x8b, 0x15, 0x8b, 0x87, 0x8f, 
    0x87, 0x8e, 0x84, 0x08, 0x8f, 0x87, 0x8b, 0x8b, 0x8b, 0x93, 0x08, 0x8b, 
    0x92, 0x87, 0x8f, 0x88, 0x8b, 0x08, 0x8b, 0x8e, 0x87, 0x88, 0x8b, 0x8b, 
    0x08, 0xfb, 0x03, 0x83, 0x15, 0x8f, 0x88, 0x8b, 0x8b, 0x84, 0x8e, 0x08, 
    0x87, 0x8b, 0x87, 0x8f, 0x8b, 0x8b, 0x08, 0x8b, 0x8f, 0x93, 0x8b, 0x8e, 
    0x83, 0x08, 0xf7, 0x1d, 0x88, 0x15, 0x8e, 0x87, 0x8b, 0x87, 0x8b, 0x88, 
    0x08, 0x8b, 0x87, 0x8b, 0x87, 0x8f, 0x8b, 0x08, 0x8f, 0x8b, 0x8e, 0x88, 
    0x8b, 0x8b, 0x08, 0x8b, 0x87, 0x8f, 0x87, 0x8b, 0x84, 0x08, 0x92, 0x87, 
    0x8b, 0x8b, 0x88, 0x96, 0x08, 0x87, 0x9a, 0x8b, 0x8f, 0x92, 0x80, 0x08, 
    0x8b, 0x87, 0x8f, 0x87, 0x8b, 0x8b, 0x08, 0x8b, 0x8f, 0x8b, 0x8f, 0x8b, 
    0x8e, 0x08, 0x8f, 0x93, 0x87, 0x8b, 0x7c, 0x8b, 0x08, 0x84, 0x8b, 0x8b, 
    0x8b, 0x8f, 0x8e, 0x08, 0x8e, 0x8b, 0x88, 0x8f, 0x83, 0x8f, 0x08, 0x84, 
    0x8e, 0x8b, 0x8b, 0x8f, 0x88, 0x08, 0xfb, 0x07, 0x80, 0x15, 0x84, 0x87, 
    0x80, 0x8f, 0x8f, 0x92, 0x08, 0x8e, 0x8f, 0x8f, 0x8b, 0x8f, 0x87, 0x08, 
    0x92, 0x87, 0x8b, 0x8b, 0x87, 0x88, 0x08, 0xa2, 0x87, 0x15, 0x92, 0x8b, 
    0x87, 0x84, 0x88, 0x8b, 0x08, 0x7f, 0x87, 0x84, 0x8f, 0x8f, 0x92, 0x08, 
    0x8b, 0x8b, 0x8e, 0x8f, 0x8f, 0x8b, 0x08, 0x8f, 0x87, 0x8f, 0x8b, 0x8b, 
    0x8b, 0x08, 0xc9, 0x87, 0x15, 0x87, 0x80, 0x8f, 0x87, 0x96, 0x8f, 0x08, 
    0x8f, 0x8f, 0x8f, 0x8f, 0x8b, 0x8e, 0x08, 0x8b, 0x8f, 0x8b, 0x8b, 0x87, 
    0x87, 0x08, 0x87, 0x88, 0x88, 0x87, 0x8b, 0x8f, 0x08, 0x87, 0x8b, 0x8b, 
    0x8e, 0x8f, 0x8b, 0x08, 0x8b, 0x8f, 0x8b, 0x8b, 0x8b, 0x8b, 0x08, 0x87, 
    0x8b, 0x8b, 0x87, 0x87, 0x8b, 0x08, 0x63, 0x80, 0x15, 0x87, 0x84, 0x87, 
    0x8b, 0x84, 0x8e, 0x08, 0x8b, 0x8b, 0x87, 0x8f, 0x8f, 0x8f, 0x08, 0x8b, 
    0x92, 0x8f, 0x8b, 0x8e, 0x88, 0x08, 0x8f, 0x87, 0x8f, 0x87, 0x8b, 0x8b, 
    0x08, 0xd4, 0x8f, 0x15, 0x8b, 0x87, 0x8b, 0x84, 0x8b, 0x8b, 0x08, 0x8b, 
    0x87, 0x8f, 0x8f, 0x8b, 0x8e, 0x08, 0x8f, 0x97, 0x87, 0x8e, 0x87, 0x84, 
    0x08, 0x54, 0x78, 0x15, 0x87, 0x88, 0x88, 0x8b, 0x8b, 0x8e, 0x08, 0x8b, 
    0x8f, 0x87, 0x8f, 0x8b, 0x8b, 0x08, 0x87, 0x8b, 0x8b, 0x8b, 0x8f, 0x8e, 
    0x08, 0x8b, 0x8f, 0x8f, 0x8b, 0x8e, 0x87, 0x08, 0x93, 0x88, 0x8b, 0x8b, 
    0x87, 0x83, 0x08, 0xb7, 0x96, 0x15, 0x8b, 0x88, 0x8f, 0x8b, 0x8b, 0x8b, 
    0x08, 0x8f, 0x8b, 0x8b, 0x8b, 0x8b, 0x8e, 0x08, 0x87, 0x8f, 0x87, 0x8b, 
    0x8b, 0x8b, 0x08, 0x88, 0x8b, 0x8b, 0x8b, 0x8e, 0x87, 0x08, 0xd1, 0x8b, 
    0x15, 0x8b, 0x8b, 0x8f, 0x84, 0x8f, 0x87, 0x08, 0x96, 0x84, 0x05, 0x83, 
    0x96, 0x05, 0x84, 0x8f, 0x87, 0x92, 0x8b, 0x8b, 0x08, 0x8b, 0x8b, 0x8b, 
    0x8b, 0x8b, 0x87, 0x08, 0x6a, 0x80, 0x15, 0x8b, 0x88, 0x8b, 0x8b, 0x8f, 
    0x8e, 0x08, 0x8b, 0x8f, 0x8b, 0x8b, 0x8b, 0x8f, 0x08, 0x87, 0x8b, 0x8b, 
    0x87, 0x8b, 0x87, 0x08, 0xc2, 0x8f, 0x15, 0x8b, 0x87, 0x8f, 0x8b, 0x8f, 
    0x8b, 0x08, 0x8b, 0x8f, 0x87, 0x8b, 0x87, 0x8b, 0x08, 0x88, 0x8f, 0x8b, 
    0x8b, 0x8e, 0x87, 0x08, 0xfb, 0x0d, 0x87, 0x15, 0x96, 0x88, 0x87, 0x8b, 
    0x84, 0x87, 0x08, 0x83, 0x8b, 0x88, 0x8f, 0x8e, 0x8e, 0x08, 0x8b, 0x8f, 
    0x8b, 0x8b, 0x93, 0x87, 0x08, 0xbe, 0x8b, 0x15, 0x8b, 0x88, 0x8b, 0x8b, 
    0x8f, 0x8b, 0x08, 0x8b, 0x8b, 0x8b, 0x8b, 0x8b, 0x8e, 0x08, 0x8b, 0x8f, 
    0x8b, 0x8b, 0x87, 0x8b, 0x08, 0x88, 0x8b, 0x8b, 0x8b, 0x8e, 0x87, 0x08, 
    0x3a, 0x84, 0x15, 0x8b, 0x87, 0x8b, 0x8b, 0x8b, 0x8b, 0x08, 0x88, 0x8b, 
    0x8b, 0x8b, 0x8b, 0x8f, 0x08, 0x87, 0x8f, 0x8b, 0x8b, 0x8f, 0x8b, 0x08, 
    0x8e, 0x8b, 0x8b, 0x8b, 0x8b, 0x87, 0x08, 0xf7, 0x2f, 0x84, 0x15, 0x87, 
    0x83, 0x8b, 0x88, 0x93, 0x8e, 0x08, 0x8b, 0x8b, 0x8e, 0x8f, 0x8b, 0x8f, 
    0x08, 0x8b, 0x8e, 0x8b, 0x8b, 0x93, 0x88, 0x08, 0x8e, 0x87, 0x8b, 0x8b, 
    0x88, 0x92, 0x08, 0x87, 0x96, 0x87, 0x8b, 0x84, 0x7d, 0x08, 0xfb, 0x0e, 
    0x8e, 0x15, 0x8b, 0x88, 0x8b, 0x8b, 0x8b, 0x8b, 0x08, 0x88, 0x8b, 0x8b, 
    0x8b, 0x8b, 0x8e, 0x08, 0x87, 0x8f, 0x8b, 0x8b, 0x8f, 0x8b, 0x08, 0x8e, 
    0x8b, 0x8b, 0x8b, 0x8b, 0x87, 0x08, 0x9e, 0x8b, 0x15, 0x92, 0x8b, 0x8b, 
    0x84, 0x88, 0x8b, 0x08, 0x87, 0x87, 0x87, 0x8f, 0x8b, 0x8f, 0x08, 0x88, 
    0x92, 0x8b, 0x8b, 0x92, 0x87, 0x08, 0xf7, 0x11, 0x72, 0x15, 0x8b, 0x87, 
    0x8b, 0x8b, 0x8f, 0x8b, 0x08, 0x8b, 0x8b, 0x8b, 0x8b, 0x8b, 0x8f, 0x08, 
    0x8b, 0x8e, 0x8b, 0x8b, 0x87, 0x8b, 0x08, 0x87, 0x8b, 0x8b, 0x8b, 0x8f, 
    0x88, 0x08, 0x45, 0x83, 0x15, 0x87, 0x8b, 0x88, 0x88, 0x8b, 0x8b, 0x08, 
    0x87, 0x8b, 0x8b, 0x8e, 0x8f, 0x8b, 0x08, 0x8e, 0x8f, 0x8f, 0x8f, 0x8b, 
    0x8b, 0x08, 0x8f, 0x8b, 0x8b, 0x87, 0x87, 0x87, 0x08, 0x9e, 0x80, 0x15, 
    0x87, 0x87, 0x87, 0x8b, 0x88, 0x97, 0x08, 0x8b, 0x92, 0x8b, 0x8b, 0x92, 
    0x87, 0x08, 0x92, 0x88, 0x8b, 0x8b, 0x88, 0x83, 0x08, 0xc9, 0x93, 0x15, 
    0x88, 0x87, 0x8b, 0x8b, 0x8e, 0x8f, 0x08, 0x8f, 0x8b, 0x8b, 0x8e, 0x8b, 
    0x8f, 0x08, 0x87, 0x8b, 0x8b, 0x87, 0x8b, 0x88, 0x08, 0x5b, 0x83, 0x15, 
    0x93, 0x8b, 0x8b, 0x87, 0x87, 0x88, 0x08, 0x87, 0x87, 0x80, 0x8f, 0x8f, 
    0x92, 0x08, 0x8b, 0x8f, 0x8b, 0x8b, 0x92, 0x87, 0x08, 0xac, 0x7c, 0x15, 
    0x84, 0x8b, 0x8b, 0x88, 0x8f, 0x8b, 0x08, 0x8b, 0x8b, 0x8e, 0x8e, 0x8f, 
    0x8b, 0x08, 0x93, 0x93, 0x87, 0x8b, 0x83, 0x83, 0x08, 0x75, 0x80, 0x15, 
    0x88, 0x8b, 0x8b, 0x8b, 0x87, 0x8b, 0x08, 0x87, 0x8f, 0x8b, 0x8b, 0x8f, 
    0x8b, 0x08, 0x8f, 0x8b, 0x8e, 0x8b, 0x8b, 0x87, 0x08, 0x0e, 0x1c, 0x04, 
    0xfe, 0xb6, 0xf9, 0x4f, 0x15, 0x6e, 0x8b, 0x05, 0x99, 0x6e, 0x05, 0xa4, 
    0x5c, 0xa1, 0x67, 0xb6, 0x64, 0x08, 0xd6, 0x3f, 0xf7, 0x00, 0x47, 0xf7, 
    0x0e, 0x59, 0x08, 0xaf, 0x7d, 0x05, 0x92, 0x92, 0x05, 0x96, 0x95, 0x99, 
    0x88, 0x8b, 0x7d, 0x08, 0x8f, 0x87, 0x8b, 0x7d, 0x8f, 0x80, 0x08, 0x92, 
    0x67, 0x92, 0x87, 0xab, 0xa1, 0x08, 0xb6, 0xa8, 0xbe, 0xa0, 0xa0, 0x84, 
    0x08, 0xb3, 0x84, 0xcb, 0x72, 0xcc, 0x72, 0x08, 0xdd, 0x63, 0xf0, 0x38, 
    0xe5, 0x2b, 0x08, 0xa0, 0x75, 0x9a, 0x7d, 0x9d, 0x80, 0x08, 0xa0, 0x7d, 
    0x92, 0x8b, 0x9a, 0x8b, 0x08, 0x95, 0x8b, 0x9a, 0x8e, 0x8e, 0x92, 0x08, 
    0x9a, 0x92, 0x99, 0xac, 0x8f, 0xa0, 0x08, 0x8e, 0xb3, 0x7d, 0xc1, 0x75, 
    0xb2, 0x08, 0x6f, 0xba, 0xfb, 0x0b, 0xf3, 0x31, 0xc4, 0x08, 0x5d, 0xa8, 
    0x63, 0xa1, 0x32, 0xb2, 0x08, 0x3f, 0xaf, 0x79, 0x8f, 0x88, 0x8b, 0x08, 
    0x83, 0x87, 0x8b, 0x8b, 0x88, 0x8f, 0x08, 0x8b, 0x8b, 0x87, 0x92, 0x8b, 
    0x8b, 0x08, 0x88, 0x92, 0x87, 0x8b, 0x84, 0x87, 0x08, 0x84, 0x88, 0x8b, 
    0x8b, 0x84, 0x96, 0x08, 0x87, 0x95, 0x87, 0x8b, 0x84, 0x88, 0x08, 0x84, 
    0x84, 0x8b, 0x8b, 0x84, 0x92, 0x08, 0x87, 0x92, 0x88, 0x8b, 0x87, 0x87, 
    0x08, 0x80, 0x81, 0x79, 0x83, 0x8b, 0x8f, 0x08, 0x8b, 0x8f, 0x81, 0x8b, 
    0x8b, 0x87, 0x08, 0x87, 0x87, 0x8b, 0x8b, 0x8b, 0x8f, 0x08, 0x8b, 0x96, 
    0x79, 0x92, 0x8b, 0x7d, 0x08, 0x8b, 0x8b, 0x87, 0x87, 0x8b, 0x87, 0x08, 
    0x88, 0x8b, 0x8b, 0x8b, 0x8b, 0x8f, 0x08, 0x8e, 0x8f, 0x88, 0x8e, 0x8b, 
    0x8f, 0x08, 0x87, 0x8e, 0x8b, 0x8b, 0x88, 0x84, 0x08, 0x87, 0x84, 0x76, 
    0x87, 0x87, 0x96, 0x08, 0x87, 0x92, 0x8f, 0x8f, 0x8f, 0x84, 0x08, 0x8b, 
    0x87, 0x8e, 0x8b, 0x8f, 0x8b, 0x08, 0x8e, 0x8f, 0x81, 0x95, 0x87, 0x88, 
    0x08, 0x84, 0x87, 0x79, 0x8b, 0x87, 0x8f, 0x08, 0x88, 0x8e, 0x8e, 0x8f, 
    0x8b, 0x8f, 0x08, 0x8f, 0x8e, 0x8b, 0x8b, 0x8e, 0x88, 0x08, 0x8f, 0x87, 
    0x8b, 0x8b, 0x8b, 0x8f, 0x08, 0x87, 0x92, 0x93, 0x96, 0x8e, 0x83, 0x08, 
    0x8f, 0x88, 0x8e, 0x8b, 0x8b, 0x8b, 0x08, 0x8f, 0x8b, 0x8b, 0x8e, 0x87, 
    0x8b, 0x08, 0x84, 0x93, 0x88, 0x8b, 0x80, 0x80, 0x08, 0x84, 0x84, 0x80, 
    0x87, 0x84, 0x8b, 0x08, 0x87, 0x8b, 0x6b, 0x92, 0x6a, 0x92, 0x08, 0x44, 
    0x9a, 0x75, 0x92, 0x67, 0x8f, 0x08, 0x6f, 0x92, 0x8b, 0x8b, 0xab, 0x8b, 
    0x08, 0x92, 0x8b, 0x8f, 0x8e, 0x8b, 0x8f, 0x08, 0x8b, 0x8b, 0x8e, 0x8e, 
    0x8f, 0x8b, 0x08, 0x92, 0x8b, 0x87, 0x93, 0x84, 0x8e, 0x08, 0x84, 0x8f, 
    0x8b, 0x8b, 0x87, 0x87, 0x08, 0x8b, 0x88, 0x7d, 0x8b, 0x8b, 0x8e, 0x08, 
    0x8b, 0x8b, 0x8f, 0x8f, 0x8e, 0x8e, 0x08, 0x8f, 0x8f, 0x8b, 0x8b, 0x87, 
    0x8b, 0x08, 0x84, 0x8b, 0x8b, 0x8b, 0x87, 0x92, 0x08, 0x8b, 0x9a, 0x8f, 
    0x8b, 0x9d, 0x87, 0x08, 0x99, 0x84, 0x8f, 0x8b, 0x84, 0x92, 0x08, 0x87, 
    0x8f, 0x8b, 0x8b, 0x92, 0x8b, 0x08, 0x8f, 0x87, 0x92, 0x8b, 0x8f, 0x87, 
    0x08, 0x8b, 0x8b, 0x8e, 0x8b, 0x8b, 0x8f, 0x08, 0x8b, 0x8f, 0x6f, 0x92, 
    0x75, 0x8e, 0x08, 0x84, 0x8b, 0x7d, 0x8b, 0x80, 0x8f, 0x08, 0x75, 0x8f, 
    0xfb, 0x15, 0x8e, 0x59, 0x88, 0x08, 0xf7, 0x32, 0x75, 0x15, 0x8b, 0x87, 
    0x8b, 0x8b, 0x8b, 0x8b, 0x08, 0x87, 0x8b, 0x8b, 0x8b, 0x8b, 0x8f, 0x08, 
    0x87, 0x8f, 0x8b, 0x8b, 0x8f, 0x8b, 0x08, 0x8f, 0x8b, 0x8b, 0x8b, 0x8b, 
    0x87, 0x08, 0xbd, 0x67, 0x15, 0x8b, 0x87, 0x8b, 0x8b, 0x8b, 0x88, 0x08, 
    0x87, 0x8b, 0x81, 0x8e, 0x8b, 0x8f, 0x08, 0x8b, 0x8f, 0x95, 0x8b, 0x8f, 
    0x87, 0x08, 0x79, 0x7d, 0x15, 0x8b, 0x8b, 0x84, 0x8b, 0x8b, 0x8b, 0x08, 
    0x87, 0x8e, 0x8f, 0x8b, 0x8e, 0x8b, 0x08, 0x8f, 0x8b, 0x8f, 0x8b, 0x87, 
    0x88, 0x08, 0xf7, 0xc2, 0x75, 0x15, 0x8b, 0x88, 0x8e, 0x8b, 0x8f, 0x8b, 
    0x08, 0x8b, 0x8b, 0x8e, 0x87, 0x8f, 0x87, 0x08, 0x8b, 0x88, 0x8e, 0x87, 
    0x8b, 0x8f, 0x08, 0x8b, 0x92, 0x84, 0x96, 0x84, 0x8b, 0x08, 0x8b, 0x8b, 
    0x88, 0x8b, 0x8b, 0x87, 0x08, 0x7c, 0x76, 0x15, 0x8b, 0x87, 0x8f, 0x8b, 
    0x8e, 0x8b, 0x08, 0x8f, 0x8b, 0x8f, 0x8b, 0x8b, 0x8f, 0x08, 0x8b, 0x8e, 
    0x87, 0x8b, 0x84, 0x8b, 0x08, 0x87, 0x8b, 0x88, 0x8b, 0x8e, 0x88, 0x08, 
    0xa1, 0x87, 0x15, 0x87, 0x8b, 0x8b, 0x87, 0x8f, 0x8b, 0x08, 0x8b, 0x88, 
    0x8e, 0x8b, 0x8b, 0x8e, 0x08, 0x8f, 0x8b, 0x8b, 0x8f, 0x87, 0x8b, 0x08, 
    0x8b, 0x8f, 0x88, 0x8b, 0x8b, 0x87, 0x08, 0xc8, 0x80, 0x15, 0x8b, 0x88, 
    0x8b, 0x87, 0x8e, 0x8b, 0x08, 0x8b, 0x8b, 0x8b, 0x8f, 0x8b, 0x8e, 0x08, 
    0x8b, 0x8f, 0x8b, 0x8e, 0x88, 0x8b, 0x08, 0x8b, 0x8b, 0x87, 0x88, 0x8f, 
    0x87, 0x08, 0xfb, 0x68, 0x84, 0x15, 0x8f, 0x8b, 0x8b, 0x88, 0x8e, 0x8b, 
    0x08, 0x8b, 0x8b, 0x92, 0x8b, 0x92, 0x87, 0x08, 0x9a, 0x84, 0x96, 0x87, 
    0x8e, 0x8b, 0x08, 0x8f, 0x8b, 0x8e, 0x88, 0x8f, 0x87, 0x08, 0x8f, 0x84, 
    0x92, 0x8b, 0x8b, 0x8b, 0x08, 0x8b, 0x8b, 0xa0, 0x84, 0x8b, 0x87, 0x08, 
    0x8b, 0x8b, 0x88, 0x87, 0x8b, 0x88, 0x08, 0x87, 0x87, 0x87, 0x8b, 0x8b, 
    0x8f, 0x08, 0x8b, 0x8b, 0x88, 0x8e, 0x84, 0x8b, 0x08, 0x87, 0x8b, 0x84, 
    0x8f, 0x87, 0x8f, 0x08, 0x88, 0x8e, 0x87, 0x8f, 0x88, 0x87, 0x08, 0x87, 
    0x8b, 0x87, 0x8b, 0x88, 0x8f, 0x08, 0x8b, 0x8e, 0x87, 0x8f, 0x8b, 0x87, 
    0x08, 0x88, 0x8b, 0x83, 0x8f, 0x81, 0x8f, 0x08, 0x84, 0x8e, 0x80, 0x8f, 
    0x8b, 0x8b, 0x08, 0x87, 0x8b, 0x88, 0x8e, 0x8b, 0x8f, 0x08, 0x8b, 0x8f, 
    0x8b, 0x8b, 0x8e, 0x8b, 0x08, 0x8f, 0x87, 0x8b, 0x8b, 0x87, 0x8f, 0x08, 
    0x8b, 0x92, 0x92, 0x8e, 0x8f, 0x84, 0x08, 0xf7, 0x8f, 0x8b, 0x15, 0x8b, 
    0x88, 0x8b, 0x8b, 0x88, 0x8b, 0x08, 0x87, 0x8b, 0x8b, 0x8b, 0x8f, 0x8e, 
    0x08, 0x8b, 0x8f, 0x8b, 0x8b, 0x8e, 0x8b, 0x08, 0x8b, 0x8b, 0x8b, 0x8b, 
    0x8b, 0x87, 0x08, 0xfb, 0x8b, 0x80, 0x15, 0x8b, 0x8b, 0x8e, 0x88, 0x8b, 
    0x8b, 0x08, 0x8f, 0x8b, 0x8e, 0x8e, 0x88, 0x8b, 0x08, 0x8b, 0x8f, 0x87, 
    0x8b, 0x8b, 0x8b, 0x08, 0x88, 0x8b, 0x8b, 0x8b, 0x8b, 0x87, 0x08, 0xf7, 
    0x52, 0x8b, 0x15, 0x8b, 0x88, 0x8b, 0x8b, 0x87, 0x8b, 0x08, 0x88, 0x8b, 
    0x8b, 0x8b, 0x8b, 0x8e, 0x08, 0x8b, 0x8f, 0x8b, 0x8b, 0x8b, 0x8b, 0x08, 
    0x8e, 0x8b, 0x8b, 0x8b, 0x8f, 0x87, 0x08, 0xb2, 0x8b, 0x15, 0x8b, 0x88, 
    0x8b, 0x8b, 0x8b, 0x8b, 0x08, 0x88, 0x8b, 0x8b, 0x8b, 0x8b, 0x8e, 0x08, 
    0x87, 0x8f, 0x8b, 0x8b, 0x8f, 0x8b, 0x08, 0x8e, 0x8b, 0x8b, 0x8b, 0x8b, 
    0x87, 0x08, 0xfb, 0x6b, 0x84, 0x15, 0x8b, 0x88, 0x8b, 0x8b, 0x8e, 0x8b, 
    0x08, 0x8f, 0x8e, 0x8b, 0x8b, 0x8b, 0x8f, 0x08, 0x8b, 0x8b, 0x8b, 0x8b, 
    0x87, 0x8b, 0x08, 0x88, 0x8b, 0x8b, 0x8b, 0x8b, 0x87, 0x08, 0xba, 0x76, 
    0x15, 0x8b, 0x87, 0x8b, 0x8b, 0x8e, 0x8b, 0x08, 0x8f, 0x8f, 0x8b, 0x8b, 
    0x8b, 0x8e, 0x08, 0x8b, 0x8b, 0x8b, 0x8b, 0x87, 0x8b, 0x08, 0x88, 0x8b, 
    0x8b, 0x8b, 0x8b, 0x88, 0x08, 0xda, 0x80, 0x15, 0x9c, 0x84, 0x88, 0x8b, 
    0x87, 0x87, 0x08, 0x88, 0x84, 0x8b, 0x8b, 0x8e, 0x8b, 0x08, 0x8f, 0x8b, 
    0x8e, 0x8e, 0x8f, 0x8f, 0x08, 0x8f, 0x8f, 0x8b, 0x8b, 0x92, 0x83, 0x08, 
    0x92, 0x81, 0x8f, 0x84, 0x83, 0x87, 0x08, 0x84, 0x8b, 0x8b, 0x87, 0x92, 
    0x84, 0x08, 0x93, 0x80, 0x87, 0x81, 0x80, 0x87, 0x08, 0x84, 0x8b, 0x84, 
    0x92, 0x8b, 0x8f, 0x08, 0x8e, 0x8e, 0x8f, 0x8b, 0x8f, 0x84, 0x08, 0x8e, 
    0x88, 0x8b, 0x8b, 0x8f, 0x8e, 0x08, 0x8e, 0x96, 0x88, 0x92, 0x80, 0x8f, 
    0x08, 0x84, 0x8b, 0x8b, 0x8b, 0x8e, 0x87, 0x08, 0x8f, 0x8b, 0x8b, 0x88, 
    0x87, 0x8b, 0x08, 0x84, 0x87, 0x88, 0x8f, 0x8b, 0x92, 0x08, 0x8e, 0x8e, 
    0x88, 0x8f, 0x87, 0x8b, 0x08, 0x88, 0x8f, 0x8b, 0x8b, 0x8e, 0x83, 0x08, 
    0x8f, 0x88, 0x8b, 0x87, 0x8b, 0x8b, 0x08, 0x84, 0x8b, 0x6e, 0xa4, 0x8b, 
    0x8f, 0x08, 0x8b, 0x92, 0x96, 0x87, 0x8e, 0x81, 0x08, 0x8f, 0x87, 0x8b, 
    0x88, 0x8e, 0x8b, 0x08, 0x8f, 0x8b, 0x8b, 0x8e, 0x8b, 0x8b, 0x08, 0x87, 
    0x8f, 0x8f, 0x8e, 0x8b, 0x8b, 0x08, 0x8f, 0x8b, 0x8b, 0x8f, 0x8b, 0x8b, 
    0x08, 0x87, 0x8e, 0x8f, 0x8f, 0x8e, 0x8b, 0x08, 0x8f, 0x8f, 0x87, 0x8b, 
    0x84, 0x8b, 0x08, 0x80, 0x8b, 0x80, 0x92, 0x93, 0x8e, 0x08, 0x8e, 0x8f, 
    0x8f, 0x8b, 0x96, 0x84, 0x08, 0xf7, 0x5d, 0x8e, 0x15, 0x87, 0x88, 0x87, 
    0x8b, 0x8b, 0x8b, 0x08, 0x88, 0x8b, 0x8b, 0x8b, 0x8e, 0x8e, 0x08, 0x8b, 
    0x8f, 0x8f, 0x8b, 0x8b, 0x8b, 0x08, 0x8f, 0x8b, 0x8b, 0x8b, 0x8b, 0x87, 
    0x08, 0x7c, 0x84, 0x15, 0x80, 0x88, 0x88, 0x8b, 0x8e, 0x8e, 0x08, 0x8b, 
    0x8f, 0x8f, 0x8b, 0x8f, 0x8b, 0x08, 0x92, 0x8b, 0x8b, 0x8b, 0x87, 0x87, 
    0x08, 0x64, 0x88, 0x15, 0x8b, 0x87, 0x8b, 0x8b, 0x87, 0x8b, 0x08, 0x88, 
    0x8b, 0x8b, 0x8b, 0x8b, 0x8f, 0x08, 0x8b, 0x8e, 0x8b, 0x8b, 0x8e, 0x8b, 
    0x08, 0x8f, 0x8b, 0x8b, 0x8b, 0x8b, 0x88, 0x08, 0x80, 0x87, 0x15, 0x87, 
    0x8b, 0x8b, 0x8b, 0x88, 0x8b, 0x08, 0x87, 0x8f, 0x8b, 0x8b, 0x8f, 0x8b, 
    0x08, 0x8e, 0x8b, 0x8f, 0x8b, 0x8b, 0x87, 0x08, 0xe5, 0x7d, 0x15, 0x8b, 
    0x8b, 0x8e, 0x87, 0x8f, 0x88, 0x08, 0x8b, 0x87, 0x8e, 0x87, 0x8b, 0x8b, 
    0x08, 0x8b, 0x88, 0x88, 0x8b, 0x8b, 0x8b, 0x08, 0x87, 0x8e, 0x88, 0x8b, 
    0x8b, 0x88, 0x08, 0x8b, 0x87, 0x67, 0x8f, 0x87, 0x8e, 0x08, 0x84, 0x8f, 
    0x7d, 0x8b, 0x83, 0x87, 0x08, 0x8b, 0x88, 0x84, 0x8b, 0x84, 0x8b, 0x08, 
    0x7d, 0x8b, 0x75, 0x84, 0x84, 0x83, 0x08, 0x84, 0x88, 0x8b, 0x8b, 0x8b, 
    0x8e, 0x08, 0x8b, 0x96, 0x99, 0x9a, 0x9a, 0x8e, 0x08, 0x95, 0x8b, 0x9a, 
    0x8f, 0x99, 0x8b, 0x08, 0x96, 0x8e, 0x9d, 0x8f, 0x96, 0x8e, 0x08, 0x99, 
    0x93, 0x8e, 0x8b, 0x8f, 0x83, 0x08, 0x8b, 0x88, 0x8f, 0x87, 0x8b, 0x88, 
    0x08, 0xfb, 0x00, 0x95, 0x15, 0x87, 0x8b, 0x8b, 0x8b, 0x88, 0x8b, 0x08, 
    0x87, 0x8f, 0x8b, 0x8b, 0x8f, 0x8b, 0x08, 0x8e, 0x8b, 0x8f, 0x8b, 0x8b, 
    0x87, 0x08, 0x2a, 0x84, 0x15, 0x87, 0x88, 0x8b, 0x8b, 0x8f, 0x8e, 0x08, 
    0x8f, 0x8f, 0x8e, 0x8b, 0x8b, 0x8e, 0x08, 0x8b, 0x8b, 0x88, 0x8b, 0x87, 
    0x84, 0x08, 0xda, 0x8f, 0x15, 0x8b, 0x87, 0x8b, 0x8b, 0x87, 0x88, 0x08, 
    0x88, 0x8b, 0x8b, 0x8b, 0x8b, 0x8e, 0x08, 0x8b, 0x8f, 0x8b, 0x8b, 0x8e, 
    0x8b, 0x08, 0x8f, 0x8b, 0x8b, 0x8b, 0x8b, 0x8b, 0x08, 0xf7, 0x00, 0x63, 
    0x15, 0x95, 0x88, 0x88, 0x84, 0x80, 0x87, 0x08, 0x7d, 0x84, 0x84, 0x96, 
    0x95, 0x95, 0x08, 0x93, 0x8f, 0x8b, 0x8b, 0x92, 0x87, 0x08, 0xfb, 0x07, 
    0x81, 0x15, 0x87, 0x87, 0x8b, 0x8b, 0x8b, 0x8f, 0x08, 0x8b, 0x8e, 0x8b, 
    0x8f, 0x8f, 0x8b, 0x08, 0x8b, 0x87, 0x8b, 0x8b, 0x8b, 0x88, 0x08, 0xf7, 
    0xf4, 0xfb, 0x07, 0x15, 0x8b, 0x87, 0x80, 0x84, 0x84, 0x8b, 0x08, 0x84, 
    0x8b, 0x8e, 0x96, 0x92, 0x8e, 0x08, 0x8f, 0x93, 0x96, 0x8b, 0x8b, 0x80, 
    0x08, 0xf7, 0x52, 0xfb, 0x32, 0x15, 0x8b, 0x87, 0x84, 0x84, 0x87, 0x8b, 
    0x08, 0x88, 0x8b, 0x8b, 0x96, 0x8e, 0x8b, 0x08, 0x92, 0x8e, 0x8f, 0x8b, 
    0x8b, 0x88, 0x08, 0xbd, 0x26, 0x15, 0x88, 0x8b, 0x8b, 0x8b, 0x87, 0x8b, 
    0x08, 0x87, 0x8f, 0x8b, 0x8b, 0x8f, 0x8b, 0x08, 0x8f, 0x8b, 0x8e, 0x8b, 
    0x8b, 0x87, 0x08, 0x96, 0x84, 0x15, 0x8f, 0x80, 0x8b, 0x84, 0x83, 0x84, 
    0x08, 0x81, 0x7d, 0x75, 0x95, 0x8b, 0x9d, 0x08, 0x8b, 0x93, 0x05, 0x8f, 
    0x83, 0x05, 0x8e, 0x7d, 0x92, 0x8b, 0x96, 0x92, 0x08, 0x92, 0x92, 0x8b, 
    0x8b, 0x88, 0x93, 0x08, 0x87, 0x95, 0x8f, 0x8f, 0x92, 0x80, 0x08, 0x0e, 
    0x1c, 0x05, 0xaa, 0xf7, 0x87, 0xf9, 0x4d, 0x15, 0xaf, 0xfb, 0x0a, 0x95, 
    0x6a, 0x8f, 0x88, 0x08, 0x96, 0x80, 0xf7, 0x11, 0x38, 0xc1, 0x6b, 0x08, 
    0xde, 0x59, 0xe5, 0x59, 0xf6, 0x55, 0x08, 0xf7, 0x20, 0x47, 0x9d, 0x83, 
    0x92, 0x8f, 0x08, 0x93, 0x8f, 0x9d, 0x80, 0x8e, 0x80, 0x08, 0x8b, 0x84, 
    0x99, 0x84, 0xb3, 0x79, 0x08, 0xf7, 0x07, 0x59, 0xf7, 0x59, 0x3f, 0xba, 
    0x80, 0x08, 0x99, 0x88, 0x92, 0x8b, 0x8f, 0x8e, 0x08, 0x99, 0x93, 0xa5, 
    0xc8, 0x8b, 0xa7, 0x08, 0x8b, 0x9a, 0x8e, 0x87, 0x35, 0xaf, 0x08, 0x40, 
    0xa8, 0xfb, 0x12, 0xbd, 0x40, 0xb2, 0x08, 0x6e, 0x9a, 0x6e, 0x96, 0x88, 
    0x8b, 0x08, 0x87, 0x87, 0x40, 0xb2, 0x2d, 0xba, 0x08, 0x2e, 0xba, 0x40, 
    0xaf, 0x87, 0x8b, 0x08, 0x87, 0x8e, 0x84, 0x8b, 0x88, 0x8b, 0x08, 0x83, 
    0x8f, 0x84, 0x87, 0x84, 0x88, 0x08, 0x84, 0x87, 0x84, 0x8b, 0x8b, 0x8b, 
    0x08, 0x8b, 0x8f, 0x87, 0x8b, 0x87, 0x87, 0x08, 0x84, 0x87, 0x76, 0x8f, 
    0x75, 0x92, 0x08, 0x80, 0x92, 0x6f, 0x8f, 0x84, 0x8b, 0x08, 0x8b, 0x8b, 
    0x3c, 0xb3, 0x87, 0x8e, 0x08, 0x87, 0x8f, 0x72, 0x9d, 0x84, 0x8b, 0x08, 
    0x80, 0x8e, 0x79, 0xa1, 0x88, 0x92, 0x08, 0x8b, 0x96, 0x87, 0x92, 0x88, 
    0x8b, 0x08, 0x83, 0x8b, 0x6f, 0xa4, 0x87, 0x99, 0x08, 0x8b, 0x93, 0x88, 
    0x8e, 0x8e, 0x8b, 0x08, 0x8f, 0x8b, 0x8b, 0x9d, 0x84, 0x8f, 0x08, 0x8b, 
    0x8b, 0x79, 0x99, 0x79, 0x96, 0x08, 0x72, 0x99, 0x80, 0x92, 0x8b, 0x84, 
    0x08, 0xfb, 0x36, 0xfb, 0x72, 0x15, 0x88, 0x87, 0x87, 0x87, 0x8f, 0x8f, 
    0x08, 0x8e, 0x8f, 0x8f, 0x8b, 0x92, 0x83, 0x08, 0xa4, 0x79, 0xf7, 0x36, 
    0x27, 0xf7, 0x0e, 0x47, 0x08, 0x92, 0x87, 0xa8, 0x79, 0xa7, 0x7d, 0x08, 
    0xd3, 0x60, 0xc5, 0x63, 0x87, 0x88, 0x08, 0x8b, 0x87, 0x79, 0x8b, 0x79, 
    0x8f, 0x08, 0x6e, 0x92, 0x47, 0xa8, 0x5c, 0xa4, 0x08, 0x47, 0xaf, 0x32, 
    0xbd, 0x5f, 0xab, 0x08, 0x7d, 0x92, 0x7d, 0x96, 0x87, 0x8f, 0x08, 0x80, 
    0x92, 0x6f, 0x99, 0x8b, 0x8f, 0x08, 0x8b, 0x8b, 0x83, 0x8e, 0x88, 0x8f, 
    0x08, 0x84, 0x8f, 0x80, 0x92, 0x87, 0x8e, 0x08, 0x88, 0x8f, 0x80, 0x96, 
    0x84, 0x8e, 0x08, 0x84, 0x93, 0x83, 0x92, 0x88, 0x8b, 0x08, 0x87, 0x8e, 
    0x88, 0x8f, 0x8b, 0x87, 0x08, 0x83, 0x88, 0x8f, 0x95, 0x92, 0x8f, 0x08, 
    0x8f, 0x92, 0x87, 0x88, 0x84, 0x83, 0x08, 0x76, 0x76, 0x75, 0x67, 0x8b, 
    0x84, 0x08, 0x8f, 0x7d, 0xf7, 0xfe, 0xfb, 0x68, 0xf7, 0x7a, 0xfb, 0x0b, 
    0x08, 0xb6, 0x72, 0x96, 0x88, 0x8e, 0x8e, 0x08, 0x93, 0x92, 0xb6, 0xe9, 
    0x8b, 0x8b, 0x08, 0x8b, 0x8e, 0x79, 0x92, 0x75, 0x9a, 0x08, 0xfb, 0x6b, 
    0xf7, 0x0a, 0xfb, 0x5a, 0xf7, 0x07, 0xfb, 0x0e, 0xda, 0x08, 0x72, 0x9d, 
    0x76, 0x99, 0x8b, 0x8b, 0x08, 0x87, 0x8b, 0x87, 0x88, 0x84, 0x84, 0x08, 
    0x0e, 0x1c, 0x05, 0x65, 0x9e, 0xf9, 0x46, 0x15, 0x9d, 0x6e, 0xa0, 0x6f, 
    0xa1, 0x72, 0x08, 0x99, 0x80, 0x96, 0x7d, 0x87, 0x8b, 0x08, 0x8b, 0x8b, 
    0x8f, 0x84, 0x92, 0x87, 0x08, 0x8e, 0x88, 0x8f, 0x87, 0x87, 0x8f, 0x08, 
    0x88, 0x8e, 0x8b, 0x8f, 0x8e, 0x8b, 0x08, 0x8f, 0x8b, 0x99, 0x7c, 0x88, 
    0x88, 0x08, 0x8b, 0x8b, 0x8b, 0x8b, 0x8e, 0x87, 0x08, 0x8b, 0x8b, 0x8b, 
    0x8b, 0x8b, 0x8f, 0x08, 0x88, 0x8b, 0x8b, 0x8e, 0x8e, 0x8b, 0x08, 0x8f, 
    0x8b, 0x95, 0x81, 0x88, 0x87, 0x08, 0x8b, 0x8b, 0x8b, 0x8b, 0x8e, 0x88, 
    0x08, 0x8b, 0x8b, 0x8b, 0x8b, 0x8b, 0x8e, 0x08, 0x88, 0x8f, 0x8b, 0x8b, 
    0x8e, 0x8b, 0x08, 0x8f, 0x8b, 0x8f, 0x87, 0x8b, 0x88, 0x08, 0x8b, 0x87, 
    0x8b, 0x8b, 0x8e, 0x8b, 0x08, 0x8f, 0x8b, 0x8e, 0x8b, 0x8b, 0x87, 0x08, 
    0x8b, 0x88, 0x8b, 0x8b, 0x8f, 0x8b, 0x08, 0x8e, 0x8b, 0x8f, 0x8b, 0x8b, 
    0x87, 0x08, 0x87, 0x8b, 0x8b, 0x88, 0x8f, 0x87, 0x08, 0x8f, 0x8b, 0x8b, 
    0x8b, 0x8b, 0x8f, 0x08, 0x87, 0x8e, 0x8b, 0x8b, 0x8f, 0x8b, 0x08, 0x8e, 
    0x88, 0x8b, 0x8b, 0x8b, 0x87, 0x08, 0x8b, 0x8b, 0x8f, 0x88, 0x8e, 0x8b, 
    0x08, 0x92, 0x8b, 0x8b, 0x8b, 0x8b, 0x87, 0x08, 0x8b, 0x8b, 0x8f, 0x87, 
    0x8f, 0x8f, 0x08, 0x8e, 0x8b, 0x8b, 0x8b, 0x8b, 0x87, 0x08, 0x88, 0x88, 
    0x8b, 0x8b, 0x92, 0x8e, 0x08, 0x8e, 0x8b, 0x8b, 0x8b, 0x8b, 0x88, 0x08, 
    0x88, 0x8b, 0x92, 0x84, 0x99, 0x87, 0x08, 0xab, 0x7d, 0xf7, 0xc7, 0xfb, 
    0x15, 0x93, 0x8b, 0x08, 0x8e, 0x8b, 0x8f, 0x92, 0x92, 0xa1, 0x08, 0x96, 
    0xab, 0x05, 0x75, 0x96, 0x05, 0x6f, 0x99, 0x43, 0xab, 0x52, 0xa4, 0x08, 
    0x72, 0x92, 0x6b, 0x9a, 0x7d, 0x92, 0x08, 0x79, 0x92, 0x67, 0x99, 0x6e, 
    0x99, 0x08, 0x6f, 0x96, 0x6e, 0x99, 0x81, 0x93, 0x08, 0x79, 0x95, 0x7c, 
    0x9a, 0x93, 0x8b, 0x08, 0x8e, 0x8b, 0x8b, 0x8b, 0x88, 0x8e, 0x08, 0x8b, 
    0x8f, 0x87, 0x8b, 0x87, 0x87, 0x08, 0x88, 0x8b, 0x87, 0x8b, 0x8b, 0x8f, 
    0x08, 0x84, 0x92, 0xda, 0x92, 0x9d, 0x84, 0x08, 0x92, 0x87, 0x8e, 0x8b, 
    0x88, 0x8f, 0x08, 0x8b, 0x8e, 0x72, 0x8f, 0x72, 0x8f, 0x08, 0x72, 0x8e, 
    0x6e, 0x8f, 0x84, 0x8e, 0x08, 0x76, 0x8f, 0x47, 0xa4, 0x6e, 0x96, 0x08, 
    0x76, 0x95, 0x87, 0x88, 0x96, 0x80, 0x08, 0xf7, 0x75, 0x4e, 0x15, 0x8b, 
    0x88, 0x8e, 0x8b, 0x8f, 0x87, 0x08, 0x8b, 0x88, 0x8f, 0x8b, 0x8b, 0x8e, 
    0x08, 0x8b, 0x8b, 0x87, 0x8f, 0x8b, 0x8b, 0x08, 0x87, 0x8e, 0x88, 0x8b, 
    0x8b, 0x8b, 0x08, 0x7d, 0x7d, 0x15, 0x83, 0x84, 0x8b, 0x87, 0x8f, 0x88, 
    0x08, 0x92, 0x87, 0x8b, 0x8b, 0x8b, 0x8f, 0x08, 0x8b, 0x8b, 0x8b, 0x8e, 
    0x8f, 0x8b, 0x08, 0x8e, 0x8b, 0x8b, 0x88, 0x8b, 0x87, 0x08, 0x8b, 0x88, 
    0x8f, 0x87, 0x8e, 0x8b, 0x08, 0x8f, 0x8b, 0x8b, 0x8b, 0x87, 0x92, 0x08, 
    0x8b, 0x8f, 0x8b, 0x92, 0x88, 0x8e, 0x08, 0x8b, 0x9a, 0x87, 0x8b, 0x81, 
    0x80, 0x08, 0x75, 0x84, 0x15, 0x88, 0x8b, 0x8b, 0x87, 0x8b, 0x8b, 0x08, 
    0x8b, 0x88, 0x8b, 0x8b, 0x8e, 0x8e, 0x08, 0x8f, 0x8b, 0x8b, 0x8f, 0x8b, 
    0x8b, 0x08, 0x8b, 0x8e, 0x87, 0x8b, 0x8b, 0x88, 0x08, 0x8f, 0x80, 0x15, 
    0x8b, 0x88, 0x8e, 0x8b, 0x8f, 0x8b, 0x08, 0x8b, 0x87, 0x8e, 0x8b, 0x88, 
    0x8f, 0x08, 0x8b, 0x8e, 0x84, 0x8b, 0x8b, 0x8b, 0x08, 0xf8, 0x64, 0xfb, 
    0x46, 0x15, 0x87, 0x87, 0x84, 0x7d, 0x8b, 0x84, 0x08, 0x8b, 0x83, 0x8b, 
    0x88, 0x88, 0x8b, 0x08, 0x87, 0x8b, 0x8b, 0x8e, 0x8b, 0x8b, 0x08, 0x8b, 
    0x8f, 0x8b, 0x8f, 0x88, 0x8b, 0x08, 0x87, 0x8b, 0x8b, 0x87, 0x92, 0x84, 
    0x08, 0x8f, 0x87, 0x8b, 0x88, 0x87, 0x8b, 0x08, 0x88, 0x8b, 0x8b, 0x8b, 
    0x8b, 0x87, 0x08, 0x8e, 0x88, 0x84, 0x83, 0x87, 0x8f, 0x08, 0x88, 0x8b, 
    0x87, 0x8b, 0x88, 0x87, 0x08, 0x84, 0x84, 0x87, 0x8b, 0x84, 0x8f, 0x08, 
    0x87, 0x8e, 0x8b, 0x8b, 0x88, 0x8b, 0x08, 0x8b, 0x88, 0x8b, 0x8b, 0x8e, 
    0x8b, 0x08, 0x8f, 0x8b, 0x8b, 0x8b, 0x87, 0x87, 0x08, 0x8b, 0x88, 0x8f, 
    0x8b, 0x8b, 0x87, 0x08, 0x8e, 0x8b, 0x8f, 0x88, 0x8b, 0x8b, 0x08, 0x8b, 
    0x87, 0x8f, 0x87, 0x8b, 0x88, 0x08, 0x8e, 0x87, 0x8f, 0x88, 0x8e, 0x84, 
    0x08, 0x8b, 0x80, 0x96, 0x84, 0x9d, 0x8b, 0x08, 0x92, 0x8b, 0x8b, 0x8b, 
    0x80, 0x92, 0x08, 0x72, 0x99, 0x88, 0xa4, 0xa0, 0x99, 0x08, 0x92, 0x8f, 
    0x8f, 0x92, 0x8b, 0x8b, 0x08, 0x8b, 0x8f, 0x92, 0x8b, 0x8f, 0x87, 0x08, 
    0x8e, 0x88, 0x8b, 0x87, 0x88, 0x8b, 0x08, 0x87, 0x8b, 0x8f, 0x87, 0x92, 
    0x8b, 0x08, 0x92, 0x8b, 0x92, 0x8b, 0x8b, 0x88, 0x08, 0x8f, 0x84, 0xa0, 
    0x80, 0x92, 0x8b, 0x08, 0x96, 0x8f, 0xa4, 0x80, 0xaf, 0x79, 0x08, 0xe4, 
    0x60, 0xf8, 0x2f, 0xfb, 0x46, 0x92, 0x8b, 0x08, 0x8b, 0x8b, 0x92, 0x87, 
    0x92, 0x87, 0x08, 0x99, 0x84, 0x8f, 0x8f, 0x92, 0xa4, 0x08, 0x96, 0xa7, 
    0x8b, 0x8f, 0x72, 0x92, 0x08, 0x80, 0x92, 0x80, 0x8f, 0x8b, 0x8b, 0x08, 
    0x88, 0x8b, 0x79, 0x92, 0x79, 0x92, 0x08, 0x79, 0x96, 0x7d, 0x92, 0x87, 
    0x8b, 0x08, 0x88, 0x8b, 0x80, 0x8f, 0x80, 0x92, 0x08, 0x7d, 0x92, 0x55, 
    0xa4, 0x56, 0xa0, 0x08, 0x55, 0xa4, 0x32, 0xaf, 0x55, 0xa4, 0x08, 0x52, 
    0xa4, 0x5d, 0x9d, 0x87, 0x87, 0x08, 0x88, 0x8b, 0x8b, 0x8b, 0x8b, 0x8f, 
    0x08, 0x8e, 0x8e, 0x8b, 0x8b, 0x88, 0x8b, 0x08, 0x8b, 0x88, 0x80, 0x8e, 
    0x84, 0x8f, 0x08, 0x72, 0x96, 0x84, 0x8e, 0x8b, 0x88, 0x08, 0x8b, 0x87, 
    0x8e, 0x88, 0x8f, 0x8e, 0x08, 0x8e, 0x8b, 0x9a, 0x7d, 0x8b, 0x84, 0x08, 
    0x8b, 0x87, 0x87, 0x8b, 0x88, 0x8f, 0x08, 0x80, 0x8e, 0x8b, 0x8b, 0x84, 
    0x81, 0x08, 0x87, 0x83, 0x8b, 0x8b, 0x92, 0x84, 0x08, 0x8f, 0x88, 0x8b, 
    0x87, 0x87, 0x8b, 0x08, 0x88, 0x8b, 0x84, 0x96, 0x8b, 0x96, 0x08, 0x8b, 
    0x95, 0x83, 0x8b, 0x8b, 0x81, 0x08, 0x8b, 0x8b, 0x8b, 0x87, 0x88, 0x87, 
    0x08, 0x84, 0x88, 0x6e, 0x99, 0x84, 0x92, 0x08, 0x84, 0x96, 0x8e, 0x9d, 
    0x93, 0x92, 0x08, 0x92, 0x92, 0x8b, 0x8f, 0x80, 0x84, 0x08, 0x96, 0x83, 
    0x15, 0x84, 0x84, 0x87, 0x7d, 0x96, 0x84, 0x08, 0x99, 0x7d, 0x9d, 0x95, 
    0x8b, 0x9d, 0x08, 0x8b, 0x9d, 0x75, 0x92, 0x81, 0x80, 0x08, 0xa0, 0x81, 
    0x15, 0x8b, 0x87, 0x8b, 0x8b, 0x88, 0x8f, 0x08, 0x87, 0x8e, 0x87, 0x8b, 
    0x88, 0x84, 0x08, 0x84, 0x88, 0x87, 0x8e, 0x92, 0x92, 0x08, 0x92, 0x8f, 
    0x93, 0x8b, 0x8e, 0x84, 0x08, 0xef, 0x6e, 0x15, 0x8f, 0x88, 0x8b, 0x8b, 
    0x87, 0x87, 0x08, 0x84, 0x8b, 0x87, 0x84, 0x93, 0x8b, 0x08, 0x8e, 0x8b, 
    0x8f, 0x8b, 0x8e, 0x87, 0x08, 0x8f, 0x8b, 0x8e, 0x88, 0x8b, 0x8e, 0x08, 
    0x8f, 0x8b, 0x8b, 0x8b, 0x8b, 0x88, 0x08, 0x8b, 0x8b, 0x8f, 0x87, 0x8e, 
    0x8f, 0x08, 0x8b, 0x8b, 0x8f, 0x8b, 0x8b, 0x8b, 0x08, 0x8b, 0x87, 0x84, 
    0x88, 0x80, 0x87, 0x08, 0x75, 0x80, 0x05, 0x7a, 0x92, 0x05, 0x7c, 0x8f, 
    0x81, 0x8f, 0x87, 0x8b, 0x08, 0x84, 0x8b, 0x8b, 0x8b, 0x92, 0x8e, 0x08, 
    0x8f, 0x8f, 0x92, 0x92, 0x8b, 0x92, 0x08, 0x8e, 0x92, 0x8b, 0x8b, 0x8b, 
    0x80, 0x08, 0x88, 0x81, 0x8e, 0x87, 0x8b, 0x8f, 0x08, 0x92, 0x8e, 0x8f, 
    0x8b, 0x87, 0x88, 0x08, 0x8b, 0x87, 0x8f, 0x8f, 0x92, 0x8e, 0x08, 0x96, 
    0x8f, 0x8e, 0x8e, 0x88, 0x8b, 0x08, 0x87, 0x8f, 0x8b, 0x8b, 0x8f, 0x8f, 
    0x08, 0x8e, 0x8b, 0x8f, 0x8e, 0x87, 0x8b, 0x08, 0x8b, 0x8f, 0x8f, 0x8b, 
    0x92, 0x87, 0x08, 0xa4, 0x80, 0x15, 0x8f, 0x88, 0x8b, 0x8b, 0x87, 0x8b, 
    0x08, 0x88, 0x8b, 0x87, 0x8b, 0x87, 0x8e, 0x08, 0x88, 0x8f, 0x8b, 0x8b, 
    0x8e, 0x8b, 0x08, 0x8f, 0x8b, 0x8f, 0x8b, 0x8e, 0x87, 0x08, 0xfb, 0x3c, 
    0x84, 0x15, 0x7d, 0x84, 0x87, 0x7d, 0x93, 0x80, 0x08, 0x9c, 0x79, 0xa8, 
    0x9d, 0x80, 0x9d, 0x08, 0x88, 0x99, 0x80, 0x8f, 0x80, 0x87, 0x08, 0xf7, 
    0x47, 0x8f, 0x15, 0x8b, 0x87, 0x8b, 0x8b, 0x87, 0x88, 0x08, 0x88, 0x8b, 
    0x8b, 0x8b, 0x8b, 0x8e, 0x08, 0x8b, 0x8f, 0x8b, 0x8b, 0x8e, 0x8b, 0x08, 
    0x8f, 0x8b, 0x8b, 0x8b, 0x8b, 0x8b, 0x08, 0xfb, 0x35, 0x79, 0x15, 0x8b, 
    0x87, 0x8b, 0x8b, 0x88, 0x8f, 0x08, 0x83, 0x8f, 0x8b, 0x8b, 0x84, 0x87, 
    0x08, 0x88, 0x84, 0x8b, 0x8b, 0x8b, 0x8e, 0x08, 0x8b, 0x8f, 0x8b, 0x8f, 
    0x8e, 0x8b, 0x08, 0x8f, 0x92, 0x96, 0x87, 0x8e, 0x84, 0x08, 0xf7, 0x47, 
    0x87, 0x15, 0x8e, 0x8b, 0x8b, 0x88, 0x8b, 0x87, 0x08, 0x88, 0x88, 0x8b, 
    0x8b, 0x92, 0x8e, 0x08, 0x92, 0x8f, 0x8f, 0x8e, 0x8b, 0x88, 0x08, 0x8b, 
    0x87, 0x83, 0x88, 0x7d, 0x87, 0x08, 0x79, 0x80, 0x8b, 0x8b, 0x7d, 0x93, 
    0x08, 0x84, 0x8e, 0x84, 0x8f, 0x8b, 0x8e, 0x08, 0x8b, 0x8b, 0x8b, 0x8f, 
    0x8e, 0x8b, 0x08, 0x8f, 0x87, 0x8e, 0x8f, 0x93, 0x8b, 0x08, 0x8e, 0x8e, 
    0x96, 0x8f, 0x8e, 0x87, 0x08, 0x8f, 0x8b, 0x92, 0x8b, 0x8f, 0x8b, 0x08, 
    0xfb, 0x20, 0x84, 0x15, 0x84, 0x88, 0x8b, 0x87, 0x8b, 0x84, 0x08, 0x8f, 
    0x87, 0x8b, 0x88, 0x87, 0x8e, 0x08, 0x88, 0x8b, 0x80, 0x8b, 0x84, 0x88, 
    0x08, 0x80, 0x8b, 0x05, 0xab, 0x79, 0x05, 0xa1, 0x80, 0x8e, 0x88, 0x84, 
    0x8e, 0x08, 0x84, 0x8b, 0x87, 0x8b, 0x8b, 0x8b, 0x08, 0x8b, 0x88, 0xa8, 
    0x80, 0xaf, 0x79, 0x08, 0xab, 0x7d, 0xf7, 0x03, 0x55, 0xef, 0x5d, 0x08, 
    0xf7, 0x66, 0x23, 0xcc, 0x6f, 0x8e, 0x8b, 0x08, 0x92, 0x8b, 0x9d, 0xbd, 
    0x88, 0x8e, 0x08, 0x8b, 0x92, 0x67, 0x9a, 0xfb, 0x92, 0xf7, 0x0a, 0x08, 
    0xfb, 0x14, 0xc7, 0xfb, 0x0e, 0xc4, 0x81, 0x93, 0x08, 0x72, 0x95, 0x87, 
    0x8f, 0x8b, 0x84, 0x08, 0x8f, 0x87, 0x79, 0x76, 0x84, 0x8b, 0x08, 0x87, 
    0x8b, 0x87, 0x8b, 0x8b, 0x8e, 0x08, 0x8b, 0x8f, 0x8f, 0x8b, 0x8f, 0x8b, 
    0x08, 0x92, 0x8b, 0x92, 0x92, 0x8b, 0x96, 0x08, 0x87, 0x95, 0x84, 0x8b, 
    0x80, 0x84, 0x08, 0x93, 0x8b, 0x15, 0x8b, 0x88, 0x8b, 0x8b, 0x87, 0x87, 
    0x08, 0x87, 0x8b, 0x8b, 0x8b, 0x8b, 0x8f, 0x08, 0x8b, 0x8e, 0x8b, 0x8b, 
    0x8f, 0x8b, 0x08, 0x8f, 0x8b, 0x8b, 0x8b, 0x8b, 0x8b, 0x08, 0xb5, 0x7d, 
    0x15, 0x93, 0x84, 0x8b, 0x8b, 0x83, 0x8b, 0x08, 0x88, 0x8b, 0x87, 0x8b, 
    0x8b, 0x8e, 0x08, 0x8b, 0x8f, 0x88, 0x8b, 0x8b, 0x8b, 0x08, 0x87, 0x8b, 
    0x88, 0x8b, 0x8b, 0x8f, 0x08, 0x8b, 0x8e, 0x8e, 0x8b, 0x99, 0x84, 0x08, 
    0xf7, 0x0e, 0x8f, 0x15, 0x8e, 0x87, 0x8b, 0x84, 0x84, 0x8b, 0x08, 0x88, 
    0x8e, 0x8b, 0x8b, 0x8e, 0x88, 0x08, 0x8b, 0x87, 0x8b, 0x8b, 0x88, 0x8b, 
    0x08, 0x87, 0x8f, 0x88, 0x87, 0x8b, 0x8b, 0x08, 0x8b, 0x88, 0x8b, 0x8b, 
    0x87, 0x87, 0x08, 0x87, 0x8b, 0x8b, 0x8b, 0x8f, 0x8f, 0x08, 0x8b, 0x8e, 
    0x8b, 0x8b, 0x87, 0x8b, 0x08, 0x8b, 0x88, 0x84, 0x8b, 0x88, 0x8e, 0x08, 
    0x84, 0x8f, 0x8b, 0x8b, 0x99, 0x92, 0x08, 0x99, 0x92, 0x8f, 0x8b, 0x92, 
    0x88, 0x08, 0xa7, 0x87, 0x15, 0x8b, 0x87, 0x6b, 0x7a, 0x84, 0x8b, 0x08, 
    0x88, 0x8b, 0xa7, 0x9c, 0x99, 0x93, 0x08, 0x8b, 0x8b, 0x8b, 0x8b, 0x8b, 
    0x87, 0x08, 0xfb, 0x2a, 0x76, 0x15, 0x93, 0x75, 0x8e, 0x84, 0x84, 0x92, 
    0x08, 0x84, 0x8f, 0x80, 0xab, 0x8f, 0x8b, 0x08, 0x8e, 0x8b, 0x8f, 0x84, 
    0x8e, 0x84, 0x08, 0xa4, 0x80, 0x15, 0x8b, 0x80, 0x8f, 0x80, 0x8b, 0x8b, 
    0x08, 0x8b, 0x88, 0x87, 0x92, 0x88, 0x96, 0x08, 0x87, 0x92, 0x88, 0x96, 
    0x87, 0x8e, 0x08, 0x8b, 0x92, 0x8b, 0x8b, 0x8f, 0x8b, 0x08, 0x8b, 0x88, 
    0x92, 0x84, 0x8e, 0x80, 0x08, 0xf7, 0x6e, 0x72, 0x15, 0xbd, 0x75, 0xb6, 
    0x7a, 0x8b, 0x8b, 0x08, 0x8f, 0x8b, 0x87, 0x87, 0x88, 0x87, 0x08, 0x87, 
    0x88, 0x84, 0x8e, 0x79, 0x93, 0x08, 0x6b, 0x99, 0x2e, 0xb2, 0x79, 0x96, 
    0x08, 0x84, 0x8b, 0x84, 0x92, 0x8b, 0x8b, 0x08, 0x8b, 0x8f, 0x8e, 0x8e, 
    0x8f, 0x8b, 0x08, 0x8b, 0x8b, 0xb6, 0x79, 0xb9, 0x76, 0x08, 0xfb, 0xce, 
    0xab, 0x15, 0x8b, 0x87, 0x92, 0x8b, 0x8f, 0x88, 0x08, 0x92, 0x87, 0x8b, 
    0x8b, 0x87, 0x8f, 0x08, 0x84, 0x92, 0x80, 0x8f, 0x8f, 0x87, 0x08, 0xf7, 
    0x06, 0x76, 0x15, 0x8f, 0x83, 0x8b, 0x84, 0x8b, 0x88, 0x08, 0x87, 0x8b, 
    0x84, 0x95, 0x88, 0x9d, 0x08, 0x87, 0x9a, 0x92, 0x80, 0x92, 0x7d, 0x08, 
    0xa1, 0x87, 0x15, 0x8e, 0x7d, 0x8f, 0x80, 0x8b, 0x8b, 0x08, 0x87, 0x8b, 
    0x8b, 0x8b, 0x8b, 0x8f, 0x08, 0x88, 0x8e, 0x87, 0x96, 0x88, 0x96, 0x08, 
    0x87, 0x95, 0x8b, 0x92, 0x8b, 0x8b, 0x08, 0x8b, 0x8b, 0x92, 0x81, 0x8f, 
    0x80, 0x08, 0x47, 0x8f, 0x15, 0x87, 0x8b, 0x8b, 0x8b, 0x88, 0x8b, 0x08, 
    0x87, 0x8e, 0x8b, 0x8b, 0x8f, 0x8b, 0x08, 0x8e, 0x8b, 0x8f, 0x8b, 0x8b, 
    0x88, 0x08, 0xf6, 0x80, 0x15, 0x92, 0x75, 0x88, 0x88, 0x83, 0x99, 0x08, 
    0x84, 0x9d, 0x8b, 0x8f, 0x8f, 0x8b, 0x08, 0x8b, 0x8b, 0x8e, 0x83, 0x8f, 
    0x88, 0x08, 0x76, 0x80, 0x15, 0x92, 0x7d, 0x8b, 0x80, 0x84, 0x99, 0x08, 
    0x87, 0x93, 0x87, 0xa0, 0x8b, 0x8b, 0x08, 0x8f, 0x8b, 0x8f, 0x84, 0x8b, 
    0x80, 0x08, 0xf7, 0x71, 0x27, 0x15, 0x8b, 0x88, 0x8f, 0x83, 0x87, 0x8b, 
    0x08, 0x8b, 0x8b, 0xfb, 0x31, 0xd6, 0x7d, 0x93, 0x08, 0x8b, 0x8b, 0x87, 
    0x8e, 0x8b, 0x92, 0x08, 0x87, 0x92, 0x96, 0x84, 0xd6, 0x6b, 0x08, 0xcb, 
    0x6b, 0xa4, 0x80, 0x8f, 0x84, 0x08, 0xf7, 0x2a, 0xa4, 0x15, 0x96, 0x84, 
    0x05, 0x80, 0x87, 0x05, 0x80, 0x84, 0x8b, 0x8b, 0x79, 0x92, 0x08, 0x7a, 
    0x96, 0x05, 0x95, 0x8f, 0x05, 0x96, 0x92, 0x8f, 0x8b, 0xa0, 0x80, 0x08, 
    0xe1, 0x76, 0x15, 0x8b, 0x87, 0x8b, 0x8b, 0x87, 0x8b, 0x08, 0x88, 0x8b, 
    0x8b, 0x8b, 0x8e, 0x8f, 0x08, 0x8b, 0x8e, 0x8b, 0x8b, 0x8f, 0x8b, 0x08, 
    0x8b, 0x8b, 0x8b, 0x8b, 0x8b, 0x88, 0x08, 0xfb, 0x18, 0x60, 0x15, 0x92, 
    0x87, 0x92, 0x84, 0x8b, 0x88, 0x08, 0x8e, 0x83, 0x8b, 0x84, 0x8f, 0x88, 
    0x08, 0x8b, 0x87, 0x8b, 0x8b, 0x7d, 0x92, 0x08, 0x84, 0x8f, 0x83, 0x8e, 
    0x8b, 0x8b, 0x08, 0x8b, 0x8f, 0x88, 0x8f, 0x87, 0x92, 0x08, 0x88, 0x9d, 
    0x8b, 0x8b, 0x9d, 0x80, 0x08, 0xf6, 0x67, 0x15, 0x8b, 0x88, 0x8b, 0x8b, 
    0x87, 0x87, 0x08, 0x88, 0x8b, 0x8b, 0x8b, 0x8b, 0x8f, 0x08, 0x8b, 0x8e, 
    0x8b, 0x8b, 0x8e, 0x8b, 0x08, 0x8f, 0x8b, 0x8b, 0x8b, 0x8b, 0x8b, 0x08, 
    0x7c, 0x67, 0x15, 0x8b, 0x88, 0x8b, 0x8b, 0x88, 0x8b, 0x08, 0x87, 0x8b, 
    0x8b, 0x8b, 0x8f, 0x8e, 0x08, 0x8b, 0x8f, 0x8b, 0x8b, 0x8e, 0x8b, 0x08, 
    0x8b, 0x8b, 0x8b, 0x8b, 0x8b, 0x87, 0x08, 0x0e, 0x1c, 0x05, 0x66, 0x9c, 
    0xf9, 0x4e, 0x15, 0x8e, 0x87, 0x99, 0x7d, 0x9d, 0x7d, 0x08, 0xe6, 0x37, 
    0xf7, 0x00, 0x45, 0xf7, 0x9e, 0xfb, 0x31, 0x08, 0xf7, 0x16, 0x3e, 0xaa, 
    0x79, 0x8f, 0x8b, 0x08, 0x92, 0x8b, 0x99, 0x81, 0x87, 0x87, 0x08, 0x88, 
    0x88, 0xb8, 0x87, 0xa4, 0x8f, 0x08, 0xa0, 0x8e, 0x8e, 0x8b, 0x92, 0x84, 
    0x08, 0x8f, 0x88, 0x95, 0x87, 0x96, 0x8b, 0x08, 0x92, 0x88, 0x9c, 0x87, 
    0x92, 0x8b, 0x08, 0x96, 0x88, 0x99, 0x84, 0x95, 0x8b, 0x08, 0xa7, 0x80, 
    0xd5, 0x6f, 0xa0, 0x81, 0x08, 0x8e, 0x8b, 0x99, 0x80, 0x9d, 0x84, 0x08, 
    0xae, 0x7d, 0xa0, 0x7d, 0x8b, 0x88, 0x08, 0x8b, 0x8b, 0x92, 0x84, 0x8e, 
    0x87, 0x08, 0x96, 0x84, 0x8e, 0x88, 0x8f, 0x79, 0x08, 0x92, 0x76, 0x99, 
    0x7a, 0xa7, 0x79, 0x08, 0xa3, 0x7a, 0x9d, 0x87, 0xa3, 0x8b, 0x08, 0xdc, 
    0x96, 0xae, 0xf0, 0x53, 0xc7, 0x08, 0x7d, 0x95, 0x80, 0x92, 0x81, 0x8f, 
    0x08, 0x80, 0x8e, 0x7d, 0x8f, 0x84, 0x8b, 0x08, 0x7a, 0x8e, 0x72, 0x88, 
    0x7a, 0x84, 0x08, 0x7d, 0x84, 0x8b, 0x8b, 0x6f, 0x95, 0x08, 0x7d, 0x8f, 
    0x6f, 0x99, 0x79, 0x95, 0x08, 0x7a, 0x96, 0x72, 0x95, 0x84, 0x92, 0x08, 
    0x81, 0x8f, 0x7d, 0x92, 0x87, 0x8e, 0x08, 0x84, 0x8f, 0x81, 0x92, 0x84, 
    0x92, 0x08, 0x79, 0x92, 0x7a, 0x95, 0x6b, 0xa4, 0x08, 0x7d, 0x92, 0x7a, 
    0x99, 0x80, 0x8e, 0x08, 0x7d, 0x96, 0x84, 0x92, 0x81, 0x9c, 0x08, 0x76, 
    0xae, 0x79, 0x99, 0x7d, 0x8b, 0x08, 0x7d, 0x8f, 0x8b, 0x87, 0x7a, 0x76, 
    0x08, 0x80, 0x7d, 0x81, 0x81, 0x84, 0x87, 0x08, 0x84, 0x8b, 0x87, 0x88, 
    0x88, 0x8b, 0x08, 0x8b, 0x8e, 0x99, 0x9d, 0x92, 0x8b, 0x08, 0x8b, 0x8b, 
    0x8e, 0x8e, 0x8f, 0x8f, 0x08, 0x8b, 0x8e, 0x92, 0x92, 0x92, 0x8f, 0x08, 
    0x95, 0x95, 0x05, 0x53, 0xa4, 0x05, 0x6c, 0x95, 0x5a, 0x9d, 0x72, 0x99, 
    0x08, 0x6f, 0x95, 0x73, 0x92, 0x8b, 0x8b, 0x08, 0x87, 0x8b, 0x84, 0x8f, 
    0x84, 0x8e, 0x08, 0x7a, 0x92, 0x84, 0x8b, 0x8e, 0x88, 0x08, 0x8b, 0x87, 
    0x8f, 0x88, 0x8e, 0x8b, 0x08, 0x92, 0x8b, 0x8f, 0x8b, 0x8b, 0x80, 0x08, 
    0x8b, 0x81, 0x8b, 0x8b, 0x84, 0x8b, 0x08, 0x87, 0x8e, 0x84, 0x8b, 0x8b, 
    0x8f, 0x08, 0x8b, 0x8e, 0x84, 0x8b, 0x8b, 0x8b, 0x08, 0x88, 0x88, 0x87, 
    0x8e, 0x8b, 0x8b, 0x08, 0x8b, 0x8f, 0x88, 0x8b, 0x87, 0x87, 0x08, 0x84, 
    0x8b, 0x8b, 0x8b, 0x8b, 0x8f, 0x08, 0x8f, 0x8e, 0x8b, 0x8b, 0x87, 0x88, 
    0x08, 0x84, 0x8b, 0x84, 0x92, 0x92, 0x8e, 0x08, 0x8b, 0x8f, 0x8f, 0x8e, 
    0x8b, 0x8b, 0x08, 0x8b, 0x8f, 0x87, 0x87, 0x88, 0x88, 0x08, 0x87, 0x84, 
    0x81, 0x87, 0x92, 0x92, 0x08, 0x8b, 0x8f, 0x87, 0x8b, 0x84, 0x8b, 0x08, 
    0x81, 0x8b, 0x87, 0x8e, 0x88, 0x8b, 0x08, 0x8b, 0x8f, 0x87, 0x8e, 0x88, 
    0x88, 0x08, 0x8b, 0x8b, 0x87, 0x8b, 0x8b, 0x8e, 0x08, 0x8b, 0x8f, 0x88, 
    0x8b, 0x8b, 0x8b, 0x08, 0x87, 0x87, 0x88, 0x8f, 0x87, 0x8e, 0x08, 0x88, 
    0x8f, 0x80, 0x8b, 0x84, 0x8e, 0x08, 0x84, 0x8b, 0x84, 0x8f, 0x8b, 0x8b, 
    0x08, 0x8b, 0x8b, 0x88, 0x8e, 0x84, 0x8b, 0x08, 0x84, 0x8f, 0x76, 0x99, 
    0x87, 0x8e, 0x08, 0x8b, 0x8f, 0x88, 0x8b, 0x87, 0x87, 0x08, 0x8b, 0x8b, 
    0x88, 0x8b, 0x8b, 0x8f, 0x08, 0x8b, 0x8e, 0x87, 0x8b, 0x88, 0x8b, 0x08, 
    0x87, 0x8b, 0x84, 0x8f, 0x84, 0x8e, 0x08, 0x81, 0x8f, 0x84, 0x8e, 0x8b, 
    0x88, 0x08, 0x87, 0x8b, 0x88, 0x8e, 0x87, 0x8f, 0x08, 0x88, 0x8e, 0x87, 
    0x8f, 0x88, 0x8b, 0x08, 0x87, 0x8b, 0x6c, 0x99, 0x87, 0x8e, 0x08, 0x8b, 
    0x8b, 0x7d, 0x8f, 0x7d, 0x8e, 0x08, 0x7a, 0x8f, 0x7d, 0x92, 0x8b, 0x8b, 
    0x08, 0x87, 0x8b, 0x88, 0x8e, 0x87, 0x88, 0x08, 0x8b, 0x8b, 0x88, 0x8b, 
    0x8b, 0x8e, 0x08, 0x8b, 0x8f, 0x87, 0x8b, 0x8b, 0x8b, 0x08, 0x88, 0x87, 
    0x87, 0x8b, 0x8b, 0x8f, 0x08, 0x8b, 0x8e, 0x8b, 0x8b, 0x88, 0x8b, 0x08, 
    0x8b, 0x8b, 0x80, 0x8f, 0x84, 0x8e, 0x08, 0x81, 0x8f, 0x80, 0x8e, 0x8b, 
    0x8b, 0x08, 0x88, 0x8b, 0x8b, 0x8b, 0x8b, 0x8f, 0x08, 0x8b, 0x8e, 0x8b, 
    0x8b, 0xc3, 0x7d, 0x08, 0xaa, 0x84, 0xa4, 0x84, 0x8b, 0x8f, 0x08, 0x8e, 
    0x8b, 0x8b, 0x8b, 0x8b, 0x87, 0x08, 0x8f, 0x88, 0x8b, 0x8b, 0x8b, 0x8e, 
    0x08, 0x87, 0x92, 0x37, 0xa0, 0x57, 0x96, 0x08, 0x48, 0x95, 0x8f, 0x8b, 
    0x92, 0x88, 0x08, 0xf7, 0x7b, 0x56, 0x15, 0x8e, 0x88, 0x96, 0x87, 0x8e, 
    0x8b, 0x08, 0x92, 0x88, 0x8b, 0x8b, 0x84, 0x8e, 0x08, 0x84, 0x8f, 0x81, 
    0x8e, 0x87, 0x8b, 0x08, 0x84, 0x8f, 0x8b, 0x8b, 0x96, 0x87, 0x08, 0xf7, 
    0xc1, 0xfb, 0x2a, 0x15, 0x92, 0x87, 0x8b, 0x8b, 0x84, 0x8b, 0x08, 0x80, 
    0x88, 0x84, 0x92, 0x8f, 0x95, 0x08, 0x8b, 0x92, 0x8b, 0x8b, 0x8e, 0x84, 
    0x08, 0x8b, 0x88, 0x8f, 0x87, 0x92, 0x88, 0x08, 0xf7, 0x35, 0x6b, 0x15, 
    0x92, 0x8b, 0x92, 0x88, 0x8b, 0x8b, 0x08, 0x8e, 0x8b, 0x76, 0x95, 0x88, 
    0x8b, 0x08, 0x87, 0x8b, 0x8f, 0x88, 0x92, 0x87, 0x08, 0xf8, 0xb6, 0xfb, 
    0xc1, 0x15, 0xa7, 0x76, 0x8e, 0x61, 0x7a, 0x6f, 0x08, 0x7d, 0x7a, 0x7d, 
    0x84, 0x72, 0x8b, 0x08, 0x7d, 0x8b, 0x84, 0x8b, 0x84, 0x92, 0x08, 0x7d, 
    0xa0, 0x88, 0xa7, 0x95, 0xa7, 0x08, 0x96, 0x9c, 0x99, 0x99, 0x9c, 0x8f, 
    0x08, 0x9d, 0x8e, 0x92, 0x8b, 0x92, 0x84, 0x08, 0x0e, 0x1c, 0x05, 0x09, 
    0xa5, 0xf9, 0x38, 0x15, 0xa3, 0x38, 0xe3, 0xfb, 0x04, 0xde, 0x50, 0x08, 
    0xb5, 0x6d, 0xf5, 0x50, 0xc6, 0x79, 0x08, 0x9d, 0x85, 0xcc, 0x7a, 0xc6, 
    0x79, 0x08, 0xc7, 0x79, 0xba, 0x79, 0x8b, 0x85, 0x08, 0x97, 0x80, 0x9d, 
    0x90, 0xa8, 0xa3, 0x08, 0xc0, 0xb5, 0xa9, 0x8b, 0xaf, 0x6d, 0x08, 0x96, 
    0x85, 0xa3, 0x79, 0xa3, 0x85, 0x08, 0xa2, 0x85, 0xaf, 0x74, 0xa3, 0x7f, 
    0x08, 0xb4, 0x6d, 0x8b, 0x8b, 0xa3, 0x50, 0x08, 0x9c, 0x68, 0x9d, 0x67, 
    0x91, 0x85, 0x08, 0x9d, 0x79, 0xc0, 0x80, 0xa3, 0x91, 0x08, 0xb4, 0x90, 
    0xaf, 0xc1, 0x8b, 0xba, 0x08, 0x8b, 0xba, 0x56, 0xd8, 0x43, 0xc7, 0x08, 
    0x4a, 0xba, 0x3e, 0xae, 0xfb, 0x10, 0xaf, 0x08, 0x68, 0x91, 0x6d, 0xa3, 
    0x85, 0xa2, 0x08, 0x85, 0xa3, 0x7f, 0x8b, 0x7a, 0x6d, 0x08, 0x85, 0x7f, 
    0x79, 0x7a, 0x79, 0x85, 0x08, 0x5c, 0x6d, 0x4a, 0x91, 0xfb, 0x2e, 0xaf, 
    0x08, 0x7f, 0x8b, 0x8b, 0x8b, 0x8b, 0x85, 0x08, 0x91, 0x7f, 0x7f, 0x85, 
    0x79, 0x91, 0x08, 0x7f, 0x91, 0x8b, 0x8b, 0x97, 0x91, 0x08, 0x9d, 0x91, 
    0x8b, 0x91, 0x6d, 0x90, 0x08, 0x74, 0x97, 0x85, 0x8b, 0x8b, 0x7f, 0x08, 
    0x85, 0x86, 0x8b, 0x8b, 0x85, 0x96, 0x08, 0x8b, 0x97, 0x6d, 0x97, 0x7a, 
    0x85, 0x08, 0x85, 0x8b, 0x8b, 0x8b, 0x8b, 0x91, 0x08, 0x91, 0x91, 0x8b, 
    0x8b, 0x7f, 0x8b, 0x08, 0x85, 0x85, 0x85, 0x8b, 0x91, 0x91, 0x08, 0x8b, 
    0x97, 0x61, 0xa3, 0x7a, 0x8b, 0x08, 0x85, 0x8b, 0x85, 0x90, 0x8b, 0x8b, 
    0x08, 0x85, 0x91, 0x85, 0x91, 0x8b, 0x8b, 0x08, 0x85, 0x8b, 0x85, 0x8b, 
    0x8b, 0x91, 0x08, 0x8b, 0x8b, 0x7f, 0x97, 0x7f, 0x91, 0x08, 0x56, 0xa9, 
    0x4a, 0xba, 0x62, 0xb4, 0x08, 0x73, 0xa3, 0x05, 0x97, 0x73, 0x05, 0xf7, 
    0x9e, 0xfb, 0x33, 0x15, 0x8b, 0x85, 0x8b, 0x8b, 0x91, 0x8b, 0x08, 0x8b, 
    0x8b, 0x8b, 0x8b, 0x8b, 0x91, 0x08, 0x8b, 0x90, 0x8b, 0x8b, 0x85, 0x8b, 
    0x08, 0x85, 0x8b, 0x8b, 0x8b, 0x91, 0x86, 0x08, 0x8b, 0x73, 0x15, 0x8b, 
    0x85, 0x85, 0x91, 0x7f, 0x8b, 0x08, 0x80, 0x91, 0x85, 0x91, 0x8b, 0x8b, 
    0x08, 0x8b, 0x8b, 0x91, 0x8b, 0x96, 0x8b, 0x08, 0x97, 0x85, 0x91, 0x85, 
    0x8b, 0x8b, 0x08, 0xf7, 0x58, 0x7f, 0x15, 0x8b, 0x85, 0x90, 0x8b, 0x91, 
    0x8b, 0x08, 0x97, 0x8b, 0x91, 0x91, 0x7f, 0x8b, 0x08, 0x85, 0x91, 0x85, 
    0x85, 0x86, 0x8b, 0x08, 0xf7, 0xb0, 0x3e, 0x15, 0x8b, 0x85, 0x85, 0x85, 
    0x85, 0x85, 0x08, 0x7f, 0x7f, 0x8b, 0x8b, 0x97, 0x80, 0x08, 0x9d, 0x79, 
    0x8b, 0x8b, 0x8b, 0xa8, 0x08, 0x85, 0x9d, 0x91, 0x8b, 0x96, 0x8b, 0x08, 
    0x9d, 0x85, 0x91, 0x7f, 0x79, 0x8b, 0x08, 0x85, 0x8b, 0x85, 0x8b, 0x8b, 
    0x86, 0x08, 0x8b, 0x85, 0x91, 0x8b, 0x8b, 0x8b, 0x08, 0x91, 0x8b, 0x8b, 
    0x8b, 0x85, 0x85, 0x08, 0x85, 0x85, 0x8b, 0x8b, 0x97, 0x8b, 0x08, 0x97, 
    0x85, 0x8b, 0x79, 0x7f, 0x85, 0x08, 0x85, 0x8b, 0x85, 0x85, 0x91, 0x85, 
    0x08, 0x8b, 0x8b, 0x85, 0x85, 0x86, 0x8b, 0x08, 0x7f, 0x85, 0x55, 0x97, 
    0x8b, 0x97, 0x08, 0x86, 0x91, 0x9c, 0x91, 0x97, 0x85, 0x08, 0x97, 0x85, 
    0xa9, 0x8b, 0x8b, 0x91, 0x08, 0x90, 0x8b, 0x86, 0x91, 0x8b, 0x91, 0x08, 
    0x7f, 0x91, 0x79, 0x8b, 0x91, 0x85, 0x08, 0x8b, 0x85, 0x85, 0x8b, 0x85, 
    0x8b, 0x08, 0x85, 0x8b, 0x85, 0x8b, 0x91, 0x91, 0x08, 0x8b, 0x91, 0x85, 
    0x91, 0x7f, 0x8b, 0x08, 0x85, 0x91, 0x80, 0x91, 0x85, 0x91, 0x08, 0x7f, 
    0x90, 0x8b, 0x8b, 0x8b, 0x80, 0x08, 0x85, 0x85, 0x85, 0x85, 0x85, 0x91, 
    0x08, 0x85, 0x8b, 0x8b, 0x91, 0x97, 0x96, 0x08, 0x91, 0x97, 0x97, 0x8b, 
    0xa2, 0x91, 0x08, 0x97, 0x8b, 0x9d, 0x8b, 0x8b, 0x91, 0x08, 0x8b, 0x91, 
    0xa9, 0x91, 0x8b, 0x85, 0x08, 0xfb, 0x22, 0x73, 0x15, 0x8b, 0x7a, 0x85, 
    0x8b, 0x85, 0x8b, 0x08, 0x85, 0x91, 0x8b, 0x90, 0x91, 0x91, 0x08, 0x97, 
    0x9d, 0x91, 0x8b, 0x85, 0x79, 0x08, 0xf7, 0xf1, 0x56, 0x15, 0xc0, 0x79, 
    0xcc, 0x68, 0xa3, 0x6d, 0x08, 0xa3, 0x6e, 0x90, 0x85, 0x7a, 0x85, 0x08, 
    0x85, 0x85, 0x7f, 0x97, 0x73, 0x9c, 0x08, 0x62, 0xb5, 0x79, 0x97, 0x50, 
    0xa8, 0x08, 0x6d, 0x97, 0x6e, 0x97, 0x8b, 0x91, 0x08, 0x85, 0x97, 0x8b, 
    0x8b, 0x9d, 0x85, 0x08, 0x90, 0x8b, 0xa3, 0x85, 0xa3, 0x7f, 0x08, 0xf7, 
    0x75, 0xfb, 0x40, 0x15, 0xae, 0x62, 0x74, 0x3e, 0x5b, 0x8b, 0x08, 0x7f, 
    0x8b, 0x74, 0xa3, 0x85, 0xa2, 0x08, 0x8b, 0xa9, 0x97, 0xaf, 0xa2, 0x96, 
    0x08, 0xa3, 0x9d, 0x8b, 0x85, 0x9d, 0x79, 0x08, 0xa8, 0xfb, 0x04, 0x15, 
    0x85, 0x85, 0x86, 0x8b, 0x8b, 0x8b, 0x08, 0x85, 0x8b, 0x8b, 0x8b, 0x91, 
    0x91, 0x08, 0x8b, 0x91, 0x90, 0x8b, 0x8b, 0x8b, 0x08, 0x91, 0x8b, 0x8b, 
    0x8b, 0x8b, 0x85, 0x08, 0x0e, 0x1c, 0x05, 0xb7, 0xa7, 0xf9, 0x3d, 0x15, 
    0xf3, 0xfb, 0x11, 0xf2, 0x39, 0xf7, 0x00, 0x6a, 0x08, 0xb0, 0x80, 0xc6, 
    0x80, 0xef, 0x7f, 0x08, 0xac, 0x88, 0xbb, 0x83, 0x9e, 0x84, 0x08, 0x9d, 
    0x87, 0xa2, 0x87, 0x8e, 0x8b, 0x08, 0x93, 0x8b, 0x8e, 0x88, 0x8f, 0x87, 
    0x08, 0x8f, 0x8b, 0x8f, 0x87, 0x92, 0x8b, 0x08, 0x92, 0x8b, 0x8f, 0x88, 
    0x8f, 0x87, 0x08, 0x8f, 0x8b, 0x8e, 0x87, 0x93, 0x8b, 0x08, 0x8e, 0x8b, 
    0x8f, 0x88, 0x8f, 0x87, 0x08, 0x8e, 0x8b, 0x8f, 0x87, 0x93, 0x8b, 0x08, 
    0x8e, 0x8b, 0x8f, 0x87, 0x8f, 0x8b, 0x08, 0x8e, 0x88, 0x8f, 0x87, 0x92, 
    0x87, 0x08, 0x93, 0x8b, 0x8f, 0x88, 0x8e, 0x87, 0x08, 0x8f, 0x8b, 0x8f, 
    0x87, 0x8e, 0x8b, 0x08, 0x8f, 0x8b, 0x93, 0x88, 0x8e, 0x87, 0x08, 0x8b, 
    0x87, 0x93, 0x87, 0x8e, 0x8b, 0x08, 0x93, 0x8b, 0x8e, 0x88, 0x8f, 0x87, 
    0x08, 0x8f, 0x87, 0x92, 0x88, 0x8f, 0x8b, 0x08, 0x8f, 0x8b, 0x8e, 0x87, 
    0x8f, 0x8b, 0x08, 0x8f, 0x87, 0x9a, 0x7c, 0x9d, 0x80, 0x08, 0xb0, 0x75, 
    0x05, 0x9a, 0x8f, 0x05, 0x9a, 0x92, 0x9a, 0x8b, 0x8e, 0x87, 0x08, 0x8f, 
    0x8b, 0x87, 0x84, 0x88, 0x84, 0x08, 0x7f, 0x69, 0x8b, 0x84, 0x93, 0x75, 
    0x08, 0x8f, 0x78, 0x8e, 0x87, 0x96, 0x88, 0x08, 0x93, 0x87, 0x92, 0x87, 
    0x8f, 0x8b, 0x08, 0x92, 0x8b, 0xa5, 0xa5, 0x8b, 0x93, 0x08, 0x8b, 0x8e, 
    0x8f, 0x96, 0x8f, 0x97, 0x08, 0x8e, 0x9d, 0x8b, 0x8f, 0x93, 0x87, 0x08, 
    0x92, 0x87, 0x93, 0x84, 0x8e, 0x80, 0x08, 0x96, 0x78, 0x05, 0xa2, 0x8b, 
    0x05, 0xa5, 0x8b, 0x99, 0x88, 0x96, 0x78, 0x08, 0x97, 0x80, 0x8e, 0x87, 
    0x9e, 0x8b, 0x08, 0x9d, 0x88, 0x8b, 0x87, 0x93, 0x84, 0x08, 0x92, 0x78, 
    0x9e, 0x7c, 0x92, 0x8b, 0x08, 0x9a, 0x8b, 0x92, 0x80, 0x8f, 0x6d, 0x08, 
    0x8f, 0x6a, 0x96, 0x80, 0x9d, 0x8b, 0x08, 0xad, 0x8b, 0x9d, 0x92, 0xa1, 
    0x9e, 0x08, 0x9a, 0x96, 0x96, 0x96, 0x8b, 0x8f, 0x08, 0x8f, 0x92, 0x80, 
    0xb4, 0x80, 0xa1, 0x08, 0x87, 0x96, 0x80, 0x93, 0x78, 0x9a, 0x08, 0x80, 
    0x92, 0x71, 0xa1, 0x79, 0x9a, 0x08, 0x6a, 0xac, 0x69, 0x9e, 0x63, 0x96, 
    0x08, 0x69, 0x96, 0x6e, 0x9a, 0x74, 0x9d, 0x08, 0x7d, 0x97, 0x05, 0x96, 
    0xa4, 0x05, 0x8e, 0x97, 0x93, 0xa1, 0x8b, 0x96, 0x08, 0x8e, 0x9d, 0x05, 
    0x7d, 0x9a, 0x05, 0x7c, 0x9a, 0x87, 0x8b, 0x80, 0x87, 0x08, 0x80, 0x8b, 
    0x83, 0x8b, 0x8b, 0x88, 0x08, 0x84, 0x87, 0x7c, 0x6a, 0x88, 0x7f, 0x08, 
    0x8b, 0x7d, 0x87, 0x87, 0x7c, 0x92, 0x08, 0x84, 0x8f, 0x87, 0x8b, 0x80, 
    0x87, 0x08, 0x7c, 0x88, 0x87, 0x8b, 0x93, 0x96, 0x08, 0x8e, 0x96, 0x8b, 
    0x8b, 0x80, 0x8f, 0x08, 0x80, 0x92, 0x8b, 0x8b, 0x7c, 0x84, 0x08, 0x7d, 
    0x87, 0x83, 0x8f, 0x93, 0x96, 0x08, 0x92, 0x92, 0x8b, 0x8b, 0x80, 0x93, 
    0x08, 0x83, 0x8e, 0x88, 0x8b, 0x7c, 0x88, 0x08, 0x7c, 0x83, 0x8b, 0x8b, 
    0x87, 0x93, 0x08, 0x8b, 0x8b, 0x8b, 0x92, 0x8f, 0x8f, 0x08, 0x93, 0x8e, 
    0x8b, 0x8f, 0x7f, 0x8f, 0x08, 0x7d, 0x92, 0x8b, 0x8b, 0x7f, 0x87, 0x08, 
    0x79, 0x80, 0x80, 0x96, 0x9a, 0x97, 0x08, 0x8e, 0x8e, 0x8b, 0x8f, 0x80, 
    0x8f, 0x08, 0x80, 0x92, 0x8b, 0x8b, 0x80, 0x84, 0x08, 0x75, 0x83, 0x80, 
    0x93, 0x9a, 0x96, 0x08, 0x8e, 0x8e, 0x8b, 0x8f, 0x8b, 0x8b, 0x08, 0x79, 
    0x9a, 0x87, 0x8b, 0x7c, 0x84, 0x08, 0x80, 0x87, 0x87, 0x87, 0x88, 0x8f, 
    0x08, 0x87, 0x8f, 0x8b, 0x8e, 0x8f, 0x93, 0x08, 0x96, 0x92, 0x87, 0x8f, 
    0x80, 0x8f, 0x08, 0x84, 0x8e, 0x83, 0x8b, 0x80, 0x88, 0x08, 0x80, 0x83, 
    0x87, 0x8b, 0x88, 0x93, 0x08, 0x87, 0x8e, 0x8b, 0x8f, 0x92, 0x8f, 0x08, 
    0x93, 0x92, 0x05, 0x78, 0x96, 0x05, 0x84, 0x8f, 0x80, 0x8f, 0x83, 0x8b, 
    0x08, 0x87, 0x8b, 0x88, 0x8e, 0x8e, 0x8b, 0x08, 0x8b, 0x8f, 0x80, 0x92, 
    0x84, 0x88, 0x08, 0x87, 0x8b, 0x8b, 0x8b, 0x8b, 0x8e, 0x08, 0x8f, 0x8b, 
    0x8b, 0x8f, 0x8b, 0x8b, 0x08, 0x87, 0x8b, 0x8b, 0x87, 0x88, 0x88, 0x08, 
    0x87, 0x83, 0x8b, 0x8b, 0x8b, 0x93, 0x08, 0x8f, 0x96, 0x87, 0x8b, 0x57, 
    0x9d, 0x08, 0x6d, 0x96, 0x63, 0x97, 0x78, 0x8e, 0x08, 0x6a, 0x96, 0x05, 
    0x87, 0x79, 0x05, 0x87, 0x83, 0x8b, 0x84, 0x88, 0x8b, 0x08, 0x8b, 0x8b, 
    0x71, 0x8f, 0x69, 0x92, 0x08, 0x6a, 0x93, 0x4c, 0x92, 0x62, 0x92, 0x08, 
    0xfb, 0x37, 0xa2, 0x88, 0x8e, 0x57, 0xa1, 0x08, 0x71, 0x97, 0x75, 0x92, 
    0x87, 0x8b, 0x08, 0x8b, 0x8b, 0x92, 0x84, 0x93, 0x7f, 0x08, 0xf7, 0x28, 
    0x88, 0x15, 0x8f, 0x8b, 0x87, 0x87, 0x8b, 0x8b, 0x08, 0x87, 0x87, 0x8b, 
    0x8b, 0x8b, 0x8b, 0x08, 0x8f, 0x88, 0x9d, 0x92, 0x8b, 0x8f, 0x08, 0x8b, 
    0x8e, 0x88, 0x8b, 0x83, 0x8b, 0x08, 0x88, 0x8b, 0x87, 0x8b, 0x8b, 0x88, 
    0x08, 0xb0, 0x83, 0x15, 0x87, 0x88, 0x88, 0x87, 0x8e, 0x8b, 0x08, 0x93, 
    0x8b, 0x96, 0x92, 0x8b, 0x8f, 0x08, 0x8b, 0x92, 0x83, 0x88, 0x84, 0x83, 
    0x08, 0xa9, 0x84, 0x15, 0x8b, 0x8b, 0x8e, 0x87, 0x8f, 0x8b, 0x08, 0x8b, 
    0x8b, 0x8f, 0x8f, 0x8e, 0x8b, 0x08, 0x8f, 0x92, 0x8b, 0x8b, 0x84, 0x8b, 
    0x08, 0x83, 0x8b, 0x88, 0x88, 0x8b, 0x87, 0x08, 0xb0, 0x8b, 0x15, 0x83, 
    0x84, 0x8f, 0x87, 0x96, 0x8f, 0x08, 0x92, 0x8e, 0x8f, 0x8f, 0x8b, 0x8f, 
    0x08, 0x8b, 0x8e, 0x7c, 0x88, 0x88, 0x87, 0x08, 0xa5, 0x84, 0x15, 0x8b, 
    0x87, 0x8e, 0x87, 0x8b, 0x8b, 0x08, 0x8b, 0x8b, 0xa2, 0x96, 0x8b, 0x8b, 
    0x08, 0x8b, 0x8f, 0x87, 0x8b, 0x83, 0x8b, 0x08, 0x80, 0x8b, 0x88, 0x87, 
    0x8b, 0x88, 0x08, 0xb0, 0x87, 0x15, 0x8e, 0x8b, 0x88, 0x87, 0x8b, 0x8b, 
    0x08, 0x87, 0x87, 0x8b, 0x8b, 0x8f, 0x8b, 0x08, 0x8e, 0x8b, 0x8f, 0x8f, 
    0x92, 0x8b, 0x08, 0x8f, 0x93, 0x8b, 0x8b, 0x84, 0x8b, 0x08, 0x83, 0x8b, 
    0x88, 0x8b, 0x8b, 0x87, 0x08, 0xac, 0x83, 0x15, 0x8b, 0x8b, 0x87, 0x88, 
    0x8f, 0x8b, 0x08, 0x8b, 0x8b, 0x8f, 0x8e, 0x8e, 0x8b, 0x08, 0x93, 0x93, 
    0x83, 0x8b, 0x84, 0x83, 0x08, 0x96, 0xfb, 0x2b, 0x15, 0x87, 0x8b, 0x8b, 
    0x8b, 0x88, 0x8b, 0x08, 0x87, 0x8e, 0x8b, 0x8b, 0x8f, 0x8b, 0x08, 0x8e, 
    0x8b, 0x8f, 0x8b, 0x8b, 0x88, 0x08, 0xe8, 0x7c, 0x15, 0x8b, 0x87, 0x7c, 
    0x87, 0x87, 0x8b, 0x08, 0x8b, 0x8f, 0x8b, 0x8b, 0x8b, 0x8f, 0x08, 0x8f, 
    0x8e, 0x9a, 0x8b, 0x8b, 0x88, 0x08, 0xa8, 0x87, 0x15, 0x88, 0x8b, 0x8b, 
    0x8b, 0x87, 0x8b, 0x08, 0x87, 0x8f, 0x8b, 0x8b, 0x8f, 0x8b, 0x08, 0x8f, 
    0x8b, 0x8e, 0x8b, 0x8b, 0x87, 0x08, 0xa9, 0x87, 0x15, 0x8b, 0x8b, 0x84, 
    0x8b, 0x87, 0x8b, 0x08, 0x87, 0x8f, 0x8f, 0x8b, 0x92, 0x8b, 0x08, 0x8f, 
    0x8b, 0x8f, 0x8b, 0x87, 0x87, 0x08, 0x62, 0x88, 0x15, 0x8b, 0x87, 0x87, 
    0x87, 0x8b, 0x8b, 0x08, 0x88, 0x8b, 0x87, 0x8f, 0x8b, 0x8f, 0x08, 0x8b, 
    0x8b, 0x8f, 0x8e, 0x8e, 0x8b, 0x08, 0x8b, 0x8b, 0x8f, 0x88, 0x8b, 0x8b, 
    0x08, 0xd5, 0x87, 0x15, 0x8b, 0x8b, 0x84, 0x8b, 0x8b, 0x8b, 0x08, 0x87, 
    0x8f, 0x8f, 0x8b, 0x8f, 0x8b, 0x08, 0x8e, 0x8b, 0x8f, 0x8b, 0x87, 0x87, 
    0x08, 0x54, 0x87, 0x15, 0x8b, 0x88, 0x8b, 0x8b, 0x87, 0x8b, 0x08, 0x87, 
    0x8b, 0x8b, 0x8b, 0x8b, 0x8e, 0x08, 0x8b, 0x8f, 0x8b, 0x8b, 0x8b, 0x8b, 
    0x08, 0x8f, 0x8b, 0x8b, 0x8b, 0x8f, 0x87, 0x08, 0xa1, 0x88, 0x15, 0x8b, 
    0x87, 0x87, 0x8b, 0x8b, 0x8f, 0x08, 0x88, 0x8b, 0x87, 0x8b, 0x8b, 0x8e, 
    0x08, 0x8b, 0x8b, 0x8f, 0x8b, 0x8e, 0x8b, 0x08, 0x8b, 0x8b, 0x8f, 0x8b, 
    0x8b, 0x88, 0x08, 0xd5, 0x8b, 0x15, 0x87, 0x8b, 0x8b, 0x8b, 0x88, 0x8b, 
    0x08, 0x87, 0x8e, 0x8b, 0x8b, 0x8f, 0x8b, 0x08, 0x8e, 0x8b, 0x8f, 0x8b, 
    0x8b, 0x88, 0x08, 0x96, 0x87, 0x15, 0x8b, 0x8b, 0x84, 0x8b, 0x8b, 0x8b, 
    0x08, 0x87, 0x8f, 0x8f, 0x8b, 0x8e, 0x8b, 0x08, 0x8f, 0x8b, 0x8f, 0x8b, 
    0x87, 0x87, 0x08, 0x9e, 0x87, 0x15, 0x87, 0x8b, 0x8b, 0x8b, 0x87, 0x8b, 
    0x08, 0x88, 0x8f, 0x8b, 0x8b, 0x8e, 0x8b, 0x08, 0x8f, 0x8b, 0x8f, 0x8b, 
    0x8b, 0x87, 0x08, 0x0e, 0x1c, 0x04, 0xb1, 0xf8, 0x5a, 0xf9, 0x50, 0x15, 
    0x8b, 0x88, 0xb7, 0x5b, 0xa9, 0x73, 0x08, 0xc2, 0x5c, 0xe3, 0x4a, 0xbe, 
    0x70, 0x08, 0xc1, 0x70, 0xa3, 0x7d, 0xb0, 0x7a, 0x08, 0xbb, 0x77, 0x84, 
    0x8b, 0x9c, 0xa3, 0x08, 0x92, 0x91, 0x8b, 0x8b, 0x8e, 0x88, 0x08, 0x92, 
    0x88, 0x8b, 0x87, 0x8b, 0x81, 0x08, 0x88, 0x84, 0x8b, 0x84, 0x8b, 0x88, 
    0x08, 0x87, 0x81, 0xa0, 0x84, 0x9c, 0x8e, 0x08, 0x95, 0x8b, 0x8b, 0x8f, 
    0x92, 0x98, 0x08, 0x92, 0xa0, 0x95, 0x95, 0x95, 0x88, 0x08, 0x9f, 0x87, 
    0x9c, 0x6d, 0x8b, 0x6c, 0x08, 0x8b, 0x73, 0x88, 0x7e, 0x7d, 0x7a, 0x08, 
    0x77, 0x69, 0x8b, 0x91, 0xa3, 0x74, 0x08, 0xa9, 0x6f, 0x8f, 0x88, 0x9f, 
    0x88, 0x08, 0x9c, 0x8b, 0x8f, 0x8b, 0x91, 0x91, 0x08, 0x92, 0x92, 0x8f, 
    0x92, 0x87, 0x8b, 0x08, 0x8b, 0x8e, 0x8f, 0x8f, 0x8e, 0x8b, 0x08, 0x8b, 
    0x8e, 0x8e, 0x8f, 0x8b, 0x8b, 0x08, 0x88, 0x8e, 0x8e, 0x8e, 0x8f, 0x8b, 
    0x08, 0x8e, 0x8f, 0x8b, 0x8e, 0x8b, 0x8f, 0x08, 0x88, 0x8b, 0x8e, 0x8e, 
    0x8f, 0x8e, 0x08, 0x8b, 0x8b, 0x8e, 0x8f, 0x88, 0x8e, 0x08, 0x8b, 0x8f, 
    0x8b, 0x8e, 0x91, 0x8b, 0x08, 0x8f, 0x8b, 0x8b, 0x8e, 0x8b, 0x8f, 0x08, 
    0x87, 0x8e, 0x8f, 0x8f, 0x8e, 0x8b, 0x08, 0x8b, 0x8e, 0x8f, 0x8b, 0x87, 
    0x8e, 0x08, 0x8b, 0x8f, 0x8b, 0x8e, 0x8f, 0x8b, 0x08, 0x8e, 0x8f, 0x8b, 
    0x8e, 0x8b, 0x8e, 0x08, 0x88, 0x8f, 0x8e, 0x8b, 0x8b, 0x8e, 0x08, 0x8e, 
    0x8b, 0x8f, 0x8f, 0x8b, 0x8e, 0x08, 0x87, 0x8e, 0x8f, 0x8f, 0x8e, 0x8b, 
    0x08, 0x8f, 0x8e, 0x8b, 0x8b, 0x87, 0x8f, 0x08, 0x88, 0x8e, 0x8b, 0x8e, 
    0x92, 0x8b, 0x08, 0x8e, 0x8f, 0x8b, 0x8e, 0x8b, 0x8f, 0x08, 0x88, 0x8e, 
    0x8b, 0x8e, 0x8e, 0x8b, 0x08, 0x8e, 0x8b, 0x8b, 0x8f, 0x8b, 0x8e, 0x08, 
    0x88, 0x8f, 0x8e, 0x8e, 0x8f, 0x8b, 0x08, 0x8e, 0x8e, 0x8b, 0x8b, 0x88, 
    0x8f, 0x08, 0x87, 0x92, 0x8b, 0x8b, 0x92, 0x8e, 0x08, 0x8e, 0x8b, 0x8b, 
    0x8e, 0x88, 0x8b, 0x08, 0x88, 0x8f, 0x8b, 0x92, 0x91, 0x8b, 0x08, 0x8f, 
    0x8b, 0x8b, 0x91, 0x87, 0x8f, 0x08, 0x88, 0x8b, 0x8b, 0x8e, 0x8e, 0x8b, 
    0x08, 0x92, 0x8f, 0x8b, 0x8b, 0x88, 0x91, 0x08, 0x87, 0x8f, 0x8b, 0x8b, 
    0x8f, 0x8e, 0x08, 0x8e, 0x8b, 0x8b, 0x8f, 0x8b, 0x8e, 0x08, 0x88, 0x8e, 
    0x8b, 0x8f, 0x8e, 0x8e, 0x08, 0x8f, 0x8f, 0x8b, 0x8b, 0x87, 0x8e, 0x08, 
    0x88, 0x8e, 0x8b, 0x8b, 0x92, 0x8f, 0x08, 0x8e, 0x8e, 0x8b, 0x8b, 0x88, 
    0x8f, 0x08, 0x87, 0x8e, 0x8b, 0x8b, 0x8f, 0x8e, 0x08, 0x8e, 0x92, 0x8b, 
    0x8b, 0x88, 0x8f, 0x08, 0x87, 0x8e, 0x8b, 0x8b, 0x8f, 0x8e, 0x08, 0x8e, 
    0x8b, 0x8b, 0xa0, 0x88, 0x91, 0x08, 0x84, 0x96, 0x4e, 0x95, 0x76, 0x84, 
    0x08, 0x81, 0x88, 0x88, 0x8b, 0x8b, 0x6f, 0x08, 0x87, 0x6d, 0x88, 0x7d, 
    0x7a, 0x7a, 0x08, 0x84, 0x81, 0x84, 0x88, 0x85, 0x8b, 0x08, 0x7d, 0x8b, 
    0x7a, 0x98, 0x88, 0x99, 0x08, 0x84, 0x95, 0x8b, 0x8f, 0x8e, 0x9f, 0x08, 
    0x92, 0x9f, 0x05, 0x7d, 0x92, 0x05, 0x7e, 0x95, 0x7a, 0x88, 0x87, 0x7a, 
    0x08, 0x88, 0x87, 0x88, 0x85, 0x87, 0x8b, 0x08, 0x88, 0x8b, 0x84, 0x98, 
    0x8b, 0x99, 0x08, 0x88, 0x95, 0x8b, 0x8e, 0x6c, 0x99, 0x08, 0x5b, 0xa3, 
    0x52, 0xa3, 0x70, 0x91, 0x08, 0x80, 0x8f, 0x70, 0x92, 0x77, 0x91, 0x08, 
    0x62, 0x99, 0x58, 0x92, 0x8e, 0x84, 0x08, 0x8f, 0x88, 0x87, 0x8b, 0x85, 
    0x8e, 0x08, 0x80, 0x92, 0x85, 0x87, 0x8e, 0x7a, 0x08, 0x8e, 0x85, 0x8b, 
    0x84, 0x8b, 0x8b, 0x08, 0x88, 0x8b, 0x84, 0x8e, 0x81, 0x8f, 0x08, 0x81, 
    0x91, 0x87, 0x8f, 0x8f, 0x8b, 0x08, 0x8e, 0x8e, 0x8f, 0x88, 0x8e, 0x8b, 
    0x08, 0x8b, 0x87, 0x92, 0x8f, 0x8b, 0x8e, 0x08, 0x8b, 0x8f, 0x87, 0x8e, 
    0x85, 0x8b, 0x08, 0x84, 0x8b, 0x87, 0x88, 0x8b, 0x87, 0x08, 0x8b, 0x8b, 
    0x88, 0x88, 0x88, 0x8b, 0x08, 0x87, 0x8b, 0x8b, 0x8b, 0x8f, 0x92, 0x08, 
    0x8e, 0x8e, 0x8b, 0x8b, 0x81, 0x8b, 0x08, 0x84, 0x88, 0x88, 0x8b, 0x8e, 
    0x8e, 0x08, 0x8b, 0x8e, 0x8b, 0x8b, 0x88, 0x8b, 0x08, 0x8b, 0x88, 0x84, 
    0x8b, 0x87, 0x8e, 0x08, 0x85, 0x8f, 0x8b, 0x8b, 0x91, 0x8b, 0x08, 0x8f, 
    0x8b, 0x8e, 0x8b, 0x8f, 0x8b, 0x08, 0x8b, 0x8b, 0x8e, 0x8e, 0x8b, 0x8b, 
    0x08, 0x8e, 0x8f, 0x8b, 0x8e, 0x8f, 0x8b, 0x08, 0x8e, 0x8b, 0x8b, 0x8b, 
    0x8b, 0x88, 0x08, 0x88, 0x8b, 0x8b, 0x87, 0x8e, 0x8b, 0x08, 0x8b, 0x88, 
    0x8f, 0x8e, 0x8b, 0x8b, 0x08, 0x8e, 0x92, 0x84, 0x8e, 0x7a, 0x8f, 0x08, 
    0x7a, 0x8e, 0x88, 0x88, 0x92, 0x84, 0x08, 0x8e, 0x8b, 0x88, 0x88, 0x87, 
    0x8b, 0x08, 0x7a, 0x87, 0x88, 0x8f, 0x8e, 0x91, 0x08, 0x8b, 0x8f, 0x8b, 
    0x8e, 0x88, 0x8b, 0x08, 0x87, 0x8b, 0x88, 0x88, 0x8b, 0x8b, 0x08, 0x8b, 
    0x87, 0x88, 0x88, 0x87, 0x8e, 0x08, 0x88, 0x8b, 0x87, 0x8f, 0x8f, 0x8b, 
    0x08, 0x8b, 0x8b, 0x8e, 0x8e, 0x8b, 0x8b, 0x08, 0x8b, 0x8f, 0x88, 0x8b, 
    0x8b, 0x87, 0x08, 0x87, 0x88, 0x88, 0x8b, 0x8b, 0x8e, 0x08, 0x8b, 0x8b, 
    0x88, 0x8f, 0x87, 0x8b, 0x08, 0x88, 0x8b, 0x84, 0x8b, 0x88, 0x8e, 0x08, 
    0x84, 0x8b, 0x88, 0x8b, 0x8b, 0x8b, 0x08, 0xf7, 0x3a, 0x4e, 0x15, 0x8b, 
    0x87, 0x88, 0x8b, 0x8b, 0x8f, 0x08, 0x87, 0x8b, 0x88, 0x8b, 0x8b, 0x8e, 
    0x08, 0x8b, 0x8b, 0x8e, 0x8b, 0x8f, 0x8b, 0x08, 0x8b, 0x8b, 0x8e, 0x8b, 
    0x8b, 0x88, 0x08, 0xfc, 0xe3, 0x51, 0x15, 0x95, 0x81, 0x99, 0x76, 0x95, 
    0x81, 0x08, 0x9f, 0x74, 0xf1, 0x28, 0x8e, 0x8b, 0x08, 0x8f, 0x8b, 0x8e, 
    0x88, 0x92, 0x84, 0x08, 0x8e, 0x87, 0x96, 0x85, 0x8e, 0x84, 0x08, 0x92, 
    0x87, 0x95, 0x85, 0x95, 0x80, 0x08, 0x92, 0x85, 0x9c, 0x80, 0x95, 0x85, 
    0x08, 0x95, 0x84, 0xa0, 0x7d, 0x98, 0x81, 0x08, 0x9c, 0x81, 0x99, 0x81, 
    0x8e, 0x8b, 0x08, 0x8b, 0x8b, 0x8f, 0x87, 0x8b, 0x8b, 0x08, 0x8b, 0x88, 
    0x8b, 0x8b, 0x8e, 0x8b, 0x08, 0x8b, 0x8e, 0x95, 0x84, 0x99, 0x81, 0x08, 
    0x95, 0x84, 0xa3, 0x7e, 0x9c, 0x81, 0x08, 0xa9, 0x7d, 0x05, 0x96, 0x95, 
    0x05, 0x98, 0x9c, 0x95, 0x92, 0x92, 0x84, 0x08, 0x8f, 0x84, 0x8b, 0x7a, 
    0x87, 0x81, 0x08, 0x81, 0x7e, 0x8e, 0x8b, 0x99, 0x84, 0x08, 0xa6, 0x81, 
    0x8f, 0x8b, 0x95, 0x9c, 0x08, 0x98, 0xa2, 0x92, 0x92, 0x99, 0x8f, 0x08, 
    0x95, 0x8b, 0x8e, 0x8b, 0x96, 0x84, 0x08, 0x9c, 0x7d, 0x91, 0x7a, 0x8b, 
    0x70, 0x08, 0x8b, 0x6d, 0x7e, 0x6f, 0x73, 0x74, 0x08, 0x81, 0x80, 0x81, 
    0x81, 0x8b, 0x88, 0x08, 0x8b, 0x8b, 0x98, 0x7a, 0x99, 0x7a, 0x08, 0xb0, 
    0x62, 0xa3, 0x81, 0x9f, 0x9f, 0x08, 0x92, 0x8f, 0x8f, 0x91, 0x87, 0x8f, 
    0x08, 0x8b, 0x92, 0x8b, 0x8b, 0x92, 0x8b, 0x08, 0x92, 0x8b, 0x8b, 0x8b, 
    0x8b, 0x91, 0x08, 0x87, 0x92, 0x8b, 0x8b, 0x92, 0x8b, 0x08, 0x92, 0x8b, 
    0x8b, 0x8f, 0x8b, 0x8e, 0x08, 0x8b, 0x92, 0x8b, 0x8b, 0x92, 0x8b, 0x08, 
    0x8e, 0x8b, 0x8b, 0x8e, 0x8b, 0x92, 0x08, 0x8b, 0x8e, 0x8f, 0x8f, 0x8e, 
    0x8b, 0x08, 0x8e, 0x8e, 0x8f, 0x8b, 0x87, 0x92, 0x08, 0x8b, 0x8e, 0x8b, 
    0x8f, 0x92, 0x8b, 0x08, 0x8f, 0x8b, 0x8b, 0x8b, 0x8b, 0x92, 0x08, 0x8b, 
    0x8e, 0x8e, 0x8e, 0x8e, 0x8b, 0x08, 0x92, 0x8f, 0x8b, 0x8b, 0x88, 0x8e, 
    0x08, 0x87, 0x92, 0x8b, 0x8b, 0x92, 0x8e, 0x08, 0x8f, 0x8b, 0x8e, 0x8f, 
    0x8b, 0x8e, 0x08, 0x88, 0x8f, 0x8e, 0x8e, 0x8e, 0x8b, 0x08, 0x8f, 0x8e, 
    0x8e, 0x8b, 0x88, 0x92, 0x08, 0x8b, 0x8f, 0x8b, 0x8e, 0x8e, 0x8b, 0x08, 
    0x92, 0x8b, 0x8b, 0x8e, 0x8b, 0x8f, 0x08, 0x88, 0x95, 0x8b, 0x8b, 0x91, 
    0x8b, 0x08, 0x92, 0x8b, 0x8f, 0x8e, 0x84, 0x92, 0x08, 0x87, 0x8b, 0x8b, 
    0x8e, 0x92, 0x8b, 0x08, 0x92, 0x8f, 0x8e, 0x92, 0x85, 0x8b, 0x08, 0x87, 
    0x8b, 0x8b, 0x8b, 0x8b, 0x8e, 0x08, 0x8b, 0x8e, 0x8f, 0x8b, 0x8e, 0x8b, 
    0x08, 0x92, 0x8b, 0x8b, 0x8b, 0x8b, 0x92, 0x08, 0x87, 0x92, 0x8b, 0x8e, 
    0x8f, 0x8b, 0x08, 0x91, 0x8b, 0x8b, 0x8f, 0x88, 0x92, 0x08, 0x88, 0x8e, 
    0x8b, 0x8b, 0x91, 0x8e, 0x08, 0x92, 0x8b, 0x8f, 0x8f, 0x84, 0x92, 0x08, 
    0x87, 0x8e, 0x8b, 0x8b, 0x92, 0x8b, 0x08, 0x92, 0x8e, 0x8e, 0x92, 0x85, 
    0x8b, 0x08, 0x87, 0x8f, 0x8b, 0x8b, 0x8f, 0x8e, 0x08, 0x8e, 0x8e, 0x8e, 
    0x8f, 0x8b, 0x8e, 0x08, 0x88, 0x8f, 0x8e, 0x8e, 0x8f, 0x8b, 0x08, 0x8e, 
    0x8e, 0x8b, 0x8b, 0x88, 0x8f, 0x08, 0x87, 0x92, 0x8b, 0x8e, 0x92, 0x8b, 
    0x08, 0x8f, 0x8b, 0x8e, 0x95, 0x84, 0x8b, 0x08, 0x88, 0x8f, 0x8b, 0x8b, 
    0x92, 0x8e, 0x08, 0x95, 0x92, 0x8b, 0x9f, 0x81, 0x95, 0x08, 0x80, 0x96, 
    0x44, 0x98, 0x7e, 0x88, 0x08, 0x80, 0x87, 0x8b, 0x8b, 0x85, 0x77, 0x08, 
    0x8b, 0x7d, 0x84, 0x7a, 0x87, 0x81, 0x08, 0x81, 0x7a, 0x73, 0x73, 0x7a, 
    0x88, 0x08, 0x7e, 0x88, 0x87, 0x8b, 0x81, 0x91, 0x08, 0x70, 0x99, 0x84, 
    0xa3, 0x99, 0xad, 0x08, 0x92, 0x95, 0x8e, 0x92, 0x8b, 0x8b, 0x08, 0x8b, 
    0x8e, 0x84, 0x8f, 0x84, 0x8e, 0x08, 0x7e, 0x99, 0x81, 0x87, 0x7d, 0x7a, 
    0x08, 0x88, 0x84, 0x84, 0x88, 0x87, 0x8b, 0x08, 0x81, 0x8b, 0x88, 0x99, 
    0x8b, 0x98, 0x08, 0x8e, 0x92, 0x8b, 0x92, 0x8b, 0x8b, 0x08, 0x8f, 0x95, 
    0xfb, 0x34, 0xe0, 0x55, 0x9f, 0x08, 0x80, 0x8f, 0x81, 0x8e, 0x8b, 0x8b, 
    0x08, 0x8b, 0x8f, 0x88, 0x8b, 0x8b, 0x8b, 0x08, 0x87, 0x8b, 0x81, 0x8e, 
    0x84, 0x8e, 0x08, 0x81, 0x8f, 0x81, 0x8e, 0x7d, 0x88, 0x08, 0x70, 0x8b, 
    0x8b, 0x8b, 0x8b, 0x84, 0x08, 0x8f, 0x88, 0x80, 0x7d, 0x88, 0x8b, 0x08, 
    0x88, 0x8b, 0x8b, 0x8e, 0x8e, 0x8f, 0x08, 0x92, 0x95, 0x8b, 0x95, 0x81, 
    0x8b, 0x08, 0x87, 0x8b, 0x88, 0x8e, 0x8e, 0x8b, 0x08, 0x8b, 0x8f, 0x8b, 
    0x8e, 0x88, 0x8b, 0x08, 0x87, 0x8f, 0x8b, 0x87, 0x8b, 0x81, 0x08, 0x8b, 
    0x81, 0x8b, 0x8b, 0x85, 0x8b, 0x08, 0x87, 0x8e, 0x88, 0x88, 0x8b, 0x8b, 
    0x08, 0x8b, 0x88, 0x8e, 0x8b, 0x8b, 0x8b, 0x08, 0x8f, 0x8b, 0x8e, 0x87, 
    0x88, 0x8b, 0x08, 0x8b, 0x84, 0x76, 0x8f, 0x8b, 0x8e, 0x08, 0x8b, 0x8f, 
    0x88, 0x8b, 0x84, 0x8b, 0x08, 0x88, 0x8b, 0x80, 0x8e, 0x81, 0x92, 0x08, 
    0x81, 0x91, 0x88, 0x8b, 0x8e, 0x92, 0x08, 0x8e, 0x8f, 0x8b, 0x8b, 0x88, 
    0x87, 0x08, 0x84, 0x88, 0x88, 0x8b, 0x73, 0x98, 0x08, 0x7e, 0x92, 0x73, 
    0x99, 0x7a, 0x95, 0x08, 0x7a, 0x92, 0x7d, 0x95, 0x8b, 0x8b, 0x08, 0x8b, 
    0x8b, 0x84, 0x8e, 0x88, 0x8b, 0x08, 0x81, 0x8f, 0x8b, 0x8b, 0x9c, 0x73, 
    0x08, 0xf7, 0x04, 0x7d, 0x15, 0x87, 0x88, 0x8b, 0x8b, 0x8f, 0x8e, 0x08, 
    0x92, 0x8f, 0x8b, 0x8e, 0x8b, 0x8b, 0x08, 0x87, 0x8b, 0x8b, 0x88, 0x88, 
    0x87, 0x08, 0x9f, 0x74, 0x15, 0x88, 0x87, 0x8b, 0x8b, 0x8e, 0x8b, 0x08, 
    0x8f, 0x88, 0x8e, 0x8e, 0x8b, 0x8f, 0x08, 0x8b, 0x8e, 0x8b, 0x8b, 0x84, 
    0x88, 0x08, 0xfa, 0x64, 0x73, 0x15, 0x8b, 0x84, 0x80, 0x66, 0x88, 0x8e, 
    0x08, 0x8b, 0x8b, 0x8b, 0x99, 0x8b, 0x9c, 0x08, 0x8b, 0xa6, 0x8b, 0x8b, 
    0x92, 0x84, 0x08, 0x8e, 0x88, 0x8f, 0x87, 0x8b, 0x88, 0x08, 0xfe, 0x4c, 
    0x98, 0x15, 0x8b, 0x88, 0x8e, 0x8b, 0x8f, 0x8b, 0x08, 0x8e, 0x88, 0x8f, 
    0x8e, 0x87, 0x8b, 0x08, 0x8b, 0x8e, 0x81, 0x8b, 0x8b, 0x8b, 0x08, 0xd6, 
    0x66, 0x15, 0x8b, 0x88, 0x8b, 0x87, 0x87, 0x8b, 0x08, 0x8b, 0x8b, 0x8b, 
    0x8f, 0x8b, 0x8e, 0x08, 0x8b, 0x8f, 0x8b, 0x8e, 0x8f, 0x8b, 0x08, 0x8b, 
    0x8b, 0x8e, 0x88, 0x88, 0x87, 0x08, 0x9f, 0x81, 0x15, 0x8b, 0x88, 0x88, 
    0x8b, 0x8b, 0x8b, 0x08, 0x87, 0x8b, 0x88, 0x8b, 0x8b, 0x8e, 0x08, 0x8b, 
    0x8e, 0x8b, 0x8b, 0x8e, 0x8b, 0x08, 0x8b, 0x8b, 0x8f, 0x8b, 0x8e, 0x88, 
    0x08, 0xf9, 0xc4, 0xfb, 0x0b, 0x15, 0x87, 0x88, 0x8b, 0x8b, 0x8b, 0x8e, 
    0x08, 0x8b, 0x8e, 0x8b, 0x8f, 0x8f, 0x8b, 0x08, 0x8b, 0x87, 0x8b, 0x8b, 
    0x8b, 0x88, 0x08, 0xfb, 0xbf, 0x69, 0x15, 0x95, 0x84, 0x88, 0x88, 0x7a, 
    0x69, 0x08, 0x80, 0x73, 0x85, 0x88, 0x8b, 0x95, 0x08, 0x87, 0x95, 0x99, 
    0xc8, 0x8e, 0x8b, 0x08, 0x8f, 0x8b, 0x8e, 0x88, 0x92, 0x84, 0x08, 0xf7, 
    0xa4, 0x66, 0x15, 0x84, 0x73, 0x87, 0x87, 0x81, 0x99, 0x08, 0x88, 0x8e, 
    0x8e, 0x8f, 0x95, 0x9f, 0x08, 0x96, 0x95, 0x91, 0x96, 0x8b, 0x87, 0x08, 
    0x8b, 0x88, 0x88, 0x7d, 0x88, 0x7e, 0x08, 0xfb, 0xca, 0x43, 0x15, 0x88, 
    0x81, 0x84, 0x88, 0x8b, 0x95, 0x08, 0x88, 0x92, 0x92, 0x98, 0x8e, 0x84, 
    0x08, 0x8e, 0x8b, 0x8b, 0x85, 0x8b, 0x87, 0x08, 0x69, 0x4e, 0x15, 0x8b, 
    0x88, 0x8b, 0x84, 0x88, 0x88, 0x08, 0x84, 0x84, 0x88, 0x92, 0x8b, 0x95, 
    0x08, 0x8e, 0x95, 0x92, 0x8b, 0x8e, 0x84, 0x08, 0x6d, 0x5c, 0x15, 0x8b, 
    0x84, 0x70, 0x58, 0x84, 0x87, 0x08, 0x84, 0x85, 0x7d, 0x95, 0x8b, 0x95, 
    0x08, 0x8b, 0x92, 0xb8, 0xba, 0x91, 0x8b, 0x08, 0x8b, 0x88, 0x8f, 0x8b, 
    0x8b, 0x88, 0x08, 0x0e, 0x1c, 0x06, 0x3c, 0xf8, 0xe9, 0xf9, 0x4c, 0x15, 
    0x7e, 0x8b, 0x7e, 0x86, 0x82, 0x7e, 0x08, 0x7e, 0x87, 0x79, 0x7d, 0x79, 
    0x83, 0x08, 0x75, 0x82, 0x87, 0x8b, 0x5b, 0x8b, 0x08, 0x56, 0x8b, 0x05, 
    0x5b, 0x71, 0x05, 0x4d, 0x63, 0x57, 0x68, 0x5a, 0x56, 0x08, 0x3c, 0x3c, 
    0x5f, 0x45, 0x6d, 0x2f, 0x08, 0x7d, 0x63, 0x8b, 0x82, 0x94, 0xa1, 0x08, 
    0x90, 0x90, 0x93, 0x8f, 0x90, 0x8b, 0x08, 0x8f, 0x8b, 0x8b, 0x8b, 0x8b, 
    0x8b, 0x08, 0x8f, 0x94, 0x90, 0x94, 0x8f, 0x8b, 0x08, 0x8b, 0x86, 0x94, 
    0x90, 0x94, 0x8f, 0x08, 0xc0, 0xbb, 0xf0, 0xc9, 0xd5, 0xaa, 0x08, 0xb3, 
    0xa1, 0xe3, 0xa5, 0xa5, 0x8f, 0x08, 0x8f, 0x90, 0x99, 0x8b, 0x98, 0x8f, 
    0x08, 0xb2, 0x94, 0xf7, 0x06, 0x94, 0xc9, 0x86, 0x08, 0xb2, 0x87, 0x05, 
    0x94, 0x75, 0x05, 0x94, 0x79, 0x8f, 0x87, 0xb7, 0x87, 0x08, 0xa6, 0x8b, 
    0x8f, 0x8b, 0xa1, 0x93, 0x08, 0x94, 0x90, 0xa1, 0x8f, 0x98, 0x8f, 0x08, 
    0xae, 0x94, 0xa5, 0x7e, 0xb3, 0x64, 0x08, 0xb3, 0x63, 0x8f, 0x8b, 0xaa, 
    0x82, 0x08, 0xc4, 0x7e, 0xc8, 0x64, 0xae, 0x56, 0x08, 0x94, 0x7e, 0x98, 
    0x6c, 0x94, 0x75, 0x08, 0xa1, 0x52, 0x8f, 0x86, 0x99, 0x87, 0x08, 0x8f, 
    0x8b, 0x94, 0x82, 0x94, 0x75, 0x08, 0xa1, 0x5b, 0xa5, 0x79, 0xb7, 0x83, 
    0x08, 0xe7, 0x79, 0xd6, 0xf7, 0x13, 0x5a, 0xe8, 0x08, 0x7a, 0xae, 0x8b, 
    0x8f, 0x71, 0x90, 0x08, 0x70, 0x8b, 0x71, 0x82, 0x79, 0x7e, 0x08, 0x82, 
    0x82, 0x87, 0x86, 0x8b, 0x8b, 0x08, 0x87, 0x8b, 0x8b, 0x94, 0x8b, 0x94, 
    0x08, 0x8b, 0x98, 0x8b, 0x90, 0x82, 0x8b, 0x08, 0x86, 0x8f, 0x87, 0x87, 
    0x8f, 0x86, 0x08, 0x8b, 0x82, 0x8b, 0x87, 0x7e, 0x8b, 0x08, 0x83, 0x8b, 
    0x82, 0x8f, 0x86, 0x8b, 0x08, 0x8b, 0x90, 0x8b, 0x9c, 0x8b, 0xa1, 0x08, 
    0x8b, 0xae, 0x8b, 0x90, 0x83, 0x8b, 0x08, 0x86, 0x8b, 0x87, 0x86, 0x8b, 
    0x87, 0x08, 0x8b, 0x7a, 0x86, 0x82, 0x83, 0x8b, 0x08, 0x8b, 0x8b, 0x86, 
    0x86, 0x8b, 0x83, 0x08, 0x8b, 0x86, 0x8b, 0x82, 0x8b, 0x87, 0x08, 0x87, 
    0x7e, 0x86, 0x8b, 0x87, 0x98, 0x08, 0x87, 0x94, 0x86, 0x8f, 0x8b, 0x8b, 
    0x08, 0x87, 0x87, 0x6c, 0xaa, 0x90, 0x8f, 0x08, 0x8b, 0x8f, 0x8b, 0x8b, 
    0x86, 0x8b, 0x08, 0x8b, 0x87, 0x82, 0x8f, 0x87, 0x90, 0x08, 0x82, 0x93, 
    0x87, 0x90, 0x86, 0x8b, 0x08, 0x8b, 0x8b, 0x7e, 0x8f, 0x7e, 0x94, 0x08, 
    0x7e, 0x8f, 0x75, 0x94, 0x82, 0x90, 0x08, 0x68, 0x93, 0x79, 0x94, 0x75, 
    0xa1, 0x08, 0x60, 0xbb, 0x5a, 0xa1, 0x49, 0x87, 0x08, 0x6d, 0x87, 0x7d, 
    0x8b, 0x7a, 0x82, 0x08, 0x63, 0x75, 0x8b, 0x8b, 0x75, 0xc8, 0x08, 0x87, 
    0x9d, 0x7e, 0xa5, 0x86, 0xa1, 0x08, 0x83, 0x9d, 0x82, 0xa1, 0x86, 0x8f, 
    0x08, 0x7e, 0x98, 0x05, 0x9d, 0x9d, 0x05, 0x94, 0x94, 0x93, 0x94, 0x8b, 
    0x8f, 0x08, 0x8b, 0x8b, 0x90, 0x8f, 0x8f, 0x90, 0x08, 0x94, 0x8f, 0xa1, 
    0xaa, 0x87, 0x8f, 0x08, 0x8b, 0x8b, 0x79, 0x8b, 0x7e, 0x87, 0x08, 0x75, 
    0x8b, 0x82, 0x8b, 0x87, 0x8f, 0x08, 0x86, 0x90, 0x87, 0x8b, 0x86, 0x86, 
    0x08, 0x87, 0x8b, 0x7e, 0x8b, 0x7e, 0x90, 0x08, 0x7e, 0x8f, 0x86, 0x8b, 
    0x87, 0x87, 0x08, 0x86, 0x86, 0x87, 0x8b, 0x8b, 0x90, 0x08, 0x87, 0x8f, 
    0x6c, 0x8b, 0x82, 0x87, 0x08, 0x8b, 0x86, 0x87, 0x8b, 0x8b, 0x90, 0x08, 
    0x86, 0x8f, 0x87, 0x8b, 0x8b, 0x8b, 0x08, 0x86, 0x8b, 0x83, 0x87, 0x82, 
    0x8b, 0x08, 0xf7, 0x85, 0x7d, 0x15, 0x94, 0x8b, 0x98, 0x7e, 0x99, 0x82, 
    0x08, 0xbb, 0x60, 0xcd, 0x75, 0xd1, 0x8b, 0x08, 0xb3, 0x8b, 0x8b, 0x8b, 
    0xb2, 0x75, 0x08, 0xa1, 0x82, 0x9d, 0x82, 0x8f, 0x8b, 0x08, 0x8b, 0x8b, 
    0x75, 0x98, 0x75, 0x98, 0x08, 0x5f, 0xa1, 0x05, 0x6c, 0x8b, 0x05, 0x4e, 
    0x83, 0x45, 0xa5, 0x52, 0xb7, 0x08, 0x7d, 0x98, 0x7a, 0x94, 0x86, 0x8b, 
    0x08, 0x83, 0x8b, 0x8b, 0x8b, 0x93, 0x86, 0x08, 0xfb, 0x2d, 0x60, 0x15, 
    0x8f, 0x82, 0x8b, 0x82, 0x87, 0x82, 0x08, 0x7e, 0x82, 0x7d, 0xa1, 0x94, 
    0x99, 0x08, 0x94, 0x8f, 0x8b, 0x8b, 0x94, 0x87, 0x08, 0x49, 0x7d, 0x15, 
    0x8b, 0x7e, 0x82, 0x87, 0x87, 0x94, 0x08, 0x8b, 0x93, 0x8f, 0x99, 0x8f, 
    0x8b, 0x08, 0x90, 0x8b, 0x8b, 0x86, 0x8b, 0x82, 0x08, 0x52, 0x83, 0x15, 
    0x8b, 0x8b, 0x86, 0x86, 0x8b, 0x8b, 0x08, 0x87, 0x8b, 0x87, 0x90, 0x8f, 
    0x8b, 0x08, 0x8b, 0x8f, 0x8f, 0x8f, 0x8b, 0x8b, 0x08, 0x90, 0x8b, 0x8b, 
    0x87, 0x8b, 0x87, 0x08, 0xa1, 0x8b, 0x15, 0x86, 0x86, 0x8b, 0x8b, 0x8b, 
    0x90, 0x08, 0x8b, 0x8f, 0x8b, 0x8f, 0x90, 0x8b, 0x08, 0x8b, 0x87, 0x8b, 
    0x8b, 0x8b, 0x87, 0x08, 0xf7, 0x67, 0x82, 0x15, 0x7d, 0x7e, 0x99, 0x6c, 
    0x9c, 0x8b, 0x08, 0x9d, 0x8b, 0x98, 0xaa, 0x7e, 0x98, 0x08, 0x82, 0x8f, 
    0x79, 0x8b, 0x83, 0x87, 0x08, 0xa1, 0x86, 0x15, 0x8b, 0x83, 0x79, 0x86, 
    0x87, 0x90, 0x08, 0x8b, 0x8b, 0x8b, 0x8f, 0x8f, 0x8b, 0x08, 0x94, 0x94, 
    0x98, 0x8f, 0x87, 0x82, 0x08, 0xb6, 0x83, 0x15, 0x8b, 0x86, 0x94, 0x87, 
    0x94, 0x86, 0x08, 0x98, 0x8b, 0x90, 0x87, 0x93, 0x6c, 0x08, 0x94, 0x7a, 
    0x94, 0x79, 0x8b, 0x8b, 0x08, 0x8b, 0x90, 0x87, 0x9c, 0x82, 0x9d, 0x08, 
    0x82, 0xae, 0x87, 0x8f, 0x82, 0x90, 0x08, 0x86, 0x8b, 0x83, 0x8b, 0x86, 
    0x8f, 0x08, 0x87, 0x8b, 0x86, 0x8b, 0x8b, 0x87, 0x08, 0x60, 0x82, 0x15, 
    0x86, 0x8b, 0x8b, 0x8b, 0x87, 0x8b, 0x08, 0x86, 0x8f, 0x8b, 0x8b, 0x90, 
    0x8b, 0x08, 0x8f, 0x8b, 0x90, 0x8b, 0x8b, 0x87, 0x08, 0x8f, 0x82, 0x15, 
    0x87, 0x8b, 0x8b, 0x87, 0x86, 0x8b, 0x08, 0x8b, 0x8f, 0x90, 0x94, 0x8f, 
    0x8b, 0x08, 0x8f, 0x8b, 0x8b, 0x86, 0x87, 0x87, 0x08, 0xe3, 0x8f, 0x15, 
    0x8b, 0x87, 0x94, 0x87, 0x93, 0x8b, 0x08, 0x98, 0x86, 0x94, 0x82, 0x94, 
    0x64, 0x08, 0x8f, 0x7e, 0x90, 0x82, 0x8f, 0x8b, 0x08, 0x8b, 0x8f, 0x87, 
    0x9d, 0x82, 0x9c, 0x08, 0x82, 0xaf, 0x87, 0x8f, 0x82, 0x8f, 0x08, 0x87, 
    0x8b, 0x82, 0x8b, 0x87, 0x90, 0x08, 0x82, 0x8b, 0x8b, 0x8b, 0x8b, 0x86, 
    0x08, 0xbb, 0x7e, 0x15, 0x8b, 0x87, 0x94, 0x86, 0x94, 0x87, 0x08, 0x98, 
    0x87, 0x8f, 0x86, 0x94, 0x71, 0x08, 0x9d, 0x5f, 0x8f, 0x94, 0x79, 0xb7, 
    0x08, 0x83, 0xa9, 0x86, 0x90, 0x7e, 0x8f, 0x08, 0x75, 0x90, 0x8b, 0x8b, 
    0x8b, 0x86, 0x08, 0x40, 0x68, 0x15, 0x90, 0x7a, 0x8f, 0x7d, 0x90, 0x8b, 
    0x08, 0x8b, 0x8b, 0x86, 0x99, 0x87, 0x93, 0x08, 0x86, 0x98, 0x87, 0x8b, 
    0x8f, 0x87, 0x08, 0xfd, 0x22, 0x82, 0x15, 0x87, 0x87, 0x86, 0x87, 0x8b, 
    0x86, 0x08, 0x8b, 0x8b, 0x87, 0x87, 0x82, 0x86, 0x08, 0x87, 0x8b, 0x86, 
    0x87, 0x90, 0x87, 0x08, 0x8b, 0x86, 0x86, 0x8b, 0x87, 0x8b, 0x08, 0x86, 
    0x8b, 0x87, 0x8b, 0x8b, 0x90, 0x08, 0x8b, 0x8b, 0xb3, 0xb2, 0x8f, 0x8b, 
    0x08, 0x8f, 0x8b, 0x8b, 0x87, 0x87, 0x86, 0x08, 0xf9, 0x53, 0x7e, 0x15, 
    0x8f, 0x82, 0x8f, 0x7e, 0x90, 0x8b, 0x08, 0x8f, 0x8b, 0x87, 0x90, 0x86, 
    0x98, 0x08, 0x83, 0xa5, 0x86, 0x8b, 0x90, 0x75, 0x08, 0xf7, 0xbe, 0x98, 
    0x15, 0x8b, 0x8b, 0x90, 0x83, 0x94, 0x86, 0x08, 0x93, 0x87, 0x90, 0x86, 
    0x86, 0x90, 0x08, 0x87, 0x94, 0x79, 0x93, 0x8b, 0x8b, 0x08, 0xfe, 0x3b, 
    0x7a, 0x15, 0x8b, 0x86, 0x63, 0x7a, 0x87, 0x8b, 0x08, 0x82, 0x8b, 0xb3, 
    0xa1, 0x93, 0x8b, 0x08, 0x8b, 0x8b, 0x90, 0x8b, 0x8b, 0x8b, 0x08, 0xf8, 
    0xfb, 0x82, 0x15, 0x94, 0x87, 0x93, 0x8b, 0x8b, 0x8f, 0x08, 0x8b, 0x8f, 
    0x87, 0x8b, 0x82, 0x8b, 0x08, 0x7e, 0x8b, 0x8b, 0x8b, 0x94, 0x87, 0x08, 
    0xf7, 0xf3, 0x8f, 0x15, 0x8b, 0x87, 0x90, 0x8b, 0x8f, 0x87, 0x08, 0x8f, 
    0x86, 0x8b, 0x8b, 0x87, 0x90, 0x08, 0x87, 0x93, 0x86, 0x8b, 0x8b, 0x8b, 
    0x08, 0xfb, 0xa9, 0x83, 0x15, 0x8b, 0x86, 0x8b, 0x87, 0x90, 0x8b, 0x08, 
    0x8b, 0x86, 0x8f, 0x90, 0x87, 0x8f, 0x08, 0x8b, 0x94, 0x86, 0x8f, 0x8b, 
    0x83, 0x08, 0xf7, 0x8f, 0x86, 0x15, 0x8b, 0x8b, 0x8f, 0x87, 0x8b, 0x86, 
    0x08, 0x90, 0x87, 0x8b, 0x8b, 0x8b, 0x8f, 0x08, 0x86, 0x94, 0x90, 0x90, 
    0x93, 0x82, 0x08, 0x90, 0x86, 0x8b, 0x8b, 0x86, 0x90, 0x08, 0x87, 0x94, 
    0x7e, 0x8f, 0x8b, 0x82, 0x08, 0xfe, 0x70, 0x87, 0x15, 0x8b, 0x86, 0x82, 
    0x8b, 0x82, 0x8b, 0x08, 0x82, 0x8b, 0x82, 0x8b, 0x87, 0x90, 0x08, 0x8b, 
    0x8f, 0xae, 0x8b, 0x90, 0x87, 0x08, 0xf9, 0x5f, 0x8b, 0x15, 0x94, 0x86, 
    0x90, 0x8b, 0x8b, 0x90, 0x08, 0x8b, 0x8f, 0x86, 0x8b, 0x82, 0x8b, 0x08, 
    0x83, 0x8b, 0x8b, 0x8b, 0x93, 0x87, 0x08, 0xfb, 0xd0, 0x86, 0x15, 0x8b, 
    0x87, 0x7e, 0x87, 0x79, 0x8f, 0x08, 0x7a, 0x8b, 0x05, 0x9c, 0x8f, 0x05, 
    0x94, 0x8b, 0x98, 0x90, 0x90, 0x8b, 0x08, 0x8b, 0x8b, 0x8f, 0x8b, 0x8b, 
    0x86, 0x08, 0x3c, 0x83, 0x15, 0x64, 0x86, 0x75, 0x8b, 0x93, 0x90, 0x08, 
    0x90, 0x8f, 0xa1, 0x8f, 0xae, 0x8b, 0x08, 0x9d, 0x8b, 0x8b, 0x8b, 0x70, 
    0x83, 0x08, 0xf7, 0x37, 0x8f, 0x15, 0x8f, 0x8b, 0x8f, 0x87, 0x8b, 0x8b, 
    0x08, 0x8b, 0x82, 0x52, 0x94, 0x87, 0x8f, 0x08, 0x87, 0x8f, 0x8f, 0x8b, 
    0x9d, 0x8b, 0x08, 0x98, 0x87, 0x9c, 0x8b, 0x90, 0x8b, 0x08, 0xf7, 0xb1, 
    0x87, 0x15, 0x90, 0x8b, 0x8b, 0x8b, 0x8f, 0x8b, 0x08, 0x8b, 0x8f, 0x87, 
    0x8b, 0x86, 0x8b, 0x08, 0x87, 0x8b, 0x8b, 0x8b, 0x8f, 0x87, 0x08, 0xfc, 
    0xac, 0x82, 0x15, 0x7e, 0x86, 0x87, 0x8b, 0x8f, 0x90, 0x08, 0x8b, 0x8f, 
    0x90, 0x8b, 0x8f, 0x8b, 0x08, 0x94, 0x8b, 0x8b, 0x8b, 0x86, 0x87, 0x08, 
    0xf9, 0xfe, 0x40, 0x15, 0x7e, 0x82, 0x8b, 0x83, 0x98, 0x8f, 0x08, 0x94, 
    0x8b, 0x8b, 0x8b, 0x87, 0x8f, 0x08, 0x86, 0x90, 0x8b, 0x8b, 0x94, 0x8b, 
    0x08, 0x94, 0x86, 0x8b, 0x8b, 0x87, 0x94, 0x08, 0x86, 0x8b, 0x8b, 0x90, 
    0x8b, 0x8b, 0x08, 0x8b, 0x8b, 0x87, 0x86, 0x86, 0x8b, 0x08, 0xc0, 0x56, 
    0x15, 0x8b, 0x8b, 0x8b, 0x87, 0x8f, 0x8b, 0x08, 0x90, 0x87, 0x8b, 0x8f, 
    0x86, 0x8b, 0x08, 0x8b, 0x94, 0x87, 0x8b, 0x8b, 0x86, 0x08, 0xa1, 0x75, 
    0x15, 0x8f, 0x87, 0x99, 0x7e, 0x9c, 0x82, 0x08, 0x9d, 0x82, 0x98, 0x83, 
    0x87, 0x8b, 0x08, 0x86, 0x86, 0x8b, 0x8b, 0x90, 0x87, 0x08, 0x93, 0x82, 
    0x94, 0x8b, 0x8b, 0x8f, 0x08, 0x8b, 0x90, 0x8f, 0x8f, 0x90, 0x87, 0x08, 
    0x8b, 0x8b, 0x8f, 0x8b, 0x8b, 0x8b, 0x08, 0x8b, 0x8f, 0x7e, 0x94, 0x75, 
    0x94, 0x08, 0x7a, 0x94, 0x75, 0x98, 0x82, 0x8f, 0x08, 0x7e, 0x94, 0x8b, 
    0x8b, 0x8f, 0x86, 0x08, 0x7e, 0x5b, 0x15, 0x7e, 0x8b, 0x8f, 0x7e, 0x94, 
    0x8b, 0x08, 0x8f, 0x8b, 0x90, 0x8f, 0x8b, 0x90, 0x08, 0x8b, 0x8f, 0x8b, 
    0x90, 0x8b, 0x8b, 0x08, 0x8b, 0x8b, 0x86, 0x8b, 0x87, 0x86, 0x08, 0x45, 
    0x75, 0x15, 0x8b, 0x87, 0x8f, 0x86, 0x8b, 0x8b, 0x08, 0x8f, 0x87, 0x8b, 
    0x8b, 0x87, 0x8b, 0x08, 0x82, 0x8b, 0x87, 0x82, 0x98, 0x8b, 0x08, 0x8f, 
    0x8b, 0x8b, 0x7e, 0x87, 0x82, 0x08, 0x82, 0x83, 0x87, 0x8f, 0x82, 0xa1, 
    0x08, 0x82, 0x9c, 0x87, 0x90, 0x8f, 0x8f, 0x08, 0x94, 0x90, 0x9d, 0x8b, 
    0x8b, 0x86, 0x08, 0xf7, 0x17, 0x75, 0x15, 0x94, 0x82, 0x94, 0x7a, 0x8f, 
    0x79, 0x08, 0xa6, 0x38, 0x40, 0x2f, 0x52, 0xbb, 0x08, 0x75, 0x98, 0x7e, 
    0xaa, 0x94, 0x8f, 0x08, 0x8f, 0x90, 0x8f, 0x8b, 0x8b, 0x8b, 0x08, 0x94, 
    0x8b, 0x87, 0x93, 0x82, 0x8b, 0x08, 0x82, 0x90, 0x8b, 0x8b, 0x94, 0x94, 
    0x08, 0x94, 0x93, 0x8f, 0x94, 0x8b, 0x90, 0x08, 0x8b, 0xa5, 0xa5, 0xb2, 
    0xa1, 0x99, 0x08, 0xa1, 0x98, 0x94, 0x86, 0x98, 0x7e, 0x08, 0x38, 0x7e, 
    0x15, 0x8f, 0x87, 0x87, 0x86, 0x8b, 0x87, 0x08, 0x86, 0x87, 0x8b, 0x8b, 
    0x8b, 0x93, 0x08, 0x8b, 0x98, 0x8b, 0x90, 0x90, 0x82, 0x08, 0x6c, 0x5b, 
    0x15, 0x8b, 0x86, 0x8b, 0x8b, 0x87, 0x87, 0x08, 0x86, 0x8b, 0x8b, 0x8b, 
    0x8b, 0x8f, 0x08, 0x8b, 0x90, 0x8b, 0x8b, 0x90, 0x8b, 0x08, 0x8f, 0x8b, 
    0x8b, 0x8b, 0x8b, 0x8b, 0x08, 0x9d, 0x82, 0x15, 0x8b, 0x87, 0x82, 0x8b, 
    0x87, 0x93, 0x08, 0x8b, 0x8b, 0x8f, 0x90, 0x8b, 0x8b, 0x08, 0x8f, 0x8b, 
    0x90, 0x86, 0x8b, 0x87, 0x08, 0x7e, 0x8b, 0x15, 0x8b, 0x87, 0x8b, 0x8b, 
    0x86, 0x86, 0x08, 0x87, 0x8b, 0x8b, 0x8b, 0x8b, 0x90, 0x08, 0x8b, 0x8f, 
    0x8b, 0x8b, 0x8f, 0x8b, 0x08, 0x90, 0x8b, 0x8b, 0x8b, 0x8b, 0x8b, 0x08, 
    0x0e, 0x1c, 0x05, 0x7d, 0x9a, 0xf9, 0x4c, 0x15, 0x8b, 0x87, 0x8f, 0x8b, 
    0x8f, 0x8b, 0x08, 0x8b, 0x8b, 0x8f, 0x8b, 0x8b, 0x8f, 0x08, 0x87, 0x8f, 
    0x87, 0x8b, 0x87, 0x8b, 0x08, 0x8b, 0x8b, 0x87, 0x8b, 0x8f, 0x87, 0x08, 
    0x97, 0x7f, 0x15, 0x87, 0x87, 0x8f, 0x87, 0x8e, 0x87, 0x08, 0x8f, 0x84, 
    0x8f, 0x87, 0x97, 0x8b, 0x08, 0x97, 0x8b, 0xa6, 0x93, 0x80, 0x8b, 0x08, 
    0x8b, 0x8b, 0x87, 0x8b, 0x8b, 0x8e, 0x08, 0x8b, 0x8b, 0x8f, 0x8f, 0x93, 
    0x87, 0x08, 0x9a, 0x88, 0x83, 0x96, 0x78, 0x8f, 0x08, 0x77, 0x8f, 0x70, 
    0x8b, 0x8b, 0x87, 0x08, 0xcd, 0x7c, 0x15, 0x87, 0x8b, 0x88, 0x87, 0x8b, 
    0x8b, 0x08, 0x8b, 0x87, 0x83, 0x8b, 0x7f, 0x87, 0x08, 0x7f, 0x8b, 0x83, 
    0x87, 0x8b, 0x8b, 0x08, 0x87, 0x87, 0xce, 0x4c, 0xa7, 0x73, 0x08, 0xc6, 
    0x60, 0xd9, 0x60, 0xf7, 0x0a, 0x5c, 0x08, 0xba, 0x77, 0xc6, 0x6f, 0xa7, 
    0x80, 0x08, 0xa7, 0x7f, 0xa2, 0x83, 0x8f, 0x8b, 0x08, 0x8b, 0x8b, 0x8f, 
    0x8f, 0x8f, 0x8b, 0x08, 0x8f, 0x8f, 0x8f, 0x8f, 0x93, 0x8b, 0x08, 0x8f, 
    0x8f, 0x8e, 0x87, 0x8f, 0x7f, 0x08, 0x93, 0x73, 0xa3, 0x68, 0x9f, 0x7f, 
    0x08, 0xa2, 0x7b, 0xa7, 0x84, 0xbe, 0x87, 0x08, 0xa2, 0x87, 0xa7, 0x8b, 
    0x97, 0x87, 0x08, 0x9e, 0x8b, 0xbb, 0x7b, 0x8f, 0x87, 0x08, 0x8b, 0x87, 
    0x8e, 0x8b, 0x8f, 0x8b, 0x08, 0x8f, 0x8b, 0x8f, 0x8b, 0x8b, 0x87, 0x08, 
    0x8b, 0x8b, 0x8f, 0x87, 0x8f, 0x8b, 0x08, 0x97, 0x87, 0xd6, 0x50, 0xae, 
    0x64, 0x08, 0xaa, 0x70, 0xaf, 0x6f, 0xae, 0x7b, 0x08, 0x97, 0x87, 0xab, 
    0x80, 0xa6, 0x83, 0x08, 0xbe, 0x7b, 0x93, 0x8b, 0xb6, 0x8b, 0x08, 0xba, 
    0x8b, 0x8b, 0x8b, 0x97, 0x93, 0x08, 0x93, 0x97, 0x8b, 0x8f, 0x8b, 0xa6, 
    0x08, 0x8b, 0x9b, 0x87, 0x9f, 0x8b, 0x92, 0x08, 0x87, 0x97, 0xfb, 0x0a, 
    0xf7, 0x0a, 0x60, 0xab, 0x08, 0x2d, 0xd5, 0xfb, 0x2a, 0xde, 0xfb, 0x1d, 
    0xc6, 0x08, 0x54, 0xa3, 0x77, 0x8e, 0x58, 0x8b, 0x08, 0x73, 0x88, 0x7f, 
    0x8e, 0x93, 0x8b, 0x08, 0x8f, 0x8f, 0x8f, 0x8b, 0x8b, 0x8f, 0x08, 0x8b, 
    0x8f, 0x7f, 0x93, 0x7f, 0x8b, 0x08, 0x88, 0x8b, 0x87, 0x8f, 0x87, 0x93, 
    0x08, 0x87, 0x93, 0x8b, 0x8b, 0x87, 0x87, 0x08, 0x8b, 0x87, 0x87, 0x8b, 
    0x87, 0x8f, 0x08, 0x87, 0x8b, 0x87, 0x87, 0x87, 0x87, 0x08, 0x87, 0x87, 
    0x8b, 0x8b, 0x97, 0x8b, 0x08, 0x97, 0x8f, 0x8b, 0x8b, 0x8b, 0x83, 0x08, 
    0x87, 0x7f, 0x73, 0x8f, 0x8b, 0x9b, 0x08, 0x8b, 0x8f, 0x87, 0x8f, 0x87, 
    0x8b, 0x08, 0x87, 0x8b, 0x8b, 0x8b, 0x8f, 0x8f, 0x08, 0x97, 0x97, 0x7f, 
    0x8b, 0x70, 0x83, 0x08, 0x73, 0x87, 0x05, 0x9f, 0x87, 0x05, 0x97, 0x87, 
    0x8f, 0x8b, 0x83, 0x8b, 0x08, 0x87, 0x87, 0x87, 0x87, 0x8f, 0x87, 0x08, 
    0x8b, 0x87, 0x8b, 0x8b, 0x87, 0x8f, 0x08, 0x87, 0x8f, 0x83, 0x8b, 0x83, 
    0x8b, 0x08, 0x83, 0x8b, 0x84, 0x8b, 0x87, 0x8b, 0x08, 0x8b, 0x8f, 0x83, 
    0x8b, 0x87, 0x87, 0x08, 0x87, 0x87, 0x87, 0x8b, 0x87, 0x93, 0x08, 0x87, 
    0x8b, 0x7f, 0x8f, 0x83, 0x8b, 0x08, 0x80, 0x8b, 0x83, 0x8b, 0x8b, 0x8f, 
    0x08, 0x87, 0x8f, 0x8f, 0x8b, 0x8f, 0x8b, 0x08, 0x8f, 0x8b, 0x8b, 0x8b, 
    0x87, 0x8f, 0x08, 0x87, 0x8b, 0x87, 0x8f, 0x8b, 0x87, 0x08, 0x87, 0x8b, 
    0x83, 0x8f, 0x83, 0x8f, 0x08, 0x7b, 0x8e, 0x8b, 0x8f, 0x8b, 0x93, 0x08, 
    0x8b, 0x93, 0x74, 0x93, 0x6f, 0x8f, 0x08, 0x80, 0x8b, 0x7f, 0x8f, 0x87, 
    0x8b, 0x08, 0x8b, 0x8f, 0x93, 0x8b, 0x96, 0x8f, 0x08, 0xa3, 0x93, 0x83, 
    0x8b, 0x54, 0x92, 0x08, 0x74, 0x8f, 0x73, 0x8b, 0x83, 0x8f, 0x08, 0x83, 
    0x8b, 0x7b, 0x87, 0x7c, 0x87, 0x08, 0x7f, 0x84, 0x7b, 0x87, 0x8b, 0x8b, 
    0x08, 0x87, 0x8b, 0x97, 0x93, 0x97, 0x8e, 0x08, 0x97, 0x93, 0x05, 0x7b, 
    0x8b, 0x05, 0x7b, 0x8b, 0x8b, 0x8b, 0x9f, 0x8f, 0x08, 0x9f, 0x8f, 0x05, 
    0x73, 0x8f, 0x05, 0x7b, 0x8f, 0x78, 0x93, 0x7f, 0x8f, 0x08, 0x7f, 0x8f, 
    0x7b, 0x8f, 0x87, 0x8b, 0x08, 0x87, 0x8b, 0x80, 0x8f, 0x7f, 0x8f, 0x08, 
    0x73, 0x92, 0x8b, 0x8b, 0x7f, 0x88, 0x08, 0x9f, 0x83, 0x15, 0x8b, 0x8b, 
    0x83, 0x8b, 0x87, 0x8b, 0x08, 0x87, 0x8f, 0x8f, 0x8b, 0x93, 0x8b, 0x08, 
    0x8f, 0x8b, 0x8f, 0x8b, 0x87, 0x87, 0x08, 0xba, 0x6f, 0x15, 0x8b, 0x87, 
    0x87, 0x8b, 0x87, 0x8b, 0x08, 0x84, 0x87, 0x87, 0x8f, 0x8b, 0x8b, 0x08, 
    0x8b, 0x8f, 0x8f, 0x8b, 0x92, 0x8b, 0x08, 0x8f, 0x8b, 0x8f, 0x8b, 0x8b, 
    0x8b, 0x08, 0xab, 0x83, 0x15, 0x8b, 0x8b, 0x83, 0x8b, 0x87, 0x8b, 0x08, 
    0x87, 0x8f, 0x8f, 0x8b, 0x93, 0x8b, 0x08, 0x8f, 0x8b, 0x8f, 0x8b, 0x87, 
    0x87, 0x08, 0xf7, 0xd2, 0x41, 0x15, 0x8b, 0x87, 0x97, 0x8b, 0x93, 0x8f, 
    0x08, 0x8f, 0x8e, 0x8b, 0x8b, 0x7f, 0x8b, 0x08, 0x83, 0x8b, 0x87, 0x8b, 
    0x8b, 0x88, 0x08, 0xf7, 0x02, 0x50, 0x15, 0x8f, 0x87, 0x87, 0x8b, 0x80, 
    0x8b, 0x08, 0x7f, 0x8b, 0x8b, 0x8b, 0x93, 0x8f, 0x08, 0x92, 0x8b, 0x8f, 
    0x8f, 0x8b, 0x8b, 0x08, 0x8b, 0x8e, 0x8f, 0x8b, 0x8b, 0x84, 0x08, 0xbb, 
    0x8f, 0x15, 0x8b, 0x87, 0x7f, 0x87, 0x87, 0x8f, 0x08, 0x8b, 0x8f, 0x8f, 
    0x8b, 0x8f, 0x8b, 0x08, 0x8f, 0x8b, 0x8f, 0x8b, 0x8b, 0x8b, 0x08, 0xed, 
    0x50, 0x15, 0xa2, 0x7b, 0x9b, 0x6f, 0x83, 0x70, 0x08, 0x87, 0x6f, 0x80, 
    0x7b, 0x6f, 0x80, 0x08, 0x83, 0x83, 0x87, 0x8b, 0x7f, 0x93, 0x08, 0x78, 
    0x96, 0x7f, 0xa3, 0x8b, 0xa3, 0x08, 0x8b, 0xa6, 0x93, 0x9f, 0x9f, 0x9b, 
    0x08, 0x9a, 0x9a, 0x8f, 0x8b, 0x9f, 0x80, 0x08, 0xf7, 0x6c, 0x30, 0x15, 
    0x97, 0x83, 0x93, 0x7b, 0x8b, 0x78, 0x08, 0x8b, 0x73, 0x73, 0x74, 0x78, 
    0x92, 0x08, 0x83, 0x8f, 0x7f, 0xa3, 0x8b, 0x97, 0x08, 0x8b, 0x9b, 0x97, 
    0x9e, 0x96, 0x8f, 0x08, 0x97, 0x93, 0x8b, 0x8b, 0x93, 0x87, 0x08, 0xd2, 
    0x54, 0x15, 0x8b, 0x83, 0x83, 0x83, 0x87, 0x8b, 0x08, 0x83, 0x8b, 0x87, 
    0x93, 0x93, 0x8f, 0x08, 0x8b, 0x8f, 0x9b, 0x8b, 0x8b, 0x8b, 0x08, 0xc2, 
    0x50, 0x15, 0x93, 0x7b, 0x87, 0x7f, 0x83, 0x80, 0x08, 0x7f, 0x83, 0x83, 
    0x93, 0x87, 0x9e, 0x08, 0x8b, 0x97, 0x8b, 0x8f, 0x93, 0x93, 0x08, 0x97, 
    0x97, 0x8f, 0x8b, 0x8f, 0x7b, 0x08, 0xc6, 0x6c, 0x15, 0x8b, 0x7f, 0x87, 
    0x87, 0x83, 0x93, 0x08, 0x87, 0x8b, 0x87, 0x8f, 0x8b, 0x8f, 0x08, 0x8f, 
    0x8e, 0x9b, 0x8b, 0x8b, 0x88, 0x08, 0xaa, 0x48, 0x15, 0x8b, 0x87, 0x88, 
    0x87, 0x87, 0x8b, 0x08, 0x87, 0x8b, 0x8b, 0x97, 0x8f, 0x96, 0x08, 0x8f, 
    0x93, 0x05, 0x8e, 0x83, 0x05, 0x8f, 0x88, 0x8b, 0x83, 0x87, 0x87, 0x08, 
    0xc3, 0x7b, 0x15, 0x8b, 0x87, 0x87, 0x87, 0x8b, 0x87, 0x08, 0x87, 0x8b, 
    0x8b, 0x8b, 0x8b, 0x8f, 0x08, 0x8f, 0x8f, 0x87, 0x8f, 0x87, 0x8b, 0x08, 
    0x8b, 0x8b, 0x87, 0x8f, 0x8b, 0x8b, 0x08, 0x8b, 0x8f, 0x8f, 0x8f, 0x8f, 
    0x87, 0x08, 0x93, 0x8b, 0x8e, 0x87, 0x88, 0x87, 0x08, 0x0e, 0x1c, 0x04, 
    0xf3, 0xad, 0xf9, 0x3f, 0x15, 0xaa, 0x73, 0xc5, 0x5f, 0xc1, 0x69, 0x08, 
    0xb7, 0x6c, 0xd9, 0x5c, 0x8f, 0x8b, 0x08, 0x92, 0x8b, 0x84, 0x92, 0x7a, 
    0x92, 0x08, 0x84, 0x8e, 0x84, 0x92, 0x8b, 0x8b, 0x08, 0x8f, 0x91, 0x98, 
    0x8b, 0x92, 0x85, 0x08, 0x8e, 0x87, 0x8f, 0x8b, 0x8e, 0x8b, 0x08, 0x8b, 
    0x8f, 0x88, 0x8e, 0x87, 0x8e, 0x08, 0x85, 0x8f, 0x84, 0x8b, 0x81, 0x8b, 
    0x08, 0x80, 0x87, 0x85, 0x8b, 0x7d, 0x96, 0x08, 0x84, 0x8e, 0x84, 0x8e, 
    0x8b, 0x8f, 0x08, 0x8b, 0x92, 0xb1, 0x8e, 0x92, 0x88, 0x08, 0x91, 0x87, 
    0x92, 0x8b, 0x95, 0x8f, 0x08, 0x92, 0x8e, 0x92, 0x8b, 0x92, 0x8b, 0x08, 
    0x95, 0x88, 0x95, 0x8b, 0x8f, 0x91, 0x08, 0x8b, 0x8f, 0x87, 0x92, 0x84, 
    0x8b, 0x08, 0x88, 0x8b, 0x8b, 0x8b, 0x8e, 0x87, 0x08, 0x8f, 0x8b, 0x8b, 
    0x88, 0x8b, 0x87, 0x08, 0x87, 0x8b, 0x77, 0x8f, 0x8b, 0x8e, 0x08, 0x8b, 
    0x8f, 0x84, 0x8b, 0x84, 0x8b, 0x08, 0x7e, 0x8b, 0x8b, 0x8b, 0x8e, 0x87, 
    0x08, 0x95, 0x84, 0x88, 0x88, 0x84, 0x8b, 0x08, 0x84, 0x8b, 0x8b, 0x8e, 
    0x8b, 0x8f, 0x08, 0x8b, 0x92, 0x8b, 0x8b, 0x85, 0x8b, 0x08, 0x87, 0x87, 
    0x81, 0x88, 0x84, 0x8b, 0x08, 0x81, 0x87, 0x81, 0x88, 0x87, 0x88, 0x08, 
    0x81, 0x84, 0x8b, 0x8e, 0x92, 0x95, 0x08, 0x95, 0x92, 0x05, 0x81, 0x84, 
    0x05, 0x81, 0x85, 0x8b, 0x8b, 0x84, 0x91, 0x08, 0x81, 0x8f, 0x05, 0x92, 
    0x92, 0x05, 0x8e, 0x8b, 0x92, 0x8e, 0x8e, 0x8b, 0x08, 0x8f, 0x8b, 0x8e, 
    0x8e, 0x8b, 0x8f, 0x08, 0x8b, 0x8e, 0x8b, 0x8b, 0x84, 0x88, 0x08, 0x84, 
    0x87, 0x70, 0x8f, 0x81, 0x8e, 0x08, 0x84, 0x8f, 0x8b, 0x8b, 0x96, 0x8e, 
    0x08, 0x91, 0x8e, 0x92, 0x8b, 0x8b, 0x88, 0x08, 0x8b, 0x88, 0x95, 0x8b, 
    0x8b, 0x8e, 0x08, 0x8b, 0x8e, 0x77, 0x99, 0x84, 0x8b, 0x08, 0x88, 0x8b, 
    0x87, 0x8e, 0x88, 0x8b, 0x08, 0x8b, 0x92, 0x7a, 0x8f, 0x84, 0x87, 0x08, 
    0x88, 0x88, 0x8b, 0x8b, 0x8b, 0x8e, 0x08, 0x8e, 0x8f, 0x8f, 0x8b, 0x98, 
    0x8b, 0x08, 0x99, 0x8b, 0x8e, 0x8e, 0x8b, 0x92, 0x08, 0x8b, 0x8e, 0x8b, 
    0x92, 0x88, 0x8b, 0x08, 0x87, 0x8e, 0x63, 0x9c, 0x7a, 0x8f, 0x08, 0x7a, 
    0x8b, 0x80, 0x92, 0x92, 0x8b, 0x08, 0x8f, 0x8b, 0x87, 0x8e, 0x84, 0x8e, 
    0x08, 0x85, 0x8b, 0x80, 0x8f, 0x8b, 0x87, 0x08, 0x88, 0x8b, 0x88, 0x8f, 
    0x87, 0x8e, 0x08, 0x88, 0x8f, 0x8b, 0x8b, 0x87, 0x87, 0x08, 0x8b, 0x84, 
    0x88, 0x8b, 0x88, 0x8f, 0x08, 0x87, 0x8e, 0x88, 0x8b, 0x8b, 0x8f, 0x08, 
    0x8e, 0x8b, 0x84, 0x8e, 0x85, 0x8b, 0x08, 0x7d, 0x8b, 0x05, 0x9f, 0x7a, 
    0x05, 0xc2, 0x81, 0x15, 0x8e, 0x87, 0x99, 0x88, 0x92, 0x88, 0x08, 0x98, 
    0x8b, 0x8f, 0x87, 0x87, 0x8b, 0x08, 0x88, 0x88, 0x8b, 0x8b, 0x8e, 0x87, 
    0x08, 0x8f, 0x8b, 0x8b, 0x88, 0x8b, 0x88, 0x08, 0x87, 0x8b, 0x88, 0x8e, 
    0x87, 0x8e, 0x08, 0x88, 0x8f, 0x88, 0x8e, 0x87, 0x8b, 0x08, 0x8b, 0x88, 
    0x81, 0x8e, 0x81, 0x92, 0x08, 0x81, 0x92, 0x84, 0x8e, 0x8e, 0x8b, 0x08, 
    0x8f, 0x8b, 0x8e, 0x88, 0x92, 0x8b, 0x08, 0xcb, 0x73, 0x15, 0x8f, 0x88, 
    0x8b, 0x8b, 0x81, 0x87, 0x08, 0x87, 0x8b, 0x84, 0x88, 0x88, 0x8b, 0x08, 
    0x81, 0x87, 0x8e, 0x92, 0x92, 0x8f, 0x08, 0x92, 0x91, 0x8b, 0x8b, 0x84, 
    0x8f, 0x08, 0x88, 0x8e, 0x8b, 0x8b, 0x95, 0x88, 0x08, 0x8e, 0x8b, 0x92, 
    0x87, 0x8e, 0x88, 0x08, 0x9c, 0x66, 0x15, 0x8b, 0x87, 0x8b, 0x8b, 0x88, 
    0x8b, 0x08, 0x88, 0x8b, 0x8b, 0x8b, 0x8e, 0x8f, 0x08, 0x8b, 0x8e, 0x8b, 
    0x8b, 0x8e, 0x8b, 0x08, 0x8b, 0x8b, 0x8b, 0x8b, 0x8b, 0x88, 0x08, 0xdd, 
    0x7d, 0x15, 0x87, 0x88, 0x8b, 0x8b, 0x92, 0x8b, 0x08, 0x8f, 0x8e, 0x95, 
    0x8b, 0x92, 0x8b, 0x08, 0x91, 0x8b, 0x8b, 0x8b, 0x85, 0x8e, 0x08, 0x7d, 
    0x8f, 0x8b, 0x8b, 0x81, 0x84, 0x08, 0x58, 0x77, 0x15, 0x87, 0x8b, 0x8b, 
    0x8b, 0x88, 0x8b, 0x08, 0x88, 0x8e, 0x8b, 0x8b, 0x8e, 0x8b, 0x08, 0x8e, 
    0x8b, 0x8f, 0x8b, 0x8b, 0x88, 0x08, 0xf4, 0x84, 0x15, 0x8b, 0x87, 0x8b, 
    0x8b, 0x88, 0x8b, 0x08, 0x87, 0x8b, 0x8b, 0x8b, 0x8f, 0x8f, 0x08, 0x8b, 
    0x8e, 0x8b, 0x8b, 0x8e, 0x8b, 0x08, 0x8b, 0x8b, 0x8b, 0x8b, 0x8b, 0x88, 
    0x08, 0x7e, 0x70, 0x15, 0x8b, 0x87, 0x91, 0x88, 0x92, 0x87, 0x08, 0x92, 
    0x85, 0x92, 0x8b, 0x92, 0x8b, 0x08, 0x91, 0x8e, 0x8f, 0x88, 0x92, 0x84, 
    0x08, 0x91, 0x88, 0x8b, 0x87, 0x88, 0x88, 0x08, 0x84, 0x87, 0x8f, 0x88, 
    0x98, 0x8b, 0x08, 0x95, 0x8b, 0x8f, 0x88, 0x8b, 0x84, 0x08, 0x8b, 0x87, 
    0x8e, 0x88, 0x8f, 0x8e, 0x08, 0x8e, 0x8b, 0x8e, 0x8b, 0x8b, 0x88, 0x08, 
    0x8f, 0x88, 0x8b, 0x87, 0x87, 0x8b, 0x08, 0x88, 0x8b, 0x8b, 0x88, 0x8b, 
    0x87, 0x08, 0x8b, 0x85, 0x84, 0x8e, 0x73, 0x95, 0x08, 0x81, 0x92, 0x84, 
    0x8e, 0x8b, 0x8b, 0x08, 0x8b, 0x88, 0xd6, 0x5f, 0xc5, 0x6c, 0x08, 0x92, 
    0x84, 0xa6, 0x7e, 0x9f, 0x81, 0x08, 0xa0, 0x7d, 0xa6, 0x7d, 0x98, 0x85, 
    0x08, 0x96, 0x84, 0x95, 0x84, 0x8b, 0x8b, 0x08, 0x8b, 0x88, 0x9f, 0x80, 
    0xa3, 0x7e, 0x08, 0xb4, 0x76, 0x05, 0x84, 0x81, 0x05, 0x88, 0x88, 0x87, 
    0x84, 0x88, 0x88, 0x08, 0x87, 0x87, 0x8b, 0x8b, 0x92, 0x84, 0x08, 0x99, 
    0x81, 0xa9, 0x8f, 0x96, 0x98, 0x08, 0x8b, 0x8f, 0x95, 0x87, 0xb7, 0x70, 
    0x08, 0xea, 0x55, 0xe7, 0x58, 0xdc, 0x62, 0x08, 0xdd, 0x62, 0x9f, 0x81, 
    0xa3, 0x77, 0x08, 0x9c, 0x7a, 0x92, 0x8b, 0x99, 0x95, 0x08, 0x98, 0x98, 
    0x99, 0xa7, 0x8b, 0x91, 0x08, 0x87, 0x8b, 0x8b, 0x8f, 0x88, 0x8b, 0x08, 
    0x88, 0x87, 0x8b, 0x8f, 0x8b, 0x8e, 0x08, 0x8b, 0x92, 0x8b, 0x8b, 0x84, 
    0x88, 0x08, 0x87, 0x8b, 0x88, 0x8b, 0x8b, 0x8e, 0x08, 0x8b, 0x95, 0x8b, 
    0x92, 0x88, 0x84, 0x08, 0x87, 0x84, 0x7e, 0x8b, 0x84, 0x92, 0x08, 0x87, 
    0x8f, 0x88, 0x8e, 0x88, 0x8b, 0x08, 0x87, 0x8b, 0x8b, 0x92, 0x8f, 0x92, 
    0x08, 0x8e, 0x8e, 0x8b, 0x8b, 0x88, 0x92, 0x08, 0x87, 0x8e, 0x88, 0x92, 
    0x8b, 0x8e, 0x08, 0x8b, 0x92, 0x81, 0x92, 0x76, 0x99, 0x08, 0x3a, 0xbd, 
    0xfb, 0x16, 0xcf, 0xfb, 0x11, 0xc5, 0x08, 0x54, 0xa3, 0x7e, 0x95, 0x8b, 
    0x8f, 0x08, 0x8b, 0x8e, 0x8e, 0x8e, 0x92, 0x92, 0x08, 0x95, 0x95, 0x8b, 
    0x8b, 0x84, 0x8f, 0x08, 0x85, 0x8e, 0x87, 0x8b, 0x84, 0x84, 0x08, 0x88, 
    0x88, 0x84, 0x84, 0x88, 0x88, 0x08, 0x84, 0x7d, 0x8b, 0x8b, 0x81, 0x95, 
    0x08, 0x87, 0x92, 0x8b, 0x8b, 0x92, 0x95, 0x08, 0x92, 0x8f, 0x92, 0x8e, 
    0x8e, 0x8b, 0x08, 0x8f, 0x8b, 0x8e, 0x8f, 0x8e, 0x8b, 0x08, 0x8f, 0x91, 
    0x76, 0x85, 0x81, 0x84, 0x08, 0x88, 0x87, 0x84, 0x8b, 0x8b, 0x8b, 0x08, 
    0x69, 0x96, 0x77, 0x95, 0x76, 0x95, 0x08, 0x51, 0xaa, 0x74, 0x98, 0x8b, 
    0x88, 0x08, 0x8b, 0x87, 0x8b, 0x8b, 0x87, 0x8b, 0x08, 0x8b, 0x8f, 0x8b, 
    0x8e, 0x8b, 0x8b, 0x08, 0x8b, 0x8f, 0x70, 0x9c, 0x66, 0x9c, 0x08, 0x76, 
    0x95, 0x7a, 0x95, 0x88, 0x8e, 0x08, 0x88, 0x8f, 0x84, 0x8b, 0x8e, 0x87, 
    0x08, 0x8b, 0x88, 0x8b, 0x8b, 0x88, 0x8b, 0x08, 0x87, 0x8b, 0x8b, 0x8e, 
    0x8b, 0x8b, 0x08, 0x8b, 0x92, 0x88, 0x8b, 0x84, 0x84, 0x08, 0x88, 0x88, 
    0x8b, 0x88, 0x8e, 0x84, 0x08, 0x8f, 0x81, 0x8b, 0x8b, 0x80, 0x80, 0x08, 
    0x88, 0x85, 0x88, 0x8b, 0x8b, 0x8e, 0x08, 0x8b, 0x8e, 0x87, 0x8f, 0x88, 
    0x8b, 0x08, 0x87, 0x8b, 0x88, 0x8b, 0x8b, 0x8e, 0x08, 0x8b, 0x8f, 0x8e, 
    0x8e, 0x8f, 0x8b, 0x08, 0x8e, 0x8e, 0x8f, 0x8f, 0x8b, 0x8b, 0x08, 0x8b, 
    0x8e, 0x87, 0x88, 0x88, 0x87, 0x08, 0x81, 0x85, 0x7d, 0x91, 0x7d, 0x9c, 
    0x08, 0x85, 0x92, 0x84, 0x8e, 0x87, 0x8b, 0x08, 0x85, 0x8b, 0x84, 0x8f, 
    0x81, 0x8b, 0x08, 0x7a, 0x92, 0x8b, 0x8b, 0x8b, 0x8b, 0x08, 0xf7, 0x1c, 
    0x58, 0x15, 0x8b, 0x8b, 0x91, 0x8b, 0x8f, 0x87, 0x08, 0x8e, 0x88, 0x8b, 
    0x8b, 0x81, 0x8b, 0x08, 0x81, 0x8b, 0x81, 0x8e, 0x8b, 0x8f, 0x08, 0x8b, 
    0x8e, 0x8e, 0x8b, 0x8e, 0x88, 0x08, 0x8f, 0x8b, 0x8e, 0x87, 0x8f, 0x8f, 
    0x08, 0xbe, 0x62, 0x15, 0x84, 0x88, 0x8b, 0x8b, 0x8b, 0x91, 0x08, 0x8e, 
    0x8f, 0x8f, 0x8b, 0x8b, 0x87, 0x08, 0x8e, 0x8b, 0x8b, 0x88, 0x88, 0x8b, 
    0x08, 0x47, 0x8b, 0x15, 0x8b, 0x88, 0x8b, 0x8b, 0x87, 0x8b, 0x08, 0x8b, 
    0x8b, 0x88, 0x8b, 0x8b, 0x8e, 0x08, 0x87, 0x8e, 0x8f, 0x8b, 0x8b, 0x8b, 
    0x08, 0x8e, 0x8b, 0x8f, 0x8b, 0x8b, 0x88, 0x08, 0x98, 0x84, 0x15, 0x8f, 
    0x84, 0x8b, 0x8b, 0x87, 0x8b, 0x08, 0x88, 0x8b, 0x87, 0x8f, 0x88, 0x8b, 
    0x08, 0x84, 0x92, 0x92, 0x8b, 0x95, 0x87, 0x08, 0xcf, 0x84, 0x15, 0x88, 
    0x88, 0x8b, 0x8b, 0x8b, 0x92, 0x08, 0x8b, 0x92, 0x8b, 0x8b, 0x8e, 0x87, 
    0x08, 0x8f, 0x88, 0x8b, 0x8b, 0x87, 0x87, 0x08, 0x88, 0x85, 0x15, 0x87, 
    0x84, 0x85, 0x8b, 0x8b, 0x92, 0x08, 0x8b, 0x8e, 0x8b, 0x8e, 0x91, 0x88, 
    0x08, 0x8b, 0x8b, 0x8f, 0x88, 0x8b, 0x8b, 0x08, 0xa9, 0x7a, 0x15, 0x8b, 
    0x87, 0x8f, 0x8b, 0x8b, 0x8f, 0x08, 0x8e, 0x8b, 0x8b, 0x84, 0x88, 0x87, 
    0x08, 0x87, 0x88, 0x88, 0x8e, 0x88, 0x92, 0x08, 0x87, 0x92, 0x8f, 0x8e, 
    0x91, 0x85, 0x08, 0x74, 0x84, 0x15, 0x8e, 0x8b, 0x8e, 0x87, 0x88, 0x88, 
    0x08, 0x88, 0x88, 0x8b, 0x8b, 0x80, 0x8e, 0x08, 0x85, 0x8e, 0x87, 0x8f, 
    0x8b, 0x8e, 0x08, 0x8b, 0x8b, 0x99, 0x8b, 0x92, 0x88, 0x08, 0xe6, 0x87, 
    0x15, 0x8b, 0x88, 0x8b, 0x8b, 0x88, 0x8b, 0x08, 0x87, 0x8b, 0x8b, 0x8b, 
    0x8f, 0x8e, 0x08, 0x8b, 0x8f, 0x8b, 0x8b, 0x8e, 0x8b, 0x08, 0x8b, 0x8b, 
    0x8b, 0x8b, 0x8b, 0x87, 0x08, 0x4e, 0x85, 0x15, 0x81, 0x80, 0x88, 0x8b, 
    0x8b, 0x96, 0x08, 0x8b, 0x8b, 0x8e, 0x8e, 0x8b, 0x88, 0x08, 0x8e, 0x8b, 
    0x8f, 0x8b, 0x8b, 0x8e, 0x08, 0x8e, 0x8e, 0x8f, 0x8b, 0x8b, 0x8b, 0x08, 
    0x8e, 0x8b, 0x88, 0x88, 0x87, 0x88, 0x08, 0x8f, 0x7d, 0x15, 0x8b, 0x88, 
    0x87, 0x8b, 0x8b, 0x8e, 0x08, 0x88, 0x8b, 0x8b, 0x8e, 0x8e, 0x8b, 0x08, 
    0x8b, 0x8f, 0x8f, 0x8b, 0x8b, 0x87, 0x08, 0x8e, 0x8b, 0x8b, 0x88, 0x88, 
    0x8b, 0x08, 0xf7, 0x2c, 0x81, 0x15, 0xa0, 0x81, 0x9c, 0x80, 0x8b, 0x8f, 
    0x08, 0x8e, 0x8b, 0x8b, 0x8b, 0x8b, 0x87, 0x08, 0x8b, 0x88, 0x99, 0x84, 
    0x8e, 0x8f, 0x08, 0x8f, 0x8b, 0x8b, 0x8b, 0x8b, 0x87, 0x08, 0x8b, 0x88, 
    0x8e, 0x8b, 0x8b, 0x8b, 0x08, 0x8e, 0x8b, 0x8f, 0x87, 0x8e, 0x88, 0x08, 
    0x8f, 0x84, 0x8b, 0x88, 0x84, 0x8b, 0x08, 0x87, 0x8b, 0x81, 0x8e, 0x84, 
    0x92, 0x08, 0x81, 0x92, 0x84, 0x8e, 0x88, 0x8b, 0x08, 0x88, 0x8b, 0x8b, 
    0x8b, 0x8b, 0x8f, 0x08, 0x8b, 0x8e, 0x87, 0x8b, 0x84, 0x8b, 0x08, 0x85, 
    0x88, 0x87, 0x8e, 0x8b, 0x8e, 0x08, 0x8b, 0x8f, 0x8b, 0x8b, 0x84, 0x84, 
    0x08, 0x85, 0x88, 0x8b, 0x8b, 0x8b, 0x91, 0x08, 0x8e, 0x92, 0x88, 0x8f, 
    0x84, 0x84, 0x08, 0x87, 0x87, 0x8b, 0x8b, 0x88, 0x8f, 0x08, 0x88, 0x8e, 
    0x8b, 0x8b, 0x91, 0x8f, 0x08, 0x92, 0x8e, 0x05, 0x84, 0x8b, 0x05, 0x88, 
    0x8e, 0x84, 0x8b, 0x88, 0x8f, 0x08, 0x87, 0x8b, 0x85, 0x84, 0x84, 0x84, 
    0x08, 0x7d, 0x81, 0x84, 0x88, 0x8f, 0x98, 0x08, 0x8e, 0x92, 0xa3, 0xa3, 
    0x8e, 0x8b, 0x08, 0x8b, 0x8b, 0x9c, 0x84, 0x9c, 0x81, 0x08, 0xfb, 0x04, 
    0x8e, 0x15, 0x8b, 0x88, 0x92, 0x8b, 0x99, 0x8b, 0x08, 0x95, 0x8b, 0x95, 
    0x87, 0x88, 0x8b, 0x08, 0x8b, 0x88, 0x80, 0x8b, 0x7e, 0x8b, 0x08, 0x7d, 
    0x8e, 0x7e, 0x8b, 0x8b, 0x8b, 0x08, 0x87, 0x8b, 0x8b, 0x8f, 0x8b, 0x8e, 
    0x08, 0x8b, 0x92, 0x95, 0x8e, 0x92, 0x81, 0x08, 0xf7, 0x7b, 0x4e, 0x15, 
    0x8b, 0x8b, 0x85, 0x8b, 0x84, 0x8e, 0x08, 0x7d, 0x8b, 0x88, 0x8b, 0x8b, 
    0x88, 0x08, 0x8b, 0x88, 0x8b, 0x8b, 0x87, 0x8b, 0x08, 0x8b, 0x8e, 0x8b, 
    0x8e, 0x8f, 0x8f, 0x08, 0x8b, 0x95, 0x05, 0x98, 0x84, 0x05, 0x96, 0x88, 
    0x91, 0x87, 0x8b, 0x88, 0x08, 0xa0, 0x84, 0x15, 0x8b, 0x88, 0x87, 0x8b, 
    0x85, 0x8e, 0x08, 0x87, 0x8f, 0x8b, 0x8b, 0x8f, 0x8b, 0x08, 0x8e, 0x8b, 
    0x8e, 0x8b, 0x8f, 0x87, 0x08, 0x95, 0x88, 0x15, 0x8b, 0x87, 0x88, 0x8b, 
    0x8b, 0x8b, 0x08, 0x87, 0x8b, 0x88, 0x8b, 0x8e, 0x8f, 0x08, 0x8b, 0x8e, 
    0x8b, 0x8b, 0x8f, 0x8b, 0x08, 0x8b, 0x8b, 0x8b, 0x8b, 0x8e, 0x88, 0x08, 
    0x9c, 0x81, 0x15, 0x8e, 0x8b, 0x8f, 0x87, 0x87, 0x8b, 0x08, 0x88, 0x8b, 
    0x84, 0x8f, 0x88, 0x8b, 0x08, 0x87, 0x8e, 0x88, 0x8e, 0x8e, 0x8b, 0x08, 
    0x8f, 0x8b, 0x92, 0x88, 0x8e, 0x88, 0x08, 0xfb, 0x15, 0x80, 0x15, 0x8b, 
    0x8b, 0x87, 0x85, 0x88, 0x87, 0x08, 0x84, 0x84, 0x8b, 0x8b, 0x84, 0x8f, 
    0x08, 0x88, 0x8e, 0x88, 0x8f, 0x8e, 0x8e, 0x08, 0x8b, 0x8e, 0x8b, 0x8b, 
    0x8e, 0x88, 0x08, 0x8b, 0x88, 0x8f, 0x8e, 0x8e, 0x8e, 0x08, 0x8f, 0x92, 
    0x95, 0x8b, 0x8b, 0x84, 0x08, 0xf7, 0x34, 0x88, 0x15, 0x91, 0x88, 0x92, 
    0x87, 0x88, 0x8b, 0x08, 0x87, 0x8b, 0x81, 0x8f, 0x84, 0x8e, 0x08, 0x85, 
    0x92, 0x84, 0x8e, 0x8e, 0x8b, 0x08, 0x8f, 0x8b, 0x95, 0x88, 0x92, 0x84, 
    0x08, 0x9b, 0x73, 0x15, 0x8f, 0x84, 0x81, 0x85, 0x81, 0x8e, 0x08, 0x7d, 
    0x8b, 0x8b, 0x92, 0x95, 0x8e, 0x08, 0x95, 0x8f, 0x92, 0x8b, 0x8e, 0x87, 
    0x08, 0xc9, 0x7e, 0x15, 0x91, 0x84, 0x85, 0x8b, 0x80, 0x8e, 0x08, 0x85, 
    0x8f, 0x8b, 0x8e, 0x8e, 0x8b, 0x08, 0x8e, 0x8b, 0x8f, 0x88, 0x92, 0x8b, 
    0x08, 0xc4, 0x4a, 0x15, 0x8b, 0x88, 0x88, 0x8b, 0x8b, 0x8b, 0x08, 0x88, 
    0x8b, 0x87, 0x8b, 0x8b, 0x8e, 0x08, 0x8b, 0x8e, 0x8f, 0x8b, 0x8e, 0x8b, 
    0x08, 0x8b, 0x8b, 0x8e, 0x8b, 0x8b, 0x88, 0x08, 0xf7, 0x45, 0x4e, 0x15, 
    0x8b, 0x88, 0x9c, 0x80, 0xa3, 0x85, 0x08, 0x98, 0x84, 0x8f, 0x84, 0x84, 
    0x84, 0x08, 0x88, 0x88, 0x8b, 0x8b, 0x8e, 0x8e, 0x08, 0x92, 0x8b, 0x8e, 
    0x9c, 0x88, 0x92, 0x08, 0x8b, 0x8e, 0x81, 0x8f, 0x81, 0x8e, 0x08, 0x80, 
    0x8b, 0x7e, 0x8f, 0x87, 0x8b, 0x08, 0x85, 0x8e, 0x87, 0x8b, 0x8b, 0x8b, 
    0x08, 0x0e, 0x1c, 0x05, 0x9b, 0x99, 0xf9, 0x4c, 0x15, 0x8b, 0x8b, 0x8f, 
    0x87, 0x8f, 0x88, 0x08, 0x92, 0x83, 0xa2, 0x78, 0xa6, 0x74, 0x08, 0xdf, 
    0x42, 0xdc, 0x56, 0xf2, 0x4d, 0x08, 0xbd, 0x71, 0xf7, 0x1d, 0x4d, 0xf7, 
    0x4c, 0x37, 0x08, 0xb5, 0x78, 0x05, 0x93, 0x93, 0x05, 0x9a, 0x96, 0x9e, 
    0x8b, 0x96, 0x7c, 0x08, 0x93, 0x83, 0x8b, 0x84, 0x8b, 0x74, 0x08, 0x8b, 
    0x70, 0x05, 0x9e, 0x83, 0x05, 0xa2, 0x87, 0x87, 0x8b, 0x9e, 0x97, 0x08, 
    0xa2, 0x9e, 0x93, 0x87, 0xf2, 0x56, 0x08, 0xcc, 0x68, 0xae, 0x7c, 0xdf, 
    0x70, 0x08, 0xc4, 0x74, 0x93, 0x87, 0xaa, 0x78, 0x08, 0xc4, 0x5d, 0x9a, 
    0x88, 0x9e, 0xad, 0x08, 0x9b, 0xa2, 0xa2, 0xd4, 0x8b, 0x92, 0x08, 0x87, 
    0x97, 0x74, 0x92, 0x65, 0x93, 0x08, 0x61, 0x93, 0x74, 0x96, 0x61, 0xaa, 
    0x08, 0x55, 0xa9, 0x42, 0xae, 0x4a, 0xa2, 0x08, 0x3b, 0xa9, 0x74, 0x9b, 
    0x8b, 0xa5, 0x08, 0x8b, 0x9b, 0x8b, 0x8f, 0x7c, 0x92, 0x08, 0x83, 0x93, 
    0x83, 0x8f, 0x88, 0x8b, 0x08, 0x8b, 0x8b, 0x83, 0x83, 0x83, 0x87, 0x08, 
    0x7c, 0x78, 0x78, 0x83, 0x7f, 0x8f, 0x08, 0x88, 0x8b, 0x87, 0x8f, 0x83, 
    0x8f, 0x08, 0x83, 0x93, 0x8b, 0x8b, 0x7c, 0x83, 0x08, 0x83, 0x87, 0x80, 
    0x8b, 0x83, 0x8b, 0x08, 0x80, 0x8f, 0xfb, 0x29, 0xc4, 0x7f, 0x93, 0x08, 
    0x80, 0x93, 0x9e, 0x83, 0xc0, 0x78, 0x08, 0xa6, 0x7f, 0xa2, 0x84, 0x93, 
    0x8b, 0x08, 0x8f, 0x87, 0x8e, 0x8b, 0x8f, 0x87, 0x08, 0x8f, 0x8b, 0x8b, 
    0x8b, 0x87, 0x93, 0x08, 0x87, 0x8e, 0x7c, 0x97, 0x65, 0x9a, 0x08, 0x83, 
    0x8f, 0x78, 0x97, 0x7c, 0x92, 0x08, 0x78, 0x97, 0x78, 0x92, 0x87, 0x8b, 
    0x08, 0x87, 0x8b, 0x87, 0x8b, 0x8b, 0x8f, 0x08, 0x8b, 0x8f, 0x4e, 0xaa, 
    0x83, 0x8b, 0x08, 0x8b, 0x8b, 0x87, 0x8e, 0x88, 0x8f, 0x08, 0x87, 0x8b, 
    0x83, 0x93, 0x83, 0x8f, 0x08, 0x84, 0x8f, 0x74, 0x96, 0x70, 0x96, 0x08, 
    0x74, 0x97, 0x78, 0x93, 0x87, 0x8b, 0x08, 0x87, 0x8b, 0x84, 0x8e, 0x83, 
    0x8f, 0x08, 0x83, 0x8f, 0x80, 0x8f, 0x87, 0x8b, 0x08, 0x8b, 0x8b, 0x87, 
    0x8b, 0x8b, 0x8f, 0x08, 0x8f, 0x8b, 0x87, 0x8f, 0x87, 0x87, 0x08, 0x84, 
    0x8b, 0x74, 0x9a, 0x8b, 0x93, 0x08, 0x8b, 0x8e, 0x7c, 0x8f, 0x7b, 0x8b, 
    0x08, 0x84, 0x8b, 0x87, 0x8f, 0x8b, 0x8b, 0x08, 0x8b, 0x8f, 0x87, 0x8b, 
    0x8b, 0x8b, 0x08, 0x87, 0x8b, 0x87, 0x8b, 0x8b, 0x8f, 0x08, 0x8b, 0x8b, 
    0x87, 0x8f, 0x84, 0x8b, 0x08, 0x83, 0x8e, 0x70, 0x8f, 0x74, 0x93, 0x08, 
    0x5a, 0x96, 0x68, 0x93, 0x52, 0x97, 0x08, 0x74, 0x8e, 0x78, 0x8f, 0x8b, 
    0x8f, 0x08, 0x87, 0x8b, 0x8b, 0x8b, 0x8b, 0x87, 0x08, 0xf7, 0xbe, 0x3f, 
    0x15, 0x8b, 0x87, 0x8b, 0x8b, 0x8b, 0x8b, 0x08, 0x88, 0x8b, 0x8b, 0x8b, 
    0x8b, 0x8f, 0x08, 0x87, 0x8e, 0x8b, 0x8b, 0x8f, 0x8b, 0x08, 0x8e, 0x8b, 
    0x8b, 0x8b, 0x8b, 0x88, 0x08, 0xb9, 0x7f, 0x15, 0x8b, 0x87, 0x8f, 0x8b, 
    0x8f, 0x8b, 0x08, 0x8b, 0x8b, 0x8f, 0x8b, 0x8b, 0x8b, 0x08, 0x8b, 0x8f, 
    0x87, 0x8b, 0x8b, 0x8b, 0x08, 0x87, 0x8f, 0x87, 0x8b, 0x8b, 0x87, 0x08, 
    0xc8, 0x74, 0x15, 0x8b, 0x87, 0x8f, 0x8b, 0x8f, 0x8b, 0x08, 0x8f, 0x8b, 
    0x8f, 0x8b, 0x8b, 0x8b, 0x08, 0x8b, 0x8f, 0x87, 0x8b, 0x87, 0x8b, 0x08, 
    0x87, 0x8f, 0x87, 0x87, 0x8b, 0x8b, 0x08, 0xeb, 0x28, 0x15, 0x8f, 0x87, 
    0x8b, 0x8b, 0x87, 0x8b, 0x08, 0x87, 0x8b, 0x87, 0x8b, 0x8b, 0x8f, 0x08, 
    0x88, 0x8f, 0x8e, 0x8b, 0x93, 0x87, 0x08, 0xb5, 0x7b, 0x15, 0x8f, 0x88, 
    0x8b, 0x8b, 0x87, 0x8b, 0x08, 0x87, 0x8b, 0x88, 0x8b, 0x87, 0x8e, 0x08, 
    0x87, 0x8f, 0x8b, 0x8b, 0x8f, 0x8b, 0x08, 0x8f, 0x8b, 0x8e, 0x8b, 0x8f, 
    0x87, 0x08, 0x9e, 0x84, 0x15, 0x8b, 0x87, 0x87, 0x8b, 0x84, 0x8f, 0x08, 
    0x87, 0x8f, 0x8b, 0x8b, 0x8f, 0x8b, 0x08, 0x8f, 0x8b, 0x8e, 0x8b, 0x8f, 
    0x87, 0x08, 0x9e, 0x7f, 0x15, 0x88, 0x8b, 0x8b, 0x8b, 0x87, 0x8b, 0x08, 
    0x87, 0x8f, 0x8b, 0x8b, 0x8f, 0x8b, 0x08, 0x8f, 0x8b, 0x8e, 0x8b, 0x8b, 
    0x87, 0x08, 0x97, 0x88, 0x15, 0x87, 0x8b, 0x8b, 0x8b, 0x87, 0x8b, 0x08, 
    0x87, 0x8e, 0x8b, 0x8b, 0x8f, 0x8b, 0x08, 0x8f, 0x8b, 0x8f, 0x8b, 0x8b, 
    0x88, 0x08, 0xf7, 0x38, 0x55, 0x15, 0x8b, 0x87, 0x8f, 0x87, 0x93, 0x88, 
    0x08, 0x93, 0x87, 0x8b, 0x8b, 0x87, 0x8f, 0x08, 0x87, 0x8e, 0x87, 0x8f, 
    0x8b, 0x8f, 0x08, 0x8b, 0x8b, 0x8b, 0x8f, 0x87, 0x8b, 0x08, 0x87, 0x8b, 
    0x8b, 0x87, 0x8b, 0x8b, 0x08, 0xf7, 0x3d, 0x59, 0x15, 0x8b, 0x87, 0x87, 
    0x88, 0x8b, 0x8b, 0x08, 0x87, 0x8b, 0x83, 0x8b, 0x88, 0x87, 0x08, 0x87, 
    0x8b, 0x8b, 0x8b, 0x92, 0x92, 0x08, 0x97, 0x9b, 0x8f, 0x8b, 0x8b, 0x7f, 
    0x08, 0xf7, 0x16, 0x46, 0x15, 0x8b, 0x88, 0x8b, 0x8b, 0x8b, 0x8b, 0x08, 
    0x87, 0x8b, 0x8b, 0x8b, 0x8b, 0x8e, 0x08, 0x87, 0x8f, 0x8b, 0x8b, 0x8f, 
    0x8b, 0x08, 0x8f, 0x8b, 0x8b, 0x8b, 0x8b, 0x87, 0x08, 0xa2, 0x84, 0x15, 
    0x8b, 0x87, 0x8b, 0x8b, 0x8f, 0x8b, 0x08, 0x8e, 0x8f, 0x97, 0x83, 0x87, 
    0x87, 0x08, 0x87, 0x87, 0x74, 0x93, 0x87, 0x93, 0x08, 0x8b, 0x8f, 0x97, 
    0x8b, 0x8f, 0x87, 0x08, 0xf7, 0xba, 0xfb, 0x1e, 0x15, 0x97, 0x83, 0x05, 
    0x78, 0x8b, 0x05, 0x7b, 0x8b, 0x87, 0x8f, 0x8b, 0x8f, 0x08, 0x8b, 0x97, 
    0x9b, 0x8b, 0x96, 0x7f, 0x08, 0x0e, 0x1c, 0x05, 0x43, 0xa0, 0xf9, 0x35, 
    0x15, 0x9a, 0x55, 0xb2, 0x4d, 0xb5, 0x65, 0x08, 0xb6, 0x64, 0xb5, 0x78, 
    0xf7, 0x13, 0x55, 0x08, 0x9b, 0x83, 0xb2, 0x7c, 0xa9, 0x7f, 0x08, 0xe0, 
    0x60, 0xf7, 0x08, 0x59, 0xbd, 0x78, 0x08, 0xa2, 0x7f, 0xb6, 0x7c, 0xa2, 
    0x7f, 0x08, 0xb9, 0x78, 0x05, 0x84, 0x7c, 0x05, 0x8b, 0x83, 0x87, 0x7f, 
    0x8b, 0x84, 0x08, 0x8b, 0x7b, 0x8b, 0x87, 0x96, 0x87, 0x08, 0x8f, 0x8b, 
    0x93, 0x88, 0x8b, 0x8b, 0x08, 0x93, 0x8b, 0x96, 0x96, 0x8f, 0x9b, 0x08, 
    0x8b, 0x92, 0x8f, 0x93, 0x8b, 0x8f, 0x08, 0x8b, 0x8b, 0xaa, 0x7f, 0xaa, 
    0x7c, 0x08, 0xd4, 0x68, 0xa2, 0x80, 0xaa, 0x7f, 0x08, 0x97, 0x87, 0x9a, 
    0x83, 0x93, 0x88, 0x08, 0x9e, 0x83, 0xe0, 0x70, 0x97, 0x8b, 0x08, 0x8e, 
    0x8b, 0x93, 0x87, 0x8f, 0x8b, 0x08, 0x8b, 0x8b, 0x93, 0x87, 0x96, 0x87, 
    0x08, 0x93, 0x87, 0x97, 0x88, 0x92, 0x83, 0x08, 0x9b, 0x7b, 0x96, 0x88, 
    0x97, 0x8e, 0x08, 0xa6, 0x93, 0xa6, 0xb2, 0x8b, 0xb1, 0x08, 0x8b, 0xa2, 
    0x87, 0x93, 0x83, 0x80, 0x08, 0x8b, 0x87, 0x84, 0x87, 0x87, 0x8b, 0x08, 
    0x7f, 0x8b, 0x7c, 0x93, 0x87, 0x92, 0x08, 0x8b, 0x8f, 0x87, 0x8f, 0x8b, 
    0x8b, 0x08, 0x87, 0x8b, 0x8b, 0x8b, 0x8b, 0x8f, 0x08, 0x8b, 0x8f, 0x8b, 
    0x8b, 0x8f, 0x8b, 0x08, 0x8b, 0x87, 0x97, 0x8b, 0x96, 0x8b, 0x08, 0xaa, 
    0x87, 0x83, 0x93, 0x6d, 0x8f, 0x08, 0x6c, 0x8e, 0x87, 0x8f, 0x59, 0xaa, 
    0x08, 0x4d, 0xb6, 0x36, 0xb5, 0xfb, 0x10, 0xbd, 0x08, 0x78, 0x93, 0x7c, 
    0x93, 0x8b, 0x8b, 0x08, 0x8b, 0x8f, 0x92, 0x9e, 0x93, 0x93, 0x08, 0x8f, 
    0x92, 0x8b, 0x8b, 0x87, 0x8b, 0x08, 0x83, 0x8b, 0x8b, 0x8b, 0x8f, 0x93, 
    0x08, 0x97, 0x97, 0x83, 0x8b, 0x78, 0x83, 0x08, 0x7f, 0x87, 0x80, 0x7f, 
    0x87, 0x84, 0x08, 0x87, 0x87, 0x87, 0x83, 0x87, 0x8b, 0x08, 0x87, 0x8b, 
    0x2f, 0xb6, 0xfb, 0x08, 0xc1, 0x08, 0x74, 0x96, 0x5d, 0x9f, 0x6c, 0x9a, 
    0x08, 0x68, 0x9a, 0x68, 0x9b, 0x83, 0x8f, 0x08, 0x80, 0x8f, 0x74, 0x92, 
    0x74, 0x8b, 0x08, 0x55, 0x97, 0x39, 0x9e, 0x42, 0xa2, 0x08, 0x32, 0xaa, 
    0x80, 0x93, 0x4d, 0xc1, 0x08, 0x70, 0xa6, 0x05, 0x93, 0x70, 0x05, 0xf8, 
    0x82, 0xfb, 0x87, 0x15, 0x92, 0x87, 0xaa, 0x7c, 0xa6, 0x7f, 0x08, 0xa6, 
    0x7f, 0xb2, 0x78, 0xa6, 0x7f, 0x08, 0xa2, 0x80, 0xa2, 0x83, 0x93, 0x87, 
    0x08, 0x93, 0x87, 0x96, 0x88, 0x93, 0x87, 0x08, 0x9b, 0x8b, 0x8b, 0x8b, 
    0x87, 0x83, 0x08, 0x83, 0x83, 0x7b, 0x8f, 0x69, 0x9b, 0x08, 0x60, 0x9e, 
    0x7c, 0x8f, 0x55, 0xa6, 0x08, 0x32, 0xb1, 0x74, 0x97, 0x8b, 0x8f, 0x08, 
    0x8b, 0x93, 0x93, 0x8b, 0xa2, 0x83, 0x08, 0xf8, 0x35, 0xfb, 0x14, 0x15, 
    0xad, 0x7c, 0x93, 0x83, 0x83, 0x80, 0x08, 0x84, 0x7f, 0x83, 0x8f, 0x78, 
    0x9e, 0x08, 0x7b, 0x9b, 0x83, 0x92, 0x88, 0x88, 0x08, 0x83, 0x8b, 0x8b, 
    0x8b, 0x8b, 0x92, 0x08, 0x8b, 0x8f, 0x8b, 0x8f, 0x8b, 0x8b, 0x08, 0x8f, 
    0x8b, 0x96, 0x83, 0x9f, 0x87, 0x08, 0xdc, 0x69, 0x15, 0xa2, 0x7f, 0x93, 
    0x80, 0x77, 0x8b, 0x08, 0x84, 0x8b, 0x7f, 0x8e, 0x83, 0x8b, 0x08, 0x80, 
    0x8f, 0x87, 0x8f, 0x8b, 0x93, 0x08, 0x8b, 0x9a, 0x8f, 0x8b, 0xa6, 0x80, 
    0x08, 0xaa, 0x77, 0x15, 0x8b, 0x8b, 0x8b, 0x88, 0x87, 0x8e, 0x08, 0x87, 
    0x8b, 0x8b, 0x8f, 0x8f, 0x8b, 0x08, 0x8b, 0x8f, 0x8f, 0x8b, 0x8b, 0x83, 
    0x08, 0xbd, 0x78, 0x15, 0x9a, 0x83, 0x93, 0x84, 0x8b, 0x87, 0x08, 0x8b, 
    0x87, 0x87, 0x8b, 0x87, 0x8b, 0x08, 0x87, 0x8f, 0x87, 0x8b, 0x84, 0x8b, 
    0x08, 0x87, 0x8f, 0x87, 0x8f, 0x87, 0x8e, 0x08, 0x87, 0x93, 0x87, 0x8f, 
    0x84, 0x87, 0x08, 0x83, 0x8b, 0x8b, 0x8b, 0x8b, 0x93, 0x08, 0x8b, 0x93, 
    0x8b, 0x8b, 0x93, 0x87, 0x08, 0x8f, 0x8b, 0x96, 0x83, 0x97, 0x87, 0x08, 
    0x64, 0x83, 0x15, 0x8b, 0x8b, 0x8b, 0x88, 0x87, 0x8b, 0x08, 0x8b, 0x8b, 
    0x8b, 0x8e, 0x8b, 0x8b, 0x08, 0x8b, 0x8f, 0x8b, 0x8f, 0x8f, 0x8b, 0x08, 
    0x8f, 0x8b, 0x8b, 0x87, 0x87, 0x87, 0x08, 0xe4, 0x74, 0x15, 0x8b, 0x8f, 
    0xaa, 0x7c, 0x8f, 0x87, 0x08, 0x8e, 0x83, 0x84, 0x8b, 0x77, 0x93, 0x08, 
    0x80, 0x93, 0x83, 0x8b, 0x83, 0x87, 0x08, 0x84, 0x87, 0x8b, 0x8b, 0x8f, 
    0x9a, 0x08, 0x8e, 0x97, 0x8b, 0x8b, 0x93, 0x83, 0x08, 0x8f, 0x87, 0x8f, 
    0x8b, 0x8b, 0x8b, 0x08, 0xc1, 0x6c, 0x15, 0x8b, 0x88, 0x87, 0x87, 0x8b, 
    0x87, 0x08, 0x83, 0x87, 0x8b, 0x8b, 0x8b, 0x93, 0x08, 0x8b, 0x92, 0x8b, 
    0x8f, 0x8f, 0x8b, 0x08, 0x8f, 0x8f, 0x8f, 0x87, 0x8b, 0x87, 0x08, 0xc5, 
    0x69, 0x15, 0x8f, 0x8b, 0x87, 0x87, 0x87, 0x87, 0x08, 0x87, 0x87, 0x8b, 
    0x8b, 0x8b, 0x93, 0x08, 0x8b, 0x92, 0x8f, 0x8f, 0x8f, 0x84, 0x08, 0x0e, 
    0x02, 0x58, 0x00, 0x00, 0x00, 0xfa, 0x00, 0x00, 0x05, 0xde, 0x00, 0x00, 
    0x05, 0x76, 0x00, 0x00, 0x05, 0x7d, 0x00, 0x00, 0x04, 0xfe, 0x00, 0x00, 
    0x05, 0xaa, 0x00, 0x00, 0x05, 0x65, 0x00, 0x00, 0x05, 0x66, 0x00, 0x00, 
    0x05, 0x09, 0x00, 0x00, 0x05, 0xb7, 0x00, 0x00, 0x04, 0xb1, 0x00, 0x00, 
    0x06, 0x3c, 0x00, 0x00, 0x05, 0x7d, 0x00, 0x00, 0x04, 0xf3, 0x00, 0x00, 
    0x05, 0x9b, 0x00, 0x00, 0x05, 0x43, 0x00, 0x00
};

static const unsigned int knife_font_size = sizeof(knife_font);

#endif // KNIFE_FONT_H
