// Font data for ImGui
// Generated from TTF/OTF file
// Size: 38808 bytes
// Use with: ImGui::GetIO().Fonts->AddFontFromMemoryTTF(text_font, sizeof(text_font), size, NULL, NULL);

#ifndef TEXT_FONT_H
#define TEXT_FONT_H

static unsigned char text_font[] = {
    0x00, 0x01, 0x00, 0x00, 0x00, 0x0f, 0x00, 0x80, 0x00, 0x03, 0x00, 0x70, 
    0x46, 0x46, 0x54, 0x4d, 0x9f, 0x1d, 0x93, 0x06, 0x00, 0x00, 0x97, 0x7c, 
    0x00, 0x00, 0x00, 0x1c, 0x47, 0x44, 0x45, 0x46, 0x08, 0x75, 0x08, 0xf2, 
    0x00, 0x00, 0x77, 0x24, 0x00, 0x00, 0x00, 0x60, 0x47, 0x50, 0x4f, 0x53, 
    0x6e, 0xa9, 0xa0, 0x11, 0x00, 0x00, 0x7a, 0xe0, 0x00, 0x00, 0x1c, 0x9a, 
    0x47, 0x53, 0x55, 0x42, 0x54, 0xc8, 0xb1, 0xda, 0x00, 0x00, 0x77, 0x84, 
    0x00, 0x00, 0x03, 0x5a, 0x4f, 0x53, 0x2f, 0x32, 0x3f, 0xc8, 0x5b, 0x59, 
    0x00, 0x00, 0x01, 0x78, 0x00, 0x00, 0x00, 0x60, 0x63, 0x6d, 0x61, 0x70, 
    0xa0, 0x2c, 0xa6, 0x43, 0x00, 0x00, 0x05, 0xd0, 0x00, 0x00, 0x02, 0x1a, 
    0x67, 0x61, 0x73, 0x70, 0xff, 0xff, 0x00, 0x03, 0x00, 0x00, 0x77, 0x1c, 
    0x00, 0x00, 0x00, 0x08, 0x67, 0x6c, 0x79, 0x66, 0x14, 0x80, 0xa2, 0x41, 
    0x00, 0x00, 0x09, 0xec, 0x00, 0x00, 0x64, 0xfc, 0x68, 0x65, 0x61, 0x64, 
    0x28, 0x9b, 0xb3, 0x2a, 0x00, 0x00, 0x00, 0xfc, 0x00, 0x00, 0x00, 0x36, 
    0x68, 0x68, 0x65, 0x61, 0x0f, 0x35, 0x08, 0xcf, 0x00, 0x00, 0x01, 0x34, 
    0x00, 0x00, 0x00, 0x24, 0x68, 0x6d, 0x74, 0x78, 0x9a, 0xe4, 0x53, 0x82, 
    0x00, 0x00, 0x01, 0xd8, 0x00, 0x00, 0x03, 0xf8, 0x6c, 0x6f, 0x63, 0x61, 
    0x77, 0x01, 0x5e, 0x26, 0x00, 0x00, 0x07, 0xec, 0x00, 0x00, 0x01, 0xfe, 
    0x6d, 0x61, 0x78, 0x70, 0x01, 0x47, 0x00, 0x76, 0x00, 0x00, 0x01, 0x58, 
    0x00, 0x00, 0x00, 0x20, 0x6e, 0x61, 0x6d, 0x65, 0xa0, 0xda, 0xa4, 0x87, 
    0x00, 0x00, 0x6e, 0xe8, 0x00, 0x00, 0x05, 0x25, 0x70, 0x6f, 0x73, 0x74, 
    0xa9, 0xbc, 0xda, 0xca, 0x00, 0x00, 0x74, 0x10, 0x00, 0x00, 0x03, 0x0c, 
    0x00, 0x01, 0x00, 0x00, 0x00, 0x01, 0x00, 0x00, 0x37, 0xe2, 0xec, 0xc6, 
    0x5f, 0x0f, 0x3c, 0xf5, 0x00, 0x0b, 0x08, 0x00, 0x00, 0x00, 0x00, 0x00, 
    0xdf, 0x1a, 0x09, 0x1a, 0x00, 0x00, 0x00, 0x00, 0xe1, 0xfd, 0x5f, 0x7d, 
    0xfe, 0x1d, 0xfd, 0xfc, 0x0a, 0x48, 0x07, 0x9a, 0x00, 0x00, 0x00, 0x08, 
    0x00, 0x02, 0x00, 0x00, 0x00, 0x00, 0x00, 0x00, 0x00, 0x01, 0x00, 0x00, 
    0x06, 0x00, 0xfe, 0x00, 0x00, 0xcd, 0x0a, 0x51, 0xfe, 0x1d, 0xff, 0x7f, 
    0x0a, 0x48, 0x00, 0x01, 0x00, 0x00, 0x00, 0x00, 0x00, 0x00, 0x00, 0x00, 
    0x00, 0x00, 0x00, 0x00, 0x00, 0x00, 0x00, 0xfe, 0x00, 0x01, 0x00, 0x00, 
    0x00, 0xfe, 0x00, 0x73, 0x00, 0x07, 0x00, 0x00, 0x00, 0x00, 0x00, 0x02, 
    0x00, 0x00, 0x00, 0x01, 0x00, 0x01, 0x00, 0x00, 0x00, 0x40, 0x00, 0x00, 
    0x00, 0x00, 0x00, 0x00, 0x00, 0x04, 0x03, 0x77, 0x01, 0x90, 0x00, 0x05, 
    0x00, 0x00, 0x05, 0x33, 0x04, 0xcd, 0x00, 0x00, 0x00, 0x9a, 0x05, 0x33, 
    0x04, 0xcd, 0x00, 0x00, 0x02, 0xcd, 0x00, 0x66, 0x02, 0x66, 0x00, 0x00, 
    0x00, 0x00, 0x00, 0x00, 0x00, 0x00, 0x00, 0x00, 0x00, 0x00, 0x00, 0x00, 
    0x00, 0x03, 0x00, 0x00, 0x00, 0x00, 0x00, 0x00, 0x00, 0x00, 0x00, 0x00, 
    0x00, 0x00, 0x48, 0x4c, 0x20, 0x20, 0x01, 0xc0, 0x00, 0x20, 0xfb, 0x02, 
    0x06, 0x00, 0xfe, 0x00, 0x00, 0xcd, 0x06, 0x00, 0x02, 0x00, 0x00, 0x00, 
    0x00, 0x01, 0x00, 0x00, 0x00, 0x00, 0x04, 0x00, 0x05, 0x9a, 0x00, 0x00, 
    0x00, 0x20, 0x00, 0x03, 0x02, 0x00, 0x00, 0x00, 0x00, 0x00, 0x00, 0x00, 
    0x02, 0x00, 0x00, 0x00, 0x02, 0x00, 0x00, 0x00, 0x01, 0x47, 0x00, 0x8f, 
    0x02, 0x16, 0x00, 0x8f, 0x04, 0x33, 0x00, 0x8f, 0x03, 0xb8, 0x00, 0x8f, 
    0x04, 0x68, 0x00, 0x8f, 0x05, 0x8b, 0x00, 0x7b, 0x01, 0x49, 0x00, 0x8f, 
    0x01, 0xbe, 0x00, 0x8f, 0x01, 0xbe, 0x00, 0x8f, 0x02, 0x66, 0x00, 0x89, 
    0x02, 0xf5, 0x00, 0x8f, 0x01, 0x33, 0x00, 0x7b, 0x02, 0xf5, 0x00, 0x8f, 
    0x01, 0x33, 0x00, 0x7b, 0x02, 0x6a, 0x00, 0x8f, 0x04, 0x28, 0x00, 0x7b, 
    0x01, 0xd7, 0x00, 0x7b, 0x03, 0x7e, 0x00, 0x7b, 0x03, 0xb2, 0x00, 0x7b, 
    0x03, 0xf9, 0x00, 0x7b, 0x03, 0xb2, 0x00, 0x7b, 0x04, 0x31, 0x00, 0x7b, 
    0x03, 0xa1, 0x00, 0x7b, 0x03, 0xf3, 0x00, 0x7b, 0x04, 0x31, 0x00, 0x7b, 
    0x01, 0x47, 0x00, 0x8f, 0x01, 0x47, 0x00, 0x8f, 0x02, 0xc2, 0x00, 0x8f, 
    0x03, 0x99, 0x00, 0x8f, 0x02, 0xc2, 0x00, 0x8f, 0x03, 0x91, 0x00, 0x8f, 
    0x05, 0x76, 0x00, 0x8f, 0x04, 0xf9, 0x00, 0x3d, 0x04, 0x47, 0x00, 0x52, 
    0x04, 0xf1, 0x00, 0x66, 0x04, 0xd7, 0x00, 0x52, 0x03, 0xe1, 0x00, 0x52, 
    0x03, 0xcc, 0x00, 0x52, 0x05, 0x43, 0x00, 0x66, 0x04, 0xa3, 0x00, 0x52, 
    0x01, 0xae, 0x00, 0x52, 0x02, 0xf3, 0x00, 0x3d, 0x04, 0x1e, 0x00, 0x52, 
    0x03, 0xe1, 0x00, 0x52, 0x06, 0x35, 0x00, 0x52, 0x04, 0x7e, 0x00, 0x52, 
    0x05, 0xae, 0x00, 0x66, 0x04, 0x1e, 0x00, 0x52, 0x05, 0xae, 0x00, 0x66, 
    0x04, 0x26, 0x00, 0x52, 0x03, 0x8f, 0x00, 0x66, 0x03, 0xeb, 0x00, 0x52, 
    0x04, 0xa3, 0x00, 0x52, 0x04, 0xf9, 0x00, 0x3d, 0x07, 0xa9, 0x00, 0x3d, 
    0x04, 0x4d, 0x00, 0x3d, 0x04, 0x49, 0x00, 0x3d, 0x03, 0xed, 0x00, 0x52, 
    0x01, 0x85, 0x00, 0x8f, 0x02, 0x6a, 0x00, 0x8f, 0x01, 0x85, 0x00, 0x8f, 
    0x02, 0xe7, 0x00, 0x8f, 0x03, 0xc2, 0x00, 0x8f, 0x01, 0x70, 0x00, 0x8f, 
    0x03, 0x9b, 0x00, 0x66, 0x04, 0x66, 0x00, 0x52, 0x03, 0xc4, 0x00, 0x66, 
    0x04, 0x66, 0x00, 0x66, 0x03, 0xc4, 0x00, 0x66, 0x02, 0x95, 0x00, 0x52, 
    0x03, 0xeb, 0x00, 0x66, 0x04, 0x14, 0x00, 0x52, 0x01, 0xae, 0x00, 0x52, 
    0x01, 0x47, 0xff, 0x60, 0x03, 0x8d, 0x00, 0x52, 0x01, 0xae, 0x00, 0x52, 
    0x06, 0x7a, 0x00, 0x52, 0x04, 0x14, 0x00, 0x52, 0x04, 0x7a, 0x00, 0x66, 
    0x04, 0x66, 0x00, 0x52, 0x04, 0x66, 0x00, 0x66, 0x02, 0xcc, 0x00, 0x52, 
    0x03, 0x22, 0x00, 0x66, 0x02, 0x1c, 0x00, 0x52, 0x04, 0x14, 0x00, 0x52, 
    0x04, 0x20, 0x00, 0x3d, 0x06, 0x64, 0x00, 0x3d, 0x03, 0x85, 0x00, 0x3d, 
    0x04, 0x20, 0x00, 0x3d, 0x03, 0x22, 0x00, 0x52, 0x01, 0xc0, 0x00, 0x56, 
    0x01, 0x1e, 0x00, 0x8f, 0x01, 0xc0, 0x00, 0x50, 0x02, 0x97, 0x00, 0x8f, 
    0x01, 0x47, 0x00, 0x8f, 0x03, 0xf7, 0x00, 0x8f, 0x03, 0xb8, 0x00, 0x8f, 
    0x03, 0x20, 0x00, 0x8f, 0x04, 0x49, 0x00, 0x3d, 0x01, 0x1e, 0x00, 0x8f, 
    0x03, 0x4b, 0x00, 0x8f, 0x01, 0xba, 0x00, 0x8f, 0x03, 0x97, 0x00, 0x8f, 
    0x01, 0xf7, 0x00, 0x8f, 0x02, 0xf1, 0x00, 0x8f, 0x03, 0x33, 0x00, 0x8f, 
    0x03, 0x6e, 0x00, 0x8f, 0x02, 0x8f, 0x00, 0x8f, 0x02, 0x28, 0x00, 0x8f, 
    0x02, 0xf5, 0x00, 0x8f, 0x01, 0xc8, 0x00, 0x8f, 0x01, 0xdf, 0x00, 0x8f, 
    0x01, 0x70, 0x00, 0x8f, 0x03, 0x87, 0x00, 0x8f, 0x01, 0x47, 0x00, 0x8f, 
    0x01, 0x3b, 0x00, 0x8f, 0x01, 0x22, 0x00, 0x8f, 0x02, 0x3d, 0x00, 0x8f, 
    0x02, 0xf1, 0x00, 0x8f, 0x02, 0xe1, 0x00, 0x8f, 0x03, 0x0c, 0x00, 0x8f, 
    0x03, 0x49, 0x00, 0x8f, 0x03, 0x91, 0x00, 0x8f, 0x04, 0xf9, 0x00, 0x3d, 
    0x04, 0xf9, 0x00, 0x3d, 0x04, 0xf9, 0x00, 0x3d, 0x04, 0xf9, 0x00, 0x3d, 
    0x04, 0xf9, 0x00, 0x3d, 0x04, 0xf9, 0x00, 0x3d, 0x06, 0x16, 0x00, 0x3d, 
    0x04, 0xf1, 0x00, 0x66, 0x03, 0xe1, 0x00, 0x52, 0x03, 0xe1, 0x00, 0x52, 
    0x03, 0xe1, 0x00, 0x52, 0x03, 0xe1, 0x00, 0x52, 0x01, 0xae, 0x00, 0x52, 
    0x01, 0xae, 0x00, 0x52, 0x01, 0xae, 0x00, 0x52, 0x01, 0xae, 0x00, 0x52, 
    0x04, 0xd7, 0x00, 0x52, 0x04, 0x7e, 0x00, 0x52, 0x05, 0xae, 0x00, 0x66, 
    0x05, 0xae, 0x00, 0x66, 0x05, 0xae, 0x00, 0x66, 0x05, 0xae, 0x00, 0x66, 
    0x05, 0xae, 0x00, 0x66, 0x02, 0x6c, 0x00, 0x8f, 0x05, 0xae, 0x00, 0x66, 
    0x04, 0xa3, 0x00, 0x52, 0x04, 0xa3, 0x00, 0x52, 0x04, 0xa3, 0x00, 0x52, 
    0x04, 0xa3, 0x00, 0x52, 0x04, 0x49, 0x00, 0x3d, 0x04, 0x1e, 0x00, 0x52, 
    0x04, 0x47, 0x00, 0x52, 0x03, 0x9b, 0x00, 0x66, 0x03, 0x9b, 0x00, 0x66, 
    0x03, 0x9b, 0x00, 0x66, 0x03, 0x9b, 0x00, 0x66, 0x03, 0x9b, 0x00, 0x66, 
    0x03, 0x9b, 0x00, 0x66, 0x06, 0x0e, 0x00, 0x66, 0x03, 0xc4, 0x00, 0x66, 
    0x03, 0xc4, 0x00, 0x66, 0x03, 0xc4, 0x00, 0x66, 0x03, 0xc4, 0x00, 0x66, 
    0x03, 0xc4, 0x00, 0x66, 0x01, 0xae, 0x00, 0x52, 0x01, 0xae, 0x00, 0x52, 
    0x01, 0xae, 0x00, 0x52, 0x01, 0xae, 0x00, 0x52, 0x04, 0x7a, 0x00, 0x66, 
    0x04, 0x14, 0x00, 0x52, 0x04, 0x7a, 0x00, 0x66, 0x04, 0x7a, 0x00, 0x66, 
    0x04, 0x7a, 0x00, 0x66, 0x04, 0x7a, 0x00, 0x66, 0x04, 0x7a, 0x00, 0x66, 
    0x02, 0xcc, 0x00, 0x8f, 0x04, 0x7a, 0x00, 0x66, 0x04, 0x14, 0x00, 0x52, 
    0x04, 0x14, 0x00, 0x52, 0x04, 0x14, 0x00, 0x52, 0x04, 0x14, 0x00, 0x52, 
    0x04, 0x20, 0x00, 0x3d, 0x04, 0x66, 0x00, 0x52, 0x04, 0x20, 0x00, 0x3d, 
    0x04, 0xd7, 0x00, 0x52, 0x04, 0x66, 0x00, 0x66, 0x01, 0xae, 0x00, 0x52, 
    0x03, 0xe1, 0x00, 0x52, 0x01, 0xae, 0x00, 0x29, 0x08, 0x3d, 0x00, 0x66, 
    0x07, 0x35, 0x00, 0x66, 0x03, 0x8f, 0x00, 0x66, 0x03, 0x22, 0x00, 0x66, 
    0x04, 0x49, 0x00, 0x3d, 0x03, 0xed, 0x00, 0x52, 0x03, 0x22, 0x00, 0x52, 
    0x02, 0x95, 0xfe, 0x9c, 0x01, 0xbe, 0x00, 0x8f, 0x01, 0xbe, 0x00, 0x8f, 
    0x01, 0x70, 0x00, 0x8f, 0x01, 0x10, 0x00, 0x8f, 0x01, 0x8b, 0x00, 0x8f, 
    0x01, 0x3b, 0x00, 0x8f, 0x02, 0x08, 0x00, 0x8f, 0x02, 0x20, 0x00, 0x8f, 
    0x04, 0x51, 0x00, 0x8f, 0x03, 0xc2, 0x00, 0x8f, 0x06, 0x28, 0x00, 0x8f, 
    0x01, 0x2d, 0x00, 0x8f, 0x01, 0x2d, 0x00, 0x8f, 0x01, 0x2d, 0x00, 0x8f, 
    0x01, 0xf3, 0x00, 0x8f, 0x01, 0xf3, 0x00, 0x8f, 0x01, 0xf3, 0x00, 0x8f, 
    0x03, 0x43, 0x00, 0x8f, 0x03, 0x43, 0x00, 0x8f, 0x01, 0xae, 0x00, 0x8f, 
    0x03, 0xae, 0x00, 0x8f, 0x06, 0x7c, 0x00, 0x8f, 0x02, 0x3d, 0x00, 0x8f, 
    0x02, 0x3d, 0x00, 0x8f, 0x02, 0x6c, 0x00, 0x8f, 0x04, 0x4b, 0x00, 0x52, 
    0x04, 0x93, 0x00, 0x8f, 0x02, 0xf5, 0x00, 0x8f, 0x03, 0x70, 0x00, 0x52, 
    0x03, 0x70, 0x00, 0x52, 0x05, 0xa5, 0x00, 0x52, 0x06, 0x41, 0x00, 0x52, 
    0x08, 0x85, 0x00, 0x52, 0x06, 0x43, 0x00, 0x52, 0x07, 0x89, 0x00, 0x66, 
    0x0a, 0x51, 0x00, 0x52, 0x07, 0xeb, 0x00, 0x52, 0x08, 0x3d, 0x00, 0x66, 
    0x07, 0xeb, 0x00, 0x52, 0x04, 0x39, 0x00, 0x52, 0x01, 0xae, 0xfe, 0x1e, 
    0x04, 0x47, 0xfe, 0x1e, 0x04, 0xd7, 0xfe, 0x1e, 0x04, 0xa3, 0xfe, 0x1e, 
    0x04, 0x1e, 0xfe, 0x1e, 0x04, 0x1a, 0xfe, 0x1e, 0x04, 0x1e, 0xfe, 0x1e, 
    0x04, 0x26, 0xfe, 0x1e, 0x06, 0xc2, 0x00, 0x52, 0x06, 0x1a, 0x00, 0x52, 
    0x00, 0x00, 0x00, 0x03, 0x00, 0x00, 0x00, 0x03, 0x00, 0x00, 0x00, 0x1c, 
    0x00, 0x01, 0x00, 0x00, 0x00, 0x00, 0x01, 0x14, 0x00, 0x03, 0x00, 0x01, 
    0x00, 0x00, 0x00, 0x1c, 0x00, 0x04, 0x00, 0xf8, 0x00, 0x00, 0x00, 0x3a, 
    0x00, 0x20, 0x00, 0x04, 0x00, 0x1a, 0x00, 0x00, 0x00, 0x7e, 0x00, 0xac, 
    0x00, 0xb4, 0x00, 0xff, 0x01, 0x11, 0x01, 0x31, 0x01, 0x42, 0x01, 0x53, 
    0x01, 0x61, 0x01, 0x78, 0x01, 0x7e, 0x01, 0x92, 0x02, 0xc7, 0x02, 0xdd, 
    0x03, 0xbc, 0x20, 0x14, 0x20, 0x1a, 0x20, 0x1e, 0x20, 0x22, 0x20, 0x26, 
    0x20, 0x30, 0x20, 0x3a, 0x20, 0x44, 0x20, 0xac, 0x21, 0x22, 0x22, 0x12, 
    0xfb, 0x02, 0xff, 0xff, 0x00, 0x00, 0x00, 0x00, 0x00, 0x20, 0x00, 0xa1, 
    0x00, 0xae, 0x00, 0xb6, 0x01, 0x10, 0x01, 0x31, 0x01, 0x41, 0x01, 0x52, 
    0x01, 0x60, 0x01, 0x78, 0x01, 0x7d, 0x01, 0x92, 0x02, 0xc6, 0x02, 0xd8, 
    0x03, 0xbc, 0x20, 0x13, 0x20, 0x18, 0x20, 0x1c, 0x20, 0x20, 0x20, 0x26, 
    0x20, 0x30, 0x20, 0x39, 0x20, 0x44, 0x20, 0xac, 0x21, 0x22, 0x22, 0x12, 
    0xfb, 0x01, 0xff, 0xff, 0x00, 0x01, 0xff, 0xe3, 0xff, 0xc1, 0xff, 0xc0, 
    0xff, 0xbf, 0xff, 0xaf, 0xff, 0x90, 0xff, 0x81, 0xff, 0x72, 0xff, 0x66, 
    0xff, 0x50, 0xff, 0x4c, 0xff, 0x39, 0xfe, 0x06, 0xfd, 0xf6, 0xfd, 0x18, 
    0xe0, 0xc2, 0xe0, 0xbf, 0xe0, 0xbe, 0xe0, 0xbd, 0xe0, 0xba, 0xe0, 0xb1, 
    0xe0, 0xa9, 0xe0, 0xa0, 0xe0, 0x39, 0xdf, 0xc4, 0xde, 0xd5, 0x05, 0xe7, 
    0x00, 0x01, 0x00, 0x00, 0x00, 0x00, 0x00, 0x00, 0x00, 0x00, 0x00, 0x00, 
    0x00, 0x00, 0x00, 0x00, 0x00, 0x00, 0x00, 0x00, 0x00, 0x00, 0x00, 0x00, 
    0x00, 0x00, 0x00, 0x00, 0x00, 0x00, 0x00, 0x00, 0x00, 0x00, 0x00, 0x00, 
    0x00, 0x00, 0x00, 0x00, 0x00, 0x00, 0x00, 0x00, 0x00, 0x00, 0x00, 0x00, 
    0x00, 0x00, 0x00, 0x00, 0x00, 0x00, 0x00, 0x00, 0x00, 0x00, 0x00, 0x00, 
    0x00, 0x00, 0x01, 0x06, 0x00, 0x00, 0x01, 0x00, 0x00, 0x00, 0x00, 0x00, 
    0x00, 0x00, 0x01, 0x02, 0x00, 0x00, 0x00, 0x02, 0x00, 0x00, 0x00, 0x00, 
    0x00, 0x00, 0x00, 0x00, 0x00, 0x00, 0x00, 0x00, 0x00, 0x00, 0x00, 0x01, 
    0x00, 0x00, 0x03, 0x04, 0x05, 0x06, 0x07, 0x08, 0x09, 0x0a, 0x0b, 0x0c, 
    0x0d, 0x0e, 0x0f, 0x10, 0x11, 0x12, 0x13, 0x14, 0x15, 0x16, 0x17, 0x18, 
    0x19, 0x1a, 0x1b, 0x1c, 0x1d, 0x1e, 0x1f, 0x20, 0x21, 0x22, 0x23, 0x24, 
    0x25, 0x26, 0x27, 0x28, 0x29, 0x2a, 0x2b, 0x2c, 0x2d, 0x2e, 0x2f, 0x30, 
    0x31, 0x32, 0x33, 0x34, 0x35, 0x36, 0x37, 0x38, 0x39, 0x3a, 0x3b, 0x3c, 
    0x3d, 0x3e, 0x3f, 0x40, 0x41, 0x42, 0x43, 0x44, 0x45, 0x46, 0x47, 0x48, 
    0x49, 0x4a, 0x4b, 0x4c, 0x4d, 0x4e, 0x4f, 0x50, 0x51, 0x52, 0x53, 0x54, 
    0x55, 0x56, 0x57, 0x58, 0x59, 0x5a, 0x5b, 0x5c, 0x5d, 0x5e, 0x5f, 0x60, 
    0x61, 0x00, 0x83, 0x84, 0x86, 0x88, 0x90, 0x95, 0x9b, 0xa0, 0x9f, 0xa1, 
    0xa3, 0xa2, 0xa4, 0xa6, 0xa8, 0xa7, 0xa9, 0xaa, 0xac, 0xab, 0xad, 0xae, 
    0xb0, 0xb2, 0xb1, 0xb3, 0xb5, 0xb4, 0xb9, 0xb8, 0xba, 0xbb, 0xdd, 0x70, 
    0x63, 0x64, 0x68, 0xdf, 0x75, 0x9e, 0x6e, 0x6a, 0xe6, 0x74, 0x69, 0x00, 
    0x85, 0x97, 0x00, 0x71, 0x00, 0x00, 0x66, 0x00, 0x00, 0x00, 0x00, 0x00, 
    0x00, 0x6b, 0x79, 0x00, 0xa5, 0xb7, 0x7e, 0x62, 0x6d, 0x00, 0xcb, 0x00, 
    0x00, 0x6c, 0x7a, 0xe0, 0x00, 0x7f, 0x82, 0x94, 0xc4, 0xc5, 0xd5, 0xd6, 
    0xda, 0xdb, 0xd7, 0xd8, 0xb6, 0x00, 0xbe, 0xc8, 0xe4, 0xe5, 0xe2, 0xe3, 
    0xe8, 0xe9, 0xde, 0x76, 0xd9, 0xdc, 0xe1, 0x81, 0x89, 0x80, 0x8a, 0x87, 
    0x8c, 0x8d, 0x8e, 0x8b, 0x92, 0x93, 0x00, 0x91, 0x99, 0x9a, 0x98, 0xc1, 
    0xcc, 0xd2, 0x6f, 0xce, 0xcf, 0xd0, 0x77, 0xd3, 0xd1, 0xcd, 0x00, 0x00, 
    0x00, 0x00, 0x00, 0x00, 0x00, 0x00, 0x00, 0x00, 0x00, 0x00, 0x00, 0x1e, 
    0x00, 0x38, 0x00, 0x6e, 0x00, 0xc8, 0x01, 0x10, 0x01, 0x68, 0x01, 0x78, 
    0x01, 0xa0, 0x01, 0xc8, 0x02, 0x10, 0x02, 0x28, 0x02, 0x42, 0x02, 0x50, 
    0x02, 0x64, 0x02, 0x72, 0x02, 0xa8, 0x02, 0xbe, 0x02, 0xf0, 0x03, 0x2e, 
    0x03, 0x52, 0x03, 0x88, 0x03, 0xc4, 0x03, 0xda, 0x04, 0x3a, 0x04, 0x76, 
    0x04, 0x9a, 0x04, 0xc4, 0x04, 0xd8, 0x04, 0xec, 0x05, 0x02, 0x05, 0x3a, 
    0x05, 0xa2, 0x05, 0xca, 0x06, 0x04, 0x06, 0x36, 0x06, 0x60, 0x06, 0x88, 
    0x06, 0xac, 0x06, 0xe6, 0x07, 0x14, 0x07, 0x2c, 0x07, 0x4e, 0x07, 0x80, 
    0x07, 0x9a, 0x07, 0xc6, 0x07, 0xec, 0x08, 0x26, 0x08, 0x52, 0x08, 0x90, 
    0x08, 0xce, 0x09, 0x0e, 0x09, 0x30, 0x09, 0x5a, 0x09, 0x78, 0x09, 0xa4, 
    0x09, 0xda, 0x0a, 0x02, 0x0a, 0x1e, 0x0a, 0x30, 0x0a, 0x40, 0x0a, 0x52, 
    0x0a, 0x66, 0x0a, 0x72, 0x0a, 0x82, 0x0a, 0xbe, 0x0a, 0xf6, 0x0b, 0x22, 
    0x0b, 0x62, 0x0b, 0x98, 0x0b, 0xc0, 0x0c, 0x1a, 0x0c, 0x4e, 0x0c, 0x74, 
    0x0c, 0x9e, 0x0c, 0xd2, 0x0c, 0xea, 0x0d, 0x38, 0x0d, 0x6c, 0x0d, 0x9a, 
    0x0d, 0xd8, 0x0e, 0x12, 0x0e, 0x3c, 0x0e, 0x78, 0x0e, 0x9c, 0x0e, 0xd2, 
    0x0e, 0xf2, 0x0f, 0x1e, 0x0f, 0x50, 0x0f, 0x80, 0x0f, 0x9c, 0x0f, 0xd4, 
    0x0f, 0xe2, 0x10, 0x1a, 0x10, 0x3c, 0x10, 0x5a, 0x10, 0x98, 0x10, 0xe0, 
    0x11, 0x1a, 0x11, 0x56, 0x11, 0x6a, 0x11, 0xc6, 0x11, 0xe0, 0x12, 0x28, 
    0x12, 0x62, 0x12, 0x84, 0x12, 0x94, 0x12, 0xee, 0x12, 0xfc, 0x13, 0x1a, 
    0x13, 0x3a, 0x13, 0x66, 0x13, 0x9c, 0x13, 0xac, 0x13, 0xc8, 0x13, 0xdc, 
    0x13, 0xf8, 0x14, 0x0e, 0x14, 0x32, 0x14, 0x54, 0x14, 0x8e, 0x14, 0xd4, 
    0x15, 0x2e, 0x15, 0x68, 0x15, 0x9a, 0x15, 0xcc, 0x16, 0x00, 0x16, 0x40, 
    0x16, 0x7c, 0x16, 0xbc, 0x16, 0xf6, 0x17, 0x3c, 0x17, 0x6e, 0x17, 0xa0, 
    0x17, 0xd4, 0x18, 0x10, 0x18, 0x32, 0x18, 0x52, 0x18, 0x76, 0x18, 0xa2, 
    0x18, 0xd6, 0x19, 0x10, 0x19, 0x54, 0x19, 0x98, 0x19, 0xde, 0x1a, 0x2c, 
    0x1a, 0x7e, 0x1a, 0x98, 0x1a, 0xe6, 0x1b, 0x1a, 0x1b, 0x4e, 0x1b, 0x84, 
    0x1b, 0xc6, 0x1b, 0xf8, 0x1c, 0x28, 0x1c, 0x74, 0x1c, 0xba, 0x1d, 0x00, 
    0x1d, 0x48, 0x1d, 0x9a, 0x1d, 0xea, 0x1e, 0x3e, 0x1e, 0x9e, 0x1e, 0xdc, 
    0x1f, 0x1c, 0x1f, 0x5c, 0x1f, 0x9e, 0x1f, 0xea, 0x20, 0x0c, 0x20, 0x2e, 
    0x20, 0x54, 0x20, 0x80, 0x20, 0xc6, 0x21, 0x10, 0x21, 0x48, 0x21, 0x80, 
    0x21, 0xba, 0x21, 0xfe, 0x22, 0x40, 0x22, 0x64, 0x22, 0xa6, 0x22, 0xe6, 
    0x23, 0x26, 0x23, 0x68, 0x23, 0xb6, 0x23, 0xee, 0x24, 0x28, 0x24, 0x6c, 
    0x24, 0xa0, 0x24, 0xe8, 0x25, 0x00, 0x25, 0x26, 0x25, 0x4a, 0x25, 0xa0, 
    0x25, 0xf8, 0x26, 0x46, 0x26, 0x8e, 0x26, 0xce, 0x26, 0xf8, 0x27, 0x20, 
    0x27, 0x54, 0x27, 0x66, 0x27, 0x78, 0x27, 0x92, 0x27, 0xa2, 0x27, 0xc0, 
    0x27, 0xde, 0x27, 0xf8, 0x28, 0x10, 0x28, 0x48, 0x28, 0x56, 0x28, 0x64, 
    0x28, 0x7e, 0x28, 0x98, 0x28, 0xb2, 0x28, 0xe0, 0x29, 0x0e, 0x29, 0x3a, 
    0x29, 0x6e, 0x29, 0xbc, 0x29, 0xd0, 0x2a, 0x00, 0x2a, 0x64, 0x2a, 0x78, 
    0x2a, 0x8c, 0x2a, 0x9a, 0x2a, 0xe4, 0x2b, 0x28, 0x2b, 0x36, 0x2b, 0x72, 
    0x2b, 0xa4, 0x2c, 0x08, 0x2c, 0x40, 0x2c, 0x84, 0x2c, 0xcc, 0x2d, 0x32, 
    0x2d, 0xce, 0x2e, 0x4e, 0x2e, 0xd6, 0x2f, 0x58, 0x2f, 0x9a, 0x2f, 0xc4, 
    0x30, 0x26, 0x30, 0x78, 0x30, 0xb8, 0x30, 0xfc, 0x31, 0x36, 0x31, 0x74, 
    0x31, 0xce, 0x32, 0x2a, 0x32, 0x7e, 0x00, 0x00, 0x00, 0x02, 0x00, 0x8f, 
    0x00, 0x00, 0x01, 0x48, 0x05, 0xae, 0x00, 0x04, 0x00, 0x0e, 0x00, 0x00, 
    0x01, 0x03, 0x23, 0x03, 0x37, 0x03, 0x34, 0x36, 0x32, 0x16, 0x15, 0x14, 
    0x06, 0x22, 0x26, 0x01, 0x3d, 0x3d, 0x29, 0x41, 0x22, 0x29, 0x2c, 0x62, 
    0x2b, 0x2a, 0x64, 0x2b, 0x05, 0x48, 0xfb, 0xf5, 0x04, 0x5d, 0x14, 0xfa, 
    0xae, 0x2f, 0x2b, 0x2a, 0x30, 0x32, 0x2a, 0x2b, 0x00, 0x02, 0x00, 0x8f, 
    0x04, 0x00, 0x02, 0x17, 0x05, 0x9a, 0x00, 0x04, 0x00, 0x09, 0x00, 0x00, 
    0x1b, 0x01, 0x33, 0x17, 0x03, 0x37, 0x13, 0x33, 0x17, 0x03, 0x8f, 0x46, 
    0x1f, 0x56, 0x9e, 0xb0, 0x46, 0x1f, 0x56, 0x9e, 0x04, 0x0a, 0x01, 0x90, 
    0x3e, 0xfe, 0xa4, 0x0a, 0x01, 0x90, 0x3e, 0xfe, 0xa4, 0x00, 0x00, 0x00, 
    0x00, 0x02, 0x00, 0x8f, 0x00, 0x00, 0x04, 0x33, 0x05, 0x9a, 0x00, 0x1b, 
    0x00, 0x1f, 0x00, 0x00, 0x33, 0x13, 0x23, 0x35, 0x33, 0x13, 0x23, 0x35, 
    0x33, 0x13, 0x33, 0x03, 0x21, 0x13, 0x33, 0x03, 0x33, 0x15, 0x23, 0x03, 
    0x33, 0x15, 0x23, 0x03, 0x23, 0x13, 0x21, 0x03, 0x13, 0x21, 0x13, 0x21, 
    0xcf, 0x66, 0xa6, 0xb3, 0x5a, 0xc3, 0xcf, 0x58, 0x3f, 0x58, 0x01, 0x75, 
    0x58, 0x40, 0x58, 0x97, 0xa4, 0x5a, 0xb4, 0xc0, 0x66, 0x40, 0x66, 0xfe, 
    0x8c, 0x67, 0x73, 0x01, 0x75, 0x5a, 0xfe, 0x8b, 0x01, 0xe1, 0x3e, 0x01, 
    0xa4, 0x3d, 0x01, 0x9a, 0xfe, 0x66, 0x01, 0x9a, 0xfe, 0x66, 0x3d, 0xfe, 
    0x5c, 0x3e, 0xfe, 0x1f, 0x01, 0xe1, 0xfe, 0x1f, 0x02, 0x1f, 0x01, 0xa4, 
    0x00, 0x03, 0x00, 0x8f, 0xff, 0x9c, 0x03, 0xb8, 0x06, 0x00, 0x00, 0x31, 
    0x00, 0x38, 0x00, 0x3e, 0x00, 0x00, 0x13, 0x34, 0x3e, 0x02, 0x37, 0x35, 
    0x33, 0x15, 0x32, 0x16, 0x17, 0x15, 0x23, 0x2e, 0x01, 0x27, 0x11, 0x1e, 
    0x06, 0x15, 0x14, 0x06, 0x07, 0x15, 0x23, 0x35, 0x26, 0x27, 0x35, 0x33, 
    0x1e, 0x01, 0x17, 0x11, 0x2e, 0x09, 0x05, 0x11, 0x0e, 0x01, 0x15, 0x14, 
    0x16, 0x13, 0x11, 0x3e, 0x01, 0x34, 0x26, 0x8f, 0x30, 0x5a, 0x91, 0x5a, 
    0x3e, 0x52, 0xb7, 0x46, 0x29, 0x2a, 0x9a, 0x62, 0x31, 0x3b, 0x58, 0x37, 
    0x40, 0x23, 0x18, 0xc6, 0xb0, 0x3e, 0xc5, 0xa9, 0x28, 0x33, 0xa7, 0x6c, 
    0x0b, 0x54, 0x1a, 0x4a, 0x1c, 0x3b, 0x18, 0x26, 0x10, 0x0d, 0x01, 0x75, 
    0x66, 0x85, 0x77, 0xb2, 0x6c, 0x7f, 0x7b, 0x04, 0x58, 0x3d, 0x72, 0x5e, 
    0x41, 0x08, 0x52, 0x50, 0x23, 0x20, 0xcd, 0x63, 0x6b, 0x05, 0xfd, 0xd9, 
    0x20, 0x28, 0x43, 0x35, 0x4d, 0x49, 0x5d, 0x31, 0x95, 0xd7, 0x0e, 0x52, 
    0x50, 0x03, 0x61, 0xcd, 0x67, 0x86, 0x07, 0x02, 0x87, 0x07, 0x37, 0x12, 
    0x33, 0x19, 0x33, 0x22, 0x34, 0x2e, 0x38, 0xc8, 0x01, 0xfe, 0x0c, 0x7f, 
    0x55, 0x50, 0x81, 0xfe, 0xc7, 0xfd, 0xa4, 0x0c, 0x91, 0xd2, 0x9f, 0x00, 
    0x00, 0x05, 0x00, 0x8f, 0xff, 0xec, 0x04, 0x68, 0x05, 0xae, 0x00, 0x08, 
    0x00, 0x0c, 0x00, 0x16, 0x00, 0x1f, 0x00, 0x29, 0x00, 0x00, 0x13, 0x34, 
    0x36, 0x32, 0x16, 0x10, 0x06, 0x22, 0x26, 0x13, 0x01, 0x33, 0x01, 0x02, 
    0x10, 0x16, 0x33, 0x32, 0x36, 0x10, 0x26, 0x23, 0x22, 0x01, 0x34, 0x36, 
    0x32, 0x16, 0x10, 0x06, 0x22, 0x26, 0x12, 0x10, 0x16, 0x33, 0x32, 0x36, 
    0x10, 0x26, 0x23, 0x22, 0x8f, 0x89, 0xc6, 0x88, 0x88, 0xc6, 0x89, 0xe2, 
    0x01, 0xd3, 0x41, 0xfe, 0x2d, 0xbc, 0x4c, 0x3b, 0x39, 0x4a, 0x4a, 0x39, 
    0x3b, 0x01, 0x4f, 0x89, 0xc6, 0x88, 0x88, 0xc6, 0x89, 0x67, 0x4d, 0x3a, 
    0x39, 0x4a, 0x4a, 0x39, 0x3b, 0x04, 0x50, 0x94, 0xca, 0xca, 0xfe, 0xd4, 
    0xca, 0xcc, 0xfc, 0x46, 0x05, 0x9a, 0xfa, 0x66, 0x04, 0xd5, 0xfe, 0xf2, 
    0xb0, 0xb0, 0x01, 0x0e, 0xb0, 0xfb, 0xc9, 0x94, 0xca, 0xca, 0xfe, 0xd4, 
    0xca, 0xcc, 0x01, 0x1b, 0xfe, 0xf2, 0xb1, 0xb1, 0x01, 0x0e, 0xb0, 0x00, 
    0x00, 0x03, 0x00, 0x7b, 0xff, 0xec, 0x05, 0xa0, 0x05, 0xb0, 0x00, 0x21, 
    0x00, 0x2c, 0x00, 0x39, 0x00, 0x00, 0x01, 0x34, 0x36, 0x33, 0x32, 0x16, 
    0x15, 0x14, 0x05, 0x12, 0x17, 0x36, 0x37, 0x27, 0x35, 0x33, 0x06, 0x07, 
    0x1e, 0x01, 0x33, 0x15, 0x07, 0x22, 0x27, 0x06, 0x23, 0x22, 0x26, 0x35, 
    0x34, 0x36, 0x37, 0x26, 0x17, 0x3e, 0x01, 0x35, 0x34, 0x26, 0x23, 0x22, 
    0x06, 0x15, 0x14, 0x01, 0x26, 0x02, 0x27, 0x0e, 0x01, 0x15, 0x14, 0x1e, 
    0x01, 0x33, 0x32, 0x36, 0x01, 0x54, 0xb6, 0x9e, 0x8c, 0xbc, 0xfe, 0x78, 
    0x9a, 0xd9, 0x40, 0x06, 0x65, 0xf6, 0x19, 0x91, 0x6f, 0xd4, 0x55, 0xc9, 
    0x71, 0xc4, 0xb0, 0xdb, 0xbb, 0xe1, 0xbe, 0x83, 0x68, 0xfa, 0x86, 0x78, 
    0x59, 0x51, 0x56, 0x6f, 0x01, 0x98, 0x74, 0xdc, 0x4e, 0x5e, 0x5a, 0x5d, 
    0x89, 0x51, 0x55, 0x88, 0x04, 0x58, 0x91, 0xc7, 0x99, 0x73, 0xdf, 0xbb, 
    0xfe, 0xf9, 0xd0, 0x5b, 0xb4, 0x33, 0x1e, 0xd5, 0xb4, 0x64, 0x73, 0x1f, 
    0x28, 0xa5, 0xa5, 0xce, 0x94, 0x89, 0xdf, 0x40, 0xce, 0x8b, 0x51, 0xb0, 
    0x68, 0x5f, 0x72, 0x7a, 0x63, 0x8d, 0xfc, 0xb1, 0x6a, 0x01, 0x13, 0x8c, 
    0x45, 0xbc, 0x60, 0x62, 0x8a, 0x3d, 0x44, 0x00, 0x00, 0x01, 0x00, 0x8f, 
    0x04, 0x00, 0x01, 0x4a, 0x05, 0x9a, 0x00, 0x04, 0x00, 0x00, 0x1b, 0x01, 
    0x33, 0x17, 0x03, 0x8f, 0x46, 0x1f, 0x56, 0x9e, 0x04, 0x0a, 0x01, 0x90, 
    0x3e, 0xfe, 0xa4, 0x00, 0x00, 0x01, 0x00, 0x8f, 0xff, 0x06, 0x01, 0xbe, 
    0x05, 0xc3, 0x00, 0x17, 0x00, 0x00, 0x00, 0x14, 0x1e, 0x04, 0x33, 0x15, 
    0x22, 0x2e, 0x01, 0x02, 0x10, 0x12, 0x3e, 0x01, 0x33, 0x15, 0x22, 0x0e, 
    0x03, 0x01, 0x1f, 0x05, 0x0c, 0x17, 0x22, 0x34, 0x21, 0x53, 0x76, 0x46, 
    0x20, 0x20, 0x46, 0x76, 0x53, 0x21, 0x34, 0x22, 0x17, 0x0c, 0x02, 0xdf, 
    0xf6, 0xc0, 0xc4, 0x8c, 0x71, 0x39, 0x29, 0x78, 0xe8, 0x01, 0x34, 0x01, 
    0x94, 0x01, 0x34, 0xe8, 0x79, 0x29, 0x39, 0x71, 0x8c, 0xc5, 0x00, 0x00, 
    0x00, 0x01, 0x00, 0x8f, 0xff, 0x06, 0x01, 0xbe, 0x05, 0xc3, 0x00, 0x17, 
    0x00, 0x00, 0x00, 0x34, 0x2e, 0x04, 0x23, 0x35, 0x32, 0x1e, 0x01, 0x12, 
    0x10, 0x02, 0x0e, 0x01, 0x23, 0x35, 0x32, 0x3e, 0x03, 0x01, 0x2f, 0x05, 
    0x0c, 0x17, 0x23, 0x34, 0x21, 0x53, 0x76, 0x46, 0x20, 0x20, 0x46, 0x76, 
    0x53, 0x21, 0x34, 0x23, 0x17, 0x0c, 0x01, 0xe9, 0xf6, 0xc1, 0xc3, 0x8d, 
    0x71, 0x39, 0x29, 0x79, 0xe8, 0xfe, 0xcc, 0xfe, 0x6c, 0xfe, 0xcc, 0xe8, 
    0x78, 0x29, 0x39, 0x70, 0x8d, 0xc3, 0x00, 0x00, 0x00, 0x01, 0x00, 0x89, 
    0x03, 0x6d, 0x02, 0x64, 0x05, 0x9a, 0x00, 0x2a, 0x00, 0x00, 0x01, 0x07, 
    0x06, 0x26, 0x27, 0x26, 0x36, 0x3f, 0x01, 0x27, 0x2e, 0x01, 0x3e, 0x01, 
    0x1f, 0x01, 0x27, 0x26, 0x36, 0x32, 0x16, 0x0f, 0x01, 0x37, 0x36, 0x1e, 
    0x01, 0x06, 0x0f, 0x01, 0x17, 0x1e, 0x01, 0x07, 0x06, 0x2f, 0x01, 0x17, 
    0x16, 0x06, 0x22, 0x26, 0x37, 0x01, 0x6a, 0xa9, 0x0c, 0x1b, 0x09, 0x08, 
    0x08, 0x0d, 0xc4, 0xc4, 0x0e, 0x06, 0x12, 0x1b, 0x0a, 0xa9, 0x12, 0x02, 
    0x12, 0x1e, 0x12, 0x02, 0x13, 0xaa, 0x0a, 0x1a, 0x12, 0x06, 0x0d, 0xc5, 
    0xc5, 0x0d, 0x07, 0x08, 0x14, 0x1b, 0xaa, 0x13, 0x01, 0x11, 0x1e, 0x11, 
    0x01, 0x04, 0x6d, 0x8e, 0x0a, 0x02, 0x0c, 0x0c, 0x1a, 0x07, 0x73, 0x73, 
    0x08, 0x19, 0x18, 0x03, 0x09, 0x8d, 0xdb, 0x0f, 0x14, 0x14, 0x0f, 0xdb, 
    0x8d, 0x09, 0x03, 0x18, 0x1a, 0x07, 0x73, 0x73, 0x07, 0x1a, 0x0c, 0x1b, 
    0x17, 0x8e, 0xde, 0x0f, 0x13, 0x13, 0x0f, 0x00, 0x00, 0x01, 0x00, 0x8f, 
    0x01, 0x9a, 0x02, 0xf6, 0x04, 0x00, 0x00, 0x0b, 0x00, 0x00, 0x13, 0x35, 
    0x21, 0x11, 0x33, 0x11, 0x21, 0x15, 0x21, 0x11, 0x23, 0x11, 0x8f, 0x01, 
    0x15, 0x3d, 0x01, 0x15, 0xfe, 0xeb, 0x3d, 0x02, 0xae, 0x3e, 0x01, 0x14, 
    0xfe, 0xec, 0x3e, 0xfe, 0xec, 0x01, 0x14, 0x00, 0x00, 0x01, 0x00, 0x7b, 
    0xff, 0x8d, 0x01, 0x33, 0x00, 0xb6, 0x00, 0x0d, 0x00, 0x00, 0x36, 0x34, 
    0x36, 0x33, 0x32, 0x16, 0x15, 0x14, 0x06, 0x07, 0x27, 0x36, 0x37, 0x22, 
    0x7b, 0x2b, 0x31, 0x34, 0x28, 0x4b, 0x34, 0x06, 0x25, 0x08, 0x34, 0x28, 
    0x64, 0x2a, 0x2b, 0x2d, 0x45, 0x71, 0x1b, 0x09, 0x2e, 0x3c, 0x00, 0x00, 
    0x00, 0x01, 0x00, 0x8f, 0x02, 0xae, 0x02, 0xf6, 0x02, 0xec, 0x00, 0x03, 
    0x00, 0x00, 0x13, 0x35, 0x21, 0x15, 0x8f, 0x02, 0x67, 0x02, 0xae, 0x3e, 
    0x3e, 0x00, 0x00, 0x00, 0x00, 0x01, 0x00, 0x7b, 0x00, 0x00, 0x01, 0x33, 
    0x00, 0xb6, 0x00, 0x09, 0x00, 0x00, 0x37, 0x34, 0x36, 0x32, 0x16, 0x15, 
    0x14, 0x06, 0x22, 0x26, 0x7b, 0x2b, 0x62, 0x2b, 0x2b, 0x62, 0x2b, 0x5c, 
    0x30, 0x2a, 0x2a, 0x30, 0x32, 0x2a, 0x2a, 0x00, 0x00, 0x01, 0x00, 0x8f, 
    0x00, 0x00, 0x02, 0x6a, 0x05, 0x9a, 0x00, 0x03, 0x00, 0x00, 0x33, 0x01, 
    0x33, 0x01, 0x8f, 0x01, 0x9c, 0x3f, 0xfe, 0x65, 0x05, 0x9a, 0xfa, 0x66, 
    0x00, 0x02, 0x00, 0x7b, 0xff, 0xec, 0x04, 0x29, 0x05, 0xae, 0x00, 0x0d, 
    0x00, 0x1d, 0x00, 0x00, 0x13, 0x34, 0x12, 0x36, 0x33, 0x32, 0x16, 0x12, 
    0x10, 0x02, 0x06, 0x20, 0x26, 0x02, 0x37, 0x14, 0x12, 0x16, 0x33, 0x32, 
    0x36, 0x12, 0x35, 0x34, 0x02, 0x26, 0x23, 0x22, 0x06, 0x02, 0x7b, 0x7c, 
    0xd8, 0x83, 0x84, 0xd8, 0x7b, 0x7b, 0xd8, 0xfe, 0xf8, 0xd8, 0x7b, 0xa4, 
    0x4f, 0x8d, 0x59, 0x57, 0x8b, 0x4f, 0x4f, 0x8b, 0x57, 0x59, 0x8d, 0x4f, 
    0x02, 0xcd, 0xcf, 0x01, 0x52, 0xc0, 0xc0, 0xfe, 0xae, 0xfe, 0x62, 0xfe, 
    0xae, 0xc0, 0xc2, 0x01, 0x52, 0xcf, 0xc1, 0xfe, 0xca, 0xaf, 0xaf, 0x01, 
    0x36, 0xc1, 0xbf, 0x01, 0x34, 0xaf, 0xaf, 0xfe, 0xcc, 0x00, 0x00, 0x00, 
    0x00, 0x01, 0x00, 0x7b, 0x00, 0x00, 0x01, 0xd7, 0x05, 0xae, 0x00, 0x0a, 
    0x00, 0x00, 0x33, 0x35, 0x37, 0x11, 0x23, 0x35, 0x37, 0x17, 0x11, 0x17, 
    0x15, 0x7b, 0x66, 0x66, 0xd3, 0x23, 0x66, 0x1f, 0x33, 0x04, 0x83, 0x23, 
    0xb6, 0x14, 0xfa, 0xb8, 0x33, 0x1f, 0x00, 0x00, 0x00, 0x01, 0x00, 0x7b, 
    0x00, 0x00, 0x03, 0x7f, 0x05, 0xb0, 0x00, 0x21, 0x00, 0x00, 0x01, 0x14, 
    0x0e, 0x05, 0x07, 0x21, 0x37, 0x33, 0x15, 0x21, 0x34, 0x3e, 0x05, 0x35, 
    0x34, 0x26, 0x23, 0x22, 0x06, 0x07, 0x23, 0x35, 0x36, 0x33, 0x32, 0x16, 
    0x03, 0x7d, 0x3f, 0x68, 0x81, 0x8b, 0x7c, 0x67, 0x18, 0x02, 0x4a, 0x3d, 
    0x29, 0xfc, 0xfc, 0x43, 0x6b, 0x81, 0x81, 0x6b, 0x43, 0x86, 0x78, 0x67, 
    0xa5, 0x2b, 0x29, 0x92, 0xc4, 0xcd, 0xdf, 0x04, 0x52, 0x50, 0x99, 0x82, 
    0x7d, 0x7e, 0x7c, 0x96, 0x4b, 0x67, 0xf6, 0x6b, 0xc6, 0x99, 0x91, 0x89, 
    0x88, 0xa4, 0x56, 0x7e, 0x8f, 0x6c, 0x67, 0xcd, 0x43, 0xc3, 0x00, 0x00, 
    0x00, 0x01, 0x00, 0x7b, 0xff, 0xec, 0x03, 0xb2, 0x05, 0xb0, 0x00, 0x29, 
    0x00, 0x00, 0x01, 0x14, 0x06, 0x07, 0x1e, 0x01, 0x15, 0x14, 0x00, 0x23, 
    0x22, 0x26, 0x27, 0x35, 0x33, 0x1e, 0x01, 0x33, 0x32, 0x36, 0x35, 0x34, 
    0x26, 0x23, 0x27, 0x3e, 0x03, 0x35, 0x34, 0x26, 0x23, 0x22, 0x06, 0x07, 
    0x23, 0x35, 0x36, 0x33, 0x32, 0x16, 0x03, 0x7d, 0xad, 0x82, 0x9d, 0xc7, 
    0xfe, 0xf7, 0xc2, 0x60, 0xc3, 0x49, 0x29, 0x3c, 0xa5, 0x64, 0x7f, 0xa6, 
    0xbb, 0xaf, 0x0c, 0x40, 0x70, 0x5c, 0x35, 0x88, 0x76, 0x67, 0xa5, 0x2b, 
    0x29, 0x92, 0xc4, 0xca, 0xe2, 0x04, 0x77, 0x72, 0xa3, 0x2d, 0x24, 0xce, 
    0x9d, 0xb9, 0xfe, 0xff, 0x3f, 0x33, 0xcd, 0x7a, 0x88, 0xce, 0xa9, 0xac, 
    0xc0, 0x3c, 0x0a, 0x2e, 0x4a, 0x6f, 0x44, 0x6f, 0x87, 0x6c, 0x67, 0xcd, 
    0x43, 0xb7, 0x00, 0x00, 0x00, 0x02, 0x00, 0x7b, 0x00, 0x00, 0x03, 0xfa, 
    0x05, 0x9a, 0x00, 0x10, 0x00, 0x13, 0x00, 0x00, 0x13, 0x01, 0x33, 0x11, 
    0x33, 0x37, 0x33, 0x15, 0x23, 0x11, 0x17, 0x15, 0x21, 0x35, 0x37, 0x11, 
    0x21, 0x37, 0x21, 0x11, 0x7b, 0x02, 0xc4, 0x3e, 0x3f, 0x29, 0x15, 0x7d, 
    0x66, 0xfe, 0xa4, 0x67, 0xfd, 0x8d, 0x85, 0x01, 0xee, 0x01, 0xa8, 0x03, 
    0xf2, 0xfc, 0x60, 0x29, 0xb9, 0xfe, 0xe8, 0x33, 0x1f, 0x1f, 0x33, 0x01, 
    0x18, 0x90, 0x02, 0xbe, 0x00, 0x01, 0x00, 0x7b, 0xff, 0xec, 0x03, 0xb2, 
    0x05, 0x9a, 0x00, 0x21, 0x00, 0x00, 0x01, 0x14, 0x00, 0x23, 0x22, 0x26, 
    0x27, 0x35, 0x33, 0x1e, 0x01, 0x33, 0x32, 0x36, 0x35, 0x34, 0x2e, 0x02, 
    0x06, 0x07, 0x27, 0x11, 0x21, 0x15, 0x23, 0x27, 0x21, 0x11, 0x3e, 0x01, 
    0x1e, 0x02, 0x03, 0xb2, 0xfe, 0xf4, 0xcb, 0x5d, 0xc3, 0x40, 0x29, 0x3c, 
    0xa4, 0x61, 0x81, 0xa8, 0x3f, 0x6e, 0x90, 0xa6, 0x56, 0x23, 0x02, 0x9a, 
    0x29, 0x3e, 0xfe, 0x0b, 0x5e, 0xc8, 0xb6, 0x90, 0x56, 0x01, 0xdf, 0xd5, 
    0xfe, 0xe2, 0x3c, 0x36, 0xcd, 0x7a, 0x88, 0xe7, 0xbb, 0x6d, 0xaa, 0x64, 
    0x30, 0x0d, 0x23, 0x16, 0x02, 0x3e, 0xf6, 0x66, 0xfe, 0x85, 0x21, 0x06, 
    0x3b, 0x70, 0xb9, 0x00, 0x00, 0x02, 0x00, 0x7b, 0xff, 0xec, 0x04, 0x31, 
    0x05, 0xae, 0x00, 0x19, 0x00, 0x25, 0x00, 0x00, 0x01, 0x15, 0x22, 0x06, 
    0x02, 0x07, 0x3e, 0x01, 0x33, 0x32, 0x1e, 0x02, 0x15, 0x14, 0x00, 0x23, 
    0x22, 0x26, 0x02, 0x35, 0x34, 0x3e, 0x03, 0x01, 0x16, 0x12, 0x33, 0x32, 
    0x36, 0x35, 0x34, 0x26, 0x23, 0x22, 0x06, 0x03, 0x73, 0x9e, 0xfd, 0x96, 
    0x19, 0x3a, 0xaa, 0x68, 0x53, 0x9e, 0x7e, 0x4d, 0xfe, 0xf0, 0xc3, 0x94, 
    0xdf, 0x70, 0x42, 0x83, 0xb5, 0xf4, 0xfe, 0x36, 0x02, 0xb3, 0x90, 0x82, 
    0xa7, 0xb2, 0x85, 0x67, 0xa5, 0x05, 0xae, 0x29, 0xb0, 0xfe, 0xdf, 0xb6, 
    0x5b, 0x6a, 0x45, 0x79, 0xbb, 0x6d, 0xd8, 0xfe, 0xe7, 0xaf, 0x01, 0x1e, 
    0xaf, 0x83, 0xf8, 0xd3, 0x9e, 0x5a, 0xfc, 0xa6, 0xf7, 0xfe, 0xcc, 0xf4, 
    0xb6, 0xbb, 0xdc, 0x8f, 0x00, 0x01, 0x00, 0x7b, 0x00, 0x00, 0x03, 0xa2, 
    0x05, 0x9a, 0x00, 0x08, 0x00, 0x00, 0x13, 0x35, 0x21, 0x15, 0x01, 0x23, 
    0x01, 0x21, 0x07, 0x7b, 0x03, 0x27, 0xfe, 0x72, 0xae, 0x01, 0xe4, 0xfd, 
    0x97, 0x3d, 0x04, 0xa4, 0xf6, 0x3e, 0xfa, 0xa4, 0x05, 0x0a, 0x66, 0x00, 
    0x00, 0x03, 0x00, 0x7b, 0xff, 0xec, 0x03, 0xf4, 0x05, 0xb0, 0x00, 0x22, 
    0x00, 0x32, 0x00, 0x43, 0x00, 0x00, 0x13, 0x34, 0x36, 0x33, 0x32, 0x16, 
    0x15, 0x14, 0x0e, 0x03, 0x07, 0x1e, 0x04, 0x15, 0x14, 0x06, 0x23, 0x22, 
    0x2e, 0x02, 0x34, 0x3e, 0x02, 0x37, 0x2e, 0x03, 0x05, 0x3e, 0x01, 0x35, 
    0x34, 0x26, 0x23, 0x22, 0x06, 0x15, 0x14, 0x1e, 0x02, 0x17, 0x16, 0x07, 
    0x0e, 0x01, 0x15, 0x14, 0x16, 0x33, 0x32, 0x36, 0x35, 0x34, 0x2e, 0x03, 
    0x27, 0x26, 0xa8, 0xdb, 0xb6, 0xac, 0xd5, 0x25, 0x39, 0x4e, 0x46, 0x26, 
    0x3c, 0x54, 0x60, 0x3b, 0x27, 0xec, 0xcb, 0x6b, 0xb0, 0x6c, 0x3b, 0x3a, 
    0x62, 0x6e, 0x3c, 0x40, 0x59, 0x55, 0x2b, 0x01, 0xc7, 0x56, 0x52, 0x7d, 
    0x75, 0x6a, 0x8a, 0x2b, 0x6f, 0x45, 0x56, 0x06, 0x78, 0x6d, 0x68, 0xa5, 
    0x8a, 0x7e, 0x9c, 0x2a, 0x3b, 0x68, 0x51, 0x41, 0x0e, 0x04, 0x5c, 0x87, 
    0xcd, 0xb7, 0x7e, 0x31, 0x5d, 0x46, 0x41, 0x2a, 0x13, 0x27, 0x3d, 0x59, 
    0x55, 0x71, 0x3e, 0xa1, 0xdb, 0x42, 0x6a, 0x81, 0x86, 0x80, 0x68, 0x50, 
    0x1f, 0x29, 0x45, 0x59, 0x66, 0xd9, 0x3e, 0x89, 0x55, 0x6f, 0x9e, 0x7e, 
    0x59, 0x32, 0x58, 0x5d, 0x2f, 0x36, 0x04, 0x77, 0x48, 0xc5, 0x66, 0x86, 
    0xb3, 0x97, 0x71, 0x36, 0x64, 0x4a, 0x54, 0x36, 0x29, 0x09, 0x00, 0x00, 
    0x00, 0x02, 0x00, 0x7b, 0xff, 0xec, 0x04, 0x31, 0x05, 0xae, 0x00, 0x1a, 
    0x00, 0x26, 0x00, 0x00, 0x05, 0x35, 0x32, 0x36, 0x12, 0x37, 0x0e, 0x01, 
    0x23, 0x22, 0x2e, 0x02, 0x35, 0x34, 0x00, 0x33, 0x32, 0x1e, 0x02, 0x15, 
    0x14, 0x0e, 0x03, 0x01, 0x26, 0x02, 0x23, 0x22, 0x06, 0x15, 0x14, 0x16, 
    0x33, 0x32, 0x36, 0x01, 0x39, 0x9e, 0xfd, 0x96, 0x19, 0x3a, 0xaa, 0x68, 
    0x53, 0x9e, 0x7e, 0x4d, 0x01, 0x10, 0xc3, 0x6f, 0xb9, 0x79, 0x42, 0x42, 
    0x83, 0xb5, 0xf4, 0x01, 0xca, 0x02, 0xb3, 0x90, 0x82, 0xa7, 0xb2, 0x85, 
    0x67, 0xa5, 0x14, 0x28, 0xb0, 0x01, 0x22, 0xb6, 0x5b, 0x6a, 0x44, 0x7a, 
    0xba, 0x6d, 0xd8, 0x01, 0x1a, 0x66, 0xae, 0xe7, 0x82, 0x83, 0xf8, 0xd2, 
    0x9e, 0x5a, 0x03, 0x5a, 0xf7, 0x01, 0x34, 0xf4, 0xb6, 0xbb, 0xdd, 0x90, 
    0x00, 0x02, 0x00, 0x8f, 0x00, 0x3d, 0x01, 0x48, 0x03, 0x81, 0x00, 0x09, 
    0x00, 0x14, 0x00, 0x00, 0x13, 0x34, 0x36, 0x32, 0x16, 0x15, 0x14, 0x06, 
    0x22, 0x26, 0x11, 0x34, 0x36, 0x32, 0x16, 0x15, 0x14, 0x06, 0x23, 0x22, 
    0x26, 0x8f, 0x2c, 0x62, 0x2b, 0x2a, 0x64, 0x2b, 0x2c, 0x62, 0x2b, 0x2b, 
    0x31, 0x32, 0x2b, 0x03, 0x27, 0x2f, 0x2b, 0x2a, 0x30, 0x31, 0x2b, 0x2b, 
    0xfd, 0xa4, 0x2f, 0x2b, 0x2a, 0x30, 0x32, 0x2b, 0x2b, 0x00, 0x00, 0x00, 
    0x00, 0x02, 0x00, 0x8f, 0xff, 0xcb, 0x01, 0x48, 0x03, 0x81, 0x00, 0x09, 
    0x00, 0x18, 0x00, 0x00, 0x13, 0x34, 0x36, 0x32, 0x16, 0x15, 0x14, 0x06, 
    0x22, 0x26, 0x11, 0x34, 0x36, 0x33, 0x32, 0x16, 0x15, 0x14, 0x06, 0x07, 
    0x27, 0x36, 0x37, 0x22, 0x26, 0x8f, 0x2c, 0x62, 0x2b, 0x2a, 0x64, 0x2b, 
    0x2b, 0x32, 0x34, 0x28, 0x4b, 0x34, 0x06, 0x25, 0x08, 0x34, 0x2d, 0x03, 
    0x27, 0x2f, 0x2b, 0x2a, 0x30, 0x31, 0x2b, 0x2b, 0xfd, 0xa2, 0x31, 0x2b, 
    0x2b, 0x2d, 0x45, 0x71, 0x1b, 0x08, 0x2e, 0x3c, 0x29, 0x00, 0x00, 0x00, 
    0x00, 0x01, 0x00, 0x8f, 0x01, 0x58, 0x02, 0xc3, 0x04, 0x42, 0x00, 0x06, 
    0x00, 0x00, 0x13, 0x35, 0x01, 0x15, 0x09, 0x01, 0x15, 0x8f, 0x02, 0x34, 
    0xfe, 0x1e, 0x01, 0xe2, 0x02, 0xb8, 0x29, 0x01, 0x61, 0x48, 0xfe, 0xd3, 
    0xfe, 0xd3, 0x48, 0x00, 0x00, 0x02, 0x00, 0x8f, 0x01, 0xf6, 0x03, 0x9a, 
    0x03, 0xa4, 0x00, 0x03, 0x00, 0x07, 0x00, 0x00, 0x01, 0x21, 0x35, 0x21, 
    0x11, 0x21, 0x35, 0x21, 0x03, 0x9a, 0xfc, 0xf5, 0x03, 0x0b, 0xfc, 0xf5, 
    0x03, 0x0b, 0x03, 0x66, 0x3e, 0xfe, 0x52, 0x3d, 0x00, 0x01, 0x00, 0x8f, 
    0x01, 0x58, 0x02, 0xc3, 0x04, 0x42, 0x00, 0x06, 0x00, 0x00, 0x09, 0x01, 
    0x35, 0x09, 0x01, 0x35, 0x01, 0x02, 0xc3, 0xfd, 0xcc, 0x01, 0xe2, 0xfe, 
    0x1e, 0x02, 0x34, 0x02, 0xb8, 0xfe, 0xa0, 0x48, 0x01, 0x2d, 0x01, 0x2d, 
    0x48, 0xfe, 0x9f, 0x00, 0x00, 0x02, 0x00, 0x8f, 0x00, 0x00, 0x03, 0x91, 
    0x05, 0xb0, 0x00, 0x1b, 0x00, 0x25, 0x00, 0x00, 0x01, 0x14, 0x0e, 0x05, 
    0x15, 0x23, 0x34, 0x3e, 0x03, 0x35, 0x34, 0x26, 0x23, 0x22, 0x06, 0x07, 
    0x23, 0x35, 0x36, 0x33, 0x32, 0x16, 0x01, 0x34, 0x36, 0x32, 0x16, 0x15, 
    0x14, 0x06, 0x22, 0x26, 0x03, 0x91, 0x2d, 0x49, 0x57, 0x58, 0x49, 0x2d, 
    0x29, 0x3c, 0x55, 0x54, 0x3c, 0x89, 0x77, 0x65, 0xa6, 0x2b, 0x29, 0x92, 
    0xc4, 0xca, 0xe2, 0xfd, 0xf4, 0x2b, 0x62, 0x2b, 0x2b, 0x62, 0x2b, 0x04, 
    0x5e, 0x3e, 0x74, 0x5e, 0x5f, 0x66, 0x6d, 0x8f, 0x50, 0x77, 0xc8, 0x89, 
    0x7d, 0x94, 0x50, 0x7e, 0x8f, 0x6c, 0x67, 0xcd, 0x43, 0xc0, 0xfb, 0x6c, 
    0x30, 0x2a, 0x2a, 0x30, 0x32, 0x2a, 0x2a, 0x00, 0x00, 0x02, 0x00, 0x8f, 
    0xff, 0x96, 0x05, 0x77, 0x05, 0x1f, 0x00, 0x3b, 0x00, 0x47, 0x00, 0x00, 
    0x01, 0x06, 0x16, 0x33, 0x32, 0x3e, 0x01, 0x35, 0x10, 0x00, 0x23, 0x22, 
    0x0e, 0x03, 0x15, 0x14, 0x1e, 0x03, 0x37, 0x17, 0x06, 0x2e, 0x03, 0x10, 
    0x12, 0x3e, 0x01, 0x33, 0x32, 0x1e, 0x02, 0x15, 0x14, 0x0e, 0x01, 0x23, 
    0x22, 0x26, 0x37, 0x0e, 0x01, 0x23, 0x22, 0x26, 0x35, 0x34, 0x36, 0x33, 
    0x32, 0x16, 0x17, 0x37, 0x33, 0x03, 0x37, 0x2e, 0x01, 0x23, 0x22, 0x06, 
    0x15, 0x14, 0x16, 0x17, 0x16, 0x04, 0x19, 0x07, 0x33, 0x38, 0x2d, 0x45, 
    0x21, 0xfe, 0xe8, 0xe6, 0x6a, 0xb4, 0x7d, 0x58, 0x29, 0x4b, 0x79, 0x96, 
    0x9b, 0x46, 0x08, 0x53, 0xba, 0xb3, 0x91, 0x59, 0x58, 0xa0, 0xf7, 0x94, 
    0x7d, 0xdd, 0xa9, 0x62, 0x3e, 0x80, 0x55, 0x69, 0x75, 0x03, 0x2c, 0x82, 
    0x4a, 0x62, 0x93, 0xd1, 0x91, 0x3b, 0x5b, 0x16, 0x56, 0x39, 0xaa, 0x0f, 
    0x07, 0x44, 0x2c, 0x5d, 0x8b, 0x50, 0x3a, 0x80, 0x01, 0x98, 0x55, 0x78, 
    0x87, 0xc4, 0x69, 0x01, 0x2a, 0x01, 0x4d, 0x4c, 0x82, 0xae, 0xc4, 0x68, 
    0x89, 0xe7, 0x97, 0x64, 0x21, 0x0d, 0x29, 0x10, 0x23, 0x6b, 0xa1, 0xf3, 
    0x01, 0x1c, 0x01, 0x05, 0xcc, 0x7a, 0x58, 0xa4, 0xff, 0x9d, 0x80, 0xda, 
    0x8d, 0x8f, 0x62, 0x40, 0x51, 0x84, 0x7c, 0x95, 0xdc, 0x31, 0x2c, 0x5d, 
    0xfe, 0x8b, 0xcb, 0x36, 0x34, 0xad, 0x80, 0x5f, 0x55, 0x04, 0x05, 0x00, 
    0x00, 0x02, 0x00, 0x3d, 0x00, 0x00, 0x04, 0xfa, 0x05, 0xae, 0x00, 0x0f, 
    0x00, 0x12, 0x00, 0x00, 0x21, 0x35, 0x37, 0x03, 0x21, 0x03, 0x17, 0x15, 
    0x23, 0x35, 0x37, 0x01, 0x37, 0x01, 0x17, 0x15, 0x01, 0x21, 0x01, 0x03, 
    0xc9, 0x47, 0x83, 0xfd, 0xc7, 0x85, 0x5e, 0xf0, 0x52, 0x01, 0xec, 0x3b, 
    0x01, 0xf2, 0x52, 0xfc, 0x70, 0x02, 0x0f, 0xfe, 0xf8, 0x1f, 0x33, 0x01, 
    0x68, 0xfe, 0x98, 0x33, 0x1f, 0x1f, 0x35, 0x05, 0x46, 0x14, 0xfa, 0xa6, 
    0x35, 0x1f, 0x01, 0xf8, 0x02, 0xd3, 0x00, 0x00, 0x00, 0x03, 0x00, 0x52, 
    0x00, 0x00, 0x04, 0x3d, 0x05, 0x9a, 0x00, 0x13, 0x00, 0x1c, 0x00, 0x25, 
    0x00, 0x00, 0x29, 0x01, 0x35, 0x37, 0x11, 0x27, 0x35, 0x21, 0x32, 0x04, 
    0x15, 0x14, 0x06, 0x07, 0x1e, 0x01, 0x15, 0x14, 0x0e, 0x01, 0x01, 0x33, 
    0x32, 0x36, 0x35, 0x34, 0x26, 0x2b, 0x01, 0x11, 0x33, 0x32, 0x36, 0x35, 
    0x34, 0x26, 0x2b, 0x01, 0x02, 0x0c, 0xfe, 0x46, 0x66, 0x66, 0x01, 0xcf, 
    0xe2, 0x01, 0x1c, 0x9d, 0x88, 0x96, 0xad, 0x8e, 0xfb, 0xfe, 0x94, 0xc6, 
    0x9e, 0xcf, 0xbd, 0x9b, 0xdb, 0xc6, 0xba, 0xd2, 0xdc, 0xb0, 0xc6, 0x1f, 
    0x33, 0x04, 0xf6, 0x33, 0x1f, 0xb4, 0xa0, 0x76, 0xa2, 0x26, 0x2b, 0xc2, 
    0x8e, 0x7e, 0xb4, 0x5b, 0x03, 0x27, 0x98, 0x89, 0x84, 0x90, 0xfa, 0xe1, 
    0xad, 0xa3, 0xaa, 0xb2, 0x00, 0x01, 0x00, 0x66, 0xff, 0xec, 0x04, 0xfc, 
    0x05, 0xae, 0x00, 0x1d, 0x00, 0x00, 0x01, 0x17, 0x02, 0x21, 0x22, 0x24, 
    0x02, 0x35, 0x34, 0x12, 0x24, 0x33, 0x32, 0x17, 0x15, 0x23, 0x2e, 0x01, 
    0x23, 0x22, 0x06, 0x02, 0x15, 0x14, 0x1e, 0x02, 0x33, 0x32, 0x36, 0x04, 
    0xdd, 0x1f, 0xd2, 0xfe, 0xd2, 0xb7, 0xfe, 0xd0, 0xaf, 0xb4, 0x01, 0x3e, 
    0xc5, 0xfd, 0xb3, 0x29, 0x47, 0xc5, 0x8c, 0x93, 0xec, 0x83, 0x5a, 0x9a, 
    0xc9, 0x70, 0x7a, 0xdc, 0x01, 0x1b, 0x1b, 0xfe, 0xec, 0xc2, 0x01, 0x52, 
    0xcd, 0xcf, 0x01, 0x52, 0xc0, 0xa4, 0xcd, 0x94, 0xa0, 0xae, 0xfe, 0xd4, 
    0xb8, 0x95, 0xf8, 0xa4, 0x5a, 0x69, 0x00, 0x00, 0x00, 0x02, 0x00, 0x52, 
    0x00, 0x00, 0x04, 0xcd, 0x05, 0x9a, 0x00, 0x0d, 0x00, 0x15, 0x00, 0x00, 
    0x29, 0x01, 0x35, 0x37, 0x11, 0x27, 0x35, 0x21, 0x32, 0x04, 0x12, 0x10, 
    0x02, 0x04, 0x25, 0x33, 0x32, 0x00, 0x10, 0x00, 0x2b, 0x01, 0x02, 0x14, 
    0xfe, 0x3e, 0x66, 0x66, 0x01, 0xc2, 0xc9, 0x01, 0x3d, 0xb3, 0xb3, 0xfe, 
    0xc3, 0xfe, 0x6b, 0xcf, 0xed, 0x01, 0x25, 0xfe, 0xdb, 0xed, 0xcf, 0x1f, 
    0x33, 0x04, 0xf6, 0x33, 0x1f, 0xb3, 0xfe, 0xb9, 0xfe, 0x5a, 0xfe, 0xb9, 
    0xb3, 0x3d, 0x01, 0x68, 0x02, 0x50, 0x01, 0x67, 0x00, 0x01, 0x00, 0x52, 
    0x00, 0x00, 0x03, 0xe1, 0x05, 0x9a, 0x00, 0x17, 0x00, 0x00, 0x01, 0x37, 
    0x33, 0x11, 0x23, 0x27, 0x21, 0x11, 0x21, 0x37, 0x33, 0x15, 0x21, 0x35, 
    0x37, 0x11, 0x27, 0x35, 0x21, 0x15, 0x23, 0x27, 0x21, 0x11, 0x02, 0x56, 
    0x3d, 0x29, 0x29, 0x3d, 0xfe, 0xf2, 0x02, 0x0a, 0x66, 0x29, 0xfc, 0x71, 
    0x66, 0x66, 0x03, 0x8f, 0x29, 0x66, 0xfd, 0xf6, 0x02, 0xec, 0x7a, 0xfe, 
    0xcd, 0x7b, 0xfd, 0x8f, 0xb9, 0xf6, 0x1f, 0x33, 0x04, 0xf6, 0x33, 0x1f, 
    0xf6, 0xb8, 0xfd, 0x90, 0x00, 0x01, 0x00, 0x52, 0x00, 0x00, 0x03, 0xcd, 
    0x05, 0x9a, 0x00, 0x15, 0x00, 0x00, 0x33, 0x35, 0x37, 0x11, 0x27, 0x35, 
    0x21, 0x15, 0x23, 0x27, 0x21, 0x11, 0x33, 0x37, 0x33, 0x11, 0x23, 0x27, 
    0x23, 0x11, 0x17, 0x15, 0x52, 0x66, 0x66, 0x03, 0x7b, 0x29, 0x67, 0xfe, 
    0x0b, 0xfa, 0x3d, 0x29, 0x29, 0x3d, 0xfa, 0x66, 0x1f, 0x33, 0x04, 0xf6, 
    0x33, 0x1f, 0xf6, 0xb8, 0xfd, 0x90, 0x7a, 0xfe, 0xcd, 0x7b, 0xfd, 0xa4, 
    0x33, 0x1f, 0x00, 0x00, 0x00, 0x01, 0x00, 0x66, 0xff, 0xec, 0x05, 0x4e, 
    0x05, 0xae, 0x00, 0x25, 0x00, 0x00, 0x25, 0x11, 0x27, 0x35, 0x21, 0x15, 
    0x07, 0x11, 0x23, 0x27, 0x06, 0x23, 0x22, 0x2e, 0x01, 0x02, 0x35, 0x34, 
    0x12, 0x24, 0x33, 0x32, 0x17, 0x15, 0x23, 0x2e, 0x01, 0x23, 0x22, 0x06, 
    0x02, 0x15, 0x14, 0x1e, 0x02, 0x33, 0x32, 0x04, 0x58, 0x66, 0x01, 0x5c, 
    0x67, 0x3d, 0x4c, 0x97, 0xcd, 0x88, 0xf5, 0xb0, 0x67, 0xb4, 0x01, 0x3e, 
    0xc5, 0xfd, 0xb3, 0x29, 0x47, 0xc5, 0x8c, 0x93, 0xec, 0x83, 0x5a, 0x98, 
    0xc5, 0x6c, 0x9e, 0xb0, 0x01, 0x7b, 0x33, 0x1f, 0x1f, 0x33, 0xfd, 0xd5, 
    0x6a, 0x7e, 0x72, 0xc4, 0x01, 0x12, 0x99, 0xcf, 0x01, 0x52, 0xc0, 0xa4, 
    0xcd, 0x94, 0xa0, 0xae, 0xfe, 0xd4, 0xb8, 0x95, 0xfd, 0xa9, 0x5e, 0x00, 
    0x00, 0x01, 0x00, 0x52, 0x00, 0x00, 0x04, 0xa4, 0x05, 0x9a, 0x00, 0x1b, 
    0x00, 0x00, 0x33, 0x35, 0x37, 0x11, 0x27, 0x35, 0x21, 0x15, 0x07, 0x11, 
    0x21, 0x11, 0x27, 0x35, 0x21, 0x15, 0x07, 0x11, 0x17, 0x15, 0x21, 0x35, 
    0x37, 0x11, 0x21, 0x11, 0x17, 0x15, 0x52, 0x66, 0x66, 0x01, 0x5c, 0x66, 
    0x02, 0x66, 0x66, 0x01, 0x5c, 0x67, 0x67, 0xfe, 0xa4, 0x66, 0xfd, 0x9a, 
    0x66, 0x1f, 0x33, 0x04, 0xf6, 0x33, 0x1f, 0x1f, 0x33, 0xfd, 0xa4, 0x02, 
    0x5c, 0x33, 0x1f, 0x1f, 0x33, 0xfb, 0x0a, 0x33, 0x1f, 0x1f, 0x33, 0x02, 
    0x5c, 0xfd, 0xa4, 0x33, 0x1f, 0x00, 0x00, 0x00, 0x00, 0x01, 0x00, 0x52, 
    0x00, 0x00, 0x01, 0xae, 0x05, 0x9a, 0x00, 0x0b, 0x00, 0x00, 0x33, 0x35, 
    0x37, 0x11, 0x27, 0x35, 0x21, 0x15, 0x07, 0x11, 0x17, 0x15, 0x52, 0x66, 
    0x66, 0x01, 0x5c, 0x66, 0x66, 0x1f, 0x33, 0x04, 0xf6, 0x33, 0x1f, 0x1f, 
    0x33, 0xfb, 0x0a, 0x33, 0x1f, 0x00, 0x00, 0x00, 0x00, 0x01, 0x00, 0x3d, 
    0xff, 0xec, 0x02, 0xe9, 0x05, 0x9a, 0x00, 0x14, 0x00, 0x00, 0x37, 0x35, 
    0x33, 0x1e, 0x01, 0x33, 0x32, 0x19, 0x01, 0x27, 0x35, 0x21, 0x15, 0x07, 
    0x11, 0x14, 0x0e, 0x02, 0x23, 0x22, 0x3d, 0x29, 0x33, 0x67, 0x3f, 0xb5, 
    0x67, 0x01, 0x5c, 0x66, 0x27, 0x4e, 0x83, 0x56, 0x7e, 0x3b, 0xcd, 0x74, 
    0x6b, 0x01, 0xbe, 0x03, 0x61, 0x33, 0x1f, 0x1f, 0x33, 0xfc, 0x9d, 0x68, 
    0xb2, 0x8e, 0x51, 0x00, 0x00, 0x01, 0x00, 0x52, 0x00, 0x00, 0x04, 0x1f, 
    0x05, 0x9a, 0x00, 0x1b, 0x00, 0x00, 0x33, 0x35, 0x37, 0x11, 0x27, 0x35, 
    0x21, 0x15, 0x07, 0x11, 0x01, 0x27, 0x35, 0x21, 0x15, 0x07, 0x09, 0x01, 
    0x17, 0x15, 0x21, 0x35, 0x37, 0x01, 0x07, 0x11, 0x17, 0x15, 0x52, 0x66, 
    0x66, 0x01, 0x5c, 0x66, 0x02, 0x10, 0x4c, 0x01, 0x13, 0x81, 0xfe, 0x87, 
    0x01, 0x9c, 0x5e, 0xfe, 0xc4, 0x3c, 0xfe, 0xa2, 0x79, 0x66, 0x1f, 0x33, 
    0x04, 0xf6, 0x33, 0x1f, 0x1f, 0x33, 0xfd, 0x8d, 0x02, 0x73, 0x33, 0x1f, 
    0x1f, 0x3e, 0xfe, 0x40, 0xfc, 0xd7, 0x35, 0x1f, 0x1f, 0x37, 0x02, 0xae, 
    0x8f, 0xfd, 0xdd, 0x33, 0x1f, 0x00, 0x00, 0x00, 0x00, 0x01, 0x00, 0x52, 
    0x00, 0x00, 0x03, 0xe1, 0x05, 0x9a, 0x00, 0x0d, 0x00, 0x00, 0x25, 0x37, 
    0x33, 0x15, 0x21, 0x35, 0x37, 0x11, 0x27, 0x35, 0x21, 0x15, 0x07, 0x11, 
    0x03, 0x52, 0x66, 0x29, 0xfc, 0x71, 0x66, 0x66, 0x01, 0x5c, 0x66, 0x3d, 
    0x90, 0xcd, 0x1f, 0x33, 0x04, 0xf6, 0x33, 0x1f, 0x1f, 0x33, 0xfa, 0xf5, 
    0x00, 0x01, 0x00, 0x52, 0xff, 0xec, 0x06, 0x35, 0x05, 0x9a, 0x00, 0x18, 
    0x00, 0x00, 0x33, 0x35, 0x37, 0x11, 0x27, 0x35, 0x33, 0x09, 0x01, 0x33, 
    0x15, 0x07, 0x11, 0x17, 0x15, 0x21, 0x35, 0x37, 0x11, 0x01, 0x07, 0x01, 
    0x11, 0x17, 0x15, 0x52, 0x66, 0x66, 0xe1, 0x02, 0x15, 0x02, 0x14, 0xd9, 
    0x66, 0x66, 0xfe, 0xa4, 0x66, 0xfe, 0x00, 0x3d, 0xfd, 0xf4, 0x66, 0x1f, 
    0x33, 0x04, 0xf6, 0x33, 0x1f, 0xfb, 0x1a, 0x04, 0xe6, 0x1f, 0x33, 0xfb, 
    0x0a, 0x33, 0x1f, 0x1f, 0x33, 0x04, 0x64, 0xfb, 0x4a, 0x14, 0x04, 0xd0, 
    0xfb, 0x96, 0x33, 0x1f, 0x00, 0x01, 0x00, 0x52, 0xff, 0xec, 0x04, 0x7f, 
    0x05, 0x9a, 0x00, 0x13, 0x00, 0x00, 0x05, 0x01, 0x11, 0x17, 0x15, 0x21, 
    0x35, 0x37, 0x11, 0x27, 0x35, 0x33, 0x01, 0x11, 0x27, 0x35, 0x21, 0x15, 
    0x07, 0x11, 0x03, 0xd9, 0xfd, 0x1d, 0x66, 0xfe, 0xf6, 0x66, 0x66, 0xe5, 
    0x02, 0xa4, 0x66, 0x01, 0x0a, 0x66, 0x14, 0x05, 0x00, 0xfb, 0x66, 0x33, 
    0x1f, 0x1f, 0x33, 0x04, 0xf6, 0x33, 0x1f, 0xfb, 0x6a, 0x04, 0x44, 0x33, 
    0x1f, 0x1f, 0x33, 0xfa, 0xb8, 0x00, 0x00, 0x00, 0x00, 0x02, 0x00, 0x66, 
    0xff, 0xec, 0x05, 0xae, 0x05, 0xae, 0x00, 0x10, 0x00, 0x20, 0x00, 0x00, 
    0x13, 0x34, 0x12, 0x24, 0x33, 0x32, 0x1e, 0x01, 0x12, 0x10, 0x02, 0x0e, 
    0x01, 0x23, 0x22, 0x24, 0x02, 0x37, 0x14, 0x12, 0x16, 0x33, 0x32, 0x36, 
    0x12, 0x35, 0x34, 0x02, 0x26, 0x23, 0x22, 0x06, 0x02, 0x66, 0xb2, 0x01, 
    0x36, 0xbc, 0x8e, 0xfb, 0xb3, 0x68, 0x68, 0xb3, 0xfb, 0x8e, 0xbd, 0xfe, 
    0xc9, 0xb0, 0xa4, 0x83, 0xec, 0x93, 0x92, 0xe9, 0x83, 0x83, 0xea, 0x91, 
    0x93, 0xec, 0x83, 0x02, 0xcd, 0xcf, 0x01, 0x52, 0xc0, 0x71, 0xc3, 0xfe, 
    0xee, 0xfe, 0xca, 0xfe, 0xee, 0xc3, 0x71, 0xc2, 0x01, 0x52, 0xcf, 0xc1, 
    0xfe, 0xca, 0xaf, 0xaf, 0x01, 0x36, 0xc1, 0xbf, 0x01, 0x34, 0xaf, 0xaf, 
    0xfe, 0xcc, 0x00, 0x00, 0x00, 0x02, 0x00, 0x52, 0x00, 0x00, 0x04, 0x14, 
    0x05, 0x9a, 0x00, 0x08, 0x00, 0x1a, 0x00, 0x00, 0x01, 0x33, 0x32, 0x36, 
    0x35, 0x34, 0x26, 0x2b, 0x01, 0x37, 0x20, 0x04, 0x15, 0x14, 0x0e, 0x01, 
    0x2b, 0x01, 0x11, 0x17, 0x15, 0x21, 0x35, 0x37, 0x11, 0x27, 0x35, 0x01, 
    0x48, 0x9d, 0xaf, 0xdd, 0xd2, 0xba, 0x9d, 0x9b, 0x00, 0xff, 0x01, 0x32, 
    0x97, 0xfb, 0x9f, 0x9b, 0x66, 0xfe, 0xa4, 0x66, 0x66, 0x02, 0xb0, 0xb4, 
    0xa8, 0xa3, 0xad, 0x3e, 0xd1, 0xbd, 0x81, 0xbc, 0x5c, 0xfd, 0xdf, 0x33, 
    0x1f, 0x1f, 0x33, 0x04, 0xf6, 0x33, 0x1f, 0x00, 0x00, 0x02, 0x00, 0x66, 
    0xff, 0x21, 0x06, 0x2f, 0x05, 0xae, 0x00, 0x11, 0x00, 0x21, 0x00, 0x00, 
    0x13, 0x34, 0x12, 0x24, 0x33, 0x32, 0x1e, 0x01, 0x12, 0x15, 0x10, 0x00, 
    0x07, 0x05, 0x15, 0x25, 0x26, 0x00, 0x13, 0x14, 0x12, 0x16, 0x33, 0x32, 
    0x36, 0x12, 0x35, 0x34, 0x02, 0x26, 0x23, 0x22, 0x06, 0x02, 0x66, 0xb2, 
    0x01, 0x36, 0xbc, 0x8e, 0xfb, 0xb3, 0x68, 0xfe, 0xd7, 0xeb, 0x02, 0x95, 
    0xfc, 0x54, 0xee, 0xfe, 0xd1, 0xa4, 0x83, 0xec, 0x93, 0x92, 0xe9, 0x83, 
    0x83, 0xea, 0x91, 0x93, 0xec, 0x83, 0x02, 0xcd, 0xcf, 0x01, 0x52, 0xc0, 
    0x71, 0xc3, 0xfe, 0xee, 0x9b, 0xfe, 0xef, 0xfe, 0x71, 0x33, 0x4a, 0x8f, 
    0xd9, 0x37, 0x01, 0x8e, 0x01, 0x10, 0xc1, 0xfe, 0xca, 0xaf, 0xaf, 0x01, 
    0x36, 0xc1, 0xbf, 0x01, 0x34, 0xaf, 0xaf, 0xfe, 0xcc, 0x00, 0x00, 0x00, 
    0x00, 0x02, 0x00, 0x52, 0x00, 0x00, 0x04, 0x27, 0x05, 0x9a, 0x00, 0x08, 
    0x00, 0x26, 0x00, 0x00, 0x01, 0x33, 0x32, 0x36, 0x35, 0x34, 0x26, 0x2b, 
    0x01, 0x37, 0x32, 0x04, 0x15, 0x14, 0x06, 0x07, 0x16, 0x17, 0x13, 0x17, 
    0x15, 0x23, 0x22, 0x26, 0x27, 0x03, 0x2e, 0x01, 0x27, 0x23, 0x11, 0x17, 
    0x15, 0x21, 0x35, 0x37, 0x11, 0x27, 0x35, 0x01, 0x48, 0x95, 0xaa, 0xd5, 
    0xcb, 0xb4, 0x95, 0x95, 0xf9, 0x01, 0x2a, 0xc9, 0xa8, 0x7b, 0x35, 0x96, 
    0x52, 0x5c, 0x3f, 0x3e, 0x0f, 0x99, 0x26, 0x73, 0x6b, 0x5a, 0x66, 0xfe, 
    0xa4, 0x66, 0x66, 0x02, 0xec, 0xa3, 0x9a, 0x96, 0x9d, 0x3e, 0xc2, 0xaf, 
    0x8e, 0xbb, 0x22, 0x39, 0x95, 0xfe, 0x64, 0x35, 0x1f, 0x20, 0x2a, 0x01, 
    0xa6, 0x69, 0x53, 0x02, 0xfd, 0xa4, 0x33, 0x1f, 0x1f, 0x33, 0x04, 0xf6, 
    0x33, 0x1f, 0x00, 0x00, 0x00, 0x01, 0x00, 0x66, 0xff, 0xec, 0x03, 0x8f, 
    0x05, 0xb0, 0x00, 0x2f, 0x00, 0x00, 0x13, 0x34, 0x36, 0x33, 0x32, 0x16, 
    0x17, 0x15, 0x23, 0x2e, 0x01, 0x23, 0x22, 0x06, 0x15, 0x14, 0x1e, 0x07, 
    0x15, 0x14, 0x06, 0x23, 0x22, 0x26, 0x27, 0x35, 0x33, 0x1e, 0x01, 0x33, 
    0x32, 0x36, 0x35, 0x34, 0x2e, 0x07, 0x66, 0xe6, 0xcb, 0x53, 0xb8, 0x46, 
    0x29, 0x2b, 0xa5, 0x67, 0x77, 0xa1, 0x2e, 0x4e, 0x64, 0x70, 0x6f, 0x64, 
    0x4e, 0x2e, 0xe3, 0xc9, 0x63, 0xc6, 0x4d, 0x29, 0x37, 0xb3, 0x74, 0x7c, 
    0x94, 0x2e, 0x4d, 0x65, 0x6f, 0x6f, 0x65, 0x4d, 0x2e, 0x04, 0x58, 0x8b, 
    0xcd, 0x23, 0x20, 0xcd, 0x67, 0x6c, 0x84, 0x5e, 0x2f, 0x58, 0x49, 0x48, 
    0x47, 0x4c, 0x59, 0x62, 0x7d, 0x46, 0xa2, 0xda, 0x37, 0x2d, 0xcd, 0x6d, 
    0x87, 0x96, 0x72, 0x3d, 0x6d, 0x56, 0x50, 0x48, 0x48, 0x4f, 0x53, 0x6a, 
    0x00, 0x02, 0x00, 0x52, 0x00, 0x00, 0x03, 0xec, 0x05, 0x9a, 0x00, 0x03, 
    0x00, 0x11, 0x00, 0x00, 0x13, 0x35, 0x33, 0x07, 0x01, 0x21, 0x35, 0x37, 
    0x11, 0x21, 0x35, 0x21, 0x15, 0x23, 0x27, 0x23, 0x11, 0x17, 0x52, 0x8f, 
    0x66, 0x02, 0x52, 0xfe, 0xa4, 0x66, 0xfe, 0x7b, 0x03, 0x9a, 0x29, 0x67, 
    0xf6, 0x67, 0x04, 0xcd, 0x8f, 0x8f, 0xfb, 0x33, 0x1f, 0x33, 0x05, 0x0a, 
    0x3e, 0xcd, 0x8f, 0xfa, 0xf6, 0x33, 0x00, 0x00, 0x00, 0x01, 0x00, 0x52, 
    0xff, 0xec, 0x04, 0xa4, 0x05, 0x9a, 0x00, 0x19, 0x00, 0x00, 0x01, 0x11, 
    0x27, 0x35, 0x21, 0x15, 0x07, 0x11, 0x14, 0x04, 0x23, 0x22, 0x26, 0x35, 
    0x11, 0x27, 0x35, 0x21, 0x15, 0x07, 0x11, 0x14, 0x16, 0x33, 0x32, 0x36, 
    0x04, 0x00, 0x66, 0x01, 0x0a, 0x67, 0xfe, 0xfc, 0xc2, 0xc1, 0xfe, 0x66, 
    0x01, 0x5c, 0x66, 0xcf, 0x95, 0x97, 0xbd, 0x01, 0x81, 0x03, 0xc7, 0x33, 
    0x1f, 0x1f, 0x33, 0xfc, 0x3b, 0xb8, 0xdf, 0xdc, 0xb5, 0x03, 0xcb, 0x33, 
    0x1f, 0x1f, 0x33, 0xfc, 0x39, 0x8e, 0xa7, 0xa9, 0x00, 0x01, 0x00, 0x3d, 
    0xff, 0xec, 0x04, 0xfa, 0x05, 0x9a, 0x00, 0x0e, 0x00, 0x00, 0x21, 0x07, 
    0x01, 0x27, 0x35, 0x21, 0x15, 0x07, 0x09, 0x01, 0x27, 0x35, 0x33, 0x15, 
    0x07, 0x02, 0xbc, 0x3b, 0xfe, 0x0e, 0x52, 0x01, 0x32, 0x48, 0x01, 0xa0, 
    0x01, 0xa1, 0x5e, 0xf0, 0x52, 0x14, 0x05, 0x5a, 0x35, 0x1f, 0x1f, 0x33, 
    0xfb, 0x87, 0x04, 0x79, 0x33, 0x1f, 0x1f, 0x35, 0x00, 0x01, 0x00, 0x3d, 
    0xff, 0xec, 0x07, 0xaa, 0x05, 0xae, 0x00, 0x14, 0x00, 0x00, 0x21, 0x07, 
    0x01, 0x27, 0x35, 0x21, 0x15, 0x07, 0x09, 0x01, 0x37, 0x09, 0x01, 0x27, 
    0x35, 0x33, 0x15, 0x07, 0x01, 0x07, 0x01, 0x02, 0xbc, 0x3b, 0xfe, 0x0e, 
    0x52, 0x01, 0x32, 0x48, 0x01, 0x95, 0x01, 0x42, 0x3b, 0x01, 0x46, 0x01, 
    0x9a, 0x5f, 0xf0, 0x52, 0xfe, 0x15, 0x3e, 0xfe, 0xc5, 0x14, 0x05, 0x5a, 
    0x35, 0x1f, 0x1f, 0x33, 0xfb, 0xa4, 0x04, 0xae, 0x14, 0xfb, 0x39, 0x04, 
    0x61, 0x33, 0x1f, 0x1f, 0x35, 0xfa, 0xba, 0x14, 0x04, 0x9b, 0x00, 0x00, 
    0x00, 0x01, 0x00, 0x3d, 0x00, 0x00, 0x04, 0x4e, 0x05, 0x9a, 0x00, 0x1b, 
    0x00, 0x00, 0x21, 0x23, 0x35, 0x37, 0x09, 0x01, 0x27, 0x35, 0x21, 0x15, 
    0x07, 0x09, 0x01, 0x27, 0x35, 0x33, 0x15, 0x07, 0x09, 0x01, 0x17, 0x15, 
    0x21, 0x35, 0x37, 0x09, 0x01, 0x17, 0x01, 0x33, 0xf6, 0x67, 0x01, 0x64, 
    0xfe, 0x90, 0x5b, 0x01, 0x34, 0x38, 0x01, 0x27, 0x01, 0x42, 0x4a, 0xf6, 
    0x67, 0xfe, 0x9c, 0x01, 0x71, 0x5a, 0xfe, 0xcd, 0x37, 0xfe, 0xd9, 0xfe, 
    0xbe, 0x4a, 0x1f, 0x35, 0x02, 0x52, 0x02, 0x9c, 0x39, 0x1f, 0x1f, 0x37, 
    0xfd, 0xed, 0x02, 0x15, 0x35, 0x1f, 0x1f, 0x35, 0xfd, 0xae, 0xfd, 0x64, 
    0x39, 0x1f, 0x1f, 0x37, 0x02, 0x12, 0xfd, 0xec, 0x35, 0x00, 0x00, 0x00, 
    0x00, 0x01, 0x00, 0x3d, 0x00, 0x00, 0x04, 0x4a, 0x05, 0x9a, 0x00, 0x14, 
    0x00, 0x00, 0x29, 0x01, 0x35, 0x37, 0x11, 0x01, 0x27, 0x35, 0x21, 0x15, 
    0x07, 0x09, 0x01, 0x27, 0x35, 0x33, 0x15, 0x07, 0x01, 0x11, 0x17, 0x02, 
    0xf8, 0xfe, 0xa4, 0x66, 0xfe, 0x98, 0x5d, 0x01, 0x36, 0x36, 0x01, 0x32, 
    0x01, 0x31, 0x4c, 0xf6, 0x63, 0xfe, 0xaa, 0x67, 0x1f, 0x33, 0x02, 0x7d, 
    0x02, 0x73, 0x39, 0x1f, 0x1f, 0x37, 0xfd, 0xf1, 0x02, 0x13, 0x33, 0x1f, 
    0x1f, 0x35, 0xfd, 0xb0, 0xfd, 0x5c, 0x33, 0x00, 0x00, 0x01, 0x00, 0x52, 
    0x00, 0x00, 0x03, 0xee, 0x05, 0x9a, 0x00, 0x0d, 0x00, 0x00, 0x13, 0x21, 
    0x15, 0x01, 0x21, 0x37, 0x33, 0x15, 0x21, 0x35, 0x01, 0x21, 0x07, 0x23, 
    0x52, 0x03, 0x9c, 0xfd, 0x1a, 0x02, 0x56, 0x67, 0x29, 0xfc, 0x64, 0x02, 
    0xe5, 0xfd, 0xaa, 0x66, 0x29, 0x05, 0x9a, 0x1f, 0xfa, 0xc2, 0x90, 0xcd, 
    0x1f, 0x05, 0x3d, 0x8f, 0x00, 0x01, 0x00, 0x8f, 0xff, 0x06, 0x01, 0x85, 
    0x05, 0xd7, 0x00, 0x07, 0x00, 0x00, 0x17, 0x11, 0x33, 0x15, 0x23, 0x11, 
    0x33, 0x15, 0x8f, 0xf6, 0x66, 0x66, 0xfa, 0x06, 0xd1, 0x3d, 0xf9, 0xaa, 
    0x3e, 0x00, 0x00, 0x00, 0x00, 0x01, 0x00, 0x8f, 0x00, 0x00, 0x02, 0x6a, 
    0x05, 0x9a, 0x00, 0x03, 0x00, 0x00, 0x13, 0x01, 0x23, 0x01, 0xcf, 0x01, 
    0x9b, 0x3f, 0xfe, 0x64, 0x05, 0x9a, 0xfa, 0x66, 0x05, 0x9a, 0x00, 0x00, 
    0x00, 0x01, 0x00, 0x8f, 0xff, 0x06, 0x01, 0x85, 0x05, 0xd7, 0x00, 0x07, 
    0x00, 0x00, 0x05, 0x23, 0x35, 0x33, 0x11, 0x23, 0x35, 0x33, 0x01, 0x85, 
    0xf6, 0x67, 0x67, 0xf6, 0xfa, 0x3e, 0x06, 0x56, 0x3d, 0x00, 0x00, 0x00, 
    0x00, 0x01, 0x00, 0x8f, 0x03, 0x96, 0x02, 0xe7, 0x05, 0x9a, 0x00, 0x06, 
    0x00, 0x00, 0x13, 0x01, 0x33, 0x01, 0x23, 0x0b, 0x01, 0x8f, 0x01, 0x1d, 
    0x1f, 0x01, 0x1c, 0x47, 0xe4, 0xe5, 0x03, 0x96, 0x02, 0x04, 0xfd, 0xfc, 
    0x01, 0x9d, 0xfe, 0x63, 0x00, 0x01, 0x00, 0x8f, 0xff, 0xc3, 0x03, 0xc3, 
    0x00, 0x00, 0x00, 0x03, 0x00, 0x00, 0x17, 0x35, 0x21, 0x15, 0x8f, 0x03, 
    0x34, 0x3d, 0x3d, 0x3d, 0x00, 0x01, 0x00, 0x8f, 0x05, 0x29, 0x01, 0x71, 
    0x06, 0x00, 0x00, 0x04, 0x00, 0x00, 0x13, 0x17, 0x07, 0x27, 0x35, 0xdd, 
    0x94, 0x0f, 0xd3, 0x06, 0x00, 0xc9, 0x0e, 0xac, 0x0a, 0x00, 0x00, 0x00, 
    0x00, 0x02, 0x00, 0x66, 0xff, 0xec, 0x03, 0xa6, 0x04, 0x14, 0x00, 0x09, 
    0x00, 0x28, 0x00, 0x00, 0x01, 0x11, 0x0e, 0x01, 0x15, 0x14, 0x16, 0x33, 
    0x32, 0x36, 0x11, 0x35, 0x34, 0x26, 0x23, 0x22, 0x07, 0x23, 0x35, 0x36, 
    0x33, 0x32, 0x16, 0x15, 0x11, 0x17, 0x15, 0x23, 0x22, 0x26, 0x3d, 0x01, 
    0x0e, 0x01, 0x23, 0x22, 0x26, 0x35, 0x34, 0x36, 0x24, 0x02, 0xb0, 0xc1, 
    0xed, 0x67, 0x53, 0x5e, 0x96, 0x78, 0x5d, 0x9e, 0x62, 0x29, 0x94, 0xa1, 
    0x9d, 0xbb, 0x67, 0xb8, 0x26, 0x18, 0x38, 0xb4, 0x5c, 0x79, 0x89, 0xb3, 
    0x01, 0x08, 0x01, 0x2d, 0x01, 0x19, 0x1c, 0xaa, 0x78, 0x50, 0x64, 0x7c, 
    0x01, 0xb3, 0x29, 0x9a, 0x91, 0xdf, 0xcd, 0x4f, 0xb4, 0xb2, 0xfd, 0xa4, 
    0x33, 0x1f, 0x2a, 0x3a, 0x25, 0x47, 0x56, 0x8f, 0x60, 0x6a, 0xbb, 0x72, 
    0x00, 0x02, 0x00, 0x52, 0xff, 0xec, 0x04, 0x5c, 0x06, 0x00, 0x00, 0x17, 
    0x00, 0x24, 0x00, 0x00, 0x33, 0x11, 0x27, 0x35, 0x33, 0x32, 0x16, 0x15, 
    0x11, 0x3e, 0x01, 0x33, 0x32, 0x1e, 0x01, 0x15, 0x14, 0x0e, 0x01, 0x23, 
    0x22, 0x26, 0x27, 0x07, 0x01, 0x34, 0x26, 0x23, 0x22, 0x06, 0x15, 0x11, 
    0x14, 0x16, 0x33, 0x32, 0x36, 0xb8, 0x66, 0xb8, 0x26, 0x18, 0x36, 0xae, 
    0x65, 0x7b, 0xd3, 0x7d, 0x7d, 0xd5, 0x7d, 0x64, 0xad, 0x34, 0x52, 0x02, 
    0xc2, 0xb5, 0x94, 0x78, 0xaf, 0xaa, 0x78, 0x95, 0xb9, 0x05, 0xae, 0x33, 
    0x1f, 0x41, 0x57, 0xfd, 0xf8, 0x55, 0x5f, 0x8c, 0xf6, 0x92, 0x93, 0xf5, 
    0x8c, 0x5e, 0x54, 0x9e, 0x02, 0x02, 0xc7, 0xf3, 0xa3, 0x98, 0xfe, 0xfe, 
    0x99, 0xa2, 0xf5, 0x00, 0x00, 0x01, 0x00, 0x66, 0xff, 0xec, 0x03, 0xcf, 
    0x04, 0x14, 0x00, 0x1a, 0x00, 0x00, 0x25, 0x17, 0x0e, 0x01, 0x23, 0x22, 
    0x2e, 0x01, 0x35, 0x34, 0x3e, 0x01, 0x33, 0x32, 0x17, 0x15, 0x23, 0x2e, 
    0x01, 0x23, 0x22, 0x02, 0x10, 0x16, 0x33, 0x32, 0x36, 0x03, 0xae, 0x21, 
    0x3c, 0xc4, 0x77, 0x87, 0xe5, 0x86, 0x87, 0xf4, 0x98, 0x9d, 0x7d, 0x29, 
    0x26, 0x83, 0x5d, 0x93, 0xc7, 0xd1, 0xaa, 0x5d, 0x9b, 0xcb, 0x19, 0x58, 
    0x6e, 0x8e, 0xf6, 0x92, 0x93, 0xf2, 0x8d, 0x43, 0xcd, 0x60, 0x73, 0xfe, 
    0xf3, 0xfe, 0x6c, 0xf4, 0x4a, 0x00, 0x00, 0x00, 0x00, 0x02, 0x00, 0x66, 
    0xff, 0xec, 0x04, 0x71, 0x05, 0x9a, 0x00, 0x0c, 0x00, 0x29, 0x00, 0x00, 
    0x01, 0x14, 0x16, 0x33, 0x32, 0x36, 0x35, 0x11, 0x34, 0x26, 0x23, 0x22, 
    0x06, 0x01, 0x11, 0x17, 0x15, 0x23, 0x22, 0x26, 0x3d, 0x01, 0x0e, 0x01, 
    0x23, 0x22, 0x2e, 0x01, 0x35, 0x34, 0x3e, 0x01, 0x33, 0x32, 0x16, 0x17, 
    0x11, 0x27, 0x35, 0x33, 0x32, 0x16, 0x01, 0x0a, 0xb9, 0x95, 0x78, 0xab, 
    0xaf, 0x78, 0x94, 0xb6, 0x03, 0x00, 0x67, 0xb9, 0x26, 0x17, 0x34, 0xad, 
    0x65, 0x7d, 0xd5, 0x7d, 0x7d, 0xd3, 0x7b, 0x65, 0xb0, 0x35, 0x67, 0xb9, 
    0x26, 0x17, 0x02, 0x02, 0xc9, 0xf5, 0xa2, 0x99, 0x01, 0x02, 0x98, 0xa3, 
    0xf3, 0x02, 0x39, 0xfb, 0x50, 0x33, 0x1f, 0x40, 0x58, 0x04, 0x54, 0x5c, 
    0x8c, 0xf5, 0x93, 0x92, 0xf6, 0x8c, 0x5f, 0x55, 0x01, 0xe8, 0x33, 0x1f, 
    0x40, 0x00, 0x00, 0x00, 0x00, 0x02, 0x00, 0x66, 0xff, 0xec, 0x03, 0xcf, 
    0x04, 0x14, 0x00, 0x1a, 0x00, 0x22, 0x00, 0x00, 0x25, 0x17, 0x0e, 0x01, 
    0x23, 0x22, 0x2e, 0x01, 0x35, 0x34, 0x3e, 0x01, 0x33, 0x32, 0x16, 0x15, 
    0x14, 0x0e, 0x02, 0x23, 0x21, 0x14, 0x16, 0x33, 0x32, 0x36, 0x01, 0x21, 
    0x34, 0x2e, 0x01, 0x23, 0x22, 0x06, 0x03, 0xae, 0x21, 0x3c, 0xc4, 0x77, 
    0x87, 0xe5, 0x86, 0x81, 0xd9, 0x7d, 0xa0, 0xdf, 0x10, 0x22, 0x41, 0x2c, 
    0xfd, 0xed, 0xd1, 0xaa, 0x5d, 0x9b, 0xfd, 0x8f, 0x02, 0x2b, 0x32, 0x74, 
    0x52, 0x74, 0xae, 0xcb, 0x19, 0x58, 0x6e, 0x8e, 0xf7, 0x93, 0x90, 0xf4, 
    0x8c, 0xd5, 0x8d, 0x23, 0x3b, 0x35, 0x1f, 0xca, 0xf4, 0x4a, 0x01, 0xb1, 
    0x6b, 0xb4, 0x7b, 0xe1, 0x00, 0x01, 0x00, 0x52, 0x00, 0x00, 0x02, 0x96, 
    0x05, 0xae, 0x00, 0x1a, 0x00, 0x00, 0x13, 0x35, 0x33, 0x35, 0x34, 0x36, 
    0x33, 0x32, 0x17, 0x15, 0x23, 0x26, 0x23, 0x22, 0x0e, 0x01, 0x15, 0x33, 
    0x15, 0x23, 0x11, 0x17, 0x15, 0x21, 0x35, 0x37, 0x11, 0x52, 0x66, 0x9f, 
    0x82, 0x6a, 0x53, 0x29, 0x4e, 0x61, 0x24, 0x32, 0x20, 0xd7, 0xd7, 0x66, 
    0xfe, 0xa4, 0x66, 0x03, 0xc3, 0x3d, 0x02, 0xc8, 0xe4, 0x50, 0xcd, 0xe0, 
    0x3e, 0xa9, 0x8a, 0x3d, 0xfc, 0x8f, 0x33, 0x1f, 0x1f, 0x33, 0x03, 0x71, 
    0x00, 0x02, 0x00, 0x66, 0xfe, 0x00, 0x03, 0xec, 0x04, 0x79, 0x00, 0x33, 
    0x00, 0x3f, 0x00, 0x00, 0x01, 0x22, 0x27, 0x35, 0x33, 0x1e, 0x01, 0x33, 
    0x32, 0x3e, 0x02, 0x35, 0x34, 0x2e, 0x04, 0x23, 0x27, 0x37, 0x2e, 0x01, 
    0x35, 0x34, 0x36, 0x37, 0x25, 0x15, 0x07, 0x1e, 0x01, 0x15, 0x14, 0x06, 
    0x23, 0x22, 0x27, 0x07, 0x32, 0x1e, 0x05, 0x15, 0x14, 0x0e, 0x02, 0x01, 
    0x14, 0x16, 0x33, 0x32, 0x36, 0x35, 0x34, 0x26, 0x23, 0x22, 0x06, 0x02, 
    0x1f, 0xc9, 0xc0, 0x28, 0x37, 0xb9, 0x81, 0x3b, 0x72, 0x5f, 0x3a, 0x42, 
    0x76, 0x8a, 0xac, 0x8e, 0x4f, 0x14, 0x9f, 0x5f, 0x70, 0xbf, 0x95, 0x01, 
    0xd5, 0xf7, 0x7c, 0x9a, 0xf3, 0xb1, 0x56, 0x47, 0x54, 0x46, 0x6f, 0x9d, 
    0x78, 0x80, 0x53, 0x36, 0x4c, 0x80, 0xa5, 0xfe, 0x8f, 0x92, 0x70, 0x6d, 
    0x91, 0x91, 0x6d, 0x70, 0x92, 0xfe, 0x00, 0x6f, 0xcc, 0x78, 0x86, 0x1d, 
    0x35, 0x58, 0x36, 0x3a, 0x5b, 0x39, 0x28, 0x13, 0x07, 0x39, 0xec, 0x32, 
    0xaf, 0x67, 0x8a, 0xc9, 0x21, 0x6b, 0x67, 0x12, 0x27, 0xc2, 0x7d, 0x9f, 
    0xdc, 0x1a, 0x81, 0x04, 0x0f, 0x1c, 0x34, 0x48, 0x6e, 0x45, 0x53, 0x86, 
    0x54, 0x2d, 0x04, 0x9c, 0x8a, 0xb6, 0xb6, 0x8a, 0x87, 0xb4, 0xb3, 0x00, 
    0x00, 0x01, 0x00, 0x52, 0x00, 0x00, 0x04, 0x14, 0x05, 0x9a, 0x00, 0x22, 
    0x00, 0x00, 0x33, 0x35, 0x37, 0x11, 0x27, 0x35, 0x33, 0x32, 0x16, 0x15, 
    0x11, 0x3e, 0x01, 0x33, 0x32, 0x16, 0x15, 0x11, 0x17, 0x15, 0x21, 0x35, 
    0x37, 0x11, 0x34, 0x26, 0x23, 0x22, 0x0e, 0x02, 0x15, 0x11, 0x17, 0x15, 
    0x52, 0x66, 0x66, 0xb8, 0x26, 0x18, 0x36, 0xaf, 0x60, 0x7d, 0xa4, 0x66, 
    0xfe, 0xa4, 0x67, 0x71, 0x50, 0x31, 0x5f, 0x53, 0x33, 0x66, 0x1f, 0x33, 
    0x04, 0xf6, 0x33, 0x1f, 0x2b, 0x3a, 0xfe, 0x0d, 0x64, 0x6e, 0xb2, 0x97, 
    0xfd, 0x87, 0x33, 0x1f, 0x1f, 0x33, 0x02, 0x79, 0x77, 0x70, 0x2b, 0x56, 
    0x98, 0x62, 0xfe, 0x1b, 0x33, 0x1f, 0x00, 0x00, 0x00, 0x02, 0x00, 0x52, 
    0x00, 0x00, 0x01, 0xae, 0x05, 0x31, 0x00, 0x09, 0x00, 0x16, 0x00, 0x00, 
    0x13, 0x34, 0x36, 0x32, 0x16, 0x15, 0x14, 0x06, 0x22, 0x26, 0x03, 0x35, 
    0x37, 0x11, 0x27, 0x35, 0x33, 0x32, 0x16, 0x15, 0x11, 0x17, 0x15, 0x8f, 
    0x2c, 0x62, 0x2b, 0x2a, 0x64, 0x2b, 0x3d, 0x66, 0x66, 0xb8, 0x26, 0x18, 
    0x66, 0x04, 0xd7, 0x2f, 0x2b, 0x2a, 0x30, 0x31, 0x2b, 0x2b, 0xfb, 0x5a, 
    0x1f, 0x33, 0x03, 0x5c, 0x33, 0x1f, 0x2a, 0x3a, 0xfc, 0xb6, 0x33, 0x1f, 
    0x00, 0x02, 0xff, 0x60, 0xfe, 0x00, 0x00, 0xcf, 0x05, 0x31, 0x00, 0x09, 
    0x00, 0x18, 0x00, 0x00, 0x13, 0x34, 0x36, 0x32, 0x16, 0x15, 0x14, 0x06, 
    0x22, 0x26, 0x03, 0x32, 0x36, 0x35, 0x11, 0x27, 0x35, 0x33, 0x32, 0x16, 
    0x15, 0x11, 0x14, 0x02, 0x23, 0x17, 0x2b, 0x62, 0x2b, 0x2b, 0x62, 0x2b, 
    0xb7, 0x6a, 0x75, 0x66, 0xb8, 0x26, 0x18, 0xd3, 0x9c, 0x04, 0xd7, 0x30, 
    0x2a, 0x2a, 0x30, 0x31, 0x2b, 0x2b, 0xf9, 0x83, 0xfd, 0xee, 0x03, 0x9a, 
    0x33, 0x1f, 0x2a, 0x3a, 0xfc, 0x78, 0xe9, 0xfe, 0xd5, 0x00, 0x00, 0x00, 
    0x00, 0x02, 0x00, 0x52, 0x00, 0x00, 0x03, 0x8d, 0x05, 0x9a, 0x00, 0x03, 
    0x00, 0x1e, 0x00, 0x00, 0x21, 0x23, 0x35, 0x37, 0x05, 0x35, 0x37, 0x11, 
    0x27, 0x35, 0x33, 0x32, 0x16, 0x15, 0x11, 0x01, 0x27, 0x35, 0x21, 0x15, 
    0x07, 0x03, 0x01, 0x17, 0x15, 0x23, 0x03, 0x07, 0x11, 0x17, 0x15, 0x02, 
    0xba, 0x66, 0x3d, 0xfd, 0xc1, 0x66, 0x66, 0xb8, 0x26, 0x18, 0x01, 0x83, 
    0x4e, 0x01, 0x10, 0x7d, 0xed, 0x01, 0x0e, 0x5c, 0xd3, 0xfc, 0x76, 0x66, 
    0x1f, 0x35, 0x54, 0x1f, 0x33, 0x04, 0xf6, 0x33, 0x1f, 0x2b, 0x3a, 0xfc, 
    0x9c, 0x01, 0xdd, 0x33, 0x1f, 0x1f, 0x3d, 0xfe, 0xdb, 0xfd, 0xd5, 0x35, 
    0x1f, 0x02, 0x04, 0x93, 0xfe, 0xe1, 0x33, 0x1f, 0x00, 0x01, 0x00, 0x52, 
    0x00, 0x00, 0x01, 0xae, 0x05, 0x9a, 0x00, 0x0c, 0x00, 0x00, 0x33, 0x35, 
    0x37, 0x11, 0x27, 0x35, 0x33, 0x32, 0x16, 0x15, 0x11, 0x17, 0x15, 0x52, 
    0x66, 0x66, 0xb8, 0x26, 0x18, 0x66, 0x1f, 0x33, 0x04, 0xf6, 0x33, 0x1f, 
    0x2b, 0x3a, 0xfb, 0x1d, 0x33, 0x1f, 0x00, 0x00, 0x00, 0x01, 0x00, 0x52, 
    0x00, 0x00, 0x06, 0x7b, 0x04, 0x14, 0x00, 0x37, 0x00, 0x00, 0x33, 0x35, 
    0x37, 0x11, 0x27, 0x35, 0x33, 0x32, 0x16, 0x1d, 0x01, 0x3e, 0x01, 0x33, 
    0x32, 0x16, 0x17, 0x3e, 0x01, 0x33, 0x32, 0x16, 0x15, 0x11, 0x17, 0x15, 
    0x21, 0x35, 0x37, 0x11, 0x34, 0x26, 0x23, 0x22, 0x0e, 0x02, 0x15, 0x11, 
    0x17, 0x15, 0x21, 0x35, 0x37, 0x11, 0x34, 0x26, 0x23, 0x22, 0x0e, 0x02, 
    0x15, 0x11, 0x17, 0x15, 0x52, 0x66, 0x66, 0xb8, 0x26, 0x18, 0x36, 0xaf, 
    0x60, 0x67, 0x98, 0x18, 0x34, 0xb6, 0x66, 0x7d, 0xa3, 0x67, 0xfe, 0xa4, 
    0x66, 0x70, 0x50, 0x31, 0x5f, 0x54, 0x33, 0x66, 0xfe, 0xa4, 0x67, 0x71, 
    0x50, 0x31, 0x5f, 0x53, 0x33, 0x66, 0x1f, 0x33, 0x03, 0x5c, 0x33, 0x1f, 
    0x2a, 0x3a, 0x5a, 0x64, 0x6e, 0x7a, 0x6d, 0x6f, 0x78, 0xb2, 0x97, 0xfd, 
    0x87, 0x33, 0x1f, 0x1f, 0x33, 0x02, 0x79, 0x77, 0x70, 0x2b, 0x56, 0x98, 
    0x62, 0xfe, 0x1b, 0x33, 0x1f, 0x1f, 0x33, 0x02, 0x79, 0x77, 0x70, 0x2b, 
    0x56, 0x98, 0x62, 0xfe, 0x1b, 0x33, 0x1f, 0x00, 0x00, 0x01, 0x00, 0x52, 
    0x00, 0x00, 0x04, 0x14, 0x04, 0x14, 0x00, 0x22, 0x00, 0x00, 0x33, 0x35, 
    0x37, 0x11, 0x27, 0x35, 0x33, 0x32, 0x16, 0x1d, 0x01, 0x3e, 0x01, 0x33, 
    0x32, 0x16, 0x15, 0x11, 0x17, 0x15, 0x21, 0x35, 0x37, 0x11, 0x34, 0x26, 
    0x23, 0x22, 0x0e, 0x02, 0x15, 0x11, 0x17, 0x15, 0x52, 0x66, 0x66, 0xb8, 
    0x26, 0x18, 0x36, 0xaf, 0x60, 0x7d, 0xa4, 0x66, 0xfe, 0xa4, 0x67, 0x71, 
    0x50, 0x31, 0x5f, 0x53, 0x33, 0x66, 0x1f, 0x33, 0x03, 0x5c, 0x33, 0x1f, 
    0x2a, 0x3a, 0x5a, 0x64, 0x6e, 0xb2, 0x97, 0xfd, 0x87, 0x33, 0x1f, 0x1f, 
    0x33, 0x02, 0x79, 0x77, 0x70, 0x2b, 0x56, 0x98, 0x62, 0xfe, 0x1b, 0x33, 
    0x1f, 0x00, 0x00, 0x00, 0x00, 0x02, 0x00, 0x66, 0xff, 0xec, 0x04, 0x7b, 
    0x04, 0x14, 0x00, 0x0e, 0x00, 0x1a, 0x00, 0x00, 0x13, 0x34, 0x3e, 0x02, 
    0x33, 0x32, 0x1e, 0x01, 0x10, 0x0e, 0x01, 0x20, 0x2e, 0x01, 0x37, 0x14, 
    0x12, 0x33, 0x32, 0x12, 0x35, 0x34, 0x02, 0x23, 0x22, 0x02, 0x66, 0x53, 
    0x8c, 0xc1, 0x6b, 0x90, 0xf0, 0x8a, 0x8a, 0xf0, 0xfe, 0xe0, 0xf1, 0x8a, 
    0xa4, 0xcc, 0x9d, 0x9a, 0xca, 0xcb, 0x99, 0x9c, 0xcd, 0x02, 0x00, 0x6e, 
    0xc6, 0x8d, 0x53, 0x8c, 0xf5, 0xfe, 0xda, 0xf5, 0x8c, 0x8e, 0xf5, 0x93, 
    0xcc, 0xfe, 0xf3, 0x01, 0x0d, 0xcc, 0xc9, 0x01, 0x0c, 0xfe, 0xf5, 0x00, 
    0x00, 0x02, 0x00, 0x52, 0xfe, 0x00, 0x04, 0x5c, 0x04, 0x14, 0x00, 0x0c, 
    0x00, 0x28, 0x00, 0x00, 0x01, 0x34, 0x26, 0x23, 0x22, 0x06, 0x15, 0x11, 
    0x14, 0x16, 0x33, 0x32, 0x36, 0x01, 0x35, 0x37, 0x11, 0x27, 0x35, 0x33, 
    0x32, 0x16, 0x1d, 0x01, 0x3e, 0x01, 0x33, 0x32, 0x1e, 0x01, 0x15, 0x14, 
    0x0e, 0x01, 0x23, 0x22, 0x26, 0x27, 0x11, 0x17, 0x15, 0x03, 0xb8, 0xb9, 
    0x95, 0x78, 0xaa, 0xaf, 0x78, 0x94, 0xb5, 0xfc, 0x9a, 0x66, 0x66, 0xb8, 
    0x26, 0x18, 0x34, 0xac, 0x65, 0x7d, 0xd5, 0x7d, 0x7d, 0xd3, 0x7b, 0x65, 
    0xae, 0x36, 0x66, 0x01, 0xfe, 0xc9, 0xf5, 0xa2, 0x99, 0xfe, 0xfe, 0x98, 
    0xa3, 0xf3, 0xfc, 0xc9, 0x1f, 0x33, 0x05, 0x5c, 0x33, 0x1f, 0x41, 0x57, 
    0x04, 0x54, 0x5c, 0x8c, 0xf5, 0x93, 0x92, 0xf6, 0x8c, 0x5f, 0x55, 0xfd, 
    0xb2, 0x33, 0x1f, 0x00, 0x00, 0x02, 0x00, 0x66, 0xfe, 0x00, 0x04, 0x71, 
    0x04, 0x14, 0x00, 0x0c, 0x00, 0x23, 0x00, 0x00, 0x01, 0x14, 0x16, 0x33, 
    0x32, 0x36, 0x35, 0x11, 0x34, 0x26, 0x23, 0x22, 0x06, 0x01, 0x11, 0x17, 
    0x15, 0x21, 0x35, 0x37, 0x11, 0x0e, 0x01, 0x23, 0x22, 0x2e, 0x01, 0x35, 
    0x34, 0x3e, 0x01, 0x33, 0x32, 0x16, 0x17, 0x37, 0x01, 0x0a, 0xb6, 0x94, 
    0x78, 0xaf, 0xab, 0x78, 0x95, 0xb9, 0x03, 0x00, 0x67, 0xfe, 0xa3, 0x67, 
    0x35, 0xb0, 0x65, 0x7b, 0xd3, 0x7d, 0x7d, 0xd5, 0x7d, 0x64, 0xae, 0x34, 
    0x52, 0x01, 0xfe, 0xc7, 0xf3, 0xa3, 0x98, 0x01, 0x02, 0x99, 0xa2, 0xf5, 
    0x01, 0x39, 0xfa, 0x52, 0x33, 0x1f, 0x1f, 0x33, 0x02, 0x4e, 0x55, 0x5f, 
    0x8c, 0xf6, 0x92, 0x93, 0xf5, 0x8c, 0x5e, 0x54, 0x9e, 0x00, 0x00, 0x00, 
    0x00, 0x01, 0x00, 0x52, 0x00, 0x00, 0x02, 0xcd, 0x04, 0x14, 0x00, 0x1a, 
    0x00, 0x00, 0x01, 0x15, 0x23, 0x2e, 0x01, 0x23, 0x22, 0x06, 0x15, 0x11, 
    0x17, 0x15, 0x21, 0x35, 0x37, 0x11, 0x27, 0x35, 0x33, 0x32, 0x16, 0x1d, 
    0x01, 0x3e, 0x01, 0x33, 0x32, 0x02, 0xcd, 0x29, 0x22, 0x45, 0x2f, 0x54, 
    0x72, 0x66, 0xfe, 0xa4, 0x66, 0x66, 0xb8, 0x26, 0x18, 0x28, 0x7a, 0x4b, 
    0x54, 0x03, 0xd9, 0xcd, 0x5d, 0x51, 0xd7, 0xc8, 0xfe, 0x37, 0x33, 0x1f, 
    0x1f, 0x33, 0x03, 0x5c, 0x33, 0x1f, 0x2a, 0x3a, 0x38, 0x56, 0x5a, 0x00, 
    0x00, 0x01, 0x00, 0x66, 0xff, 0xec, 0x03, 0x23, 0x04, 0x14, 0x00, 0x2b, 
    0x00, 0x00, 0x13, 0x34, 0x3e, 0x02, 0x33, 0x32, 0x17, 0x15, 0x23, 0x2e, 
    0x01, 0x23, 0x22, 0x06, 0x15, 0x14, 0x1e, 0x05, 0x15, 0x14, 0x06, 0x23, 
    0x22, 0x27, 0x35, 0x33, 0x1e, 0x01, 0x33, 0x32, 0x36, 0x35, 0x34, 0x2e, 
    0x05, 0x66, 0x2b, 0x55, 0x91, 0x5c, 0xb0, 0x83, 0x29, 0x25, 0x96, 0x61, 
    0x5b, 0x76, 0x3e, 0x63, 0x78, 0x79, 0x63, 0x3e, 0xbf, 0xb4, 0xc6, 0x84, 
    0x29, 0x31, 0x9c, 0x6b, 0x60, 0x71, 0x3e, 0x63, 0x78, 0x78, 0x63, 0x3e, 
    0x03, 0x04, 0x34, 0x5e, 0x4f, 0x2f, 0x43, 0xcd, 0x5e, 0x75, 0x63, 0x3f, 
    0x2a, 0x47, 0x36, 0x37, 0x42, 0x4d, 0x73, 0x45, 0x7d, 0xa7, 0x64, 0xcd, 
    0x67, 0x8d, 0x70, 0x4a, 0x34, 0x55, 0x3d, 0x39, 0x3c, 0x45, 0x64, 0x00, 
    0x00, 0x01, 0x00, 0x52, 0xff, 0xec, 0x02, 0x1d, 0x04, 0xdb, 0x00, 0x16, 
    0x00, 0x00, 0x25, 0x0e, 0x01, 0x23, 0x22, 0x26, 0x35, 0x11, 0x23, 0x35, 
    0x3e, 0x01, 0x37, 0x33, 0x15, 0x33, 0x15, 0x23, 0x11, 0x14, 0x33, 0x32, 
    0x37, 0x02, 0x1d, 0x1a, 0x5a, 0x3c, 0x55, 0x60, 0x66, 0x50, 0x56, 0x27, 
    0x29, 0xcc, 0xcc, 0x5a, 0x31, 0x25, 0x6a, 0x37, 0x47, 0x93, 0x7d, 0x02, 
    0xc7, 0x3d, 0x15, 0x61, 0x65, 0xdb, 0x3d, 0xfd, 0x3b, 0xc3, 0x42, 0x00, 
    0x00, 0x01, 0x00, 0x52, 0xff, 0xec, 0x04, 0x14, 0x04, 0x00, 0x00, 0x24, 
    0x00, 0x00, 0x25, 0x35, 0x0e, 0x01, 0x23, 0x22, 0x26, 0x35, 0x11, 0x27, 
    0x35, 0x33, 0x32, 0x16, 0x15, 0x11, 0x14, 0x16, 0x33, 0x32, 0x3e, 0x02, 
    0x35, 0x11, 0x27, 0x35, 0x33, 0x32, 0x16, 0x15, 0x11, 0x17, 0x15, 0x23, 
    0x22, 0x26, 0x03, 0x1f, 0x36, 0xb0, 0x60, 0x7d, 0xa4, 0x66, 0xb8, 0x26, 
    0x18, 0x70, 0x50, 0x31, 0x5f, 0x54, 0x33, 0x67, 0xb9, 0x26, 0x17, 0x66, 
    0xb8, 0x26, 0x17, 0x64, 0x5a, 0x64, 0x6e, 0xb2, 0x97, 0x02, 0x79, 0x33, 
    0x1f, 0x2a, 0x3a, 0xfd, 0x99, 0x77, 0x70, 0x2b, 0x56, 0x98, 0x62, 0x01, 
    0xe5, 0x33, 0x1f, 0x2a, 0x3a, 0xfc, 0xb6, 0x33, 0x1f, 0x2a, 0x00, 0x00, 
    0x00, 0x01, 0x00, 0x3d, 0xff, 0xec, 0x04, 0x21, 0x04, 0x00, 0x00, 0x0e, 
    0x00, 0x00, 0x05, 0x01, 0x27, 0x35, 0x21, 0x15, 0x07, 0x09, 0x01, 0x27, 
    0x35, 0x33, 0x15, 0x07, 0x01, 0x02, 0x17, 0xfe, 0x7a, 0x54, 0x01, 0x36, 
    0x46, 0x01, 0x2f, 0x01, 0x2f, 0x5a, 0xf0, 0x54, 0xfe, 0x83, 0x14, 0x03, 
    0xc0, 0x35, 0x1f, 0x1f, 0x35, 0xfd, 0x15, 0x02, 0xed, 0x33, 0x1f, 0x1f, 
    0x35, 0xfc, 0x54, 0x00, 0x00, 0x01, 0x00, 0x3d, 0xff, 0xec, 0x06, 0x64, 
    0x04, 0x14, 0x00, 0x14, 0x00, 0x00, 0x21, 0x07, 0x01, 0x27, 0x35, 0x21, 
    0x15, 0x07, 0x09, 0x01, 0x37, 0x09, 0x01, 0x27, 0x35, 0x33, 0x15, 0x07, 
    0x01, 0x07, 0x01, 0x02, 0x50, 0x39, 0xfe, 0x7a, 0x54, 0x01, 0x36, 0x46, 
    0x01, 0x27, 0x01, 0x06, 0x3c, 0x01, 0x10, 0x01, 0x29, 0x5a, 0xef, 0x54, 
    0xfe, 0x83, 0x3b, 0xfe, 0xf8, 0x14, 0x03, 0xc0, 0x35, 0x1f, 0x1f, 0x35, 
    0xfd, 0x29, 0x03, 0x2b, 0x14, 0xfc, 0xbb, 0x02, 0xdf, 0x33, 0x1f, 0x1f, 
    0x35, 0xfc, 0x54, 0x14, 0x03, 0x2b, 0x00, 0x00, 0x00, 0x01, 0x00, 0x3d, 
    0x00, 0x00, 0x03, 0x85, 0x04, 0x00, 0x00, 0x1b, 0x00, 0x00, 0x33, 0x35, 
    0x37, 0x13, 0x01, 0x27, 0x35, 0x21, 0x15, 0x07, 0x1b, 0x01, 0x27, 0x35, 
    0x33, 0x15, 0x07, 0x03, 0x01, 0x17, 0x15, 0x21, 0x35, 0x37, 0x0b, 0x01, 
    0x17, 0x15, 0x4c, 0x64, 0xf0, 0xfe, 0xfa, 0x5d, 0x01, 0x36, 0x38, 0xcb, 
    0xd3, 0x4a, 0xf6, 0x64, 0xf8, 0x01, 0x00, 0x5c, 0xfe, 0xcb, 0x37, 0xc4, 
    0xcb, 0x4a, 0x1f, 0x35, 0x01, 0x8d, 0x01, 0xc7, 0x39, 0x1f, 0x1f, 0x35, 
    0xfe, 0xa4, 0x01, 0x5e, 0x33, 0x1f, 0x1f, 0x35, 0xfe, 0x66, 0xfe, 0x46, 
    0x39, 0x1f, 0x1f, 0x35, 0x01, 0x50, 0xfe, 0xae, 0x33, 0x1f, 0x00, 0x00, 
    0x00, 0x01, 0x00, 0x3d, 0xfe, 0x00, 0x04, 0x21, 0x04, 0x00, 0x00, 0x19, 
    0x00, 0x00, 0x01, 0x22, 0x26, 0x35, 0x37, 0x16, 0x33, 0x32, 0x3f, 0x01, 
    0x01, 0x27, 0x35, 0x21, 0x15, 0x07, 0x09, 0x01, 0x27, 0x35, 0x33, 0x15, 
    0x07, 0x01, 0x0e, 0x01, 0x01, 0x06, 0x3a, 0x43, 0x0a, 0x39, 0x46, 0x6b, 
    0x50, 0x41, 0xfe, 0x83, 0x54, 0x01, 0x36, 0x46, 0x01, 0x2f, 0x01, 0x2f, 
    0x5a, 0xf0, 0x54, 0xfe, 0x41, 0x43, 0x80, 0xfe, 0x00, 0x87, 0x69, 0x04, 
    0x58, 0xc4, 0xa2, 0x03, 0xaa, 0x35, 0x1f, 0x1f, 0x35, 0xfd, 0x15, 0x02, 
    0xed, 0x33, 0x1f, 0x1f, 0x35, 0xfb, 0xb4, 0xa5, 0xbb, 0x00, 0x00, 0x00, 
    0x00, 0x01, 0x00, 0x52, 0x00, 0x00, 0x03, 0x23, 0x04, 0x00, 0x00, 0x0d, 
    0x00, 0x00, 0x25, 0x37, 0x33, 0x15, 0x21, 0x35, 0x01, 0x21, 0x07, 0x23, 
    0x35, 0x21, 0x15, 0x01, 0x02, 0x93, 0x67, 0x29, 0xfd, 0x2f, 0x02, 0x1b, 
    0xfe, 0x89, 0x67, 0x29, 0x02, 0xbd, 0xfd, 0xe5, 0x3d, 0x90, 0xcd, 0x1f, 
    0x03, 0xa4, 0x90, 0xcd, 0x1f, 0xfc, 0x5c, 0x00, 0x00, 0x01, 0x00, 0x56, 
    0xff, 0x06, 0x01, 0x87, 0x05, 0xb8, 0x00, 0x23, 0x00, 0x00, 0x13, 0x32, 
    0x3e, 0x01, 0x26, 0x3e, 0x02, 0x33, 0x15, 0x22, 0x0e, 0x01, 0x16, 0x0e, 
    0x02, 0x07, 0x1e, 0x03, 0x06, 0x1e, 0x01, 0x33, 0x15, 0x22, 0x2e, 0x02, 
    0x36, 0x2e, 0x02, 0x23, 0x56, 0x2c, 0x2c, 0x09, 0x01, 0x0b, 0x21, 0x5b, 
    0x4a, 0x21, 0x1e, 0x04, 0x05, 0x06, 0x17, 0x45, 0x39, 0x39, 0x45, 0x17, 
    0x06, 0x05, 0x04, 0x1e, 0x21, 0x41, 0x56, 0x26, 0x13, 0x02, 0x05, 0x0b, 
    0x2c, 0x27, 0x02, 0x71, 0x5d, 0x94, 0xb2, 0xb3, 0x94, 0x5d, 0x1e, 0x4f, 
    0x83, 0xa0, 0xaa, 0x95, 0x76, 0x17, 0x17, 0x74, 0x94, 0xa8, 0x9f, 0x82, 
    0x4f, 0x1f, 0x48, 0x75, 0x96, 0x9c, 0x96, 0x75, 0x48, 0x00, 0x00, 0x00, 
    0x00, 0x01, 0x00, 0x8f, 0xff, 0x06, 0x01, 0x1f, 0x05, 0x9a, 0x00, 0x03, 
    0x00, 0x00, 0x17, 0x11, 0x33, 0x11, 0x8f, 0x90, 0xfa, 0x06, 0x94, 0xf9, 
    0x6c, 0x00, 0x00, 0x00, 0x00, 0x01, 0x00, 0x50, 0xff, 0x06, 0x01, 0x81, 
    0x05, 0xb8, 0x00, 0x23, 0x00, 0x00, 0x01, 0x15, 0x22, 0x0e, 0x02, 0x16, 
    0x0e, 0x02, 0x23, 0x35, 0x32, 0x3e, 0x01, 0x26, 0x3e, 0x02, 0x37, 0x2e, 
    0x03, 0x36, 0x2e, 0x01, 0x23, 0x35, 0x32, 0x1e, 0x02, 0x06, 0x1e, 0x01, 
    0x01, 0x81, 0x27, 0x2c, 0x0b, 0x05, 0x02, 0x13, 0x26, 0x56, 0x41, 0x21, 
    0x1e, 0x04, 0x05, 0x06, 0x17, 0x45, 0x39, 0x39, 0x45, 0x17, 0x06, 0x05, 
    0x04, 0x1e, 0x21, 0x4a, 0x5b, 0x21, 0x0b, 0x01, 0x09, 0x2c, 0x02, 0x71, 
    0x29, 0x48, 0x75, 0x96, 0x9c, 0x96, 0x75, 0x48, 0x1f, 0x4f, 0x82, 0x9f, 
    0xa8, 0x94, 0x74, 0x17, 0x17, 0x76, 0x95, 0xaa, 0xa0, 0x83, 0x4f, 0x1e, 
    0x5d, 0x94, 0xb2, 0xb3, 0x94, 0x5d, 0x00, 0x00, 0x00, 0x01, 0x00, 0x8f, 
    0x02, 0x8a, 0x02, 0x98, 0x03, 0x12, 0x00, 0x13, 0x00, 0x00, 0x13, 0x23, 
    0x34, 0x3e, 0x01, 0x1e, 0x03, 0x36, 0x35, 0x33, 0x14, 0x0e, 0x01, 0x2e, 
    0x03, 0x06, 0xa4, 0x15, 0x2b, 0x46, 0x5a, 0x5e, 0x5a, 0x46, 0x2b, 0x15, 
    0x2b, 0x46, 0x5a, 0x5e, 0x5a, 0x46, 0x2b, 0x02, 0xac, 0x2d, 0x31, 0x08, 
    0x0a, 0x1b, 0x15, 0x0d, 0x0e, 0x17, 0x2d, 0x31, 0x08, 0x0a, 0x1b, 0x15, 
    0x0d, 0x0e, 0x00, 0x00, 0x00, 0x02, 0x00, 0x8f, 0xfe, 0xf4, 0x01, 0x48, 
    0x04, 0xa2, 0x00, 0x09, 0x00, 0x0e, 0x00, 0x00, 0x01, 0x14, 0x06, 0x22, 
    0x26, 0x35, 0x34, 0x36, 0x32, 0x16, 0x03, 0x13, 0x33, 0x13, 0x07, 0x01, 
    0x48, 0x2b, 0x62, 0x2c, 0x2b, 0x64, 0x2a, 0xae, 0x3d, 0x29, 0x42, 0x23, 
    0x04, 0x46, 0x30, 0x2a, 0x2b, 0x2f, 0x31, 0x2b, 0x2a, 0xfa, 0xe2, 0x04, 
    0x0a, 0xfb, 0xa4, 0x14, 0x00, 0x02, 0x00, 0x8f, 0x00, 0x00, 0x03, 0xf8, 
    0x05, 0x9a, 0x00, 0x1d, 0x00, 0x24, 0x00, 0x00, 0x01, 0x17, 0x0e, 0x01, 
    0x23, 0x22, 0x27, 0x07, 0x23, 0x37, 0x26, 0x02, 0x35, 0x34, 0x00, 0x3f, 
    0x01, 0x33, 0x07, 0x16, 0x17, 0x15, 0x23, 0x26, 0x27, 0x03, 0x16, 0x33, 
    0x32, 0x36, 0x05, 0x13, 0x06, 0x02, 0x15, 0x14, 0x16, 0x03, 0xd7, 0x21, 
    0x3d, 0xc3, 0x77, 0x13, 0x24, 0x17, 0x3d, 0x18, 0xa6, 0xd9, 0x01, 0x22, 
    0xde, 0x17, 0x3d, 0x16, 0x8d, 0x62, 0x29, 0x47, 0x87, 0x6f, 0x35, 0x23, 
    0x5d, 0x9b, 0xfe, 0x75, 0x6c, 0x91, 0xc3, 0x7d, 0x01, 0x98, 0x19, 0x58, 
    0x6f, 0x04, 0xbc, 0xc7, 0x2a, 0x01, 0x22, 0xbc, 0xdc, 0x01, 0x30, 0x06, 
    0xb9, 0xbb, 0x0b, 0x36, 0xcd, 0xae, 0x1f, 0xfc, 0x7b, 0x0b, 0x4b, 0x2e, 
    0x03, 0x79, 0x03, 0xfe, 0xf4, 0xc8, 0x99, 0xdc, 0x00, 0x01, 0x00, 0x8f, 
    0x00, 0x00, 0x03, 0xb8, 0x05, 0xb0, 0x00, 0x32, 0x00, 0x00, 0x13, 0x35, 
    0x33, 0x2e, 0x02, 0x35, 0x34, 0x36, 0x33, 0x32, 0x17, 0x15, 0x23, 0x2e, 
    0x01, 0x23, 0x22, 0x06, 0x15, 0x14, 0x1e, 0x04, 0x17, 0x21, 0x15, 0x21, 
    0x1e, 0x01, 0x0e, 0x01, 0x07, 0x21, 0x37, 0x33, 0x15, 0x21, 0x35, 0x37, 
    0x23, 0x3e, 0x03, 0x2e, 0x02, 0x27, 0x8f, 0x75, 0x1a, 0x1a, 0x1a, 0xdd, 
    0xcf, 0xc4, 0x92, 0x29, 0x2b, 0xa5, 0x67, 0x79, 0x85, 0x08, 0x08, 0x15, 
    0x0a, 0x1d, 0x04, 0x01, 0x93, 0xfe, 0x7f, 0x14, 0x0d, 0x0f, 0x4a, 0x42, 
    0x02, 0x10, 0x3d, 0x29, 0xfc, 0xfe, 0x02, 0x02, 0x30, 0x43, 0x26, 0x0d, 
    0x01, 0x16, 0x17, 0x13, 0x02, 0xae, 0x3e, 0x47, 0x4e, 0x7d, 0x37, 0xae, 
    0xcd, 0x43, 0xcd, 0x67, 0x6c, 0x96, 0x8b, 0x1f, 0x43, 0x2f, 0x4e, 0x21, 
    0x5b, 0x0b, 0x3e, 0x48, 0x73, 0x8b, 0x8f, 0x4a, 0x67, 0xf6, 0x3b, 0x02, 
    0x30, 0x60, 0x56, 0x60, 0x4e, 0x61, 0x4a, 0x32, 0x00, 0x02, 0x00, 0x8f, 
    0x01, 0x85, 0x03, 0x21, 0x04, 0x17, 0x00, 0x1b, 0x00, 0x23, 0x00, 0x00, 
    0x13, 0x34, 0x37, 0x27, 0x37, 0x17, 0x36, 0x33, 0x32, 0x17, 0x37, 0x17, 
    0x07, 0x16, 0x15, 0x14, 0x07, 0x17, 0x07, 0x27, 0x06, 0x23, 0x22, 0x27, 
    0x07, 0x27, 0x37, 0x26, 0x36, 0x14, 0x16, 0x32, 0x36, 0x34, 0x26, 0x22, 
    0xa2, 0x43, 0x56, 0x2b, 0x58, 0x54, 0x71, 0x73, 0x54, 0x58, 0x2b, 0x58, 
    0x43, 0x41, 0x56, 0x2b, 0x56, 0x53, 0x76, 0x74, 0x53, 0x56, 0x2b, 0x56, 
    0x43, 0x3d, 0x8d, 0xd6, 0x8d, 0x8d, 0xd6, 0x02, 0xcd, 0x76, 0x53, 0x56, 
    0x2b, 0x59, 0x44, 0x44, 0x59, 0x2b, 0x59, 0x53, 0x73, 0x77, 0x50, 0x56, 
    0x2b, 0x56, 0x43, 0x43, 0x56, 0x2b, 0x56, 0x53, 0xdf, 0xd6, 0x8d, 0x8d, 
    0xd6, 0x8d, 0x00, 0x00, 0x00, 0x01, 0x00, 0x3d, 0x00, 0x00, 0x04, 0x4a, 
    0x05, 0x9a, 0x00, 0x22, 0x00, 0x00, 0x01, 0x07, 0x23, 0x15, 0x21, 0x07, 
    0x23, 0x11, 0x17, 0x15, 0x21, 0x35, 0x37, 0x11, 0x21, 0x37, 0x21, 0x35, 
    0x21, 0x37, 0x33, 0x01, 0x27, 0x35, 0x21, 0x15, 0x07, 0x09, 0x01, 0x27, 
    0x35, 0x33, 0x15, 0x07, 0x01, 0x03, 0xa0, 0x15, 0xfa, 0x01, 0x0f, 0x15, 
    0xfa, 0x67, 0xfe, 0xa4, 0x66, 0xfe, 0xe5, 0x15, 0x01, 0x06, 0xfe, 0xe5, 
    0x15, 0xed, 0xfe, 0xb1, 0x5d, 0x01, 0x36, 0x36, 0x01, 0x32, 0x01, 0x31, 
    0x4c, 0xf6, 0x63, 0xfe, 0xac, 0x02, 0xfa, 0x3e, 0x7a, 0x3e, 0xfe, 0x4e, 
    0x33, 0x1f, 0x1f, 0x33, 0x01, 0xb2, 0x3e, 0x7a, 0x3e, 0x02, 0x48, 0x39, 
    0x1f, 0x1f, 0x37, 0xfd, 0xf1, 0x02, 0x13, 0x33, 0x1f, 0x1f, 0x35, 0xfd, 
    0xb4, 0x00, 0x00, 0x00, 0x00, 0x02, 0x00, 0x8f, 0xff, 0x06, 0x01, 0x1f, 
    0x05, 0x9a, 0x00, 0x03, 0x00, 0x07, 0x00, 0x00, 0x01, 0x23, 0x11, 0x33, 
    0x03, 0x33, 0x11, 0x23, 0x01, 0x1f, 0x90, 0x90, 0x90, 0x90, 0x90, 0x03, 
    0x33, 0x02, 0x67, 0xfb, 0xd3, 0xfd, 0x99, 0x00, 0x00, 0x02, 0x00, 0x8f, 
    0xff, 0xec, 0x03, 0x4c, 0x05, 0xae, 0x00, 0x34, 0x00, 0x43, 0x00, 0x00, 
    0x13, 0x34, 0x36, 0x37, 0x26, 0x35, 0x34, 0x3e, 0x02, 0x33, 0x32, 0x17, 
    0x15, 0x23, 0x2e, 0x01, 0x23, 0x22, 0x06, 0x15, 0x14, 0x1e, 0x05, 0x15, 
    0x14, 0x07, 0x16, 0x15, 0x14, 0x06, 0x23, 0x22, 0x27, 0x35, 0x33, 0x1e, 
    0x01, 0x33, 0x32, 0x36, 0x35, 0x34, 0x2e, 0x05, 0x37, 0x06, 0x15, 0x14, 
    0x1e, 0x02, 0x17, 0x36, 0x35, 0x34, 0x2e, 0x03, 0x8f, 0x3f, 0x3c, 0x7b, 
    0x2b, 0x55, 0x91, 0x5c, 0xae, 0x85, 0x29, 0x25, 0x96, 0x62, 0x5b, 0x75, 
    0x3e, 0x63, 0x78, 0x79, 0x63, 0x3e, 0x5c, 0x5c, 0xbf, 0xb4, 0xc6, 0x84, 
    0x29, 0x31, 0x9c, 0x6b, 0x60, 0x71, 0x3e, 0x63, 0x78, 0x78, 0x63, 0x3e, 
    0xb0, 0x3b, 0x5f, 0x7a, 0xb0, 0x34, 0x14, 0x30, 0x5f, 0x58, 0x89, 0x02, 
    0xf8, 0x3d, 0x6f, 0x27, 0x54, 0x79, 0x34, 0x61, 0x51, 0x30, 0x44, 0xcc, 
    0x5d, 0x76, 0x63, 0x3f, 0x2a, 0x49, 0x3a, 0x39, 0x42, 0x4b, 0x6d, 0x41, 
    0x7c, 0x53, 0x55, 0x76, 0x7f, 0xa9, 0x64, 0xcd, 0x67, 0x8d, 0x6f, 0x49, 
    0x33, 0x55, 0x3d, 0x37, 0x3b, 0x43, 0x62, 0xed, 0x35, 0x3c, 0x35, 0x57, 
    0x34, 0x51, 0x24, 0x27, 0x2d, 0x35, 0x56, 0x44, 0x2e, 0x40, 0x00, 0x00, 
    0x00, 0x02, 0x00, 0x8f, 0x05, 0x85, 0x01, 0xba, 0x06, 0x00, 0x00, 0x07, 
    0x00, 0x0f, 0x00, 0x00, 0x01, 0x34, 0x33, 0x32, 0x15, 0x14, 0x23, 0x22, 
    0x27, 0x34, 0x33, 0x32, 0x15, 0x14, 0x23, 0x22, 0x01, 0x39, 0x42, 0x3f, 
    0x3f, 0x42, 0xaa, 0x42, 0x3f, 0x3f, 0x42, 0x05, 0xc3, 0x3d, 0x3d, 0x3e, 
    0x3e, 0x3d, 0x3d, 0x3e, 0x00, 0x03, 0x00, 0x8f, 0x02, 0x91, 0x03, 0x98, 
    0x05, 0x9a, 0x00, 0x0b, 0x00, 0x17, 0x00, 0x31, 0x00, 0x00, 0x13, 0x34, 
    0x36, 0x33, 0x32, 0x16, 0x15, 0x14, 0x06, 0x23, 0x22, 0x26, 0x37, 0x1e, 
    0x01, 0x33, 0x32, 0x36, 0x35, 0x34, 0x26, 0x23, 0x22, 0x06, 0x01, 0x17, 
    0x0e, 0x01, 0x23, 0x22, 0x26, 0x35, 0x34, 0x36, 0x33, 0x32, 0x17, 0x15, 
    0x23, 0x2e, 0x01, 0x23, 0x22, 0x06, 0x15, 0x14, 0x16, 0x33, 0x32, 0x36, 
    0x8f, 0xe2, 0xa3, 0xa1, 0xe3, 0xe3, 0xa1, 0xa3, 0xe2, 0x1f, 0x02, 0xcf, 
    0x98, 0x94, 0xce, 0xce, 0x94, 0x98, 0xd2, 0x02, 0x3a, 0x09, 0x29, 0x78, 
    0x47, 0x6d, 0x97, 0xa5, 0x70, 0x69, 0x55, 0x14, 0x15, 0x62, 0x3a, 0x56, 
    0x70, 0x7f, 0x5c, 0x37, 0x65, 0x04, 0x17, 0xa1, 0xe2, 0xe2, 0xa1, 0xa3, 
    0xe3, 0xe3, 0x9e, 0x94, 0xce, 0xd1, 0x98, 0x94, 0xce, 0xd0, 0xfe, 0xe8, 
    0x06, 0x46, 0x51, 0xae, 0x79, 0x7d, 0x99, 0x4a, 0x7a, 0x61, 0x4f, 0x8d, 
    0x69, 0x6f, 0x8d, 0x36, 0x00, 0x02, 0x00, 0x8f, 0x03, 0xd5, 0x01, 0xf8, 
    0x05, 0xae, 0x00, 0x09, 0x00, 0x27, 0x00, 0x00, 0x01, 0x35, 0x0e, 0x01, 
    0x15, 0x14, 0x16, 0x33, 0x32, 0x36, 0x3d, 0x01, 0x34, 0x26, 0x23, 0x22, 
    0x06, 0x07, 0x23, 0x35, 0x36, 0x32, 0x16, 0x15, 0x11, 0x17, 0x15, 0x23, 
    0x22, 0x26, 0x3d, 0x01, 0x0e, 0x01, 0x23, 0x22, 0x26, 0x35, 0x34, 0x36, 
    0x01, 0x8d, 0x53, 0x67, 0x30, 0x24, 0x29, 0x3d, 0x30, 0x28, 0x25, 0x34, 
    0x17, 0x15, 0x44, 0x86, 0x51, 0x2d, 0x50, 0x11, 0x0a, 0x16, 0x4d, 0x2a, 
    0x34, 0x3d, 0x9c, 0x04, 0x6d, 0x78, 0x0e, 0x4b, 0x36, 0x25, 0x33, 0x41, 
    0xc3, 0x10, 0x44, 0x44, 0x37, 0x30, 0x58, 0x23, 0x4f, 0x4d, 0xfe, 0xfc, 
    0x16, 0x0f, 0x14, 0x1a, 0x0e, 0x24, 0x2c, 0x42, 0x2b, 0x45, 0x6c, 0x00, 
    0x00, 0x02, 0x00, 0x8f, 0x01, 0xa6, 0x02, 0xf2, 0x03, 0xf6, 0x00, 0x06, 
    0x00, 0x0d, 0x00, 0x00, 0x13, 0x35, 0x01, 0x33, 0x09, 0x01, 0x23, 0x03, 
    0x35, 0x01, 0x33, 0x09, 0x01, 0x23, 0x8f, 0x01, 0x50, 0x5e, 0xfe, 0xaa, 
    0x01, 0x56, 0x5e, 0x9b, 0x01, 0x4f, 0x5f, 0xfe, 0xaa, 0x01, 0x56, 0x5f, 
    0x02, 0xc9, 0x0a, 0x01, 0x23, 0xfe, 0xd9, 0xfe, 0xd7, 0x01, 0x23, 0x0a, 
    0x01, 0x23, 0xfe, 0xd9, 0xfe, 0xd7, 0x00, 0x00, 0x00, 0x01, 0x00, 0x8f, 
    0x01, 0xc3, 0x03, 0x33, 0x02, 0xec, 0x00, 0x05, 0x00, 0x00, 0x13, 0x35, 
    0x21, 0x11, 0x23, 0x35, 0x8f, 0x02, 0xa4, 0x3d, 0x02, 0xae, 0x3e, 0xfe, 
    0xd7, 0xeb, 0x00, 0x00, 0x00, 0x04, 0x00, 0x8f, 0x02, 0xba, 0x03, 0x6f, 
    0x05, 0x9a, 0x00, 0x0b, 0x00, 0x17, 0x00, 0x20, 0x00, 0x3e, 0x00, 0x00, 
    0x13, 0x34, 0x36, 0x33, 0x32, 0x16, 0x15, 0x14, 0x06, 0x23, 0x22, 0x26, 
    0x37, 0x1e, 0x01, 0x33, 0x32, 0x36, 0x35, 0x34, 0x26, 0x23, 0x22, 0x06, 
    0x17, 0x33, 0x32, 0x36, 0x35, 0x34, 0x26, 0x2b, 0x01, 0x37, 0x32, 0x16, 
    0x15, 0x14, 0x06, 0x07, 0x16, 0x1f, 0x02, 0x15, 0x23, 0x22, 0x26, 0x2f, 
    0x01, 0x2e, 0x01, 0x27, 0x23, 0x15, 0x17, 0x15, 0x23, 0x35, 0x37, 0x11, 
    0x27, 0x35, 0x8f, 0xd7, 0x9a, 0x98, 0xd7, 0xd7, 0x98, 0x9a, 0xd7, 0x1f, 
    0x02, 0xc4, 0x8e, 0x8a, 0xc4, 0xc4, 0x8a, 0x8e, 0xc7, 0xfd, 0x42, 0x30, 
    0x48, 0x43, 0x35, 0x42, 0x42, 0x53, 0x6d, 0x4b, 0x3a, 0x2a, 0x15, 0x34, 
    0x22, 0x26, 0x1b, 0x1b, 0x06, 0x35, 0x0d, 0x22, 0x1b, 0x31, 0x2d, 0x95, 
    0x2b, 0x2b, 0x04, 0x2b, 0x98, 0xd7, 0xd7, 0x98, 0x9a, 0xd7, 0xd7, 0x96, 
    0x8b, 0xc3, 0xc6, 0x8e, 0x8a, 0xc4, 0xc4, 0x82, 0x3f, 0x36, 0x33, 0x35, 
    0x15, 0x44, 0x3d, 0x31, 0x43, 0x0b, 0x12, 0x36, 0x8b, 0x19, 0x0c, 0x0f, 
    0x12, 0x91, 0x23, 0x1b, 0x02, 0xcf, 0x17, 0x0c, 0x0c, 0x17, 0x01, 0xb2, 
    0x17, 0x0c, 0x00, 0x00, 0x00, 0x01, 0x00, 0x8f, 0x05, 0x9a, 0x02, 0x8f, 
    0x05, 0xd7, 0x00, 0x03, 0x00, 0x00, 0x13, 0x35, 0x21, 0x15, 0x8f, 0x02, 
    0x00, 0x05, 0x9a, 0x3d, 0x3d, 0x00, 0x00, 0x00, 0x00, 0x02, 0x00, 0x8f, 
    0x04, 0x00, 0x02, 0x29, 0x05, 0x9a, 0x00, 0x07, 0x00, 0x0f, 0x00, 0x00, 
    0x12, 0x34, 0x36, 0x32, 0x16, 0x14, 0x06, 0x22, 0x02, 0x14, 0x16, 0x32, 
    0x36, 0x34, 0x26, 0x22, 0x8f, 0x77, 0xac, 0x77, 0x77, 0xac, 0x4e, 0x5f, 
    0x8a, 0x5f, 0x5f, 0x8a, 0x04, 0x77, 0xac, 0x77, 0x77, 0xac, 0x77, 0x01, 
    0x12, 0x8a, 0x5f, 0x5f, 0x8a, 0x5f, 0x00, 0x00, 0x00, 0x02, 0x00, 0x8f, 
    0x01, 0x00, 0x02, 0xf6, 0x04, 0x00, 0x00, 0x0b, 0x00, 0x0f, 0x00, 0x00, 
    0x13, 0x35, 0x21, 0x11, 0x33, 0x11, 0x21, 0x15, 0x21, 0x11, 0x23, 0x11, 
    0x01, 0x35, 0x21, 0x15, 0x8f, 0x01, 0x15, 0x3d, 0x01, 0x15, 0xfe, 0xeb, 
    0x3d, 0xfe, 0xeb, 0x02, 0x67, 0x02, 0xae, 0x3e, 0x01, 0x14, 0xfe, 0xec, 
    0x3e, 0xfe, 0xec, 0x01, 0x14, 0xfe, 0x52, 0x3d, 0x3d, 0x00, 0x00, 0x00, 
    0x00, 0x01, 0x00, 0x8f, 0x04, 0x00, 0x01, 0xc9, 0x06, 0x27, 0x00, 0x1c, 
    0x00, 0x00, 0x01, 0x14, 0x0e, 0x02, 0x07, 0x33, 0x37, 0x33, 0x15, 0x21, 
    0x34, 0x3e, 0x03, 0x35, 0x34, 0x26, 0x23, 0x22, 0x06, 0x07, 0x23, 0x35, 
    0x36, 0x33, 0x32, 0x16, 0x01, 0xc9, 0x46, 0x58, 0x63, 0x14, 0xea, 0x1a, 
    0x11, 0xfe, 0xc6, 0x32, 0x47, 0x47, 0x32, 0x33, 0x2d, 0x28, 0x44, 0x15, 
    0x11, 0x45, 0x45, 0x54, 0x5c, 0x05, 0x93, 0x32, 0x63, 0x44, 0x59, 0x24, 
    0x2d, 0x6a, 0x2f, 0x5a, 0x49, 0x49, 0x59, 0x2e, 0x31, 0x3f, 0x32, 0x30, 
    0x5a, 0x1d, 0x56, 0x00, 0x00, 0x01, 0x00, 0x8f, 0x03, 0xec, 0x01, 0xdf, 
    0x06, 0x27, 0x00, 0x24, 0x00, 0x00, 0x01, 0x14, 0x06, 0x07, 0x1e, 0x01, 
    0x15, 0x14, 0x06, 0x23, 0x22, 0x27, 0x35, 0x33, 0x16, 0x33, 0x32, 0x36, 
    0x34, 0x26, 0x23, 0x27, 0x3e, 0x01, 0x35, 0x34, 0x26, 0x23, 0x22, 0x06, 
    0x07, 0x23, 0x35, 0x36, 0x33, 0x32, 0x16, 0x01, 0xc9, 0x49, 0x34, 0x40, 
    0x53, 0x6c, 0x4e, 0x53, 0x43, 0x11, 0x3c, 0x49, 0x31, 0x42, 0x47, 0x41, 
    0x04, 0x31, 0x44, 0x34, 0x2c, 0x2a, 0x44, 0x13, 0x11, 0x40, 0x48, 0x54, 
    0x5e, 0x05, 0xaa, 0x2e, 0x42, 0x11, 0x0d, 0x4f, 0x3c, 0x46, 0x5f, 0x33, 
    0x5a, 0x79, 0x4f, 0x80, 0x4c, 0x14, 0x08, 0x40, 0x35, 0x2e, 0x38, 0x36, 
    0x2e, 0x5a, 0x1f, 0x4a, 0x00, 0x01, 0x00, 0x8f, 0x05, 0x29, 0x01, 0x71, 
    0x06, 0x00, 0x00, 0x04, 0x00, 0x00, 0x13, 0x37, 0x17, 0x15, 0x07, 0x8f, 
    0x94, 0x4e, 0xd3, 0x05, 0x37, 0xc9, 0x21, 0x0a, 0xac, 0x00, 0x00, 0x00, 
    0x00, 0x02, 0x00, 0x8f, 0xff, 0x06, 0x03, 0x87, 0x05, 0x9a, 0x00, 0x09, 
    0x00, 0x0d, 0x00, 0x00, 0x05, 0x11, 0x23, 0x22, 0x26, 0x10, 0x36, 0x3b, 
    0x01, 0x11, 0x33, 0x11, 0x33, 0x11, 0x02, 0xba, 0xa6, 0xac, 0xd9, 0xd9, 
    0xac, 0xe4, 0x52, 0x3d, 0xfa, 0x03, 0x50, 0xe9, 0x01, 0x72, 0xe9, 0xf9, 
    0x6c, 0x06, 0x94, 0xf9, 0x6c, 0x00, 0x00, 0x00, 0x00, 0x01, 0x00, 0x8f, 
    0x02, 0x73, 0x01, 0x48, 0x03, 0x29, 0x00, 0x09, 0x00, 0x00, 0x13, 0x34, 
    0x36, 0x32, 0x16, 0x15, 0x14, 0x06, 0x22, 0x26, 0x8f, 0x2c, 0x62, 0x2b, 
    0x2a, 0x64, 0x2b, 0x02, 0xcf, 0x2f, 0x2b, 0x2a, 0x30, 0x31, 0x2b, 0x2b, 
    0x00, 0x01, 0x00, 0x8f, 0xfe, 0xe1, 0x01, 0x3b, 0x00, 0x1f, 0x00, 0x0f, 
    0x00, 0x00, 0x17, 0x32, 0x35, 0x34, 0x26, 0x07, 0x27, 0x37, 0x33, 0x07, 
    0x36, 0x16, 0x15, 0x14, 0x06, 0x23, 0x8f, 0x6f, 0x2a, 0x32, 0x11, 0x11, 
    0x29, 0x0f, 0x3a, 0x45, 0x51, 0x54, 0xe1, 0x41, 0x1d, 0x23, 0x13, 0x0d, 
    0x85, 0x75, 0x0f, 0x32, 0x31, 0x33, 0x42, 0x00, 0x00, 0x01, 0x00, 0x8f, 
    0x03, 0x85, 0x01, 0x23, 0x05, 0xae, 0x00, 0x0a, 0x00, 0x00, 0x13, 0x35, 
    0x37, 0x11, 0x23, 0x35, 0x37, 0x17, 0x11, 0x17, 0x15, 0x8f, 0x2b, 0x2b, 
    0x5f, 0x0a, 0x2b, 0x03, 0x85, 0x0c, 0x17, 0x01, 0xac, 0x0c, 0x4e, 0x08, 
    0xfe, 0x02, 0x17, 0x0c, 0x00, 0x02, 0x00, 0x8f, 0x03, 0xc1, 0x02, 0x3d, 
    0x05, 0xae, 0x00, 0x0b, 0x00, 0x15, 0x00, 0x00, 0x13, 0x34, 0x36, 0x33, 
    0x32, 0x16, 0x15, 0x14, 0x06, 0x23, 0x22, 0x26, 0x37, 0x14, 0x16, 0x32, 
    0x36, 0x35, 0x34, 0x26, 0x22, 0x06, 0x8f, 0x7f, 0x5a, 0x59, 0x7c, 0x7c, 
    0x5b, 0x5a, 0x7d, 0x48, 0x50, 0x7e, 0x51, 0x51, 0x7e, 0x50, 0x04, 0xb8, 
    0x66, 0x90, 0x8f, 0x67, 0x68, 0x8f, 0x90, 0x67, 0x64, 0x7f, 0x7f, 0x64, 
    0x62, 0x80, 0x7f, 0x00, 0x00, 0x02, 0x00, 0x8f, 0x01, 0xa6, 0x02, 0xf2, 
    0x03, 0xf6, 0x00, 0x06, 0x00, 0x0d, 0x00, 0x00, 0x01, 0x15, 0x01, 0x23, 
    0x09, 0x01, 0x33, 0x13, 0x15, 0x01, 0x23, 0x09, 0x01, 0x33, 0x02, 0xf2, 
    0xfe, 0xb0, 0x5e, 0x01, 0x56, 0xfe, 0xaa, 0x5e, 0x9b, 0xfe, 0xb1, 0x5f, 
    0x01, 0x56, 0xfe, 0xaa, 0x5f, 0x02, 0xd3, 0x0a, 0xfe, 0xdd, 0x01, 0x27, 
    0x01, 0x29, 0xfe, 0xdd, 0x0a, 0xfe, 0xdd, 0x01, 0x27, 0x01, 0x29, 0x00, 
    0x00, 0x04, 0x00, 0x8f, 0x00, 0x00, 0x02, 0xe1, 0x05, 0xae, 0x00, 0x0a, 
    0x00, 0x0e, 0x00, 0x1f, 0x00, 0x22, 0x00, 0x00, 0x13, 0x35, 0x37, 0x11, 
    0x23, 0x35, 0x37, 0x17, 0x11, 0x17, 0x15, 0x03, 0x01, 0x33, 0x01, 0x37, 
    0x01, 0x33, 0x11, 0x33, 0x37, 0x33, 0x15, 0x23, 0x15, 0x17, 0x15, 0x23, 
    0x35, 0x37, 0x35, 0x23, 0x37, 0x33, 0x35, 0xb2, 0x2b, 0x2b, 0x5e, 0x0b, 
    0x2b, 0xb7, 0x01, 0xd3, 0x42, 0xfe, 0x2d, 0xb2, 0x01, 0x13, 0x16, 0x1b, 
    0x12, 0x08, 0x35, 0x2b, 0x93, 0x2b, 0xec, 0x35, 0xb7, 0x03, 0x85, 0x0c, 
    0x17, 0x01, 0xac, 0x0c, 0x4e, 0x08, 0xfe, 0x02, 0x17, 0x0c, 0xfc, 0x7b, 
    0x05, 0x9a, 0xfa, 0x66, 0xaa, 0x01, 0x77, 0xfe, 0xac, 0x12, 0x50, 0x6c, 
    0x17, 0x0c, 0x0c, 0x17, 0x6c, 0x3e, 0xfe, 0x00, 0x00, 0x03, 0x00, 0x8f, 
    0x00, 0x00, 0x03, 0x0c, 0x05, 0xae, 0x00, 0x0a, 0x00, 0x0e, 0x00, 0x2c, 
    0x00, 0x00, 0x13, 0x35, 0x37, 0x11, 0x23, 0x35, 0x37, 0x17, 0x11, 0x17, 
    0x15, 0x03, 0x01, 0x33, 0x09, 0x01, 0x14, 0x0e, 0x03, 0x07, 0x33, 0x37, 
    0x33, 0x15, 0x21, 0x34, 0x3e, 0x03, 0x35, 0x34, 0x26, 0x23, 0x22, 0x06, 
    0x07, 0x23, 0x35, 0x36, 0x33, 0x32, 0x16, 0xb2, 0x2b, 0x2b, 0x5e, 0x0b, 
    0x2b, 0xb7, 0x01, 0xd3, 0x42, 0xfe, 0x2d, 0x02, 0x3b, 0x2c, 0x47, 0x49, 
    0x47, 0x11, 0xe9, 0x1b, 0x10, 0xfe, 0xc7, 0x32, 0x47, 0x47, 0x32, 0x34, 
    0x2d, 0x28, 0x44, 0x15, 0x10, 0x45, 0x44, 0x54, 0x5c, 0x03, 0x85, 0x0c, 
    0x17, 0x01, 0xac, 0x0c, 0x4e, 0x08, 0xfe, 0x02, 0x17, 0x0c, 0xfc, 0x7b, 
    0x05, 0x9a, 0xfa, 0x66, 0x01, 0x93, 0x29, 0x4f, 0x41, 0x3b, 0x44, 0x1e, 
    0x2d, 0x6a, 0x2f, 0x5a, 0x49, 0x49, 0x59, 0x2e, 0x31, 0x3f, 0x32, 0x30, 
    0x5a, 0x1d, 0x56, 0x00, 0x00, 0x04, 0x00, 0x8f, 0x00, 0x00, 0x03, 0x4a, 
    0x05, 0xae, 0x00, 0x24, 0x00, 0x28, 0x00, 0x39, 0x00, 0x3c, 0x00, 0x00, 
    0x01, 0x14, 0x06, 0x07, 0x1e, 0x01, 0x15, 0x14, 0x06, 0x23, 0x22, 0x27, 
    0x35, 0x33, 0x16, 0x33, 0x32, 0x36, 0x34, 0x26, 0x23, 0x27, 0x3e, 0x01, 
    0x35, 0x34, 0x26, 0x23, 0x22, 0x06, 0x07, 0x23, 0x35, 0x36, 0x33, 0x32, 
    0x16, 0x03, 0x01, 0x33, 0x01, 0x37, 0x01, 0x33, 0x11, 0x33, 0x37, 0x33, 
    0x15, 0x23, 0x15, 0x17, 0x15, 0x23, 0x35, 0x37, 0x35, 0x23, 0x37, 0x33, 
    0x35, 0x01, 0xc9, 0x49, 0x34, 0x40, 0x53, 0x6c, 0x4e, 0x53, 0x43, 0x11, 
    0x3c, 0x49, 0x31, 0x42, 0x47, 0x41, 0x04, 0x31, 0x44, 0x34, 0x2c, 0x2a, 
    0x44, 0x13, 0x11, 0x40, 0x48, 0x54, 0x5e, 0xd1, 0x01, 0xd3, 0x41, 0xfe, 
    0x2d, 0xb3, 0x01, 0x12, 0x16, 0x1b, 0x13, 0x08, 0x36, 0x2b, 0x93, 0x2b, 
    0xeb, 0x35, 0xb6, 0x05, 0x31, 0x2e, 0x42, 0x11, 0x0d, 0x4e, 0x3c, 0x46, 
    0x60, 0x33, 0x5a, 0x79, 0x50, 0x80, 0x4b, 0x14, 0x08, 0x40, 0x35, 0x2e, 
    0x39, 0x36, 0x2f, 0x5a, 0x1f, 0x4a, 0xfa, 0x9c, 0x05, 0x9a, 0xfa, 0x66, 
    0xaa, 0x01, 0x77, 0xfe, 0xac, 0x12, 0x50, 0x6c, 0x17, 0x0c, 0x0c, 0x17, 
    0x6c, 0x3e, 0xfe, 0x00, 0x00, 0x02, 0x00, 0x8f, 0xfe, 0xf2, 0x03, 0x91, 
    0x04, 0xa2, 0x00, 0x0a, 0x00, 0x26, 0x00, 0x00, 0x01, 0x14, 0x06, 0x22, 
    0x26, 0x35, 0x34, 0x36, 0x33, 0x32, 0x16, 0x01, 0x34, 0x3e, 0x05, 0x35, 
    0x33, 0x14, 0x0e, 0x03, 0x15, 0x14, 0x16, 0x33, 0x32, 0x36, 0x37, 0x33, 
    0x15, 0x06, 0x23, 0x22, 0x26, 0x02, 0x9c, 0x2c, 0x62, 0x2b, 0x2b, 0x31, 
    0x32, 0x2b, 0xfd, 0xf3, 0x2d, 0x49, 0x58, 0x58, 0x49, 0x2d, 0x29, 0x3c, 
    0x54, 0x55, 0x3c, 0x89, 0x77, 0x65, 0xa5, 0x2b, 0x29, 0x92, 0xc4, 0xca, 
    0xe2, 0x04, 0x46, 0x2f, 0x2b, 0x2a, 0x30, 0x32, 0x2a, 0x2b, 0xfb, 0xcd, 
    0x3e, 0x73, 0x5f, 0x5f, 0x65, 0x6d, 0x8f, 0x50, 0x77, 0xc8, 0x89, 0x7d, 
    0x94, 0x50, 0x7e, 0x8e, 0x6c, 0x67, 0xcd, 0x43, 0xc0, 0x00, 0x00, 0x00, 
    0x00, 0x03, 0x00, 0x3d, 0x00, 0x00, 0x04, 0xfa, 0x06, 0xa4, 0x00, 0x04, 
    0x00, 0x14, 0x00, 0x17, 0x00, 0x00, 0x01, 0x07, 0x27, 0x35, 0x37, 0x01, 
    0x35, 0x37, 0x03, 0x21, 0x03, 0x17, 0x15, 0x23, 0x35, 0x37, 0x01, 0x37, 
    0x01, 0x17, 0x15, 0x01, 0x21, 0x01, 0x03, 0x0c, 0x0e, 0xd3, 0x4e, 0x01, 
    0x50, 0x47, 0x83, 0xfd, 0xc7, 0x85, 0x5e, 0xf0, 0x52, 0x01, 0xec, 0x3b, 
    0x01, 0xf2, 0x52, 0xfc, 0x70, 0x02, 0x0f, 0xfe, 0xf8, 0x05, 0xdb, 0x0e, 
    0xac, 0x0a, 0x21, 0xf9, 0x5c, 0x1f, 0x33, 0x01, 0x68, 0xfe, 0x98, 0x33, 
    0x1f, 0x1f, 0x35, 0x05, 0x46, 0x14, 0xfa, 0xa6, 0x35, 0x1f, 0x01, 0xf8, 
    0x02, 0xd3, 0x00, 0x00, 0x00, 0x03, 0x00, 0x3d, 0x00, 0x00, 0x04, 0xfa, 
    0x06, 0xa4, 0x00, 0x04, 0x00, 0x14, 0x00, 0x17, 0x00, 0x00, 0x01, 0x37, 
    0x17, 0x15, 0x07, 0x01, 0x35, 0x37, 0x03, 0x21, 0x03, 0x17, 0x15, 0x23, 
    0x35, 0x37, 0x01, 0x37, 0x01, 0x17, 0x15, 0x01, 0x21, 0x01, 0x02, 0x2b, 
    0x93, 0x4e, 0xd3, 0x01, 0x90, 0x47, 0x83, 0xfd, 0xc7, 0x85, 0x5e, 0xf0, 
    0x52, 0x01, 0xec, 0x3b, 0x01, 0xf2, 0x52, 0xfc, 0x70, 0x02, 0x0f, 0xfe, 
    0xf8, 0x05, 0xdb, 0xc9, 0x21, 0x0a, 0xac, 0xfa, 0x33, 0x1f, 0x33, 0x01, 
    0x68, 0xfe, 0x98, 0x33, 0x1f, 0x1f, 0x35, 0x05, 0x46, 0x14, 0xfa, 0xa6, 
    0x35, 0x1f, 0x01, 0xf8, 0x02, 0xd3, 0x00, 0x00, 0x00, 0x03, 0x00, 0x3d, 
    0x00, 0x00, 0x04, 0xfa, 0x06, 0xa4, 0x00, 0x06, 0x00, 0x16, 0x00, 0x19, 
    0x00, 0x00, 0x01, 0x27, 0x07, 0x27, 0x37, 0x33, 0x17, 0x13, 0x35, 0x37, 
    0x03, 0x21, 0x03, 0x17, 0x15, 0x23, 0x35, 0x37, 0x01, 0x37, 0x01, 0x17, 
    0x15, 0x01, 0x21, 0x01, 0x03, 0x23, 0x87, 0x88, 0x10, 0x83, 0x29, 0x83, 
    0x96, 0x47, 0x83, 0xfd, 0xc7, 0x85, 0x5e, 0xf0, 0x52, 0x01, 0xec, 0x3b, 
    0x01, 0xf2, 0x52, 0xfc, 0x70, 0x02, 0x0f, 0xfe, 0xf8, 0x05, 0xc5, 0x7a, 
    0x7a, 0x0c, 0xd3, 0xd3, 0xfa, 0x2f, 0x1f, 0x33, 0x01, 0x68, 0xfe, 0x98, 
    0x33, 0x1f, 0x1f, 0x35, 0x05, 0x46, 0x14, 0xfa, 0xa6, 0x35, 0x1f, 0x01, 
    0xf8, 0x02, 0xd3, 0x00, 0x00, 0x03, 0x00, 0x3d, 0x00, 0x00, 0x04, 0xfa, 
    0x06, 0x52, 0x00, 0x11, 0x00, 0x21, 0x00, 0x24, 0x00, 0x00, 0x01, 0x23, 
    0x34, 0x36, 0x33, 0x32, 0x16, 0x33, 0x32, 0x35, 0x33, 0x14, 0x06, 0x23, 
    0x22, 0x26, 0x23, 0x22, 0x01, 0x35, 0x37, 0x03, 0x21, 0x03, 0x17, 0x15, 
    0x23, 0x35, 0x37, 0x01, 0x37, 0x01, 0x17, 0x15, 0x01, 0x21, 0x01, 0x01, 
    0xf4, 0x15, 0x32, 0x2e, 0x26, 0x9c, 0x18, 0x2b, 0x14, 0x32, 0x2e, 0x26, 
    0x9b, 0x18, 0x2b, 0x01, 0xd5, 0x47, 0x83, 0xfd, 0xc7, 0x85, 0x5e, 0xf0, 
    0x52, 0x01, 0xec, 0x3b, 0x01, 0xf2, 0x52, 0xfc, 0x70, 0x02, 0x0f, 0xfe, 
    0xf8, 0x05, 0xf0, 0x37, 0x2b, 0x23, 0x23, 0x37, 0x2b, 0x22, 0xf9, 0xee, 
    0x1f, 0x33, 0x01, 0x68, 0xfe, 0x98, 0x33, 0x1f, 0x1f, 0x35, 0x05, 0x46, 
    0x14, 0xfa, 0xa6, 0x35, 0x1f, 0x01, 0xf8, 0x02, 0xd3, 0x00, 0x00, 0x00, 
    0x00, 0x04, 0x00, 0x3d, 0x00, 0x00, 0x04, 0xfa, 0x06, 0x71, 0x00, 0x07, 
    0x00, 0x0f, 0x00, 0x1f, 0x00, 0x22, 0x00, 0x00, 0x01, 0x34, 0x33, 0x32, 
    0x15, 0x14, 0x23, 0x22, 0x27, 0x34, 0x33, 0x32, 0x15, 0x14, 0x23, 0x22, 
    0x01, 0x35, 0x37, 0x03, 0x21, 0x03, 0x17, 0x15, 0x23, 0x35, 0x37, 0x01, 
    0x37, 0x01, 0x17, 0x15, 0x01, 0x21, 0x01, 0x02, 0xb0, 0x42, 0x3f, 0x3f, 
    0x42, 0xaa, 0x42, 0x3f, 0x3f, 0x42, 0x01, 0xc3, 0x47, 0x83, 0xfd, 0xc7, 
    0x85, 0x5e, 0xf0, 0x52, 0x01, 0xec, 0x3b, 0x01, 0xf2, 0x52, 0xfc, 0x70, 
    0x02, 0x0f, 0xfe, 0xf8, 0x06, 0x33, 0x3e, 0x3e, 0x3d, 0x3d, 0x3e, 0x3e, 
    0x3d, 0xfa, 0x0a, 0x1f, 0x33, 0x01, 0x68, 0xfe, 0x98, 0x33, 0x1f, 0x1f, 
    0x35, 0x05, 0x46, 0x14, 0xfa, 0xa6, 0x35, 0x1f, 0x01, 0xf8, 0x02, 0xd3, 
    0x00, 0x03, 0x00, 0x3d, 0x00, 0x00, 0x04, 0xfa, 0x06, 0x85, 0x00, 0x19, 
    0x00, 0x21, 0x00, 0x24, 0x00, 0x00, 0x21, 0x35, 0x37, 0x03, 0x21, 0x03, 
    0x17, 0x15, 0x23, 0x35, 0x37, 0x01, 0x2e, 0x01, 0x35, 0x34, 0x36, 0x32, 
    0x16, 0x15, 0x14, 0x06, 0x07, 0x01, 0x17, 0x15, 0x00, 0x14, 0x16, 0x32, 
    0x36, 0x34, 0x26, 0x22, 0x01, 0x21, 0x01, 0x03, 0xc9, 0x47, 0x83, 0xfd, 
    0xc7, 0x85, 0x5e, 0xf0, 0x52, 0x01, 0xe8, 0x28, 0x32, 0x49, 0x6c, 0x47, 
    0x30, 0x26, 0x01, 0xe5, 0x52, 0xfd, 0x4c, 0x31, 0x4a, 0x2f, 0x2f, 0x4a, 
    0xfe, 0xf3, 0x02, 0x0f, 0xfe, 0xf8, 0x1f, 0x33, 0x01, 0x68, 0xfe, 0x98, 
    0x33, 0x1f, 0x1f, 0x35, 0x05, 0x3b, 0x0b, 0x42, 0x2c, 0x36, 0x47, 0x47, 
    0x36, 0x2b, 0x42, 0x0c, 0xfa, 0xc5, 0x35, 0x1f, 0x06, 0x2d, 0x4a, 0x31, 
    0x31, 0x4a, 0x2f, 0xfb, 0x9c, 0x02, 0xd3, 0x00, 0x00, 0x02, 0x00, 0x3d, 
    0x00, 0x00, 0x06, 0x0c, 0x05, 0x9a, 0x00, 0x1f, 0x00, 0x22, 0x00, 0x00, 
    0x01, 0x37, 0x33, 0x11, 0x23, 0x27, 0x23, 0x11, 0x21, 0x37, 0x33, 0x15, 
    0x21, 0x35, 0x37, 0x11, 0x21, 0x03, 0x17, 0x15, 0x23, 0x35, 0x37, 0x01, 
    0x27, 0x35, 0x21, 0x15, 0x23, 0x27, 0x21, 0x11, 0x05, 0x21, 0x11, 0x04, 
    0x81, 0x3d, 0x29, 0x29, 0x3d, 0xe5, 0x01, 0xe1, 0x66, 0x29, 0xfc, 0x9a, 
    0x66, 0xfe, 0x77, 0xaa, 0x56, 0xf2, 0x5b, 0x02, 0x4f, 0x41, 0x03, 0x66, 
    0x29, 0x66, 0xfe, 0x1f, 0xfe, 0x04, 0x01, 0x6c, 0x02, 0xec, 0x7a, 0xfe, 
    0xcd, 0x7b, 0xfd, 0x8f, 0xb9, 0xf6, 0x1f, 0x33, 0x01, 0x68, 0xfe, 0x96, 
    0x31, 0x1f, 0x1f, 0x37, 0x04, 0xf4, 0x31, 0x1f, 0xf6, 0xb8, 0xfd, 0x90, 
    0xf4, 0x03, 0x10, 0x00, 0x00, 0x01, 0x00, 0x66, 0xfe, 0xe1, 0x04, 0xfc, 
    0x05, 0xae, 0x00, 0x2c, 0x00, 0x00, 0x05, 0x32, 0x35, 0x34, 0x26, 0x07, 
    0x27, 0x37, 0x26, 0x24, 0x02, 0x35, 0x34, 0x12, 0x24, 0x33, 0x32, 0x17, 
    0x15, 0x23, 0x2e, 0x01, 0x23, 0x22, 0x06, 0x02, 0x15, 0x14, 0x1e, 0x02, 
    0x33, 0x32, 0x36, 0x37, 0x17, 0x02, 0x21, 0x07, 0x36, 0x16, 0x15, 0x14, 
    0x06, 0x23, 0x02, 0xbc, 0x6f, 0x2a, 0x32, 0x11, 0x0b, 0xab, 0xfe, 0xe8, 
    0xa0, 0xb4, 0x01, 0x3e, 0xc5, 0xfd, 0xb3, 0x29, 0x47, 0xc5, 0x8c, 0x93, 
    0xec, 0x83, 0x5a, 0x9a, 0xc9, 0x70, 0x7a, 0xdc, 0x50, 0x1f, 0xd3, 0xfe, 
    0xc9, 0x09, 0x3a, 0x45, 0x51, 0x54, 0xe1, 0x41, 0x1d, 0x23, 0x13, 0x0d, 
    0x54, 0x0e, 0xc7, 0x01, 0x47, 0xc3, 0xcf, 0x01, 0x52, 0xc0, 0xa4, 0xcd, 
    0x94, 0xa0, 0xae, 0xfe, 0xd4, 0xb8, 0x95, 0xf8, 0xa4, 0x5a, 0x69, 0x5e, 
    0x1b, 0xfe, 0xec, 0x42, 0x0f, 0x32, 0x31, 0x33, 0x42, 0x00, 0x00, 0x00, 
    0x00, 0x02, 0x00, 0x52, 0x00, 0x00, 0x03, 0xe1, 0x06, 0xa4, 0x00, 0x04, 
    0x00, 0x1c, 0x00, 0x00, 0x01, 0x07, 0x27, 0x35, 0x37, 0x13, 0x37, 0x33, 
    0x11, 0x23, 0x27, 0x21, 0x11, 0x21, 0x37, 0x33, 0x15, 0x21, 0x35, 0x37, 
    0x11, 0x27, 0x35, 0x21, 0x15, 0x23, 0x27, 0x21, 0x11, 0x02, 0xb4, 0x0e, 
    0xd3, 0x4e, 0x35, 0x3d, 0x29, 0x29, 0x3d, 0xfe, 0xf2, 0x02, 0x0a, 0x66, 
    0x29, 0xfc, 0x71, 0x66, 0x66, 0x03, 0x8f, 0x29, 0x66, 0xfd, 0xf6, 0x05, 
    0xdb, 0x0e, 0xac, 0x0a, 0x21, 0xfc, 0x48, 0x7a, 0xfe, 0xcd, 0x7b, 0xfd, 
    0x8f, 0xb9, 0xf6, 0x1f, 0x33, 0x04, 0xf6, 0x33, 0x1f, 0xf6, 0xb8, 0xfd, 
    0x90, 0x00, 0x00, 0x00, 0x00, 0x02, 0x00, 0x52, 0x00, 0x00, 0x03, 0xe1, 
    0x06, 0xa4, 0x00, 0x04, 0x00, 0x1c, 0x00, 0x00, 0x01, 0x37, 0x17, 0x15, 
    0x07, 0x13, 0x37, 0x33, 0x11, 0x23, 0x27, 0x21, 0x11, 0x21, 0x37, 0x33, 
    0x15, 0x21, 0x35, 0x37, 0x11, 0x27, 0x35, 0x21, 0x15, 0x23, 0x27, 0x21, 
    0x11, 0x01, 0xd3, 0x93, 0x4e, 0xd3, 0x75, 0x3d, 0x29, 0x29, 0x3d, 0xfe, 
    0xf2, 0x02, 0x0a, 0x66, 0x29, 0xfc, 0x71, 0x66, 0x66, 0x03, 0x8f, 0x29, 
    0x66, 0xfd, 0xf6, 0x05, 0xdb, 0xc9, 0x21, 0x0a, 0xac, 0xfd, 0x1f, 0x7a, 
    0xfe, 0xcd, 0x7b, 0xfd, 0x8f, 0xb9, 0xf6, 0x1f, 0x33, 0x04, 0xf6, 0x33, 
    0x1f, 0xf6, 0xb8, 0xfd, 0x90, 0x00, 0x00, 0x00, 0x00, 0x02, 0x00, 0x52, 
    0x00, 0x00, 0x03, 0xe1, 0x06, 0xa4, 0x00, 0x06, 0x00, 0x1e, 0x00, 0x00, 
    0x01, 0x27, 0x07, 0x27, 0x37, 0x33, 0x17, 0x03, 0x37, 0x33, 0x11, 0x23, 
    0x27, 0x21, 0x11, 0x21, 0x37, 0x33, 0x15, 0x21, 0x35, 0x37, 0x11, 0x27, 
    0x35, 0x21, 0x15, 0x23, 0x27, 0x21, 0x11, 0x02, 0xcb, 0x87, 0x88, 0x10, 
    0x83, 0x29, 0x83, 0x85, 0x3d, 0x29, 0x29, 0x3d, 0xfe, 0xf2, 0x02, 0x0a, 
    0x66, 0x29, 0xfc, 0x71, 0x66, 0x66, 0x03, 0x8f, 0x29, 0x66, 0xfd, 0xf6, 
    0x05, 0xc5, 0x7a, 0x7a, 0x0c, 0xd3, 0xd3, 0xfd, 0x1b, 0x7a, 0xfe, 0xcd, 
    0x7b, 0xfd, 0x8f, 0xb9, 0xf6, 0x1f, 0x33, 0x04, 0xf6, 0x33, 0x1f, 0xf6, 
    0xb8, 0xfd, 0x90, 0x00, 0x00, 0x03, 0x00, 0x52, 0x00, 0x00, 0x03, 0xe1, 
    0x06, 0x71, 0x00, 0x07, 0x00, 0x0f, 0x00, 0x27, 0x00, 0x00, 0x01, 0x34, 
    0x33, 0x32, 0x15, 0x14, 0x23, 0x22, 0x27, 0x34, 0x33, 0x32, 0x15, 0x14, 
    0x23, 0x22, 0x13, 0x37, 0x33, 0x11, 0x23, 0x27, 0x21, 0x11, 0x21, 0x37, 
    0x33, 0x15, 0x21, 0x35, 0x37, 0x11, 0x27, 0x35, 0x21, 0x15, 0x23, 0x27, 
    0x21, 0x11, 0x02, 0x58, 0x42, 0x3f, 0x3f, 0x42, 0xaa, 0x42, 0x3f, 0x3f, 
    0x42, 0xa8, 0x3d, 0x29, 0x29, 0x3d, 0xfe, 0xf2, 0x02, 0x0a, 0x66, 0x29, 
    0xfc, 0x71, 0x66, 0x66, 0x03, 0x8f, 0x29, 0x66, 0xfd, 0xf6, 0x06, 0x33, 
    0x3e, 0x3e, 0x3d, 0x3d, 0x3e, 0x3e, 0x3d, 0xfc, 0xf6, 0x7a, 0xfe, 0xcd, 
    0x7b, 0xfd, 0x8f, 0xb9, 0xf6, 0x1f, 0x33, 0x04, 0xf6, 0x33, 0x1f, 0xf6, 
    0xb8, 0xfd, 0x90, 0x00, 0x00, 0x02, 0x00, 0x52, 0x00, 0x00, 0x01, 0xae, 
    0x06, 0xa4, 0x00, 0x04, 0x00, 0x10, 0x00, 0x00, 0x01, 0x07, 0x27, 0x35, 
    0x37, 0x03, 0x35, 0x37, 0x11, 0x27, 0x35, 0x21, 0x15, 0x07, 0x11, 0x17, 
    0x15, 0x01, 0x71, 0x0f, 0xd3, 0x4e, 0x8b, 0x66, 0x66, 0x01, 0x5c, 0x66, 
    0x66, 0x05, 0xdb, 0x0e, 0xac, 0x0a, 0x21, 0xf9, 0x5c, 0x1f, 0x33, 0x04, 
    0xf6, 0x33, 0x1f, 0x1f, 0x33, 0xfb, 0x0a, 0x33, 0x1f, 0x00, 0x00, 0x00, 
    0x00, 0x02, 0x00, 0x52, 0x00, 0x00, 0x01, 0xae, 0x06, 0xa4, 0x00, 0x04, 
    0x00, 0x10, 0x00, 0x00, 0x13, 0x37, 0x17, 0x15, 0x07, 0x03, 0x35, 0x37, 
    0x11, 0x27, 0x35, 0x21, 0x15, 0x07, 0x11, 0x17, 0x15, 0x8f, 0x94, 0x4e, 
    0xd3, 0x4c, 0x66, 0x66, 0x01, 0x5c, 0x66, 0x66, 0x05, 0xdb, 0xc9, 0x21, 
    0x0a, 0xac, 0xfa, 0x33, 0x1f, 0x33, 0x04, 0xf6, 0x33, 0x1f, 0x1f, 0x33, 
    0xfb, 0x0a, 0x33, 0x1f, 0x00, 0x02, 0x00, 0x52, 0x00, 0x00, 0x01, 0xae, 
    0x06, 0xa4, 0x00, 0x06, 0x00, 0x12, 0x00, 0x00, 0x01, 0x27, 0x07, 0x27, 
    0x37, 0x33, 0x17, 0x01, 0x35, 0x37, 0x11, 0x27, 0x35, 0x21, 0x15, 0x07, 
    0x11, 0x17, 0x15, 0x01, 0x87, 0x87, 0x87, 0x11, 0x84, 0x28, 0x84, 0xfe, 
    0xba, 0x66, 0x66, 0x01, 0x5c, 0x66, 0x66, 0x05, 0xc5, 0x7a, 0x7a, 0x0c, 
    0xd3, 0xd3, 0xfa, 0x2f, 0x1f, 0x33, 0x04, 0xf6, 0x33, 0x1f, 0x1f, 0x33, 
    0xfb, 0x0a, 0x33, 0x1f, 0x00, 0x03, 0x00, 0x52, 0x00, 0x00, 0x01, 0xae, 
    0x06, 0x71, 0x00, 0x07, 0x00, 0x0f, 0x00, 0x1b, 0x00, 0x00, 0x01, 0x34, 
    0x33, 0x32, 0x15, 0x14, 0x23, 0x22, 0x27, 0x34, 0x33, 0x32, 0x15, 0x14, 
    0x23, 0x22, 0x03, 0x35, 0x37, 0x11, 0x27, 0x35, 0x21, 0x15, 0x07, 0x11, 
    0x17, 0x15, 0x01, 0x14, 0x42, 0x40, 0x40, 0x42, 0xaa, 0x42, 0x40, 0x40, 
    0x42, 0x18, 0x66, 0x66, 0x01, 0x5c, 0x66, 0x66, 0x06, 0x33, 0x3e, 0x3e, 
    0x3d, 0x3d, 0x3e, 0x3e, 0x3d, 0xfa, 0x0a, 0x1f, 0x33, 0x04, 0xf6, 0x33, 
    0x1f, 0x1f, 0x33, 0xfb, 0x0a, 0x33, 0x1f, 0x00, 0x00, 0x02, 0x00, 0x52, 
    0x00, 0x00, 0x04, 0xcd, 0x05, 0x9a, 0x00, 0x11, 0x00, 0x1d, 0x00, 0x00, 
    0x29, 0x01, 0x35, 0x37, 0x11, 0x23, 0x35, 0x33, 0x11, 0x27, 0x35, 0x21, 
    0x32, 0x04, 0x12, 0x10, 0x02, 0x04, 0x25, 0x33, 0x32, 0x00, 0x10, 0x00, 
    0x2b, 0x01, 0x11, 0x21, 0x15, 0x21, 0x02, 0x14, 0xfe, 0x3e, 0x66, 0x66, 
    0x66, 0x66, 0x01, 0xc2, 0xc9, 0x01, 0x3d, 0xb3, 0xb3, 0xfe, 0xc3, 0xfe, 
    0x6b, 0xcf, 0xed, 0x01, 0x25, 0xfe, 0xdb, 0xed, 0xcf, 0x01, 0xd7, 0xfe, 
    0x29, 0x1f, 0x33, 0x02, 0x5c, 0x3e, 0x02, 0x5c, 0x33, 0x1f, 0xb3, 0xfe, 
    0xb9, 0xfe, 0x5a, 0xfe, 0xb9, 0xb3, 0x3d, 0x01, 0x68, 0x02, 0x50, 0x01, 
    0x67, 0xfd, 0x90, 0x3e, 0x00, 0x02, 0x00, 0x52, 0xff, 0xec, 0x04, 0x7f, 
    0x06, 0x5a, 0x00, 0x0d, 0x00, 0x21, 0x00, 0x00, 0x01, 0x23, 0x34, 0x36, 
    0x1e, 0x01, 0x36, 0x35, 0x33, 0x14, 0x06, 0x2e, 0x01, 0x06, 0x09, 0x01, 
    0x11, 0x17, 0x15, 0x21, 0x35, 0x37, 0x11, 0x27, 0x35, 0x33, 0x01, 0x11, 
    0x27, 0x35, 0x21, 0x15, 0x07, 0x11, 0x01, 0xc1, 0x15, 0x49, 0x69, 0x69, 
    0x49, 0x15, 0x49, 0x69, 0x69, 0x49, 0x02, 0x18, 0xfd, 0x1d, 0x66, 0xfe, 
    0xf6, 0x66, 0x66, 0xe5, 0x02, 0xa4, 0x66, 0x01, 0x0a, 0x66, 0x05, 0xf0, 
    0x3e, 0x2c, 0x11, 0x1b, 0x03, 0x21, 0x3e, 0x2c, 0x11, 0x1b, 0x03, 0xf9, 
    0xdb, 0x05, 0x00, 0xfb, 0x66, 0x33, 0x1f, 0x1f, 0x33, 0x04, 0xf6, 0x33, 
    0x1f, 0xfb, 0x6a, 0x04, 0x44, 0x33, 0x1f, 0x1f, 0x33, 0xfa, 0xb8, 0x00, 
    0x00, 0x03, 0x00, 0x66, 0xff, 0xec, 0x05, 0xae, 0x06, 0xa4, 0x00, 0x04, 
    0x00, 0x15, 0x00, 0x25, 0x00, 0x00, 0x01, 0x07, 0x27, 0x35, 0x37, 0x01, 
    0x34, 0x12, 0x24, 0x33, 0x32, 0x1e, 0x01, 0x12, 0x10, 0x02, 0x0e, 0x01, 
    0x23, 0x22, 0x24, 0x02, 0x37, 0x14, 0x12, 0x16, 0x33, 0x32, 0x36, 0x12, 
    0x35, 0x34, 0x02, 0x26, 0x23, 0x22, 0x06, 0x02, 0x03, 0x7b, 0x0e, 0xd3, 
    0x4d, 0xfd, 0x7f, 0xb2, 0x01, 0x36, 0xbc, 0x8e, 0xfb, 0xb3, 0x68, 0x68, 
    0xb3, 0xfb, 0x8e, 0xbd, 0xfe, 0xc9, 0xb0, 0xa4, 0x83, 0xec, 0x93, 0x92, 
    0xe9, 0x83, 0x83, 0xea, 0x91, 0x93, 0xec, 0x83, 0x05, 0xdb, 0x0e, 0xac, 
    0x0a, 0x21, 0xfc, 0x29, 0xcf, 0x01, 0x52, 0xc0, 0x71, 0xc3, 0xfe, 0xee, 
    0xfe, 0xca, 0xfe, 0xee, 0xc3, 0x71, 0xc2, 0x01, 0x52, 0xcf, 0xc1, 0xfe, 
    0xca, 0xaf, 0xaf, 0x01, 0x36, 0xc1, 0xbf, 0x01, 0x34, 0xaf, 0xaf, 0xfe, 
    0xcc, 0x00, 0x00, 0x00, 0x00, 0x03, 0x00, 0x66, 0xff, 0xec, 0x05, 0xae, 
    0x06, 0xa4, 0x00, 0x04, 0x00, 0x15, 0x00, 0x25, 0x00, 0x00, 0x01, 0x37, 
    0x17, 0x15, 0x07, 0x01, 0x34, 0x12, 0x24, 0x33, 0x32, 0x1e, 0x01, 0x12, 
    0x10, 0x02, 0x0e, 0x01, 0x23, 0x22, 0x24, 0x02, 0x37, 0x14, 0x12, 0x16, 
    0x33, 0x32, 0x36, 0x12, 0x35, 0x34, 0x02, 0x26, 0x23, 0x22, 0x06, 0x02, 
    0x02, 0x9a, 0x93, 0x4e, 0xd3, 0xfd, 0xbe, 0xb2, 0x01, 0x36, 0xbc, 0x8e, 
    0xfb, 0xb3, 0x68, 0x68, 0xb3, 0xfb, 0x8e, 0xbd, 0xfe, 0xc9, 0xb0, 0xa4, 
    0x83, 0xec, 0x93, 0x92, 0xe9, 0x83, 0x83, 0xea, 0x91, 0x93, 0xec, 0x83, 
    0x05, 0xdb, 0xc9, 0x21, 0x0a, 0xac, 0xfd, 0x00, 0xcf, 0x01, 0x52, 0xc0, 
    0x71, 0xc3, 0xfe, 0xee, 0xfe, 0xca, 0xfe, 0xee, 0xc3, 0x71, 0xc2, 0x01, 
    0x52, 0xcf, 0xc1, 0xfe, 0xca, 0xaf, 0xaf, 0x01, 0x36, 0xc1, 0xbf, 0x01, 
    0x34, 0xaf, 0xaf, 0xfe, 0xcc, 0x00, 0x00, 0x00, 0x00, 0x03, 0x00, 0x66, 
    0xff, 0xec, 0x05, 0xae, 0x06, 0xa4, 0x00, 0x06, 0x00, 0x17, 0x00, 0x27, 
    0x00, 0x00, 0x01, 0x27, 0x07, 0x27, 0x37, 0x33, 0x17, 0x01, 0x34, 0x12, 
    0x24, 0x33, 0x32, 0x1e, 0x01, 0x12, 0x10, 0x02, 0x0e, 0x01, 0x23, 0x22, 
    0x24, 0x02, 0x37, 0x14, 0x12, 0x16, 0x33, 0x32, 0x36, 0x12, 0x35, 0x34, 
    0x02, 0x26, 0x23, 0x22, 0x06, 0x02, 0x03, 0x91, 0x87, 0x87, 0x10, 0x83, 
    0x29, 0x83, 0xfc, 0xc4, 0xb2, 0x01, 0x36, 0xbc, 0x8e, 0xfb, 0xb3, 0x68, 
    0x68, 0xb3, 0xfb, 0x8e, 0xbd, 0xfe, 0xc9, 0xb0, 0xa4, 0x83, 0xec, 0x93, 
    0x92, 0xe9, 0x83, 0x83, 0xea, 0x91, 0x93, 0xec, 0x83, 0x05, 0xc5, 0x7a, 
    0x7a, 0x0c, 0xd3, 0xd3, 0xfc, 0xfc, 0xcf, 0x01, 0x52, 0xc0, 0x71, 0xc3, 
    0xfe, 0xee, 0xfe, 0xca, 0xfe, 0xee, 0xc3, 0x71, 0xc2, 0x01, 0x52, 0xcf, 
    0xc1, 0xfe, 0xca, 0xaf, 0xaf, 0x01, 0x36, 0xc1, 0xbf, 0x01, 0x34, 0xaf, 
    0xaf, 0xfe, 0xcc, 0x00, 0x00, 0x03, 0x00, 0x66, 0xff, 0xec, 0x05, 0xae, 
    0x06, 0x5a, 0x00, 0x0d, 0x00, 0x1e, 0x00, 0x2e, 0x00, 0x00, 0x01, 0x23, 
    0x34, 0x36, 0x1e, 0x01, 0x36, 0x35, 0x33, 0x14, 0x06, 0x2e, 0x01, 0x06, 
    0x01, 0x34, 0x12, 0x24, 0x33, 0x32, 0x1e, 0x01, 0x12, 0x10, 0x02, 0x0e, 
    0x01, 0x23, 0x22, 0x24, 0x02, 0x37, 0x14, 0x12, 0x16, 0x33, 0x32, 0x36, 
    0x12, 0x35, 0x34, 0x02, 0x26, 0x23, 0x22, 0x06, 0x02, 0x02, 0x62, 0x14, 
    0x49, 0x69, 0x69, 0x49, 0x15, 0x4a, 0x68, 0x69, 0x4a, 0xfe, 0x04, 0xb2, 
    0x01, 0x36, 0xbc, 0x8e, 0xfb, 0xb3, 0x68, 0x68, 0xb3, 0xfb, 0x8e, 0xbd, 
    0xfe, 0xc9, 0xb0, 0xa4, 0x83, 0xec, 0x93, 0x92, 0xe9, 0x83, 0x83, 0xea, 
    0x91, 0x93, 0xec, 0x83, 0x05, 0xf0, 0x3e, 0x2c, 0x11, 0x1b, 0x03, 0x21, 
    0x3e, 0x2c, 0x11, 0x1b, 0x03, 0xfc, 0xbc, 0xcf, 0x01, 0x52, 0xc0, 0x71, 
    0xc3, 0xfe, 0xee, 0xfe, 0xca, 0xfe, 0xee, 0xc3, 0x71, 0xc2, 0x01, 0x52, 
    0xcf, 0xc1, 0xfe, 0xca, 0xaf, 0xaf, 0x01, 0x36, 0xc1, 0xbf, 0x01, 0x34, 
    0xaf, 0xaf, 0xfe, 0xcc, 0x00, 0x04, 0x00, 0x66, 0xff, 0xec, 0x05, 0xae, 
    0x06, 0x71, 0x00, 0x08, 0x00, 0x11, 0x00, 0x22, 0x00, 0x32, 0x00, 0x00, 
    0x01, 0x34, 0x33, 0x32, 0x15, 0x14, 0x23, 0x22, 0x26, 0x27, 0x34, 0x33, 
    0x32, 0x15, 0x14, 0x23, 0x22, 0x26, 0x01, 0x34, 0x12, 0x24, 0x33, 0x32, 
    0x1e, 0x01, 0x12, 0x10, 0x02, 0x0e, 0x01, 0x23, 0x22, 0x24, 0x02, 0x37, 
    0x14, 0x12, 0x16, 0x33, 0x32, 0x36, 0x12, 0x35, 0x34, 0x02, 0x26, 0x23, 
    0x22, 0x06, 0x02, 0x03, 0x1f, 0x41, 0x40, 0x40, 0x22, 0x1f, 0xaa, 0x41, 
    0x40, 0x40, 0x22, 0x1f, 0xfd, 0xf1, 0xb2, 0x01, 0x36, 0xbc, 0x8e, 0xfb, 
    0xb3, 0x68, 0x68, 0xb3, 0xfb, 0x8e, 0xbd, 0xfe, 0xc9, 0xb0, 0xa4, 0x83, 
    0xec, 0x93, 0x92, 0xe9, 0x83, 0x83, 0xea, 0x91, 0x93, 0xec, 0x83, 0x06, 
    0x33, 0x3e, 0x3e, 0x3d, 0x1d, 0x20, 0x3e, 0x3e, 0x3d, 0x1d, 0xfc, 0xba, 
    0xcf, 0x01, 0x52, 0xc0, 0x71, 0xc3, 0xfe, 0xee, 0xfe, 0xca, 0xfe, 0xee, 
    0xc3, 0x71, 0xc2, 0x01, 0x52, 0xcf, 0xc1, 0xfe, 0xca, 0xaf, 0xaf, 0x01, 
    0x36, 0xc1, 0xbf, 0x01, 0x34, 0xaf, 0xaf, 0xfe, 0xcc, 0x00, 0x00, 0x00, 
    0x00, 0x01, 0x00, 0x8f, 0x01, 0xdf, 0x02, 0x6d, 0x03, 0xbc, 0x00, 0x0b, 
    0x00, 0x00, 0x13, 0x27, 0x37, 0x27, 0x37, 0x17, 0x37, 0x17, 0x07, 0x17, 
    0x07, 0x27, 0xba, 0x2b, 0xc5, 0xc5, 0x2b, 0xc5, 0xc3, 0x2b, 0xc3, 0xc3, 
    0x2b, 0xc3, 0x01, 0xdf, 0x2b, 0xc5, 0xc2, 0x2b, 0xc2, 0xc2, 0x2b, 0xc2, 
    0xc5, 0x2b, 0xc5, 0x00, 0x00, 0x03, 0x00, 0x66, 0xff, 0xec, 0x05, 0xae, 
    0x05, 0xae, 0x00, 0x18, 0x00, 0x22, 0x00, 0x2c, 0x00, 0x00, 0x13, 0x34, 
    0x12, 0x24, 0x33, 0x32, 0x17, 0x37, 0x33, 0x07, 0x16, 0x12, 0x15, 0x14, 
    0x02, 0x0e, 0x01, 0x23, 0x22, 0x27, 0x07, 0x23, 0x37, 0x26, 0x02, 0x37, 
    0x14, 0x12, 0x17, 0x01, 0x26, 0x23, 0x22, 0x06, 0x02, 0x09, 0x01, 0x16, 
    0x33, 0x32, 0x36, 0x12, 0x35, 0x34, 0x02, 0x66, 0xb2, 0x01, 0x36, 0xbc, 
    0x9c, 0x7d, 0x14, 0x44, 0x21, 0x9d, 0xb7, 0x68, 0xb3, 0xfb, 0x8e, 0x9b, 
    0x7d, 0x13, 0x43, 0x20, 0x9e, 0xb8, 0xa4, 0x73, 0x66, 0x02, 0x1f, 0x70, 
    0x86, 0x93, 0xec, 0x83, 0x03, 0x29, 0xfd, 0xe1, 0x70, 0x88, 0x92, 0xe9, 
    0x83, 0x72, 0x02, 0xcd, 0xcf, 0x01, 0x52, 0xc0, 0x3d, 0x29, 0x48, 0x5e, 
    0xfe, 0xac, 0xd3, 0x9b, 0xfe, 0xee, 0xc3, 0x71, 0x3d, 0x29, 0x46, 0x5f, 
    0x01, 0x57, 0xd3, 0xb5, 0xfe, 0xda, 0x5a, 0x04, 0x8b, 0x4c, 0xaf, 0xfe, 
    0xcc, 0x01, 0x70, 0xfb, 0x77, 0x4c, 0xaf, 0x01, 0x36, 0xc1, 0xb2, 0x01, 
    0x22, 0x00, 0x00, 0x00, 0x00, 0x02, 0x00, 0x52, 0xff, 0xec, 0x04, 0xa4, 
    0x06, 0xa4, 0x00, 0x04, 0x00, 0x1e, 0x00, 0x00, 0x01, 0x17, 0x07, 0x27, 
    0x35, 0x01, 0x11, 0x27, 0x35, 0x21, 0x15, 0x07, 0x11, 0x14, 0x04, 0x23, 
    0x22, 0x26, 0x35, 0x11, 0x27, 0x35, 0x21, 0x15, 0x07, 0x11, 0x14, 0x16, 
    0x33, 0x32, 0x36, 0x02, 0x6d, 0x93, 0x0e, 0xd3, 0x01, 0xe1, 0x66, 0x01, 
    0x0a, 0x67, 0xfe, 0xfc, 0xc2, 0xc1, 0xfe, 0x66, 0x01, 0x5c, 0x66, 0xcf, 
    0x95, 0x97, 0xbd, 0x06, 0xa4, 0xc9, 0x0e, 0xac, 0x0a, 0xfa, 0xfe, 0x03, 
    0xc7, 0x33, 0x1f, 0x1f, 0x33, 0xfc, 0x3b, 0xb8, 0xdf, 0xdc, 0xb5, 0x03, 
    0xcb, 0x33, 0x1f, 0x1f, 0x33, 0xfc, 0x39, 0x8e, 0xa7, 0xa9, 0x00, 0x00, 
    0x00, 0x02, 0x00, 0x52, 0xff, 0xec, 0x04, 0xa4, 0x06, 0xa4, 0x00, 0x04, 
    0x00, 0x1e, 0x00, 0x00, 0x01, 0x27, 0x37, 0x17, 0x15, 0x01, 0x11, 0x27, 
    0x35, 0x21, 0x15, 0x07, 0x11, 0x14, 0x04, 0x23, 0x22, 0x26, 0x35, 0x11, 
    0x27, 0x35, 0x21, 0x15, 0x07, 0x11, 0x14, 0x16, 0x33, 0x32, 0x36, 0x02, 
    0x2d, 0x0e, 0x93, 0x4e, 0x01, 0x00, 0x66, 0x01, 0x0a, 0x67, 0xfe, 0xfc, 
    0xc2, 0xc1, 0xfe, 0x66, 0x01, 0x5c, 0x66, 0xcf, 0x95, 0x97, 0xbd, 0x05, 
    0xcd, 0x0e, 0xc9, 0x21, 0x0a, 0xfb, 0x08, 0x03, 0xc7, 0x33, 0x1f, 0x1f, 
    0x33, 0xfc, 0x3b, 0xb8, 0xdf, 0xdc, 0xb5, 0x03, 0xcb, 0x33, 0x1f, 0x1f, 
    0x33, 0xfc, 0x39, 0x8e, 0xa7, 0xa9, 0x00, 0x00, 0x00, 0x02, 0x00, 0x52, 
    0xff, 0xec, 0x04, 0xa4, 0x06, 0xa4, 0x00, 0x06, 0x00, 0x20, 0x00, 0x00, 
    0x01, 0x07, 0x27, 0x07, 0x27, 0x37, 0x33, 0x01, 0x11, 0x27, 0x35, 0x21, 
    0x15, 0x07, 0x11, 0x14, 0x04, 0x23, 0x22, 0x26, 0x35, 0x11, 0x27, 0x35, 
    0x21, 0x15, 0x07, 0x11, 0x14, 0x16, 0x33, 0x32, 0x36, 0x03, 0x27, 0x10, 
    0x88, 0x87, 0x10, 0x83, 0x29, 0x01, 0x5c, 0x66, 0x01, 0x0a, 0x67, 0xfe, 
    0xfc, 0xc2, 0xc1, 0xfe, 0x66, 0x01, 0x5c, 0x66, 0xcf, 0x95, 0x97, 0xbd, 
    0x05, 0xd1, 0x0c, 0x7a, 0x7a, 0x0c, 0xd3, 0xfa, 0xdd, 0x03, 0xc7, 0x33, 
    0x1f, 0x1f, 0x33, 0xfc, 0x3b, 0xb8, 0xdf, 0xdc, 0xb5, 0x03, 0xcb, 0x33, 
    0x1f, 0x1f, 0x33, 0xfc, 0x39, 0x8e, 0xa7, 0xa9, 0x00, 0x03, 0x00, 0x52, 
    0xff, 0xec, 0x04, 0xa4, 0x06, 0x71, 0x00, 0x08, 0x00, 0x11, 0x00, 0x2b, 
    0x00, 0x00, 0x01, 0x34, 0x33, 0x32, 0x15, 0x14, 0x23, 0x22, 0x26, 0x27, 
    0x34, 0x33, 0x32, 0x15, 0x14, 0x23, 0x22, 0x26, 0x01, 0x11, 0x27, 0x35, 
    0x21, 0x15, 0x07, 0x11, 0x14, 0x04, 0x23, 0x22, 0x26, 0x35, 0x11, 0x27, 
    0x35, 0x21, 0x15, 0x07, 0x11, 0x14, 0x16, 0x33, 0x32, 0x36, 0x02, 0xa4, 
    0x41, 0x40, 0x40, 0x22, 0x1f, 0xaa, 0x41, 0x40, 0x40, 0x22, 0x1f, 0x02, 
    0x06, 0x66, 0x01, 0x0a, 0x67, 0xfe, 0xfc, 0xc2, 0xc1, 0xfe, 0x66, 0x01, 
    0x5c, 0x66, 0xcf, 0x95, 0x97, 0xbd, 0x06, 0x33, 0x3e, 0x3e, 0x3d, 0x1d, 
    0x20, 0x3e, 0x3e, 0x3d, 0x1d, 0xfb, 0x6e, 0x03, 0xc7, 0x33, 0x1f, 0x1f, 
    0x33, 0xfc, 0x3b, 0xb8, 0xdf, 0xdc, 0xb5, 0x03, 0xcb, 0x33, 0x1f, 0x1f, 
    0x33, 0xfc, 0x39, 0x8e, 0xa7, 0xa9, 0x00, 0x00, 0x00, 0x02, 0x00, 0x3d, 
    0x00, 0x00, 0x04, 0x4a, 0x06, 0xa4, 0x00, 0x04, 0x00, 0x19, 0x00, 0x00, 
    0x01, 0x27, 0x37, 0x17, 0x15, 0x13, 0x21, 0x35, 0x37, 0x11, 0x01, 0x27, 
    0x35, 0x21, 0x15, 0x07, 0x09, 0x01, 0x27, 0x35, 0x33, 0x15, 0x07, 0x01, 
    0x11, 0x17, 0x01, 0xf6, 0x0f, 0x94, 0x4e, 0x2f, 0xfe, 0xa4, 0x66, 0xfe, 
    0x98, 0x5d, 0x01, 0x36, 0x36, 0x01, 0x32, 0x01, 0x31, 0x4c, 0xf6, 0x63, 
    0xfe, 0xaa, 0x67, 0x05, 0xcd, 0x0e, 0xc9, 0x21, 0x0a, 0xf9, 0x87, 0x1f, 
    0x33, 0x02, 0x7d, 0x02, 0x73, 0x39, 0x1f, 0x1f, 0x37, 0xfd, 0xf1, 0x02, 
    0x13, 0x33, 0x1f, 0x1f, 0x35, 0xfd, 0xb0, 0xfd, 0x5c, 0x33, 0x00, 0x00, 
    0x00, 0x02, 0x00, 0x52, 0x00, 0x00, 0x04, 0x14, 0x05, 0x9a, 0x00, 0x08, 
    0x00, 0x1d, 0x00, 0x00, 0x01, 0x33, 0x32, 0x36, 0x35, 0x34, 0x26, 0x2b, 
    0x01, 0x13, 0x23, 0x11, 0x17, 0x15, 0x21, 0x35, 0x37, 0x11, 0x27, 0x35, 
    0x21, 0x15, 0x07, 0x11, 0x33, 0x32, 0x04, 0x15, 0x14, 0x04, 0x01, 0x48, 
    0xa6, 0xb2, 0xd1, 0xcf, 0xb4, 0xa6, 0xa4, 0xa4, 0x66, 0xfe, 0xa4, 0x66, 
    0x66, 0x01, 0x5c, 0x66, 0xa4, 0xf9, 0x01, 0x2f, 0xfe, 0xce, 0x01, 0x9a, 
    0xae, 0x8d, 0x8b, 0xa0, 0xfd, 0x5c, 0xfe, 0xf6, 0x33, 0x1f, 0x1f, 0x33, 
    0x04, 0xf6, 0x33, 0x1f, 0x1f, 0x33, 0xfe, 0xf5, 0xc4, 0xa4, 0xa5, 0xd4, 
    0x00, 0x01, 0x00, 0x52, 0xff, 0xec, 0x04, 0x3d, 0x05, 0x9a, 0x00, 0x35, 
    0x00, 0x00, 0x05, 0x22, 0x26, 0x27, 0x37, 0x16, 0x33, 0x32, 0x36, 0x35, 
    0x34, 0x2e, 0x02, 0x2b, 0x01, 0x35, 0x33, 0x32, 0x36, 0x35, 0x34, 0x26, 
    0x23, 0x22, 0x06, 0x15, 0x11, 0x17, 0x15, 0x21, 0x35, 0x37, 0x11, 0x34, 
    0x3e, 0x02, 0x33, 0x32, 0x1e, 0x02, 0x15, 0x14, 0x06, 0x07, 0x1e, 0x01, 
    0x15, 0x14, 0x0e, 0x02, 0x02, 0xc3, 0x60, 0x94, 0x27, 0x25, 0x5a, 0x79, 
    0x63, 0x97, 0x3d, 0x6c, 0x8e, 0x55, 0x02, 0x02, 0x9e, 0xcf, 0xac, 0x75, 
    0x7d, 0x95, 0x66, 0xfe, 0xa4, 0x66, 0x49, 0x7d, 0x9c, 0x57, 0x51, 0x98, 
    0x7b, 0x4a, 0x9d, 0x88, 0x96, 0xad, 0x43, 0x6d, 0x86, 0x14, 0x73, 0x62, 
    0x12, 0x96, 0xb0, 0x96, 0x5a, 0x8b, 0x56, 0x2b, 0x3e, 0x98, 0x89, 0x80, 
    0x94, 0xb4, 0xa8, 0xfc, 0x52, 0x33, 0x1f, 0x1f, 0x33, 0x03, 0xac, 0x64, 
    0xa0, 0x64, 0x34, 0x2e, 0x53, 0x84, 0x4f, 0x76, 0xa2, 0x26, 0x2b, 0xc6, 
    0x92, 0x5a, 0x9c, 0x68, 0x3b, 0x00, 0x00, 0x00, 0x00, 0x03, 0x00, 0x66, 
    0xff, 0xec, 0x03, 0xa6, 0x05, 0x0a, 0x00, 0x04, 0x00, 0x0e, 0x00, 0x2d, 
    0x00, 0x00, 0x01, 0x17, 0x07, 0x27, 0x35, 0x01, 0x11, 0x0e, 0x01, 0x15, 
    0x14, 0x16, 0x33, 0x32, 0x36, 0x11, 0x35, 0x34, 0x26, 0x23, 0x22, 0x07, 
    0x23, 0x35, 0x36, 0x33, 0x32, 0x16, 0x15, 0x11, 0x17, 0x15, 0x23, 0x22, 
    0x26, 0x3d, 0x01, 0x0e, 0x01, 0x23, 0x22, 0x26, 0x35, 0x34, 0x36, 0x24, 
    0x01, 0xd3, 0x93, 0x0e, 0xd3, 0x01, 0x2b, 0xc1, 0xed, 0x67, 0x53, 0x5e, 
    0x96, 0x78, 0x5d, 0x9e, 0x62, 0x29, 0x94, 0xa1, 0x9d, 0xbb, 0x67, 0xb8, 
    0x26, 0x18, 0x38, 0xb4, 0x5c, 0x79, 0x89, 0xb3, 0x01, 0x08, 0x05, 0x0a, 
    0xc8, 0x0f, 0xac, 0x0a, 0xfc, 0x44, 0x01, 0x19, 0x1c, 0xaa, 0x78, 0x50, 
    0x64, 0x7c, 0x01, 0xb3, 0x29, 0x9a, 0x91, 0xdf, 0xcd, 0x4f, 0xb4, 0xb2, 
    0xfd, 0xa4, 0x33, 0x1f, 0x2a, 0x3a, 0x25, 0x47, 0x56, 0x8f, 0x60, 0x6a, 
    0xbb, 0x72, 0x00, 0x00, 0x00, 0x03, 0x00, 0x66, 0xff, 0xec, 0x03, 0xa6, 
    0x05, 0x0a, 0x00, 0x04, 0x00, 0x0e, 0x00, 0x2d, 0x00, 0x00, 0x01, 0x27, 
    0x37, 0x17, 0x15, 0x13, 0x11, 0x0e, 0x01, 0x15, 0x14, 0x16, 0x33, 0x32, 
    0x36, 0x11, 0x35, 0x34, 0x26, 0x23, 0x22, 0x07, 0x23, 0x35, 0x36, 0x33, 
    0x32, 0x16, 0x15, 0x11, 0x17, 0x15, 0x23, 0x22, 0x26, 0x3d, 0x01, 0x0e, 
    0x01, 0x23, 0x22, 0x26, 0x35, 0x34, 0x36, 0x24, 0x01, 0x93, 0x0e, 0x94, 
    0x4d, 0x4a, 0xc1, 0xed, 0x67, 0x53, 0x5e, 0x96, 0x78, 0x5d, 0x9e, 0x62, 
    0x29, 0x94, 0xa1, 0x9d, 0xbb, 0x67, 0xb8, 0x26, 0x18, 0x38, 0xb4, 0x5c, 
    0x79, 0x89, 0xb3, 0x01, 0x08, 0x04, 0x33, 0x0f, 0xc8, 0x21, 0x0a, 0xfc, 
    0x4e, 0x01, 0x19, 0x1c, 0xaa, 0x78, 0x50, 0x64, 0x7c, 0x01, 0xb3, 0x29, 
    0x9a, 0x91, 0xdf, 0xcd, 0x4f, 0xb4, 0xb2, 0xfd, 0xa4, 0x33, 0x1f, 0x2a, 
    0x3a, 0x25, 0x47, 0x56, 0x8f, 0x60, 0x6a, 0xbb, 0x72, 0x00, 0x00, 0x00, 
    0x00, 0x03, 0x00, 0x66, 0xff, 0xec, 0x03, 0xa6, 0x05, 0x0a, 0x00, 0x06, 
    0x00, 0x10, 0x00, 0x2f, 0x00, 0x00, 0x01, 0x07, 0x27, 0x07, 0x27, 0x37, 
    0x33, 0x13, 0x11, 0x0e, 0x01, 0x15, 0x14, 0x16, 0x33, 0x32, 0x36, 0x11, 
    0x35, 0x34, 0x26, 0x23, 0x22, 0x07, 0x23, 0x35, 0x36, 0x33, 0x32, 0x16, 
    0x15, 0x11, 0x17, 0x15, 0x23, 0x22, 0x26, 0x3d, 0x01, 0x0e, 0x01, 0x23, 
    0x22, 0x26, 0x35, 0x34, 0x36, 0x24, 0x02, 0x8d, 0x10, 0x87, 0x87, 0x11, 
    0x83, 0x29, 0xa6, 0xc1, 0xed, 0x67, 0x53, 0x5e, 0x96, 0x78, 0x5d, 0x9e, 
    0x62, 0x29, 0x94, 0xa1, 0x9d, 0xbb, 0x67, 0xb8, 0x26, 0x18, 0x38, 0xb4, 
    0x5c, 0x79, 0x89, 0xb3, 0x01, 0x08, 0x04, 0x37, 0x0c, 0x7b, 0x7b, 0x0c, 
    0xd3, 0xfc, 0x23, 0x01, 0x19, 0x1c, 0xaa, 0x78, 0x50, 0x64, 0x7c, 0x01, 
    0xb3, 0x29, 0x9a, 0x91, 0xdf, 0xcd, 0x4f, 0xb4, 0xb2, 0xfd, 0xa4, 0x33, 
    0x1f, 0x2a, 0x3a, 0x25, 0x47, 0x56, 0x8f, 0x60, 0x6a, 0xbb, 0x72, 0x00, 
    0x00, 0x03, 0x00, 0x66, 0xff, 0xec, 0x03, 0xa6, 0x04, 0xc0, 0x00, 0x0d, 
    0x00, 0x17, 0x00, 0x36, 0x00, 0x00, 0x01, 0x23, 0x34, 0x36, 0x1e, 0x01, 
    0x36, 0x35, 0x33, 0x14, 0x06, 0x2e, 0x01, 0x06, 0x01, 0x11, 0x0e, 0x01, 
    0x15, 0x14, 0x16, 0x33, 0x32, 0x36, 0x11, 0x35, 0x34, 0x26, 0x23, 0x22, 
    0x07, 0x23, 0x35, 0x36, 0x33, 0x32, 0x16, 0x15, 0x11, 0x17, 0x15, 0x23, 
    0x22, 0x26, 0x3d, 0x01, 0x0e, 0x01, 0x23, 0x22, 0x26, 0x35, 0x34, 0x36, 
    0x24, 0x01, 0x4e, 0x15, 0x4a, 0x68, 0x69, 0x4a, 0x14, 0x49, 0x69, 0x69, 
    0x49, 0x01, 0x62, 0xc1, 0xed, 0x67, 0x53, 0x5e, 0x96, 0x78, 0x5d, 0x9e, 
    0x62, 0x29, 0x94, 0xa1, 0x9d, 0xbb, 0x67, 0xb8, 0x26, 0x18, 0x38, 0xb4, 
    0x5c, 0x79, 0x89, 0xb3, 0x01, 0x08, 0x04, 0x56, 0x3e, 0x2c, 0x11, 0x1b, 
    0x03, 0x21, 0x3e, 0x2c, 0x11, 0x1b, 0x03, 0xfc, 0xb6, 0x01, 0x19, 0x1c, 
    0xaa, 0x78, 0x50, 0x64, 0x7c, 0x01, 0xb3, 0x29, 0x9a, 0x91, 0xdf, 0xcd, 
    0x4f, 0xb4, 0xb2, 0xfd, 0xa4, 0x33, 0x1f, 0x2a, 0x3a, 0x25, 0x47, 0x56, 
    0x8f, 0x60, 0x6a, 0xbb, 0x72, 0x00, 0x00, 0x00, 0x00, 0x04, 0x00, 0x66, 
    0xff, 0xec, 0x03, 0xa6, 0x04, 0xd7, 0x00, 0x07, 0x00, 0x0f, 0x00, 0x19, 
    0x00, 0x38, 0x00, 0x00, 0x01, 0x34, 0x33, 0x32, 0x15, 0x14, 0x23, 0x22, 
    0x27, 0x34, 0x33, 0x32, 0x15, 0x14, 0x23, 0x22, 0x01, 0x11, 0x0e, 0x01, 
    0x15, 0x14, 0x16, 0x33, 0x32, 0x36, 0x11, 0x35, 0x34, 0x26, 0x23, 0x22, 
    0x07, 0x23, 0x35, 0x36, 0x33, 0x32, 0x16, 0x15, 0x11, 0x17, 0x15, 0x23, 
    0x22, 0x26, 0x3d, 0x01, 0x0e, 0x01, 0x23, 0x22, 0x26, 0x35, 0x34, 0x36, 
    0x24, 0x02, 0x0a, 0x42, 0x3f, 0x3f, 0x42, 0xaa, 0x42, 0x3f, 0x3f, 0x42, 
    0x01, 0x50, 0xc1, 0xed, 0x67, 0x53, 0x5e, 0x96, 0x78, 0x5d, 0x9e, 0x62, 
    0x29, 0x94, 0xa1, 0x9d, 0xbb, 0x67, 0xb8, 0x26, 0x18, 0x38, 0xb4, 0x5c, 
    0x79, 0x89, 0xb3, 0x01, 0x08, 0x04, 0x9a, 0x3d, 0x3d, 0x3e, 0x3e, 0x3d, 
    0x3d, 0x3e, 0xfc, 0xd1, 0x01, 0x19, 0x1c, 0xaa, 0x78, 0x50, 0x64, 0x7c, 
    0x01, 0xb3, 0x29, 0x9a, 0x91, 0xdf, 0xcd, 0x4f, 0xb4, 0xb2, 0xfd, 0xa4, 
    0x33, 0x1f, 0x2a, 0x3a, 0x25, 0x47, 0x56, 0x8f, 0x60, 0x6a, 0xbb, 0x72, 
    0x00, 0x03, 0x00, 0x66, 0xff, 0xec, 0x03, 0xa6, 0x04, 0xec, 0x00, 0x07, 
    0x00, 0x11, 0x00, 0x39, 0x00, 0x00, 0x00, 0x14, 0x16, 0x32, 0x36, 0x34, 
    0x26, 0x22, 0x13, 0x11, 0x0e, 0x01, 0x15, 0x14, 0x16, 0x33, 0x32, 0x36, 
    0x11, 0x35, 0x34, 0x26, 0x23, 0x22, 0x07, 0x23, 0x35, 0x36, 0x37, 0x26, 
    0x35, 0x34, 0x36, 0x32, 0x16, 0x15, 0x14, 0x07, 0x1e, 0x01, 0x15, 0x11, 
    0x17, 0x15, 0x23, 0x22, 0x26, 0x3d, 0x01, 0x0e, 0x01, 0x23, 0x22, 0x26, 
    0x35, 0x34, 0x36, 0x24, 0x01, 0xa0, 0x31, 0x4a, 0x2f, 0x2f, 0x4a, 0xdf, 
    0xc1, 0xed, 0x67, 0x53, 0x5e, 0x96, 0x78, 0x5d, 0x9e, 0x62, 0x29, 0x73, 
    0x7b, 0x29, 0x49, 0x6c, 0x47, 0x2d, 0x75, 0x84, 0x67, 0xb8, 0x26, 0x18, 
    0x38, 0xb4, 0x5c, 0x79, 0x89, 0xb3, 0x01, 0x08, 0x04, 0x94, 0x4a, 0x31, 
    0x31, 0x4a, 0x2f, 0xfc, 0x6a, 0x01, 0x19, 0x1c, 0xaa, 0x78, 0x50, 0x64, 
    0x7c, 0x01, 0xb3, 0x29, 0x9a, 0x91, 0xdf, 0xcd, 0x3d, 0x0e, 0x26, 0x39, 
    0x36, 0x47, 0x47, 0x36, 0x41, 0x24, 0x18, 0xaf, 0x95, 0xfd, 0xa4, 0x33, 
    0x1f, 0x2a, 0x3a, 0x25, 0x47, 0x56, 0x8f, 0x60, 0x6a, 0xbb, 0x72, 0x00, 
    0x00, 0x03, 0x00, 0x66, 0xff, 0xec, 0x06, 0x19, 0x04, 0x14, 0x00, 0x2e, 
    0x00, 0x36, 0x00, 0x42, 0x00, 0x00, 0x01, 0x35, 0x34, 0x26, 0x23, 0x22, 
    0x07, 0x23, 0x35, 0x36, 0x33, 0x32, 0x16, 0x17, 0x3e, 0x01, 0x33, 0x32, 
    0x16, 0x15, 0x14, 0x0e, 0x01, 0x23, 0x21, 0x14, 0x16, 0x33, 0x32, 0x36, 
    0x37, 0x17, 0x0e, 0x01, 0x23, 0x22, 0x26, 0x27, 0x0e, 0x01, 0x23, 0x22, 
    0x26, 0x35, 0x34, 0x36, 0x24, 0x05, 0x21, 0x34, 0x2e, 0x01, 0x23, 0x22, 
    0x06, 0x07, 0x35, 0x0e, 0x01, 0x15, 0x14, 0x16, 0x33, 0x32, 0x3e, 0x02, 
    0x02, 0xb0, 0x78, 0x5d, 0x9e, 0x62, 0x29, 0x94, 0xa1, 0x70, 0xa3, 0x27, 
    0x43, 0xbb, 0x68, 0xa0, 0xdf, 0x1b, 0x4b, 0x3a, 0xfd, 0xee, 0xd1, 0xaa, 
    0x5d, 0x9b, 0x31, 0x21, 0x3c, 0xc4, 0x77, 0x9a, 0xf9, 0x3a, 0x2a, 0xcc, 
    0x79, 0x77, 0x89, 0xb3, 0x01, 0x08, 0x01, 0x35, 0x02, 0x2b, 0x32, 0x74, 
    0x52, 0x74, 0xae, 0xb7, 0xc1, 0xed, 0x63, 0x49, 0x30, 0x58, 0x4c, 0x2e, 
    0x02, 0x83, 0x29, 0x9a, 0x91, 0xdf, 0xcd, 0x4f, 0x5d, 0x5d, 0x57, 0x63, 
    0xd5, 0x8d, 0x2f, 0x4c, 0x37, 0xca, 0xf4, 0x4a, 0x3f, 0x19, 0x58, 0x6e, 
    0xb5, 0x94, 0xa4, 0xa5, 0x8f, 0x60, 0x6a, 0xbb, 0x72, 0x35, 0x6b, 0xb4, 
    0x7b, 0xe1, 0xf2, 0x42, 0x1c, 0xaa, 0x78, 0x4f, 0x65, 0x31, 0x62, 0xad, 
    0x00, 0x01, 0x00, 0x66, 0xfe, 0xe1, 0x03, 0xcf, 0x04, 0x14, 0x00, 0x28, 
    0x00, 0x00, 0x05, 0x32, 0x35, 0x34, 0x26, 0x07, 0x27, 0x37, 0x26, 0x00, 
    0x35, 0x34, 0x3e, 0x01, 0x33, 0x32, 0x17, 0x15, 0x23, 0x2e, 0x01, 0x23, 
    0x22, 0x02, 0x10, 0x16, 0x33, 0x32, 0x36, 0x37, 0x17, 0x0e, 0x01, 0x23, 
    0x07, 0x36, 0x16, 0x15, 0x14, 0x06, 0x23, 0x02, 0x17, 0x6e, 0x2a, 0x32, 
    0x10, 0x0a, 0xbd, 0xff, 0x00, 0x87, 0xf4, 0x98, 0x9d, 0x7d, 0x29, 0x26, 
    0x83, 0x5d, 0x93, 0xc7, 0xd1, 0xaa, 0x5d, 0x9b, 0x31, 0x21, 0x43, 0xc8, 
    0x78, 0x08, 0x3a, 0x45, 0x52, 0x54, 0xe1, 0x41, 0x1d, 0x23, 0x13, 0x0d, 
    0x54, 0x16, 0x01, 0x2e, 0xd0, 0x93, 0xf2, 0x8d, 0x43, 0xcd, 0x60, 0x73, 
    0xfe, 0xf3, 0xfe, 0x6c, 0xf4, 0x4a, 0x3f, 0x19, 0x61, 0x65, 0x42, 0x0f, 
    0x32, 0x31, 0x33, 0x42, 0x00, 0x03, 0x00, 0x66, 0xff, 0xec, 0x03, 0xcf, 
    0x06, 0x00, 0x00, 0x04, 0x00, 0x1f, 0x00, 0x27, 0x00, 0x00, 0x01, 0x07, 
    0x27, 0x35, 0x37, 0x01, 0x17, 0x0e, 0x01, 0x23, 0x22, 0x2e, 0x01, 0x35, 
    0x34, 0x3e, 0x01, 0x33, 0x32, 0x16, 0x15, 0x14, 0x0e, 0x02, 0x23, 0x21, 
    0x14, 0x16, 0x33, 0x32, 0x36, 0x01, 0x21, 0x34, 0x2e, 0x01, 0x23, 0x22, 
    0x06, 0x02, 0x8b, 0x0e, 0xd3, 0x4e, 0x01, 0xb6, 0x21, 0x3c, 0xc4, 0x77, 
    0x87, 0xe5, 0x86, 0x81, 0xd9, 0x7d, 0xa0, 0xdf, 0x10, 0x22, 0x41, 0x2c, 
    0xfd, 0xed, 0xd1, 0xaa, 0x5d, 0x9b, 0xfd, 0x8f, 0x02, 0x2b, 0x32, 0x74, 
    0x52, 0x74, 0xae, 0x05, 0x37, 0x0e, 0xac, 0x0a, 0x21, 0xfa, 0xcb, 0x19, 
    0x58, 0x6e, 0x8e, 0xf7, 0x93, 0x90, 0xf4, 0x8c, 0xd5, 0x8d, 0x23, 0x3b, 
    0x35, 0x1f, 0xca, 0xf4, 0x4a, 0x01, 0xb1, 0x6b, 0xb4, 0x7b, 0xe1, 0x00, 
    0x00, 0x03, 0x00, 0x66, 0xff, 0xec, 0x03, 0xcf, 0x06, 0x00, 0x00, 0x04, 
    0x00, 0x1f, 0x00, 0x27, 0x00, 0x00, 0x01, 0x37, 0x17, 0x15, 0x07, 0x01, 
    0x17, 0x0e, 0x01, 0x23, 0x22, 0x2e, 0x01, 0x35, 0x34, 0x3e, 0x01, 0x33, 
    0x32, 0x16, 0x15, 0x14, 0x0e, 0x02, 0x23, 0x21, 0x14, 0x16, 0x33, 0x32, 
    0x36, 0x01, 0x21, 0x34, 0x2e, 0x01, 0x23, 0x22, 0x06, 0x01, 0xaa, 0x93, 
    0x4e, 0xd3, 0x01, 0xf6, 0x21, 0x3c, 0xc4, 0x77, 0x87, 0xe5, 0x86, 0x81, 
    0xd9, 0x7d, 0xa0, 0xdf, 0x10, 0x22, 0x41, 0x2c, 0xfd, 0xed, 0xd1, 0xaa, 
    0x5d, 0x9b, 0xfd, 0x8f, 0x02, 0x2b, 0x32, 0x74, 0x52, 0x74, 0xae, 0x05, 
    0x37, 0xc9, 0x21, 0x0a, 0xac, 0xfb, 0xa2, 0x19, 0x58, 0x6e, 0x8e, 0xf7, 
    0x93, 0x90, 0xf4, 0x8c, 0xd5, 0x8d, 0x23, 0x3b, 0x35, 0x1f, 0xca, 0xf4, 
    0x4a, 0x01, 0xb1, 0x6b, 0xb4, 0x7b, 0xe1, 0x00, 0x00, 0x03, 0x00, 0x66, 
    0xff, 0xec, 0x03, 0xcf, 0x06, 0x00, 0x00, 0x06, 0x00, 0x21, 0x00, 0x29, 
    0x00, 0x00, 0x01, 0x27, 0x07, 0x27, 0x37, 0x33, 0x17, 0x13, 0x17, 0x0e, 
    0x01, 0x23, 0x22, 0x2e, 0x01, 0x35, 0x34, 0x3e, 0x01, 0x33, 0x32, 0x16, 
    0x15, 0x14, 0x0e, 0x02, 0x23, 0x21, 0x14, 0x16, 0x33, 0x32, 0x36, 0x01, 
    0x21, 0x34, 0x2e, 0x01, 0x23, 0x22, 0x06, 0x02, 0xa2, 0x87, 0x88, 0x10, 
    0x83, 0x29, 0x83, 0xfc, 0x21, 0x3c, 0xc4, 0x77, 0x87, 0xe5, 0x86, 0x81, 
    0xd9, 0x7d, 0xa0, 0xdf, 0x10, 0x22, 0x41, 0x2c, 0xfd, 0xed, 0xd1, 0xaa, 
    0x5d, 0x9b, 0xfd, 0x8f, 0x02, 0x2b, 0x32, 0x74, 0x52, 0x74, 0xae, 0x05, 
    0x21, 0x7b, 0x7b, 0x0c, 0xd3, 0xd3, 0xfb, 0x9e, 0x19, 0x58, 0x6e, 0x8e, 
    0xf7, 0x93, 0x90, 0xf4, 0x8c, 0xd5, 0x8d, 0x23, 0x3b, 0x35, 0x1f, 0xca, 
    0xf4, 0x4a, 0x01, 0xb1, 0x6b, 0xb4, 0x7b, 0xe1, 0x00, 0x04, 0x00, 0x66, 
    0xff, 0xec, 0x03, 0xcf, 0x06, 0x00, 0x00, 0x07, 0x00, 0x0f, 0x00, 0x2a, 
    0x00, 0x32, 0x00, 0x00, 0x01, 0x34, 0x33, 0x32, 0x15, 0x14, 0x23, 0x22, 
    0x27, 0x34, 0x33, 0x32, 0x15, 0x14, 0x23, 0x22, 0x01, 0x17, 0x0e, 0x01, 
    0x23, 0x22, 0x2e, 0x01, 0x35, 0x34, 0x3e, 0x01, 0x33, 0x32, 0x16, 0x15, 
    0x14, 0x0e, 0x02, 0x23, 0x21, 0x14, 0x16, 0x33, 0x32, 0x36, 0x01, 0x21, 
    0x34, 0x2e, 0x01, 0x23, 0x22, 0x06, 0x02, 0x2f, 0x42, 0x3f, 0x3f, 0x42, 
    0xaa, 0x42, 0x3f, 0x3f, 0x42, 0x02, 0x29, 0x21, 0x3c, 0xc4, 0x77, 0x87, 
    0xe5, 0x86, 0x81, 0xd9, 0x7d, 0xa0, 0xdf, 0x10, 0x22, 0x41, 0x2c, 0xfd, 
    0xed, 0xd1, 0xaa, 0x5d, 0x9b, 0xfd, 0x8f, 0x02, 0x2b, 0x32, 0x74, 0x52, 
    0x74, 0xae, 0x05, 0xc3, 0x3d, 0x3d, 0x3e, 0x3e, 0x3d, 0x3d, 0x3e, 0xfb, 
    0x46, 0x19, 0x58, 0x6e, 0x8e, 0xf7, 0x93, 0x90, 0xf4, 0x8c, 0xd5, 0x8d, 
    0x23, 0x3b, 0x35, 0x1f, 0xca, 0xf4, 0x4a, 0x01, 0xb1, 0x6b, 0xb4, 0x7b, 
    0xe1, 0x00, 0x00, 0x00, 0x00, 0x02, 0x00, 0x52, 0x00, 0x00, 0x01, 0xae, 
    0x05, 0x0a, 0x00, 0x04, 0x00, 0x11, 0x00, 0x00, 0x01, 0x07, 0x27, 0x35, 
    0x37, 0x03, 0x35, 0x37, 0x11, 0x27, 0x35, 0x33, 0x32, 0x16, 0x15, 0x11, 
    0x17, 0x15, 0x01, 0x71, 0x0f, 0xd3, 0x4e, 0x8b, 0x66, 0x66, 0xb8, 0x26, 
    0x18, 0x66, 0x04, 0x42, 0x0f, 0xac, 0x0a, 0x21, 0xfa, 0xf6, 0x1f, 0x33, 
    0x03, 0x5c, 0x33, 0x1f, 0x2a, 0x3a, 0xfc, 0xb6, 0x33, 0x1f, 0x00, 0x00, 
    0x00, 0x02, 0x00, 0x52, 0x00, 0x00, 0x01, 0xae, 0x05, 0x0a, 0x00, 0x04, 
    0x00, 0x11, 0x00, 0x00, 0x13, 0x37, 0x17, 0x15, 0x07, 0x03, 0x35, 0x37, 
    0x11, 0x27, 0x35, 0x33, 0x32, 0x16, 0x15, 0x11, 0x17, 0x15, 0x8f, 0x94, 
    0x4e, 0xd3, 0x4c, 0x66, 0x66, 0xb8, 0x26, 0x18, 0x66, 0x04, 0x42, 0xc8, 
    0x21, 0x0a, 0xac, 0xfb, 0xcd, 0x1f, 0x33, 0x03, 0x5c, 0x33, 0x1f, 0x2a, 
    0x3a, 0xfc, 0xb6, 0x33, 0x1f, 0x00, 0x00, 0x00, 0x00, 0x02, 0x00, 0x52, 
    0x00, 0x00, 0x01, 0xae, 0x05, 0x0a, 0x00, 0x06, 0x00, 0x13, 0x00, 0x00, 
    0x01, 0x27, 0x07, 0x27, 0x37, 0x33, 0x17, 0x01, 0x35, 0x37, 0x11, 0x27, 
    0x35, 0x33, 0x32, 0x16, 0x15, 0x11, 0x17, 0x15, 0x01, 0x87, 0x87, 0x87, 
    0x11, 0x84, 0x28, 0x84, 0xfe, 0xba, 0x66, 0x66, 0xb8, 0x26, 0x18, 0x66, 
    0x04, 0x2b, 0x7b, 0x7b, 0x0c, 0xd3, 0xd3, 0xfb, 0xc9, 0x1f, 0x33, 0x03, 
    0x5c, 0x33, 0x1f, 0x2a, 0x3a, 0xfc, 0xb6, 0x33, 0x1f, 0x00, 0x00, 0x00, 
    0x00, 0x03, 0x00, 0x52, 0x00, 0x00, 0x01, 0xae, 0x04, 0xd7, 0x00, 0x07, 
    0x00, 0x0f, 0x00, 0x1c, 0x00, 0x00, 0x01, 0x34, 0x33, 0x32, 0x15, 0x14, 
    0x23, 0x22, 0x27, 0x34, 0x33, 0x32, 0x15, 0x14, 0x23, 0x22, 0x03, 0x35, 
    0x37, 0x11, 0x27, 0x35, 0x33, 0x32, 0x16, 0x15, 0x11, 0x17, 0x15, 0x01, 
    0x14, 0x42, 0x40, 0x40, 0x42, 0xaa, 0x42, 0x40, 0x40, 0x42, 0x18, 0x66, 
    0x66, 0xb8, 0x26, 0x18, 0x66, 0x04, 0x9a, 0x3d, 0x3d, 0x3e, 0x3e, 0x3d, 
    0x3d, 0x3e, 0xfb, 0xa4, 0x1f, 0x33, 0x03, 0x5c, 0x33, 0x1f, 0x2a, 0x3a, 
    0xfc, 0xb6, 0x33, 0x1f, 0x00, 0x02, 0x00, 0x66, 0xff, 0xec, 0x04, 0x7b, 
    0x05, 0xae, 0x00, 0x1e, 0x00, 0x2a, 0x00, 0x00, 0x13, 0x34, 0x3e, 0x02, 
    0x33, 0x32, 0x16, 0x17, 0x26, 0x27, 0x07, 0x27, 0x37, 0x26, 0x27, 0x37, 
    0x16, 0x17, 0x37, 0x17, 0x07, 0x16, 0x12, 0x15, 0x10, 0x00, 0x23, 0x22, 
    0x2e, 0x01, 0x37, 0x14, 0x12, 0x33, 0x32, 0x12, 0x35, 0x34, 0x02, 0x23, 
    0x22, 0x02, 0x66, 0x53, 0x8c, 0xc1, 0x6b, 0x6f, 0xc2, 0x47, 0x3f, 0x8b, 
    0xa2, 0x23, 0x98, 0x47, 0x5d, 0x12, 0x6c, 0x57, 0x91, 0x23, 0x83, 0x89, 
    0x9e, 0xfe, 0xd8, 0xe0, 0x91, 0xf2, 0x8a, 0xa4, 0xcc, 0x9d, 0x9a, 0xca, 
    0xcb, 0x99, 0x9c, 0xcd, 0x02, 0x00, 0x6e, 0xc6, 0x8d, 0x53, 0x53, 0x4c, 
    0xf4, 0x91, 0x71, 0x33, 0x69, 0x3f, 0x25, 0x25, 0x23, 0x43, 0x66, 0x33, 
    0x5c, 0x7d, 0xfe, 0x80, 0xca, 0xfe, 0xe5, 0xfe, 0xaf, 0x8e, 0xf5, 0x93, 
    0xcc, 0xfe, 0xf3, 0x01, 0x0d, 0xcc, 0xc9, 0x01, 0x0c, 0xfe, 0xf5, 0x00, 
    0x00, 0x02, 0x00, 0x52, 0x00, 0x00, 0x04, 0x14, 0x04, 0xc0, 0x00, 0x0d, 
    0x00, 0x30, 0x00, 0x00, 0x01, 0x23, 0x34, 0x36, 0x1e, 0x01, 0x36, 0x35, 
    0x33, 0x14, 0x06, 0x2e, 0x01, 0x06, 0x01, 0x35, 0x37, 0x11, 0x27, 0x35, 
    0x33, 0x32, 0x16, 0x1d, 0x01, 0x3e, 0x01, 0x33, 0x32, 0x16, 0x15, 0x11, 
    0x17, 0x15, 0x21, 0x35, 0x37, 0x11, 0x34, 0x26, 0x23, 0x22, 0x0e, 0x02, 
    0x15, 0x11, 0x17, 0x15, 0x01, 0xa0, 0x15, 0x4a, 0x69, 0x68, 0x4a, 0x14, 
    0x49, 0x69, 0x69, 0x49, 0xfe, 0xb2, 0x66, 0x66, 0xb8, 0x26, 0x18, 0x36, 
    0xaf, 0x60, 0x7d, 0xa4, 0x66, 0xfe, 0xa4, 0x67, 0x71, 0x50, 0x31, 0x5f, 
    0x53, 0x33, 0x66, 0x04, 0x56, 0x3e, 0x2c, 0x11, 0x1b, 0x03, 0x21, 0x3e, 
    0x2c, 0x11, 0x1b, 0x03, 0xfb, 0x89, 0x1f, 0x33, 0x03, 0x5c, 0x33, 0x1f, 
    0x2a, 0x3a, 0x5a, 0x64, 0x6e, 0xb2, 0x97, 0xfd, 0x87, 0x33, 0x1f, 0x1f, 
    0x33, 0x02, 0x79, 0x77, 0x70, 0x2b, 0x56, 0x98, 0x62, 0xfe, 0x1b, 0x33, 
    0x1f, 0x00, 0x00, 0x00, 0x00, 0x03, 0x00, 0x66, 0xff, 0xec, 0x04, 0x7b, 
    0x05, 0x0a, 0x00, 0x04, 0x00, 0x13, 0x00, 0x1f, 0x00, 0x00, 0x01, 0x07, 
    0x27, 0x35, 0x37, 0x01, 0x34, 0x3e, 0x02, 0x33, 0x32, 0x1e, 0x01, 0x10, 
    0x0e, 0x01, 0x20, 0x2e, 0x01, 0x37, 0x14, 0x12, 0x33, 0x32, 0x12, 0x35, 
    0x34, 0x02, 0x23, 0x22, 0x02, 0x02, 0xe1, 0x0e, 0xd3, 0x4e, 0xfe, 0x18, 
    0x53, 0x8c, 0xc1, 0x6b, 0x90, 0xf0, 0x8a, 0x8a, 0xf0, 0xfe, 0xe0, 0xf1, 
    0x8a, 0xa4, 0xcc, 0x9d, 0x9a, 0xca, 0xcb, 0x99, 0x9c, 0xcd, 0x04, 0x42, 
    0x0f, 0xac, 0x0a, 0x21, 0xfc, 0xf6, 0x6e, 0xc6, 0x8d, 0x53, 0x8c, 0xf5, 
    0xfe, 0xda, 0xf5, 0x8c, 0x8e, 0xf5, 0x93, 0xcc, 0xfe, 0xf3, 0x01, 0x0d, 
    0xcc, 0xc9, 0x01, 0x0c, 0xfe, 0xf5, 0x00, 0x00, 0x00, 0x03, 0x00, 0x66, 
    0xff, 0xec, 0x04, 0x7b, 0x05, 0x0a, 0x00, 0x04, 0x00, 0x13, 0x00, 0x1f, 
    0x00, 0x00, 0x01, 0x37, 0x17, 0x15, 0x07, 0x01, 0x34, 0x3e, 0x02, 0x33, 
    0x32, 0x1e, 0x01, 0x10, 0x0e, 0x01, 0x20, 0x2e, 0x01, 0x37, 0x14, 0x12, 
    0x33, 0x32, 0x12, 0x35, 0x34, 0x02, 0x23, 0x22, 0x02, 0x02, 0x00, 0x93, 
    0x4e, 0xd3, 0xfe, 0x58, 0x53, 0x8c, 0xc1, 0x6b, 0x90, 0xf0, 0x8a, 0x8a, 
    0xf0, 0xfe, 0xe0, 0xf1, 0x8a, 0xa4, 0xcc, 0x9d, 0x9a, 0xca, 0xcb, 0x99, 
    0x9c, 0xcd, 0x04, 0x42, 0xc8, 0x21, 0x0a, 0xac, 0xfd, 0xcd, 0x6e, 0xc6, 
    0x8d, 0x53, 0x8c, 0xf5, 0xfe, 0xda, 0xf5, 0x8c, 0x8e, 0xf5, 0x93, 0xcc, 
    0xfe, 0xf3, 0x01, 0x0d, 0xcc, 0xc9, 0x01, 0x0c, 0xfe, 0xf5, 0x00, 0x00, 
    0x00, 0x03, 0x00, 0x66, 0xff, 0xec, 0x04, 0x7b, 0x05, 0x0a, 0x00, 0x06, 
    0x00, 0x15, 0x00, 0x21, 0x00, 0x00, 0x01, 0x27, 0x07, 0x27, 0x37, 0x33, 
    0x17, 0x01, 0x34, 0x3e, 0x02, 0x33, 0x32, 0x1e, 0x01, 0x10, 0x0e, 0x01, 
    0x20, 0x2e, 0x01, 0x37, 0x14, 0x12, 0x33, 0x32, 0x12, 0x35, 0x34, 0x02, 
    0x23, 0x22, 0x02, 0x02, 0xf8, 0x87, 0x88, 0x10, 0x83, 0x29, 0x83, 0xfd, 
    0x5e, 0x53, 0x8c, 0xc1, 0x6b, 0x90, 0xf0, 0x8a, 0x8a, 0xf0, 0xfe, 0xe0, 
    0xf1, 0x8a, 0xa4, 0xcc, 0x9d, 0x9a, 0xca, 0xcb, 0x99, 0x9c, 0xcd, 0x04, 
    0x2b, 0x7b, 0x7b, 0x0c, 0xd3, 0xd3, 0xfd, 0xc9, 0x6e, 0xc6, 0x8d, 0x53, 
    0x8c, 0xf5, 0xfe, 0xda, 0xf5, 0x8c, 0x8e, 0xf5, 0x93, 0xcc, 0xfe, 0xf3, 
    0x01, 0x0d, 0xcc, 0xc9, 0x01, 0x0c, 0xfe, 0xf5, 0x00, 0x03, 0x00, 0x66, 
    0xff, 0xec, 0x04, 0x7b, 0x04, 0xc0, 0x00, 0x0d, 0x00, 0x1c, 0x00, 0x28, 
    0x00, 0x00, 0x01, 0x23, 0x34, 0x36, 0x1e, 0x01, 0x36, 0x35, 0x33, 0x14, 
    0x06, 0x2e, 0x01, 0x06, 0x01, 0x34, 0x3e, 0x02, 0x33, 0x32, 0x1e, 0x01, 
    0x10, 0x0e, 0x01, 0x20, 0x2e, 0x01, 0x37, 0x14, 0x12, 0x33, 0x32, 0x12, 
    0x35, 0x34, 0x02, 0x23, 0x22, 0x02, 0x01, 0xc9, 0x15, 0x4a, 0x68, 0x69, 
    0x4a, 0x14, 0x49, 0x69, 0x69, 0x49, 0xfe, 0x9d, 0x53, 0x8c, 0xc1, 0x6b, 
    0x90, 0xf0, 0x8a, 0x8a, 0xf0, 0xfe, 0xe0, 0xf1, 0x8a, 0xa4, 0xcc, 0x9d, 
    0x9a, 0xca, 0xcb, 0x99, 0x9c, 0xcd, 0x04, 0x56, 0x3e, 0x2c, 0x11, 0x1b, 
    0x03, 0x21, 0x3e, 0x2c, 0x11, 0x1b, 0x03, 0xfd, 0x89, 0x6e, 0xc6, 0x8d, 
    0x53, 0x8c, 0xf5, 0xfe, 0xda, 0xf5, 0x8c, 0x8e, 0xf5, 0x93, 0xcc, 0xfe, 
    0xf3, 0x01, 0x0d, 0xcc, 0xc9, 0x01, 0x0c, 0xfe, 0xf5, 0x00, 0x00, 0x00, 
    0x00, 0x04, 0x00, 0x66, 0xff, 0xec, 0x04, 0x7b, 0x04, 0xd7, 0x00, 0x07, 
    0x00, 0x0f, 0x00, 0x1e, 0x00, 0x2a, 0x00, 0x00, 0x01, 0x34, 0x33, 0x32, 
    0x15, 0x14, 0x23, 0x22, 0x27, 0x34, 0x33, 0x32, 0x15, 0x14, 0x23, 0x22, 
    0x01, 0x34, 0x3e, 0x02, 0x33, 0x32, 0x1e, 0x01, 0x10, 0x0e, 0x01, 0x20, 
    0x2e, 0x01, 0x37, 0x14, 0x12, 0x33, 0x32, 0x12, 0x35, 0x34, 0x02, 0x23, 
    0x22, 0x02, 0x02, 0x85, 0x42, 0x3f, 0x3f, 0x42, 0xaa, 0x42, 0x3f, 0x3f, 
    0x42, 0xfe, 0x8b, 0x53, 0x8c, 0xc1, 0x6b, 0x90, 0xf0, 0x8a, 0x8a, 0xf0, 
    0xfe, 0xe0, 0xf1, 0x8a, 0xa4, 0xcc, 0x9d, 0x9a, 0xca, 0xcb, 0x99, 0x9c, 
    0xcd, 0x04, 0x9a, 0x3d, 0x3d, 0x3e, 0x3e, 0x3d, 0x3d, 0x3e, 0xfd, 0xa4, 
    0x6e, 0xc6, 0x8d, 0x53, 0x8c, 0xf5, 0xfe, 0xda, 0xf5, 0x8c, 0x8e, 0xf5, 
    0x93, 0xcc, 0xfe, 0xf3, 0x01, 0x0d, 0xcc, 0xc9, 0x01, 0x0c, 0xfe, 0xf5, 
    0x00, 0x03, 0x00, 0x8f, 0x01, 0xe5, 0x02, 0xcd, 0x03, 0xb4, 0x00, 0x07, 
    0x00, 0x0b, 0x00, 0x13, 0x00, 0x00, 0x00, 0x34, 0x36, 0x32, 0x16, 0x14, 
    0x06, 0x22, 0x07, 0x35, 0x21, 0x15, 0x04, 0x34, 0x36, 0x32, 0x16, 0x14, 
    0x06, 0x22, 0x01, 0x68, 0x21, 0x4a, 0x21, 0x21, 0x4a, 0xfa, 0x02, 0x3e, 
    0xfe, 0x9b, 0x21, 0x4a, 0x21, 0x21, 0x4a, 0x03, 0x4a, 0x4a, 0x20, 0x20, 
    0x4a, 0x21, 0x7b, 0x3e, 0x3e, 0xa8, 0x4a, 0x21, 0x21, 0x4a, 0x21, 0x00, 
    0x00, 0x03, 0x00, 0x66, 0xff, 0xec, 0x04, 0x7b, 0x04, 0x14, 0x00, 0x18, 
    0x00, 0x20, 0x00, 0x28, 0x00, 0x00, 0x13, 0x34, 0x3e, 0x02, 0x33, 0x32, 
    0x17, 0x37, 0x33, 0x07, 0x1e, 0x01, 0x15, 0x14, 0x0e, 0x01, 0x23, 0x22, 
    0x27, 0x07, 0x23, 0x37, 0x2e, 0x01, 0x37, 0x14, 0x17, 0x01, 0x26, 0x23, 
    0x22, 0x02, 0x25, 0x01, 0x16, 0x33, 0x32, 0x12, 0x35, 0x34, 0x66, 0x53, 
    0x8c, 0xc1, 0x6b, 0x80, 0x6f, 0x15, 0x47, 0x26, 0x6a, 0x7b, 0x8a, 0xf0, 
    0x90, 0x81, 0x6f, 0x14, 0x48, 0x27, 0x6a, 0x7c, 0xa4, 0x75, 0x01, 0xb6, 
    0x56, 0x6c, 0x9c, 0xcd, 0x02, 0x58, 0xfe, 0x4c, 0x58, 0x6d, 0x9a, 0xca, 
    0x02, 0x00, 0x6e, 0xc6, 0x8d, 0x53, 0x39, 0x25, 0x44, 0x48, 0xe9, 0x8b, 
    0x93, 0xf5, 0x8c, 0x39, 0x25, 0x46, 0x49, 0xe9, 0x8a, 0xe1, 0x85, 0x02, 
    0xf5, 0x46, 0xfe, 0xf5, 0x98, 0xfd, 0x0d, 0x48, 0x01, 0x0d, 0xcc, 0xda, 
    0x00, 0x02, 0x00, 0x52, 0xff, 0xec, 0x04, 0x14, 0x05, 0x0a, 0x00, 0x04, 
    0x00, 0x29, 0x00, 0x00, 0x01, 0x07, 0x27, 0x35, 0x37, 0x01, 0x35, 0x0e, 
    0x01, 0x23, 0x22, 0x26, 0x35, 0x11, 0x27, 0x35, 0x33, 0x32, 0x16, 0x15, 
    0x11, 0x14, 0x16, 0x33, 0x32, 0x3e, 0x02, 0x35, 0x11, 0x27, 0x35, 0x33, 
    0x32, 0x16, 0x15, 0x11, 0x17, 0x15, 0x23, 0x22, 0x26, 0x02, 0xa4, 0x0e, 
    0xd3, 0x4d, 0x01, 0x0f, 0x36, 0xb0, 0x60, 0x7d, 0xa4, 0x66, 0xb8, 0x26, 
    0x18, 0x70, 0x50, 0x31, 0x5f, 0x54, 0x33, 0x67, 0xb9, 0x26, 0x17, 0x66, 
    0xb8, 0x26, 0x17, 0x04, 0x42, 0x0f, 0xac, 0x0a, 0x21, 0xfb, 0x5a, 0x5a, 
    0x64, 0x6e, 0xb2, 0x97, 0x02, 0x79, 0x33, 0x1f, 0x2a, 0x3a, 0xfd, 0x99, 
    0x77, 0x70, 0x2b, 0x56, 0x98, 0x62, 0x01, 0xe5, 0x33, 0x1f, 0x2a, 0x3a, 
    0xfc, 0xb6, 0x33, 0x1f, 0x2a, 0x00, 0x00, 0x00, 0x00, 0x02, 0x00, 0x52, 
    0xff, 0xec, 0x04, 0x14, 0x05, 0x0a, 0x00, 0x04, 0x00, 0x29, 0x00, 0x00, 
    0x01, 0x37, 0x17, 0x15, 0x07, 0x01, 0x35, 0x0e, 0x01, 0x23, 0x22, 0x26, 
    0x35, 0x11, 0x27, 0x35, 0x33, 0x32, 0x16, 0x15, 0x11, 0x14, 0x16, 0x33, 
    0x32, 0x3e, 0x02, 0x35, 0x11, 0x27, 0x35, 0x33, 0x32, 0x16, 0x15, 0x11, 
    0x17, 0x15, 0x23, 0x22, 0x26, 0x01, 0xc3, 0x93, 0x4e, 0xd3, 0x01, 0x4e, 
    0x36, 0xb0, 0x60, 0x7d, 0xa4, 0x66, 0xb8, 0x26, 0x18, 0x70, 0x50, 0x31, 
    0x5f, 0x54, 0x33, 0x67, 0xb9, 0x26, 0x17, 0x66, 0xb8, 0x26, 0x17, 0x04, 
    0x42, 0xc8, 0x21, 0x0a, 0xac, 0xfc, 0x31, 0x5a, 0x64, 0x6e, 0xb2, 0x97, 
    0x02, 0x79, 0x33, 0x1f, 0x2a, 0x3a, 0xfd, 0x99, 0x77, 0x70, 0x2b, 0x56, 
    0x98, 0x62, 0x01, 0xe5, 0x33, 0x1f, 0x2a, 0x3a, 0xfc, 0xb6, 0x33, 0x1f, 
    0x2a, 0x00, 0x00, 0x00, 0x00, 0x02, 0x00, 0x52, 0xff, 0xec, 0x04, 0x14, 
    0x05, 0x0a, 0x00, 0x06, 0x00, 0x2b, 0x00, 0x00, 0x01, 0x27, 0x07, 0x27, 
    0x37, 0x33, 0x17, 0x13, 0x35, 0x0e, 0x01, 0x23, 0x22, 0x26, 0x35, 0x11, 
    0x27, 0x35, 0x33, 0x32, 0x16, 0x15, 0x11, 0x14, 0x16, 0x33, 0x32, 0x3e, 
    0x02, 0x35, 0x11, 0x27, 0x35, 0x33, 0x32, 0x16, 0x15, 0x11, 0x17, 0x15, 
    0x23, 0x22, 0x26, 0x02, 0xba, 0x87, 0x87, 0x10, 0x83, 0x29, 0x83, 0x54, 
    0x36, 0xb0, 0x60, 0x7d, 0xa4, 0x66, 0xb8, 0x26, 0x18, 0x70, 0x50, 0x31, 
    0x5f, 0x54, 0x33, 0x67, 0xb9, 0x26, 0x17, 0x66, 0xb8, 0x26, 0x17, 0x04, 
    0x2b, 0x7b, 0x7b, 0x0c, 0xd3, 0xd3, 0xfc, 0x2d, 0x5a, 0x64, 0x6e, 0xb2, 
    0x97, 0x02, 0x79, 0x33, 0x1f, 0x2a, 0x3a, 0xfd, 0x99, 0x77, 0x70, 0x2b, 
    0x56, 0x98, 0x62, 0x01, 0xe5, 0x33, 0x1f, 0x2a, 0x3a, 0xfc, 0xb6, 0x33, 
    0x1f, 0x2a, 0x00, 0x00, 0x00, 0x03, 0x00, 0x52, 0xff, 0xec, 0x04, 0x14, 
    0x04, 0xd7, 0x00, 0x08, 0x00, 0x11, 0x00, 0x36, 0x00, 0x00, 0x01, 0x34, 
    0x36, 0x33, 0x32, 0x15, 0x14, 0x23, 0x22, 0x27, 0x34, 0x36, 0x33, 0x32, 
    0x15, 0x14, 0x23, 0x22, 0x01, 0x35, 0x0e, 0x01, 0x23, 0x22, 0x26, 0x35, 
    0x11, 0x27, 0x35, 0x33, 0x32, 0x16, 0x15, 0x11, 0x14, 0x16, 0x33, 0x32, 
    0x3e, 0x02, 0x35, 0x11, 0x27, 0x35, 0x33, 0x32, 0x16, 0x15, 0x11, 0x17, 
    0x15, 0x23, 0x22, 0x26, 0x02, 0x48, 0x1f, 0x22, 0x40, 0x40, 0x41, 0xaa, 
    0x1f, 0x22, 0x40, 0x40, 0x41, 0x01, 0x81, 0x36, 0xb0, 0x60, 0x7d, 0xa4, 
    0x66, 0xb8, 0x26, 0x18, 0x70, 0x50, 0x31, 0x5f, 0x54, 0x33, 0x67, 0xb9, 
    0x26, 0x17, 0x66, 0xb8, 0x26, 0x17, 0x04, 0x9a, 0x20, 0x1d, 0x3d, 0x3e, 
    0x3e, 0x20, 0x1d, 0x3d, 0x3e, 0xfc, 0x08, 0x5a, 0x64, 0x6e, 0xb2, 0x97, 
    0x02, 0x79, 0x33, 0x1f, 0x2a, 0x3a, 0xfd, 0x99, 0x77, 0x70, 0x2b, 0x56, 
    0x98, 0x62, 0x01, 0xe5, 0x33, 0x1f, 0x2a, 0x3a, 0xfc, 0xb6, 0x33, 0x1f, 
    0x2a, 0x00, 0x00, 0x00, 0x00, 0x02, 0x00, 0x3d, 0xfe, 0x00, 0x04, 0x21, 
    0x05, 0x0a, 0x00, 0x04, 0x00, 0x1e, 0x00, 0x00, 0x01, 0x37, 0x17, 0x15, 
    0x07, 0x03, 0x22, 0x26, 0x35, 0x37, 0x16, 0x33, 0x32, 0x3f, 0x01, 0x01, 
    0x27, 0x35, 0x21, 0x15, 0x07, 0x09, 0x01, 0x27, 0x35, 0x33, 0x15, 0x07, 
    0x01, 0x0e, 0x01, 0x01, 0xe5, 0x94, 0x4e, 0xd3, 0xee, 0x3a, 0x43, 0x0a, 
    0x39, 0x46, 0x6b, 0x50, 0x41, 0xfe, 0x83, 0x54, 0x01, 0x36, 0x46, 0x01, 
    0x2f, 0x01, 0x2f, 0x5a, 0xf0, 0x54, 0xfe, 0x41, 0x43, 0x80, 0x04, 0x42, 
    0xc8, 0x21, 0x0a, 0xac, 0xf9, 0xcd, 0x87, 0x69, 0x04, 0x58, 0xc4, 0xa2, 
    0x03, 0xaa, 0x35, 0x1f, 0x1f, 0x35, 0xfd, 0x15, 0x02, 0xed, 0x33, 0x1f, 
    0x1f, 0x35, 0xfb, 0xb4, 0xa5, 0xbb, 0x00, 0x00, 0x00, 0x02, 0x00, 0x52, 
    0xff, 0x06, 0x04, 0x5c, 0x06, 0x00, 0x00, 0x17, 0x00, 0x24, 0x00, 0x00, 
    0x17, 0x11, 0x27, 0x35, 0x33, 0x32, 0x16, 0x15, 0x11, 0x3e, 0x01, 0x33, 
    0x32, 0x1e, 0x01, 0x15, 0x14, 0x0e, 0x01, 0x23, 0x22, 0x26, 0x27, 0x03, 
    0x01, 0x34, 0x26, 0x23, 0x22, 0x06, 0x15, 0x11, 0x14, 0x16, 0x33, 0x32, 
    0x36, 0xb8, 0x66, 0xb8, 0x26, 0x18, 0x36, 0xae, 0x65, 0x7b, 0xd3, 0x7d, 
    0x7d, 0xd5, 0x7d, 0x64, 0xad, 0x34, 0x52, 0x02, 0xc2, 0xb5, 0x94, 0x78, 
    0xaf, 0xaa, 0x78, 0x95, 0xb9, 0xfa, 0x06, 0xa8, 0x33, 0x1f, 0x40, 0x56, 
    0xfd, 0xf6, 0x55, 0x5f, 0x8c, 0xf6, 0x92, 0x93, 0xf5, 0x8c, 0x5e, 0x54, 
    0xfe, 0x68, 0x02, 0xfc, 0xc7, 0xf3, 0xa3, 0x98, 0xfe, 0xfe, 0x99, 0xa2, 
    0xf5, 0x00, 0x00, 0x00, 0x00, 0x03, 0x00, 0x3d, 0xfe, 0x00, 0x04, 0x21, 
    0x04, 0xd7, 0x00, 0x07, 0x00, 0x10, 0x00, 0x2a, 0x00, 0x00, 0x01, 0x34, 
    0x33, 0x32, 0x15, 0x14, 0x23, 0x22, 0x27, 0x34, 0x36, 0x33, 0x32, 0x15, 
    0x14, 0x23, 0x22, 0x03, 0x22, 0x26, 0x35, 0x37, 0x16, 0x33, 0x32, 0x3f, 
    0x01, 0x01, 0x27, 0x35, 0x21, 0x15, 0x07, 0x09, 0x01, 0x27, 0x35, 0x33, 
    0x15, 0x07, 0x01, 0x0e, 0x01, 0x02, 0x6a, 0x42, 0x40, 0x40, 0x42, 0xa9, 
    0x1f, 0x22, 0x40, 0x40, 0x41, 0xbb, 0x3a, 0x43, 0x0a, 0x39, 0x46, 0x6b, 
    0x50, 0x41, 0xfe, 0x83, 0x54, 0x01, 0x36, 0x46, 0x01, 0x2f, 0x01, 0x2f, 
    0x5a, 0xf0, 0x54, 0xfe, 0x41, 0x43, 0x80, 0x04, 0x9a, 0x3d, 0x3d, 0x3e, 
    0x3e, 0x20, 0x1d, 0x3d, 0x3e, 0xf9, 0xa4, 0x87, 0x69, 0x04, 0x58, 0xc4, 
    0xa2, 0x03, 0xaa, 0x35, 0x1f, 0x1f, 0x35, 0xfd, 0x15, 0x02, 0xed, 0x33, 
    0x1f, 0x1f, 0x35, 0xfb, 0xb4, 0xa5, 0xbb, 0x00, 0x00, 0x02, 0x00, 0x52, 
    0x00, 0x00, 0x04, 0xcd, 0x05, 0x9a, 0x00, 0x11, 0x00, 0x1d, 0x00, 0x00, 
    0x29, 0x01, 0x35, 0x37, 0x11, 0x23, 0x35, 0x33, 0x11, 0x27, 0x35, 0x21, 
    0x32, 0x04, 0x12, 0x10, 0x02, 0x04, 0x25, 0x33, 0x32, 0x00, 0x10, 0x00, 
    0x2b, 0x01, 0x11, 0x21, 0x15, 0x21, 0x02, 0x14, 0xfe, 0x3e, 0x66, 0x66, 
    0x66, 0x66, 0x01, 0xc2, 0xc9, 0x01, 0x3d, 0xb3, 0xb3, 0xfe, 0xc3, 0xfe, 
    0x6b, 0xcf, 0xed, 0x01, 0x25, 0xfe, 0xdb, 0xed, 0xcf, 0x01, 0xd7, 0xfe, 
    0x29, 0x1f, 0x33, 0x02, 0x5c, 0x3e, 0x02, 0x5c, 0x33, 0x1f, 0xb3, 0xfe, 
    0xb9, 0xfe, 0x5a, 0xfe, 0xb9, 0xb3, 0x3d, 0x01, 0x68, 0x02, 0x50, 0x01, 
    0x67, 0xfd, 0x90, 0x3e, 0x00, 0x02, 0x00, 0x66, 0xff, 0xec, 0x04, 0x71, 
    0x05, 0x9a, 0x00, 0x0c, 0x00, 0x31, 0x00, 0x00, 0x01, 0x14, 0x16, 0x33, 
    0x32, 0x36, 0x35, 0x11, 0x34, 0x26, 0x23, 0x22, 0x06, 0x01, 0x15, 0x33, 
    0x15, 0x23, 0x11, 0x17, 0x15, 0x23, 0x22, 0x26, 0x3d, 0x01, 0x0e, 0x01, 
    0x23, 0x22, 0x2e, 0x01, 0x35, 0x34, 0x3e, 0x01, 0x33, 0x32, 0x16, 0x17, 
    0x11, 0x21, 0x35, 0x21, 0x35, 0x27, 0x35, 0x33, 0x32, 0x16, 0x01, 0x0a, 
    0xb9, 0x95, 0x78, 0xab, 0xaf, 0x78, 0x94, 0xb6, 0x03, 0x00, 0x63, 0x63, 
    0x67, 0xb9, 0x26, 0x17, 0x34, 0xad, 0x65, 0x7d, 0xd5, 0x7d, 0x7d, 0xd3, 
    0x7b, 0x65, 0xb0, 0x35, 0xfe, 0xc9, 0x01, 0x37, 0x67, 0xb9, 0x26, 0x17, 
    0x02, 0x02, 0xc9, 0xf5, 0xa2, 0x99, 0x01, 0x02, 0x98, 0xa3, 0xf3, 0x02, 
    0x39, 0x4e, 0x3d, 0xfb, 0xdb, 0x33, 0x1f, 0x40, 0x58, 0x04, 0x54, 0x5c, 
    0x8c, 0xf5, 0x93, 0x92, 0xf6, 0x8c, 0x5f, 0x55, 0x01, 0x17, 0x3d, 0x94, 
    0x33, 0x1f, 0x40, 0x00, 0x00, 0x01, 0x00, 0x52, 0x00, 0x00, 0x01, 0xae, 
    0x04, 0x00, 0x00, 0x0c, 0x00, 0x00, 0x33, 0x35, 0x37, 0x11, 0x27, 0x35, 
    0x33, 0x32, 0x16, 0x15, 0x11, 0x17, 0x15, 0x52, 0x66, 0x66, 0xb8, 0x26, 
    0x18, 0x66, 0x1f, 0x33, 0x03, 0x5c, 0x33, 0x1f, 0x2a, 0x3a, 0xfc, 0xb6, 
    0x33, 0x1f, 0x00, 0x00, 0x00, 0x01, 0x00, 0x52, 0x00, 0x00, 0x03, 0xe1, 
    0x05, 0x9a, 0x00, 0x15, 0x00, 0x00, 0x25, 0x37, 0x33, 0x15, 0x21, 0x35, 
    0x37, 0x11, 0x07, 0x35, 0x37, 0x11, 0x27, 0x35, 0x21, 0x15, 0x07, 0x11, 
    0x25, 0x15, 0x05, 0x11, 0x03, 0x52, 0x66, 0x29, 0xfc, 0x71, 0x66, 0x66, 
    0x66, 0x66, 0x01, 0x5c, 0x66, 0x01, 0x8d, 0xfe, 0x73, 0x3d, 0x90, 0xcd, 
    0x1f, 0x33, 0x01, 0xd9, 0x3b, 0x47, 0x3c, 0x02, 0xd5, 0x33, 0x1f, 0x1f, 
    0x33, 0xfd, 0x7d, 0xe5, 0x48, 0xe5, 0xfd, 0xc0, 0x00, 0x01, 0x00, 0x29, 
    0x00, 0x00, 0x01, 0xae, 0x05, 0x9a, 0x00, 0x14, 0x00, 0x00, 0x13, 0x35, 
    0x37, 0x11, 0x27, 0x35, 0x33, 0x32, 0x16, 0x15, 0x11, 0x37, 0x15, 0x07, 
    0x11, 0x17, 0x15, 0x21, 0x35, 0x37, 0x11, 0x29, 0x7b, 0x67, 0xb9, 0x26, 
    0x17, 0x7b, 0x7b, 0x67, 0xfe, 0xa3, 0x67, 0x02, 0x39, 0x48, 0x48, 0x02, 
    0x7f, 0x33, 0x1f, 0x2a, 0x3b, 0xfd, 0xe6, 0x47, 0x47, 0x48, 0xfd, 0x7f, 
    0x33, 0x1f, 0x1f, 0x33, 0x02, 0x2f, 0x00, 0x00, 0x00, 0x02, 0x00, 0x66, 
    0xff, 0xec, 0x08, 0x48, 0x05, 0xae, 0x00, 0x26, 0x00, 0x36, 0x00, 0x00, 
    0x13, 0x34, 0x12, 0x24, 0x33, 0x32, 0x04, 0x17, 0x35, 0x27, 0x35, 0x21, 
    0x15, 0x23, 0x27, 0x21, 0x11, 0x21, 0x37, 0x33, 0x11, 0x23, 0x27, 0x21, 
    0x11, 0x21, 0x37, 0x33, 0x15, 0x21, 0x35, 0x37, 0x35, 0x06, 0x04, 0x23, 
    0x22, 0x24, 0x02, 0x37, 0x14, 0x12, 0x16, 0x33, 0x32, 0x36, 0x12, 0x35, 
    0x34, 0x02, 0x26, 0x23, 0x22, 0x06, 0x02, 0x66, 0xb2, 0x01, 0x36, 0xbc, 
    0xa3, 0x01, 0x16, 0x5c, 0x67, 0x03, 0x90, 0x29, 0x67, 0xfd, 0xf6, 0x01, 
    0x0e, 0x3e, 0x29, 0x29, 0x3e, 0xfe, 0xf2, 0x02, 0x0a, 0x67, 0x29, 0xfc, 
    0x70, 0x67, 0x5c, 0xfe, 0xea, 0xa3, 0xbd, 0xfe, 0xc9, 0xb0, 0xa4, 0x83, 
    0xec, 0x93, 0x92, 0xe9, 0x83, 0x83, 0xea, 0x91, 0x93, 0xec, 0x83, 0x02, 
    0xcd, 0xcf, 0x01, 0x52, 0xc0, 0x90, 0x80, 0xaa, 0x33, 0x1f, 0xf6, 0xb8, 
    0xfd, 0x90, 0x7a, 0xfe, 0xcd, 0x7b, 0xfd, 0x8f, 0xb9, 0xf6, 0x1f, 0x33, 
    0xaa, 0x80, 0x90, 0xc2, 0x01, 0x52, 0xcf, 0xc1, 0xfe, 0xca, 0xaf, 0xaf, 
    0x01, 0x36, 0xc1, 0xbf, 0x01, 0x34, 0xaf, 0xaf, 0xfe, 0xcc, 0x00, 0x00, 
    0x00, 0x03, 0x00, 0x66, 0xff, 0xec, 0x07, 0x3f, 0x04, 0x14, 0x00, 0x26, 
    0x00, 0x32, 0x00, 0x3a, 0x00, 0x00, 0x13, 0x34, 0x3e, 0x02, 0x33, 0x32, 
    0x16, 0x17, 0x3e, 0x01, 0x33, 0x32, 0x16, 0x15, 0x14, 0x0e, 0x01, 0x23, 
    0x21, 0x14, 0x16, 0x33, 0x32, 0x36, 0x37, 0x17, 0x0e, 0x01, 0x23, 0x22, 
    0x26, 0x27, 0x0e, 0x01, 0x23, 0x22, 0x2e, 0x01, 0x37, 0x14, 0x12, 0x33, 
    0x32, 0x12, 0x35, 0x34, 0x02, 0x23, 0x22, 0x02, 0x05, 0x21, 0x34, 0x2e, 
    0x01, 0x23, 0x22, 0x06, 0x66, 0x53, 0x8c, 0xc1, 0x6b, 0x88, 0xe6, 0x46, 
    0x42, 0xcf, 0x78, 0xa0, 0xdf, 0x1b, 0x4b, 0x3a, 0xfd, 0xee, 0xd1, 0xaa, 
    0x5d, 0x9b, 0x31, 0x20, 0x3d, 0xc2, 0x77, 0x80, 0xdd, 0x43, 0x46, 0xe9, 
    0x89, 0x90, 0xf1, 0x8a, 0xa4, 0xcc, 0x9d, 0x9a, 0xca, 0xcb, 0x99, 0x9c, 
    0xcd, 0x03, 0x73, 0x02, 0x2b, 0x32, 0x74, 0x52, 0x74, 0xae, 0x02, 0x00, 
    0x6e, 0xc6, 0x8d, 0x53, 0x80, 0x6d, 0x6d, 0x80, 0xd5, 0x8d, 0x2f, 0x4c, 
    0x37, 0xca, 0xf4, 0x4a, 0x3f, 0x19, 0x58, 0x6e, 0x82, 0x6f, 0x6f, 0x82, 
    0x8e, 0xf5, 0x93, 0xcc, 0xfe, 0xf3, 0x01, 0x0d, 0xcc, 0xc9, 0x01, 0x0c, 
    0xfe, 0xf5, 0x8f, 0x6b, 0xb4, 0x7b, 0xe1, 0x00, 0x00, 0x02, 0x00, 0x66, 
    0xff, 0xec, 0x03, 0x8f, 0x07, 0x9a, 0x00, 0x06, 0x00, 0x36, 0x00, 0x00, 
    0x01, 0x37, 0x17, 0x07, 0x23, 0x27, 0x37, 0x01, 0x34, 0x36, 0x33, 0x32, 
    0x16, 0x17, 0x15, 0x23, 0x2e, 0x01, 0x23, 0x22, 0x06, 0x15, 0x14, 0x1e, 
    0x07, 0x15, 0x14, 0x06, 0x23, 0x22, 0x26, 0x27, 0x35, 0x33, 0x1e, 0x01, 
    0x33, 0x32, 0x36, 0x35, 0x34, 0x2e, 0x07, 0x01, 0xfc, 0x87, 0x10, 0x83, 
    0x29, 0x83, 0x11, 0xfe, 0xf1, 0xe6, 0xcb, 0x53, 0xb8, 0x46, 0x29, 0x2b, 
    0xa5, 0x67, 0x77, 0xa1, 0x2e, 0x4e, 0x64, 0x70, 0x6f, 0x64, 0x4e, 0x2e, 
    0xe3, 0xc9, 0x63, 0xc6, 0x4d, 0x29, 0x37, 0xb3, 0x74, 0x7c, 0x94, 0x2e, 
    0x4d, 0x65, 0x6f, 0x6f, 0x65, 0x4d, 0x2e, 0x07, 0x1f, 0x7b, 0x0d, 0xd3, 
    0xd3, 0x0d, 0xfc, 0xbe, 0x8b, 0xcd, 0x23, 0x20, 0xcd, 0x67, 0x6c, 0x84, 
    0x5e, 0x2f, 0x58, 0x49, 0x48, 0x47, 0x4c, 0x59, 0x62, 0x7d, 0x46, 0xa2, 
    0xda, 0x37, 0x2d, 0xcd, 0x6d, 0x87, 0x96, 0x72, 0x3d, 0x6d, 0x56, 0x50, 
    0x48, 0x48, 0x4f, 0x53, 0x6a, 0x00, 0x00, 0x00, 0x00, 0x02, 0x00, 0x66, 
    0xff, 0xec, 0x03, 0x23, 0x06, 0x00, 0x00, 0x06, 0x00, 0x32, 0x00, 0x00, 
    0x01, 0x37, 0x17, 0x07, 0x23, 0x27, 0x37, 0x03, 0x34, 0x3e, 0x02, 0x33, 
    0x32, 0x17, 0x15, 0x23, 0x2e, 0x01, 0x23, 0x22, 0x06, 0x15, 0x14, 0x1e, 
    0x05, 0x15, 0x14, 0x06, 0x23, 0x22, 0x27, 0x35, 0x33, 0x1e, 0x01, 0x33, 
    0x32, 0x36, 0x35, 0x34, 0x2e, 0x05, 0x01, 0xc5, 0x87, 0x10, 0x83, 0x29, 
    0x83, 0x10, 0xd7, 0x2b, 0x55, 0x91, 0x5c, 0xb0, 0x83, 0x29, 0x25, 0x96, 
    0x61, 0x5b, 0x76, 0x3e, 0x63, 0x78, 0x79, 0x63, 0x3e, 0xbf, 0xb4, 0xc6, 
    0x84, 0x29, 0x31, 0x9c, 0x6b, 0x60, 0x71, 0x3e, 0x63, 0x78, 0x78, 0x63, 
    0x3e, 0x05, 0x85, 0x7b, 0x0c, 0xd3, 0xd3, 0x0c, 0xfd, 0x04, 0x34, 0x5e, 
    0x4f, 0x2f, 0x43, 0xcd, 0x5e, 0x75, 0x63, 0x3f, 0x2a, 0x47, 0x36, 0x37, 
    0x42, 0x4d, 0x73, 0x45, 0x7d, 0xa7, 0x64, 0xcd, 0x67, 0x8d, 0x70, 0x4a, 
    0x34, 0x55, 0x3d, 0x39, 0x3c, 0x45, 0x64, 0x00, 0x00, 0x03, 0x00, 0x3d, 
    0x00, 0x00, 0x04, 0x4a, 0x06, 0x71, 0x00, 0x08, 0x00, 0x11, 0x00, 0x26, 
    0x00, 0x00, 0x01, 0x34, 0x33, 0x32, 0x15, 0x14, 0x23, 0x22, 0x26, 0x27, 
    0x34, 0x33, 0x32, 0x15, 0x14, 0x23, 0x22, 0x26, 0x01, 0x21, 0x35, 0x37, 
    0x11, 0x01, 0x27, 0x35, 0x21, 0x15, 0x07, 0x09, 0x01, 0x27, 0x35, 0x33, 
    0x15, 0x07, 0x01, 0x11, 0x17, 0x02, 0x6d, 0x41, 0x40, 0x40, 0x22, 0x1f, 
    0xaa, 0x41, 0x40, 0x40, 0x22, 0x1f, 0x01, 0x35, 0xfe, 0xa4, 0x66, 0xfe, 
    0x98, 0x5d, 0x01, 0x36, 0x36, 0x01, 0x32, 0x01, 0x31, 0x4c, 0xf6, 0x63, 
    0xfe, 0xaa, 0x67, 0x06, 0x33, 0x3e, 0x3e, 0x3d, 0x1d, 0x20, 0x3e, 0x3e, 
    0x3d, 0x1d, 0xf9, 0xed, 0x1f, 0x33, 0x02, 0x7d, 0x02, 0x73, 0x39, 0x1f, 
    0x1f, 0x37, 0xfd, 0xf1, 0x02, 0x13, 0x33, 0x1f, 0x1f, 0x35, 0xfd, 0xb0, 
    0xfd, 0x5c, 0x33, 0x00, 0x00, 0x02, 0x00, 0x52, 0x00, 0x00, 0x03, 0xee, 
    0x07, 0x9a, 0x00, 0x06, 0x00, 0x14, 0x00, 0x00, 0x01, 0x37, 0x17, 0x07, 
    0x23, 0x27, 0x37, 0x01, 0x21, 0x15, 0x01, 0x21, 0x37, 0x33, 0x15, 0x21, 
    0x35, 0x01, 0x21, 0x07, 0x23, 0x02, 0x21, 0x87, 0x10, 0x83, 0x29, 0x83, 
    0x11, 0xfe, 0xb8, 0x03, 0x9c, 0xfd, 0x1a, 0x02, 0x56, 0x67, 0x29, 0xfc, 
    0x64, 0x02, 0xe5, 0xfd, 0xaa, 0x66, 0x29, 0x07, 0x1f, 0x7b, 0x0d, 0xd3, 
    0xd3, 0x0d, 0xfe, 0x00, 0x1f, 0xfa, 0xc2, 0x90, 0xcd, 0x1f, 0x05, 0x3d, 
    0x8f, 0x00, 0x00, 0x00, 0x00, 0x02, 0x00, 0x52, 0x00, 0x00, 0x03, 0x23, 
    0x06, 0x00, 0x00, 0x06, 0x00, 0x14, 0x00, 0x00, 0x01, 0x17, 0x07, 0x23, 
    0x27, 0x37, 0x17, 0x13, 0x37, 0x33, 0x15, 0x21, 0x35, 0x01, 0x21, 0x07, 
    0x23, 0x35, 0x21, 0x15, 0x01, 0x02, 0x42, 0x10, 0x83, 0x29, 0x83, 0x10, 
    0x87, 0xd9, 0x67, 0x29, 0xfd, 0x2f, 0x02, 0x1b, 0xfe, 0x89, 0x67, 0x29, 
    0x02, 0xbd, 0xfd, 0xe5, 0x06, 0x00, 0x0c, 0xd3, 0xd3, 0x0c, 0x7b, 0xfa, 
    0xb8, 0x90, 0xcd, 0x1f, 0x03, 0xa4, 0x90, 0xcd, 0x1f, 0xfc, 0x5c, 0x00, 
    0x00, 0x01, 0xfe, 0x9c, 0xfe, 0xec, 0x01, 0xba, 0x05, 0xae, 0x00, 0x24, 
    0x00, 0x00, 0x05, 0x16, 0x33, 0x32, 0x3e, 0x03, 0x35, 0x11, 0x23, 0x35, 
    0x33, 0x35, 0x34, 0x36, 0x33, 0x32, 0x17, 0x15, 0x23, 0x26, 0x23, 0x22, 
    0x0e, 0x01, 0x15, 0x33, 0x15, 0x23, 0x11, 0x14, 0x0e, 0x01, 0x23, 0x22, 
    0x27, 0xfe, 0xc1, 0x4a, 0x55, 0x20, 0x2f, 0x1a, 0x0f, 0x05, 0x66, 0x66, 
    0x9f, 0x82, 0x69, 0x53, 0x29, 0x4e, 0x60, 0x24, 0x32, 0x20, 0xd7, 0xd7, 
    0x32, 0x70, 0x52, 0x90, 0x4d, 0x48, 0x85, 0x27, 0x3e, 0x66, 0x64, 0x46, 
    0x03, 0x1b, 0x3d, 0x02, 0xc8, 0xe4, 0x50, 0xcd, 0xe0, 0x3e, 0xa9, 0x8a, 
    0x3d, 0xfc, 0xe5, 0x81, 0xc3, 0x78, 0xba, 0x00, 0x00, 0x01, 0x00, 0x8f, 
    0x05, 0x21, 0x01, 0xbe, 0x06, 0x00, 0x00, 0x06, 0x00, 0x00, 0x01, 0x27, 
    0x07, 0x27, 0x37, 0x33, 0x17, 0x01, 0xae, 0x87, 0x87, 0x11, 0x83, 0x29, 
    0x83, 0x05, 0x21, 0x7b, 0x7b, 0x0c, 0xd3, 0xd3, 0x00, 0x01, 0x00, 0x8f, 
    0x05, 0x21, 0x01, 0xbe, 0x06, 0x00, 0x00, 0x06, 0x00, 0x00, 0x01, 0x37, 
    0x17, 0x07, 0x23, 0x27, 0x37, 0x01, 0x27, 0x87, 0x10, 0x83, 0x29, 0x83, 
    0x11, 0x05, 0x85, 0x7b, 0x0c, 0xd3, 0xd3, 0x0c, 0x00, 0x01, 0x00, 0x8f, 
    0x05, 0x3d, 0x01, 0x71, 0x06, 0x00, 0x00, 0x0d, 0x00, 0x00, 0x00, 0x22, 
    0x2e, 0x01, 0x35, 0x33, 0x14, 0x16, 0x32, 0x36, 0x35, 0x33, 0x14, 0x06, 
    0x01, 0x2a, 0x54, 0x34, 0x13, 0x15, 0x31, 0x56, 0x31, 0x15, 0x13, 0x05, 
    0x3d, 0x3c, 0x52, 0x35, 0x3a, 0x41, 0x41, 0x3a, 0x35, 0x52, 0x00, 0x00, 
    0x00, 0x01, 0x00, 0x8f, 0x05, 0x85, 0x01, 0x10, 0x06, 0x00, 0x00, 0x07, 
    0x00, 0x00, 0x13, 0x34, 0x33, 0x32, 0x15, 0x14, 0x23, 0x22, 0x8f, 0x42, 
    0x3f, 0x3f, 0x42, 0x05, 0xc3, 0x3d, 0x3d, 0x3e, 0x00, 0x02, 0x00, 0x8f, 
    0x05, 0x04, 0x01, 0x8b, 0x06, 0x00, 0x00, 0x07, 0x00, 0x0f, 0x00, 0x00, 
    0x12, 0x34, 0x36, 0x32, 0x16, 0x14, 0x06, 0x22, 0x26, 0x14, 0x16, 0x32, 
    0x36, 0x34, 0x26, 0x22, 0x8f, 0x49, 0x6c, 0x47, 0x47, 0x6c, 0x20, 0x31, 
    0x4a, 0x2f, 0x2f, 0x4a, 0x05, 0x4d, 0x6c, 0x47, 0x47, 0x6c, 0x49, 0xa4, 
    0x4a, 0x31, 0x31, 0x4a, 0x2f, 0x00, 0x00, 0x00, 0x00, 0x01, 0x00, 0x8f, 
    0xfe, 0xe1, 0x01, 0x3b, 0x00, 0x1f, 0x00, 0x0f, 0x00, 0x00, 0x05, 0x07, 
    0x22, 0x26, 0x35, 0x34, 0x36, 0x17, 0x27, 0x33, 0x17, 0x07, 0x26, 0x06, 
    0x15, 0x14, 0x01, 0x3b, 0x06, 0x54, 0x52, 0x45, 0x3a, 0x0e, 0x29, 0x10, 
    0x10, 0x32, 0x2a, 0xe1, 0x3e, 0x42, 0x33, 0x31, 0x32, 0x0f, 0x75, 0x85, 
    0x0d, 0x13, 0x23, 0x1d, 0x41, 0x00, 0x00, 0x00, 0x00, 0x01, 0x00, 0x8f, 
    0x05, 0x96, 0x02, 0x08, 0x06, 0x08, 0x00, 0x0d, 0x00, 0x00, 0x13, 0x23, 
    0x34, 0x36, 0x1e, 0x01, 0x36, 0x35, 0x33, 0x14, 0x06, 0x2e, 0x01, 0x06, 
    0xa4, 0x15, 0x4a, 0x69, 0x68, 0x4a, 0x14, 0x49, 0x69, 0x69, 0x49, 0x05, 
    0x9e, 0x3e, 0x2c, 0x11, 0x1b, 0x03, 0x21, 0x3e, 0x2c, 0x11, 0x1b, 0x03, 
    0x00, 0x02, 0x00, 0x8f, 0x05, 0x29, 0x02, 0x21, 0x06, 0x00, 0x00, 0x04, 
    0x00, 0x09, 0x00, 0x00, 0x13, 0x37, 0x17, 0x15, 0x07, 0x3f, 0x01, 0x17, 
    0x15, 0x07, 0x8f, 0x94, 0x4e, 0xd3, 0xa1, 0x94, 0x4e, 0xd3, 0x05, 0x37, 
    0xc9, 0x21, 0x0a, 0xac, 0x0e, 0xc9, 0x21, 0x0a, 0xac, 0x00, 0x00, 0x00, 
    0x00, 0x01, 0x00, 0x8f, 0xff, 0x06, 0x04, 0x52, 0x04, 0x00, 0x00, 0x25, 
    0x00, 0x00, 0x25, 0x35, 0x0e, 0x01, 0x23, 0x22, 0x27, 0x11, 0x23, 0x11, 
    0x27, 0x35, 0x33, 0x32, 0x16, 0x15, 0x11, 0x14, 0x16, 0x33, 0x32, 0x3e, 
    0x02, 0x35, 0x11, 0x27, 0x35, 0x33, 0x32, 0x16, 0x15, 0x11, 0x17, 0x15, 
    0x23, 0x22, 0x26, 0x03, 0x5c, 0x36, 0xaf, 0x60, 0x51, 0x41, 0x8f, 0x67, 
    0xb9, 0x26, 0x17, 0x71, 0x50, 0x31, 0x5f, 0x53, 0x33, 0x66, 0xb8, 0x26, 
    0x18, 0x66, 0xb8, 0x26, 0x18, 0x64, 0x5a, 0x64, 0x6e, 0x26, 0xfe, 0xf4, 
    0x04, 0xa8, 0x33, 0x1f, 0x2a, 0x3a, 0xfd, 0x99, 0x77, 0x70, 0x2b, 0x56, 
    0x98, 0x62, 0x01, 0xe5, 0x33, 0x1f, 0x2a, 0x3a, 0xfc, 0xb6, 0x33, 0x1f, 
    0x2a, 0x00, 0x00, 0x00, 0x00, 0x01, 0x00, 0x8f, 0x02, 0xae, 0x03, 0xc3, 
    0x02, 0xec, 0x00, 0x03, 0x00, 0x00, 0x13, 0x35, 0x21, 0x15, 0x8f, 0x03, 
    0x34, 0x02, 0xae, 0x3e, 0x3e, 0x00, 0x00, 0x00, 0x00, 0x01, 0x00, 0x8f, 
    0x02, 0xae, 0x06, 0x29, 0x02, 0xec, 0x00, 0x03, 0x00, 0x00, 0x13, 0x35, 
    0x21, 0x15, 0x8f, 0x05, 0x9a, 0x02, 0xae, 0x3e, 0x3e, 0x00, 0x00, 0x00, 
    0x00, 0x01, 0x00, 0x8f, 0x04, 0x5e, 0x01, 0x2d, 0x05, 0x9a, 0x00, 0x0d, 
    0x00, 0x00, 0x01, 0x14, 0x23, 0x22, 0x26, 0x35, 0x34, 0x36, 0x37, 0x17, 
    0x06, 0x07, 0x32, 0x16, 0x01, 0x2d, 0x4e, 0x2c, 0x24, 0x44, 0x37, 0x06, 
    0x31, 0x06, 0x2a, 0x2a, 0x04, 0xb0, 0x52, 0x2d, 0x2f, 0x48, 0x74, 0x24, 
    0x09, 0x3d, 0x50, 0x24, 0x00, 0x01, 0x00, 0x8f, 0x04, 0x5e, 0x01, 0x2d, 
    0x05, 0x9a, 0x00, 0x0d, 0x00, 0x00, 0x13, 0x34, 0x33, 0x32, 0x16, 0x15, 
    0x14, 0x06, 0x07, 0x27, 0x36, 0x37, 0x22, 0x26, 0x8f, 0x4e, 0x2c, 0x24, 
    0x44, 0x37, 0x06, 0x31, 0x06, 0x2a, 0x2a, 0x05, 0x48, 0x52, 0x2e, 0x2f, 
    0x48, 0x73, 0x24, 0x08, 0x3d, 0x51, 0x24, 0x00, 0x00, 0x01, 0x00, 0x8f, 
    0xff, 0x93, 0x01, 0x2d, 0x00, 0xcf, 0x00, 0x0d, 0x00, 0x00, 0x37, 0x34, 
    0x33, 0x32, 0x16, 0x15, 0x14, 0x06, 0x07, 0x27, 0x36, 0x37, 0x22, 0x26, 
    0x8f, 0x4e, 0x2c, 0x24, 0x44, 0x37, 0x06, 0x31, 0x06, 0x2a, 0x2a, 0x7d, 
    0x52, 0x2d, 0x2f, 0x48, 0x74, 0x24, 0x09, 0x3d, 0x50, 0x24, 0x00, 0x00, 
    0x00, 0x02, 0x00, 0x8f, 0x04, 0x5e, 0x01, 0xf4, 0x05, 0x9a, 0x00, 0x0d, 
    0x00, 0x1b, 0x00, 0x00, 0x01, 0x14, 0x23, 0x22, 0x26, 0x35, 0x34, 0x36, 
    0x37, 0x17, 0x06, 0x07, 0x32, 0x16, 0x07, 0x14, 0x23, 0x22, 0x26, 0x35, 
    0x34, 0x36, 0x37, 0x17, 0x06, 0x07, 0x32, 0x16, 0x01, 0xf4, 0x4e, 0x2c, 
    0x24, 0x44, 0x37, 0x06, 0x31, 0x06, 0x2a, 0x2a, 0xc7, 0x4e, 0x2c, 0x24, 
    0x44, 0x37, 0x06, 0x31, 0x06, 0x2a, 0x2a, 0x04, 0xb0, 0x52, 0x2d, 0x2f, 
    0x48, 0x74, 0x24, 0x09, 0x3d, 0x50, 0x24, 0x30, 0x52, 0x2d, 0x2f, 0x48, 
    0x74, 0x24, 0x09, 0x3d, 0x50, 0x24, 0x00, 0x00, 0x00, 0x02, 0x00, 0x8f, 
    0x04, 0x5e, 0x01, 0xf4, 0x05, 0x9a, 0x00, 0x0d, 0x00, 0x1b, 0x00, 0x00, 
    0x13, 0x34, 0x33, 0x32, 0x16, 0x15, 0x14, 0x06, 0x07, 0x27, 0x36, 0x37, 
    0x22, 0x26, 0x37, 0x34, 0x33, 0x32, 0x16, 0x15, 0x14, 0x06, 0x07, 0x27, 
    0x36, 0x37, 0x22, 0x26, 0x8f, 0x4e, 0x2c, 0x24, 0x44, 0x37, 0x06, 0x31, 
    0x06, 0x2a, 0x2a, 0xc7, 0x4e, 0x2c, 0x24, 0x44, 0x37, 0x06, 0x31, 0x06, 
    0x2a, 0x2a, 0x05, 0x48, 0x52, 0x2e, 0x2f, 0x48, 0x73, 0x24, 0x08, 0x3d, 
    0x51, 0x24, 0x30, 0x52, 0x2e, 0x2f, 0x48, 0x73, 0x24, 0x08, 0x3d, 0x51, 
    0x24, 0x00, 0x00, 0x00, 0x00, 0x02, 0x00, 0x8f, 0xff, 0x93, 0x01, 0xf4, 
    0x00, 0xcf, 0x00, 0x0d, 0x00, 0x1b, 0x00, 0x00, 0x37, 0x34, 0x33, 0x32, 
    0x16, 0x15, 0x14, 0x06, 0x07, 0x27, 0x36, 0x37, 0x22, 0x26, 0x37, 0x34, 
    0x33, 0x32, 0x16, 0x15, 0x14, 0x06, 0x07, 0x27, 0x36, 0x37, 0x22, 0x26, 
    0x8f, 0x4e, 0x2c, 0x24, 0x44, 0x37, 0x06, 0x31, 0x06, 0x2a, 0x2a, 0xc7, 
    0x4e, 0x2c, 0x24, 0x44, 0x37, 0x06, 0x31, 0x06, 0x2a, 0x2a, 0x7d, 0x52, 
    0x2d, 0x2f, 0x48, 0x74, 0x24, 0x09, 0x3d, 0x50, 0x24, 0x30, 0x52, 0x2d, 
    0x2f, 0x48, 0x74, 0x24, 0x09, 0x3d, 0x50, 0x24, 0x00, 0x01, 0x00, 0x8f, 
    0x00, 0x00, 0x03, 0x44, 0x05, 0x9a, 0x00, 0x1b, 0x00, 0x00, 0x01, 0x03, 
    0x25, 0x36, 0x16, 0x14, 0x06, 0x27, 0x25, 0x13, 0x14, 0x06, 0x22, 0x26, 
    0x35, 0x13, 0x05, 0x06, 0x26, 0x34, 0x36, 0x17, 0x05, 0x03, 0x26, 0x36, 
    0x32, 0x16, 0x02, 0x19, 0x19, 0x01, 0x10, 0x17, 0x1d, 0x1d, 0x17, 0xfe, 
    0xee, 0x1d, 0x1b, 0x2e, 0x1a, 0x1d, 0xfe, 0xee, 0x17, 0x1d, 0x1d, 0x17, 
    0x01, 0x10, 0x19, 0x02, 0x1a, 0x2e, 0x1b, 0x05, 0x66, 0xfe, 0xb1, 0x18, 
    0x02, 0x1a, 0x2e, 0x1a, 0x02, 0x18, 0xfc, 0x4a, 0x17, 0x1c, 0x1c, 0x17, 
    0x03, 0xb6, 0x18, 0x02, 0x1a, 0x2e, 0x1a, 0x02, 0x18, 0x01, 0x4f, 0x17, 
    0x1d, 0x1d, 0x00, 0x00, 0x00, 0x01, 0x00, 0x8f, 0x00, 0x00, 0x03, 0x44, 
    0x05, 0x9a, 0x00, 0x2b, 0x00, 0x00, 0x01, 0x03, 0x25, 0x36, 0x16, 0x14, 
    0x06, 0x27, 0x25, 0x11, 0x25, 0x36, 0x16, 0x14, 0x06, 0x27, 0x25, 0x13, 
    0x16, 0x06, 0x22, 0x26, 0x37, 0x13, 0x05, 0x06, 0x26, 0x34, 0x36, 0x17, 
    0x05, 0x11, 0x05, 0x06, 0x26, 0x34, 0x36, 0x17, 0x05, 0x03, 0x26, 0x36, 
    0x32, 0x16, 0x02, 0x19, 0x19, 0x01, 0x10, 0x17, 0x1d, 0x1d, 0x17, 0xfe, 
    0xee, 0x01, 0x12, 0x17, 0x1d, 0x1d, 0x17, 0xfe, 0xf0, 0x19, 0x01, 0x1a, 
    0x2e, 0x1a, 0x02, 0x19, 0xfe, 0xf0, 0x17, 0x1d, 0x1d, 0x17, 0x01, 0x12, 
    0xfe, 0xee, 0x17, 0x1d, 0x1d, 0x17, 0x01, 0x10, 0x19, 0x02, 0x1a, 0x2e, 
    0x1b, 0x05, 0x66, 0xfe, 0xb1, 0x18, 0x02, 0x1a, 0x2e, 0x1a, 0x02, 0x18, 
    0xfd, 0xc7, 0x19, 0x02, 0x1a, 0x2e, 0x1b, 0x02, 0x19, 0xfe, 0xb0, 0x17, 
    0x1c, 0x1c, 0x17, 0x01, 0x50, 0x19, 0x02, 0x1b, 0x2e, 0x1a, 0x02, 0x19, 
    0x02, 0x39, 0x18, 0x02, 0x1a, 0x2e, 0x1a, 0x02, 0x18, 0x01, 0x4f, 0x17, 
    0x1d, 0x1d, 0x00, 0x00, 0x00, 0x01, 0x00, 0x8f, 0x02, 0x42, 0x01, 0xae, 
    0x03, 0x5a, 0x00, 0x09, 0x00, 0x00, 0x13, 0x34, 0x36, 0x32, 0x16, 0x15, 
    0x14, 0x06, 0x22, 0x26, 0x8f, 0x45, 0x96, 0x44, 0x44, 0x96, 0x45, 0x02, 
    0xcf, 0x49, 0x42, 0x42, 0x49, 0x4b, 0x42, 0x42, 0x00, 0x03, 0x00, 0x8f, 
    0x00, 0x00, 0x03, 0xae, 0x00, 0xb6, 0x00, 0x09, 0x00, 0x13, 0x00, 0x1d, 
    0x00, 0x00, 0x37, 0x34, 0x36, 0x32, 0x16, 0x15, 0x14, 0x06, 0x22, 0x26, 
    0x25, 0x34, 0x36, 0x32, 0x16, 0x15, 0x14, 0x06, 0x22, 0x26, 0x25, 0x34, 
    0x36, 0x32, 0x16, 0x15, 0x14, 0x06, 0x22, 0x26, 0x8f, 0x2c, 0x62, 0x2b, 
    0x2a, 0x64, 0x2b, 0x01, 0x34, 0x2b, 0x62, 0x2b, 0x2b, 0x62, 0x2b, 0x01, 
    0x33, 0x2b, 0x62, 0x2b, 0x2a, 0x64, 0x2a, 0x5c, 0x2f, 0x2b, 0x2a, 0x30, 
    0x32, 0x2a, 0x2b, 0x31, 0x30, 0x2a, 0x2a, 0x30, 0x32, 0x2a, 0x2a, 0x32, 
    0x30, 0x2a, 0x2a, 0x30, 0x32, 0x2a, 0x2a, 0x00, 0x00, 0x07, 0x00, 0x8f, 
    0xff, 0xec, 0x06, 0x7d, 0x05, 0xae, 0x00, 0x03, 0x00, 0x0c, 0x00, 0x16, 
    0x00, 0x1f, 0x00, 0x29, 0x00, 0x32, 0x00, 0x3c, 0x00, 0x00, 0x21, 0x01, 
    0x33, 0x01, 0x13, 0x34, 0x36, 0x32, 0x16, 0x10, 0x06, 0x22, 0x26, 0x12, 
    0x10, 0x16, 0x33, 0x32, 0x36, 0x10, 0x26, 0x23, 0x22, 0x01, 0x34, 0x36, 
    0x32, 0x16, 0x10, 0x06, 0x22, 0x26, 0x12, 0x10, 0x16, 0x33, 0x32, 0x36, 
    0x10, 0x26, 0x23, 0x22, 0x01, 0x34, 0x36, 0x32, 0x16, 0x10, 0x06, 0x22, 
    0x26, 0x12, 0x10, 0x16, 0x33, 0x32, 0x36, 0x10, 0x26, 0x23, 0x22, 0x01, 
    0x71, 0x01, 0xd3, 0x41, 0xfe, 0x2d, 0xdf, 0x89, 0xc6, 0x88, 0x88, 0xc6, 
    0x89, 0x67, 0x4d, 0x3a, 0x39, 0x4a, 0x4a, 0x39, 0x3b, 0xfd, 0x4b, 0x89, 
    0xc6, 0x88, 0x88, 0xc6, 0x89, 0x67, 0x4c, 0x3b, 0x39, 0x4a, 0x4a, 0x39, 
    0x3b, 0x03, 0x64, 0x88, 0xc6, 0x89, 0x89, 0xc6, 0x88, 0x66, 0x4d, 0x3a, 
    0x39, 0x4b, 0x4b, 0x39, 0x3b, 0x05, 0x9a, 0xfa, 0x66, 0x01, 0x4e, 0x94, 
    0xca, 0xca, 0xfe, 0xd4, 0xca, 0xcc, 0x01, 0x1b, 0xfe, 0xf2, 0xb1, 0xb1, 
    0x01, 0x0e, 0xb0, 0x01, 0xcd, 0x94, 0xca, 0xca, 0xfe, 0xd4, 0xca, 0xcc, 
    0x01, 0x1b, 0xfe, 0xf2, 0xb0, 0xb0, 0x01, 0x0e, 0xb0, 0xfb, 0xc9, 0x95, 
    0xc9, 0xca, 0xfe, 0xd4, 0xca, 0xcc, 0x01, 0x1b, 0xfe, 0xf2, 0xb1, 0xb1, 
    0x01, 0x0e, 0xb0, 0x00, 0x00, 0x01, 0x00, 0x8f, 0x01, 0xa6, 0x02, 0x3d, 
    0x03, 0xf6, 0x00, 0x06, 0x00, 0x00, 0x13, 0x35, 0x01, 0x33, 0x09, 0x01, 
    0x23, 0x8f, 0x01, 0x50, 0x5e, 0xfe, 0xaa, 0x01, 0x56, 0x5e, 0x02, 0xc9, 
    0x0a, 0x01, 0x23, 0xfe, 0xd9, 0xfe, 0xd7, 0x00, 0x00, 0x01, 0x00, 0x8f, 
    0x01, 0xa6, 0x02, 0x3d, 0x03, 0xf6, 0x00, 0x06, 0x00, 0x00, 0x01, 0x15, 
    0x01, 0x23, 0x09, 0x01, 0x33, 0x02, 0x3d, 0xfe, 0xb1, 0x5f, 0x01, 0x56, 
    0xfe, 0xaa, 0x5f, 0x02, 0xd3, 0x0a, 0xfe, 0xdd, 0x01, 0x27, 0x01, 0x29, 
    0x00, 0x01, 0x00, 0x8f, 0x00, 0x00, 0x02, 0x6d, 0x05, 0x9a, 0x00, 0x03, 
    0x00, 0x00, 0x33, 0x01, 0x33, 0x01, 0x8f, 0x01, 0x9c, 0x42, 0xfe, 0x64, 
    0x05, 0x9a, 0xfa, 0x66, 0x00, 0x01, 0x00, 0x52, 0xff, 0xec, 0x04, 0x2d, 
    0x05, 0xae, 0x00, 0x2f, 0x00, 0x00, 0x13, 0x34, 0x37, 0x23, 0x37, 0x33, 
    0x12, 0x00, 0x33, 0x32, 0x17, 0x15, 0x23, 0x2e, 0x01, 0x23, 0x22, 0x02, 
    0x07, 0x21, 0x07, 0x21, 0x14, 0x06, 0x14, 0x16, 0x15, 0x21, 0x07, 0x21, 
    0x16, 0x12, 0x33, 0x32, 0x36, 0x37, 0x33, 0x15, 0x06, 0x23, 0x22, 0x00, 
    0x03, 0x23, 0x37, 0x33, 0x34, 0x26, 0xbc, 0x02, 0x6c, 0x14, 0x5d, 0x1f, 
    0x01, 0x26, 0xd1, 0xca, 0x8a, 0x29, 0x35, 0x90, 0x64, 0x91, 0xcc, 0x18, 
    0x02, 0x02, 0x14, 0xfe, 0x0e, 0x02, 0x02, 0x02, 0x06, 0x14, 0xfe, 0x12, 
    0x18, 0xcc, 0x91, 0x65, 0x8f, 0x35, 0x29, 0x8a, 0xca, 0xd1, 0xfe, 0xd8, 
    0x1d, 0x71, 0x14, 0x58, 0x02, 0x02, 0xcb, 0x2b, 0x14, 0x3e, 0x01, 0x12, 
    0x01, 0x54, 0xa4, 0xcd, 0x94, 0xa0, 0xfe, 0xca, 0xf3, 0x3e, 0x0a, 0x29, 
    0x14, 0x2a, 0x0a, 0x3d, 0xf3, 0xfe, 0xca, 0x9f, 0x94, 0xcd, 0xa3, 0x01, 
    0x54, 0x01, 0x12, 0x3d, 0x0a, 0x28, 0x00, 0x00, 0x00, 0x03, 0x00, 0x8f, 
    0x03, 0x4e, 0x04, 0x93, 0x05, 0x9a, 0x00, 0x03, 0x00, 0x11, 0x00, 0x2a, 
    0x00, 0x00, 0x13, 0x35, 0x33, 0x07, 0x13, 0x23, 0x35, 0x37, 0x11, 0x23, 
    0x35, 0x21, 0x15, 0x23, 0x27, 0x23, 0x11, 0x17, 0x05, 0x23, 0x35, 0x37, 
    0x11, 0x27, 0x35, 0x33, 0x1b, 0x01, 0x33, 0x15, 0x07, 0x11, 0x17, 0x15, 
    0x23, 0x35, 0x37, 0x11, 0x03, 0x07, 0x03, 0x11, 0x17, 0x8f, 0x3a, 0x29, 
    0xf6, 0x92, 0x29, 0x9e, 0x01, 0x79, 0x10, 0x29, 0x65, 0x2c, 0x01, 0x06, 
    0x6b, 0x29, 0x29, 0x60, 0xd7, 0xd7, 0x54, 0x29, 0x29, 0x8f, 0x29, 0xcd, 
    0x18, 0xd9, 0x2d, 0x05, 0x4c, 0x39, 0x39, 0xfe, 0x0a, 0x0c, 0x15, 0x02, 
    0x0e, 0x15, 0x4e, 0x39, 0xfd, 0xf2, 0x15, 0x0c, 0x0c, 0x15, 0x02, 0x02, 
    0x14, 0x0d, 0xfe, 0x06, 0x01, 0xfa, 0x0d, 0x14, 0xfd, 0xfe, 0x15, 0x0c, 
    0x0c, 0x15, 0x01, 0xc2, 0xfe, 0x1d, 0x08, 0x01, 0xfe, 0xfe, 0x2b, 0x15, 
    0x00, 0x01, 0x00, 0x8f, 0x02, 0xae, 0x02, 0xf6, 0x02, 0xec, 0x00, 0x03, 
    0x00, 0x00, 0x13, 0x35, 0x21, 0x15, 0x8f, 0x02, 0x67, 0x02, 0xae, 0x3e, 
    0x3e, 0x00, 0x00, 0x00, 0x00, 0x01, 0x00, 0x52, 0x00, 0x00, 0x03, 0x71, 
    0x05, 0xae, 0x00, 0x29, 0x00, 0x00, 0x13, 0x35, 0x33, 0x35, 0x34, 0x36, 
    0x33, 0x32, 0x17, 0x15, 0x23, 0x26, 0x23, 0x22, 0x0e, 0x01, 0x15, 0x21, 
    0x32, 0x16, 0x15, 0x11, 0x17, 0x15, 0x21, 0x35, 0x37, 0x11, 0x34, 0x26, 
    0x0e, 0x02, 0x2b, 0x01, 0x11, 0x17, 0x15, 0x21, 0x35, 0x37, 0x11, 0x52, 
    0x66, 0x9f, 0x82, 0x6a, 0x53, 0x29, 0x4e, 0x61, 0x24, 0x32, 0x20, 0x01, 
    0x85, 0x26, 0x17, 0x67, 0xfe, 0xa3, 0x67, 0x11, 0x20, 0x23, 0x32, 0x14, 
    0x99, 0x66, 0xfe, 0xa4, 0x66, 0x03, 0xc3, 0x3d, 0x02, 0xc8, 0xe4, 0x50, 
    0xcd, 0xe0, 0x3e, 0xa9, 0x8a, 0x2a, 0x3a, 0xfc, 0xb6, 0x33, 0x1f, 0x1f, 
    0x33, 0x03, 0x5c, 0x1d, 0x18, 0x03, 0x0e, 0x0f, 0xfc, 0x8f, 0x33, 0x1f, 
    0x1f, 0x33, 0x03, 0x71, 0x00, 0x01, 0x00, 0x52, 0x00, 0x00, 0x03, 0x71, 
    0x05, 0xae, 0x00, 0x21, 0x00, 0x00, 0x13, 0x35, 0x33, 0x35, 0x34, 0x36, 
    0x33, 0x32, 0x17, 0x33, 0x32, 0x16, 0x15, 0x11, 0x17, 0x15, 0x21, 0x35, 
    0x37, 0x11, 0x26, 0x23, 0x22, 0x11, 0x33, 0x15, 0x23, 0x11, 0x17, 0x15, 
    0x21, 0x35, 0x37, 0x11, 0x52, 0x66, 0xa8, 0x85, 0x6c, 0x53, 0x29, 0x26, 
    0x17, 0x67, 0xfe, 0xa3, 0x67, 0x4b, 0x61, 0x87, 0xd7, 0xd7, 0x66, 0xfe, 
    0xa4, 0x66, 0x03, 0xc3, 0x3d, 0x02, 0xc7, 0xe5, 0x50, 0x27, 0x39, 0xfb, 
    0x54, 0x33, 0x1f, 0x1f, 0x33, 0x04, 0x3f, 0xe0, 0xfe, 0x8f, 0x3d, 0xfc, 
    0x8f, 0x33, 0x1f, 0x1f, 0x33, 0x03, 0x71, 0x00, 0x00, 0x02, 0x00, 0x52, 
    0xff, 0xec, 0x05, 0xa6, 0x04, 0x14, 0x00, 0x09, 0x00, 0x46, 0x00, 0x00, 
    0x01, 0x0e, 0x01, 0x15, 0x14, 0x16, 0x33, 0x32, 0x36, 0x35, 0x01, 0x15, 
    0x3e, 0x01, 0x33, 0x32, 0x16, 0x15, 0x11, 0x17, 0x15, 0x23, 0x22, 0x26, 
    0x3d, 0x01, 0x0e, 0x01, 0x23, 0x22, 0x26, 0x35, 0x34, 0x36, 0x24, 0x37, 
    0x35, 0x34, 0x2e, 0x01, 0x23, 0x22, 0x06, 0x15, 0x23, 0x2e, 0x01, 0x23, 
    0x22, 0x0e, 0x02, 0x15, 0x11, 0x17, 0x15, 0x21, 0x35, 0x37, 0x11, 0x27, 
    0x35, 0x33, 0x32, 0x16, 0x1d, 0x01, 0x3e, 0x01, 0x33, 0x32, 0x04, 0xb0, 
    0xc1, 0xed, 0x67, 0x53, 0x5e, 0x96, 0xfe, 0x98, 0x24, 0x7d, 0x46, 0x82, 
    0x8e, 0x67, 0xb8, 0x26, 0x18, 0x38, 0xb4, 0x5c, 0x79, 0x89, 0xb3, 0x01, 
    0x08, 0x8f, 0x26, 0x58, 0x3e, 0x45, 0x67, 0x29, 0x22, 0x58, 0x3f, 0x34, 
    0x64, 0x53, 0x33, 0x66, 0xfe, 0xa4, 0x66, 0x66, 0xb8, 0x26, 0x18, 0x36, 
    0xb0, 0x68, 0x6e, 0x02, 0x46, 0x1c, 0xaa, 0x78, 0x50, 0x64, 0x7c, 0x5d, 
    0x02, 0xac, 0x3b, 0x38, 0x3e, 0xca, 0x9c, 0xfd, 0xa4, 0x33, 0x1f, 0x2a, 
    0x3a, 0x25, 0x47, 0x56, 0x8f, 0x60, 0x6a, 0xbb, 0x72, 0x11, 0x29, 0x4c, 
    0x80, 0x57, 0x63, 0x60, 0x5c, 0x52, 0x34, 0x63, 0xa3, 0x65, 0xfe, 0x37, 
    0x33, 0x1f, 0x1f, 0x33, 0x03, 0x5c, 0x33, 0x1f, 0x2a, 0x3a, 0x65, 0x69, 
    0x74, 0x00, 0x00, 0x00, 0x00, 0x01, 0x00, 0x52, 0xff, 0xec, 0x06, 0x4c, 
    0x04, 0x14, 0x00, 0x22, 0x00, 0x00, 0x01, 0x2e, 0x01, 0x23, 0x22, 0x06, 
    0x15, 0x11, 0x17, 0x15, 0x21, 0x35, 0x37, 0x11, 0x27, 0x35, 0x33, 0x32, 
    0x16, 0x1d, 0x01, 0x36, 0x33, 0x32, 0x16, 0x17, 0x13, 0x01, 0x27, 0x35, 
    0x33, 0x15, 0x07, 0x01, 0x07, 0x03, 0x0c, 0x2b, 0x63, 0x47, 0x67, 0x88, 
    0x66, 0xfe, 0xa4, 0x66, 0x66, 0xb8, 0x26, 0x18, 0x5f, 0xc1, 0x6e, 0x94, 
    0x3e, 0xdf, 0x01, 0x2f, 0x5a, 0xf0, 0x54, 0xfe, 0x83, 0x39, 0x02, 0xe9, 
    0x69, 0x6a, 0xd8, 0xc9, 0xfe, 0x37, 0x33, 0x1f, 0x1f, 0x33, 0x03, 0x5c, 
    0x33, 0x1f, 0x2a, 0x3a, 0x4a, 0xc2, 0x90, 0x9b, 0xfd, 0xd8, 0x02, 0xed, 
    0x33, 0x1f, 0x1f, 0x35, 0xfc, 0x54, 0x14, 0x00, 0x00, 0x01, 0x00, 0x52, 
    0xff, 0xec, 0x08, 0x8f, 0x04, 0x14, 0x00, 0x28, 0x00, 0x00, 0x21, 0x07, 
    0x01, 0x2e, 0x01, 0x23, 0x22, 0x06, 0x15, 0x11, 0x17, 0x15, 0x21, 0x35, 
    0x37, 0x11, 0x27, 0x35, 0x33, 0x32, 0x16, 0x1d, 0x01, 0x36, 0x33, 0x32, 
    0x16, 0x17, 0x13, 0x01, 0x37, 0x09, 0x01, 0x27, 0x35, 0x33, 0x15, 0x07, 
    0x01, 0x07, 0x01, 0x04, 0x7b, 0x39, 0xfe, 0xca, 0x2b, 0x63, 0x47, 0x67, 
    0x88, 0x66, 0xfe, 0xa4, 0x66, 0x66, 0xb8, 0x26, 0x18, 0x5f, 0xc1, 0x6e, 
    0x94, 0x3e, 0xd7, 0x01, 0x06, 0x3c, 0x01, 0x10, 0x01, 0x29, 0x5a, 0xef, 
    0x54, 0xfe, 0x83, 0x3b, 0xfe, 0xf8, 0x14, 0x02, 0xfd, 0x69, 0x6a, 0xd8, 
    0xc9, 0xfe, 0x37, 0x33, 0x1f, 0x1f, 0x33, 0x03, 0x5c, 0x33, 0x1f, 0x2a, 
    0x3a, 0x4a, 0xc2, 0x90, 0x9b, 0xfd, 0xec, 0x03, 0x2b, 0x14, 0xfc, 0xbb, 
    0x02, 0xdf, 0x33, 0x1f, 0x1f, 0x35, 0xfc, 0x54, 0x14, 0x03, 0x2b, 0x00, 
    0x00, 0x01, 0x00, 0x52, 0xfe, 0x00, 0x06, 0x4e, 0x04, 0x14, 0x00, 0x2d, 
    0x00, 0x00, 0x01, 0x22, 0x26, 0x35, 0x37, 0x16, 0x33, 0x32, 0x3f, 0x01, 
    0x01, 0x2e, 0x01, 0x23, 0x22, 0x06, 0x15, 0x11, 0x17, 0x15, 0x21, 0x35, 
    0x37, 0x11, 0x27, 0x35, 0x33, 0x32, 0x16, 0x1d, 0x01, 0x36, 0x33, 0x32, 
    0x16, 0x17, 0x13, 0x01, 0x27, 0x35, 0x33, 0x15, 0x07, 0x01, 0x0e, 0x01, 
    0x03, 0x33, 0x3a, 0x43, 0x0b, 0x39, 0x45, 0x6b, 0x50, 0x3f, 0xfe, 0xd3, 
    0x2b, 0x63, 0x47, 0x67, 0x88, 0x66, 0xfe, 0xa4, 0x66, 0x66, 0xb8, 0x26, 
    0x18, 0x5f, 0xc1, 0x6e, 0x94, 0x3e, 0xdf, 0x01, 0x31, 0x5a, 0xf0, 0x54, 
    0xfe, 0x41, 0x43, 0x80, 0xfe, 0x00, 0x87, 0x69, 0x04, 0x58, 0xc4, 0x9e, 
    0x02, 0xeb, 0x69, 0x6a, 0xd8, 0xc9, 0xfe, 0x37, 0x33, 0x1f, 0x1f, 0x33, 
    0x03, 0x5c, 0x33, 0x1f, 0x2a, 0x3a, 0x4a, 0xc2, 0x90, 0x9b, 0xfd, 0xd5, 
    0x02, 0xf0, 0x33, 0x1f, 0x1f, 0x35, 0xfb, 0xb4, 0xa5, 0xbb, 0x00, 0x00, 
    0x00, 0x03, 0x00, 0x66, 0xff, 0xec, 0x07, 0x93, 0x04, 0x14, 0x00, 0x33, 
    0x00, 0x3d, 0x00, 0x45, 0x00, 0x00, 0x25, 0x17, 0x0e, 0x01, 0x23, 0x22, 
    0x2e, 0x01, 0x35, 0x34, 0x3e, 0x01, 0x33, 0x32, 0x16, 0x15, 0x14, 0x07, 
    0x33, 0x36, 0x00, 0x33, 0x32, 0x16, 0x15, 0x14, 0x0e, 0x01, 0x23, 0x21, 
    0x1e, 0x03, 0x33, 0x32, 0x36, 0x37, 0x17, 0x0e, 0x01, 0x23, 0x22, 0x2e, 
    0x01, 0x27, 0x21, 0x14, 0x16, 0x33, 0x32, 0x36, 0x01, 0x21, 0x34, 0x2e, 
    0x01, 0x23, 0x22, 0x0e, 0x02, 0x05, 0x21, 0x34, 0x2e, 0x01, 0x23, 0x22, 
    0x06, 0x03, 0xae, 0x21, 0x3c, 0xc4, 0x77, 0x87, 0xe5, 0x86, 0x81, 0xd9, 
    0x7d, 0xa0, 0xdf, 0x1e, 0x8f, 0x14, 0x01, 0x0e, 0xb3, 0xa0, 0xdf, 0x1b, 
    0x4b, 0x3a, 0xfd, 0xee, 0x01, 0x30, 0x5b, 0x93, 0x5c, 0x5d, 0x9b, 0x31, 
    0x20, 0x3d, 0xc2, 0x77, 0x86, 0xe4, 0x87, 0x01, 0xfc, 0xdf, 0xd1, 0xaa, 
    0x5d, 0x9b, 0x01, 0x54, 0x02, 0x2b, 0x33, 0x77, 0x56, 0x44, 0x70, 0x47, 
    0x2a, 0xfc, 0x35, 0x02, 0x2b, 0x32, 0x74, 0x52, 0x74, 0xae, 0xcb, 0x19, 
    0x58, 0x6e, 0x8e, 0xf7, 0x93, 0x90, 0xf4, 0x8c, 0xd5, 0x8d, 0x4a, 0x2b, 
    0xc9, 0x01, 0x0e, 0xd5, 0x8d, 0x2f, 0x4c, 0x37, 0x59, 0x9e, 0x7e, 0x49, 
    0x4a, 0x3f, 0x19, 0x58, 0x6e, 0x8d, 0xf5, 0x92, 0xca, 0xf4, 0x4a, 0x01, 
    0xb1, 0x6b, 0xb4, 0x7b, 0x4d, 0x7d, 0x8a, 0x46, 0x6b, 0xb4, 0x7b, 0xe1, 
    0x00, 0x02, 0x00, 0x52, 0xfe, 0x00, 0x0a, 0x48, 0x04, 0x79, 0x00, 0x0b, 
    0x00, 0x72, 0x00, 0x00, 0x01, 0x14, 0x16, 0x33, 0x32, 0x36, 0x35, 0x34, 
    0x26, 0x23, 0x22, 0x06, 0x01, 0x11, 0x34, 0x26, 0x23, 0x22, 0x0e, 0x02, 
    0x15, 0x11, 0x17, 0x15, 0x21, 0x35, 0x37, 0x11, 0x34, 0x26, 0x23, 0x22, 
    0x0e, 0x02, 0x15, 0x11, 0x17, 0x15, 0x21, 0x35, 0x37, 0x11, 0x27, 0x35, 
    0x33, 0x32, 0x16, 0x1d, 0x01, 0x3e, 0x01, 0x33, 0x32, 0x16, 0x17, 0x3e, 
    0x01, 0x33, 0x32, 0x16, 0x15, 0x11, 0x14, 0x04, 0x33, 0x32, 0x3e, 0x01, 
    0x35, 0x34, 0x2e, 0x03, 0x23, 0x27, 0x37, 0x2e, 0x01, 0x35, 0x34, 0x36, 
    0x37, 0x25, 0x15, 0x07, 0x1e, 0x01, 0x15, 0x14, 0x06, 0x23, 0x22, 0x27, 
    0x07, 0x32, 0x1e, 0x05, 0x15, 0x14, 0x0e, 0x02, 0x23, 0x22, 0x2e, 0x03, 
    0x07, 0x66, 0x92, 0x70, 0x6d, 0x91, 0x91, 0x6d, 0x70, 0x92, 0xfe, 0x1f, 
    0x70, 0x50, 0x31, 0x5f, 0x54, 0x33, 0x66, 0xfe, 0xa4, 0x67, 0x71, 0x50, 
    0x31, 0x5f, 0x53, 0x33, 0x66, 0xfe, 0xa4, 0x66, 0x66, 0xb8, 0x26, 0x18, 
    0x36, 0xaf, 0x60, 0x67, 0x98, 0x18, 0x34, 0xb6, 0x66, 0x7d, 0xa3, 0x01, 
    0x28, 0xef, 0x6d, 0xbb, 0x7e, 0x62, 0x91, 0xcc, 0xac, 0x60, 0x14, 0x9f, 
    0x5f, 0x6f, 0xc0, 0x94, 0x01, 0xd5, 0xf8, 0x7c, 0x9a, 0xf3, 0xb1, 0x56, 
    0x47, 0x54, 0x46, 0x6f, 0x9d, 0x78, 0x80, 0x53, 0x36, 0x5a, 0x9a, 0xc4, 
    0x6f, 0x66, 0xbd, 0xad, 0x80, 0x4c, 0x02, 0x9c, 0x8a, 0xb6, 0xb6, 0x8a, 
    0x87, 0xb4, 0xb3, 0xfc, 0xdc, 0x02, 0xcb, 0x77, 0x70, 0x2b, 0x56, 0x98, 
    0x62, 0xfe, 0x1b, 0x33, 0x1f, 0x1f, 0x33, 0x02, 0x79, 0x77, 0x70, 0x2b, 
    0x56, 0x98, 0x62, 0xfe, 0x1b, 0x33, 0x1f, 0x1f, 0x33, 0x03, 0x5c, 0x33, 
    0x1f, 0x2a, 0x3a, 0x5a, 0x64, 0x6e, 0x7a, 0x6d, 0x6f, 0x78, 0xb2, 0x97, 
    0xfd, 0x35, 0xd3, 0xf0, 0x30, 0x6e, 0x4c, 0x42, 0x62, 0x37, 0x21, 0x0a, 
    0x39, 0xec, 0x32, 0xaf, 0x67, 0x8c, 0xcf, 0x19, 0x6b, 0x67, 0x12, 0x27, 
    0xc2, 0x7d, 0x9f, 0xdc, 0x1a, 0x81, 0x04, 0x0f, 0x1b, 0x33, 0x45, 0x6a, 
    0x42, 0x58, 0x8b, 0x56, 0x2d, 0x24, 0x51, 0x74, 0xae, 0x00, 0x00, 0x00, 
    0x00, 0x02, 0x00, 0x52, 0xfd, 0xfc, 0x07, 0xe1, 0x04, 0x79, 0x00, 0x0b, 
    0x00, 0x5e, 0x00, 0x00, 0x01, 0x14, 0x16, 0x33, 0x32, 0x36, 0x35, 0x34, 
    0x26, 0x23, 0x22, 0x06, 0x07, 0x34, 0x36, 0x37, 0x25, 0x15, 0x07, 0x1e, 
    0x01, 0x15, 0x14, 0x06, 0x23, 0x22, 0x27, 0x07, 0x32, 0x1e, 0x05, 0x15, 
    0x14, 0x0e, 0x01, 0x23, 0x22, 0x2e, 0x03, 0x35, 0x11, 0x34, 0x26, 0x23, 
    0x22, 0x0e, 0x02, 0x15, 0x11, 0x17, 0x15, 0x21, 0x35, 0x37, 0x11, 0x27, 
    0x35, 0x33, 0x32, 0x16, 0x1d, 0x01, 0x3e, 0x01, 0x33, 0x32, 0x16, 0x15, 
    0x11, 0x14, 0x04, 0x33, 0x32, 0x3e, 0x02, 0x35, 0x34, 0x2e, 0x04, 0x23, 
    0x27, 0x37, 0x2e, 0x01, 0x05, 0x00, 0x92, 0x70, 0x6d, 0x91, 0x91, 0x6d, 
    0x70, 0x92, 0xa4, 0xc0, 0x94, 0x01, 0xd5, 0xf8, 0x7d, 0x9a, 0xf3, 0xb1, 
    0x57, 0x47, 0x54, 0x46, 0x6f, 0x9d, 0x78, 0x80, 0x53, 0x36, 0x9c, 0xf5, 
    0x96, 0x65, 0xbe, 0xac, 0x80, 0x4c, 0x70, 0x51, 0x32, 0x5e, 0x53, 0x33, 
    0x66, 0xfe, 0xa4, 0x66, 0x66, 0xb8, 0x26, 0x18, 0x36, 0xaf, 0x60, 0x7e, 
    0xa3, 0x01, 0x29, 0xee, 0x50, 0x94, 0x79, 0x48, 0x42, 0x76, 0x89, 0xac, 
    0x8f, 0x4e, 0x15, 0xa0, 0x5f, 0x70, 0x02, 0x9c, 0x8a, 0xb6, 0xb6, 0x8a, 
    0x87, 0xb4, 0xb3, 0x8a, 0x8c, 0xcf, 0x19, 0x6b, 0x67, 0x12, 0x27, 0xc3, 
    0x7c, 0x9f, 0xdc, 0x1a, 0x81, 0x04, 0x0f, 0x1b, 0x33, 0x45, 0x6a, 0x42, 
    0x74, 0xa8, 0x4e, 0x25, 0x52, 0x76, 0xae, 0x69, 0x02, 0xcb, 0x77, 0x6c, 
    0x2a, 0x54, 0x97, 0x62, 0xfe, 0x1b, 0x33, 0x1f, 0x1f, 0x33, 0x03, 0x5c, 
    0x33, 0x1f, 0x2a, 0x3a, 0x5d, 0x63, 0x6e, 0xae, 0x97, 0xfd, 0x35, 0xd3, 
    0xf4, 0x1e, 0x39, 0x5d, 0x3a, 0x37, 0x57, 0x38, 0x26, 0x13, 0x07, 0x39, 
    0xec, 0x32, 0xaf, 0x00, 0x00, 0x03, 0x00, 0x66, 0xfd, 0xfc, 0x08, 0x3d, 
    0x05, 0x9a, 0x00, 0x4a, 0x00, 0x56, 0x00, 0x63, 0x00, 0x00, 0x01, 0x34, 
    0x36, 0x37, 0x25, 0x15, 0x07, 0x1e, 0x01, 0x15, 0x14, 0x06, 0x23, 0x22, 
    0x27, 0x07, 0x32, 0x1e, 0x05, 0x15, 0x14, 0x0e, 0x02, 0x23, 0x22, 0x2e, 
    0x03, 0x3d, 0x01, 0x0e, 0x01, 0x23, 0x22, 0x2e, 0x01, 0x35, 0x34, 0x3e, 
    0x01, 0x33, 0x32, 0x16, 0x17, 0x11, 0x27, 0x35, 0x33, 0x32, 0x16, 0x15, 
    0x11, 0x14, 0x04, 0x33, 0x32, 0x3e, 0x01, 0x35, 0x34, 0x2e, 0x03, 0x23, 
    0x27, 0x37, 0x2e, 0x01, 0x37, 0x14, 0x16, 0x33, 0x32, 0x36, 0x35, 0x34, 
    0x26, 0x23, 0x22, 0x06, 0x01, 0x14, 0x16, 0x33, 0x32, 0x36, 0x35, 0x11, 
    0x34, 0x26, 0x23, 0x22, 0x06, 0x04, 0xb8, 0xc0, 0x94, 0x01, 0xd5, 0xf8, 
    0x7d, 0x9a, 0xf3, 0xb1, 0x57, 0x47, 0x54, 0x46, 0x6f, 0x9d, 0x78, 0x80, 
    0x53, 0x36, 0x59, 0x9a, 0xc4, 0x6f, 0x65, 0xbe, 0xad, 0x80, 0x4c, 0x34, 
    0xad, 0x65, 0x7d, 0xd5, 0x7d, 0x7d, 0xd3, 0x7b, 0x65, 0xb0, 0x35, 0x67, 
    0xb9, 0x26, 0x17, 0x01, 0x28, 0xed, 0x6e, 0xbc, 0x7e, 0x62, 0x91, 0xcc, 
    0xac, 0x60, 0x15, 0xa0, 0x5f, 0x70, 0xa4, 0x92, 0x70, 0x6d, 0x91, 0x91, 
    0x6d, 0x70, 0x92, 0xfb, 0xae, 0xb9, 0x95, 0x78, 0xab, 0xaf, 0x78, 0x94, 
    0xb6, 0x02, 0x9a, 0x8c, 0xcf, 0x19, 0x6b, 0x67, 0x12, 0x27, 0xc3, 0x7c, 
    0x9f, 0xdc, 0x1a, 0x81, 0x04, 0x0f, 0x1b, 0x33, 0x45, 0x6a, 0x42, 0x58, 
    0x8c, 0x58, 0x2e, 0x25, 0x52, 0x76, 0xae, 0x69, 0x9c, 0x54, 0x5c, 0x8c, 
    0xf5, 0x93, 0x92, 0xf6, 0x8c, 0x5f, 0x55, 0x01, 0xe8, 0x33, 0x1f, 0x40, 
    0x58, 0xfa, 0xfe, 0xd3, 0xf4, 0x33, 0x6f, 0x4c, 0x42, 0x62, 0x37, 0x21, 
    0x0a, 0x39, 0xec, 0x32, 0xaf, 0x69, 0x8a, 0xb6, 0xb6, 0x8a, 0x87, 0xb4, 
    0xb3, 0xfe, 0xde, 0xc9, 0xf5, 0xa2, 0x99, 0x01, 0x02, 0x98, 0xa3, 0xf3, 
    0x00, 0x02, 0x00, 0x52, 0xfe, 0x00, 0x07, 0xe1, 0x04, 0x79, 0x00, 0x53, 
    0x00, 0x5f, 0x00, 0x00, 0x13, 0x11, 0x27, 0x35, 0x33, 0x32, 0x16, 0x15, 
    0x11, 0x14, 0x16, 0x33, 0x32, 0x3e, 0x02, 0x35, 0x11, 0x27, 0x35, 0x33, 
    0x32, 0x16, 0x15, 0x11, 0x14, 0x04, 0x33, 0x32, 0x3e, 0x02, 0x35, 0x34, 
    0x2e, 0x04, 0x23, 0x27, 0x37, 0x2e, 0x01, 0x35, 0x34, 0x36, 0x37, 0x25, 
    0x15, 0x07, 0x1e, 0x01, 0x15, 0x14, 0x06, 0x23, 0x22, 0x27, 0x07, 0x32, 
    0x1e, 0x05, 0x15, 0x14, 0x0e, 0x01, 0x23, 0x22, 0x2e, 0x03, 0x3d, 0x01, 
    0x0e, 0x01, 0x23, 0x22, 0x26, 0x01, 0x14, 0x16, 0x33, 0x32, 0x36, 0x35, 
    0x34, 0x26, 0x23, 0x22, 0x06, 0xb8, 0x66, 0xb8, 0x26, 0x18, 0x70, 0x50, 
    0x31, 0x5f, 0x54, 0x33, 0x67, 0xb9, 0x26, 0x17, 0x01, 0x28, 0xed, 0x51, 
    0x95, 0x79, 0x48, 0x42, 0x76, 0x89, 0xac, 0x8f, 0x4e, 0x15, 0x9e, 0x5e, 
    0x6f, 0xc0, 0x94, 0x01, 0xd5, 0xf8, 0x7d, 0x9a, 0xf3, 0xb1, 0x54, 0x4c, 
    0x52, 0x46, 0x6f, 0x9d, 0x78, 0x80, 0x53, 0x36, 0x9c, 0xf5, 0x96, 0x65, 
    0xbe, 0xac, 0x80, 0x4c, 0x36, 0xb0, 0x60, 0x7d, 0xa4, 0x04, 0x48, 0x92, 
    0x70, 0x6d, 0x91, 0x91, 0x6d, 0x70, 0x92, 0x01, 0x35, 0x02, 0x79, 0x33, 
    0x1f, 0x2a, 0x3a, 0xfd, 0x99, 0x77, 0x70, 0x2b, 0x56, 0x98, 0x62, 0x01, 
    0xe5, 0x33, 0x1f, 0x2a, 0x3a, 0xfc, 0x68, 0xd3, 0xf4, 0x1e, 0x39, 0x5d, 
    0x3a, 0x37, 0x57, 0x38, 0x26, 0x13, 0x07, 0x39, 0xea, 0x32, 0xad, 0x67, 
    0x8c, 0xcf, 0x19, 0x6b, 0x67, 0x12, 0x27, 0xc3, 0x7c, 0x9f, 0xdc, 0x1c, 
    0x7f, 0x04, 0x0f, 0x1b, 0x33, 0x45, 0x6a, 0x42, 0x74, 0xa8, 0x4e, 0x25, 
    0x52, 0x76, 0xae, 0x69, 0xba, 0x64, 0x6e, 0xb2, 0x01, 0xfe, 0x8a, 0xb6, 
    0xb6, 0x8a, 0x87, 0xb4, 0xb3, 0x00, 0x00, 0x00, 0x00, 0x02, 0x00, 0x52, 
    0xff, 0xec, 0x04, 0x39, 0x04, 0xdb, 0x00, 0x22, 0x00, 0x2b, 0x00, 0x00, 
    0x25, 0x17, 0x0e, 0x01, 0x23, 0x22, 0x26, 0x27, 0x0e, 0x01, 0x23, 0x22, 
    0x26, 0x35, 0x11, 0x23, 0x35, 0x3e, 0x01, 0x37, 0x33, 0x15, 0x21, 0x32, 
    0x36, 0x37, 0x33, 0x15, 0x33, 0x15, 0x23, 0x11, 0x14, 0x33, 0x32, 0x01, 
    0x11, 0x14, 0x16, 0x33, 0x32, 0x36, 0x35, 0x11, 0x04, 0x14, 0x25, 0x1a, 
    0x5a, 0x3c, 0x43, 0x57, 0x12, 0x28, 0x94, 0x5e, 0x74, 0x97, 0x66, 0x50, 
    0x56, 0x27, 0x29, 0x01, 0x12, 0x51, 0x68, 0x28, 0x29, 0xcd, 0xcd, 0x5a, 
    0x31, 0xfd, 0x59, 0x64, 0x4a, 0x5a, 0x85, 0x7d, 0x13, 0x37, 0x47, 0x5b, 
    0x53, 0x4a, 0x64, 0x97, 0x79, 0x02, 0xc7, 0x3d, 0x15, 0x61, 0x65, 0xdb, 
    0x6f, 0x6c, 0xdb, 0x3d, 0xfd, 0x3b, 0xc3, 0x03, 0x88, 0xfd, 0x3b, 0x60, 
    0x63, 0x7f, 0x4e, 0x02, 0xbb, 0x00, 0x00, 0x00, 0x00, 0x01, 0xfe, 0x1d, 
    0x00, 0x00, 0x00, 0x66, 0x05, 0x9a, 0x00, 0x19, 0x00, 0x00, 0x23, 0x35, 
    0x37, 0x11, 0x34, 0x26, 0x23, 0x22, 0x06, 0x16, 0x17, 0x07, 0x22, 0x27, 
    0x26, 0x37, 0x36, 0x37, 0x36, 0x33, 0x21, 0x15, 0x07, 0x11, 0x17, 0x15, 
    0xf6, 0x67, 0x2c, 0x26, 0x4f, 0x3d, 0x4d, 0x5d, 0x02, 0x93, 0x4d, 0x3e, 
    0x10, 0x0f, 0x57, 0x36, 0x4b, 0x01, 0x52, 0x66, 0x66, 0x1f, 0x33, 0x04, 
    0xa4, 0x46, 0x35, 0x9c, 0xb1, 0x1a, 0x0a, 0x5c, 0x4a, 0x57, 0x59, 0x2a, 
    0x1a, 0x1f, 0x33, 0xfb, 0x0a, 0x33, 0x1f, 0x00, 0x00, 0x03, 0xfe, 0x1d, 
    0xff, 0x48, 0x02, 0xf6, 0x05, 0x9a, 0x00, 0x26, 0x00, 0x2f, 0x00, 0x42, 
    0x00, 0x00, 0x17, 0x22, 0x2e, 0x01, 0x35, 0x34, 0x36, 0x33, 0x11, 0x34, 
    0x26, 0x23, 0x22, 0x06, 0x16, 0x17, 0x07, 0x22, 0x27, 0x26, 0x37, 0x36, 
    0x37, 0x36, 0x33, 0x21, 0x32, 0x04, 0x15, 0x14, 0x06, 0x07, 0x1e, 0x01, 
    0x15, 0x14, 0x0e, 0x01, 0x04, 0x03, 0x33, 0x32, 0x36, 0x35, 0x34, 0x26, 
    0x2b, 0x01, 0x03, 0x22, 0x06, 0x15, 0x14, 0x04, 0x33, 0x32, 0x3e, 0x02, 
    0x35, 0x34, 0x2e, 0x02, 0x2b, 0x01, 0x11, 0x44, 0x88, 0xf3, 0x9e, 0xbd, 
    0x89, 0x2c, 0x26, 0x4f, 0x3d, 0x4d, 0x5d, 0x02, 0x93, 0x4d, 0x3e, 0x10, 
    0x0f, 0x57, 0x36, 0x4b, 0x01, 0xc5, 0xe2, 0x01, 0x1c, 0x9f, 0x88, 0x97, 
    0xaf, 0x5c, 0xaa, 0xfe, 0xf7, 0xe7, 0xc7, 0x9e, 0xce, 0xbd, 0x9b, 0xdb, 
    0x8f, 0x56, 0x77, 0x01, 0x04, 0xa6, 0x7f, 0xc8, 0x7c, 0x41, 0x3c, 0x6c, 
    0x8d, 0x56, 0xc7, 0xb8, 0x38, 0x6d, 0x46, 0x4e, 0x60, 0x04, 0x15, 0x46, 
    0x35, 0x9c, 0xb1, 0x1a, 0x0a, 0x5c, 0x4a, 0x57, 0x59, 0x2a, 0x1a, 0xb4, 
    0xa0, 0x75, 0xa3, 0x26, 0x2d, 0xd1, 0xa0, 0x71, 0xc5, 0x96, 0x56, 0x03, 
    0xdf, 0x98, 0x89, 0x84, 0x90, 0xfb, 0x67, 0x51, 0x30, 0x48, 0x75, 0x4d, 
    0x87, 0xaf, 0x65, 0x62, 0x94, 0x5a, 0x2c, 0xfd, 0xda, 0x00, 0x00, 0x00, 
    0x00, 0x02, 0xfe, 0x1d, 0xff, 0x48, 0x03, 0x85, 0x05, 0x9a, 0x00, 0x22, 
    0x00, 0x34, 0x00, 0x00, 0x17, 0x22, 0x2e, 0x01, 0x35, 0x34, 0x36, 0x33, 
    0x11, 0x34, 0x26, 0x23, 0x22, 0x06, 0x16, 0x17, 0x07, 0x22, 0x27, 0x26, 
    0x37, 0x36, 0x37, 0x36, 0x33, 0x21, 0x32, 0x04, 0x16, 0x12, 0x15, 0x14, 
    0x02, 0x06, 0x04, 0x01, 0x22, 0x06, 0x15, 0x14, 0x1e, 0x01, 0x33, 0x32, 
    0x3e, 0x01, 0x12, 0x35, 0x10, 0x00, 0x2b, 0x01, 0x11, 0x44, 0x88, 0xf3, 
    0x9e, 0xbd, 0x89, 0x2c, 0x26, 0x4f, 0x3d, 0x4d, 0x5d, 0x02, 0x93, 0x4d, 
    0x3e, 0x10, 0x0f, 0x57, 0x36, 0x4b, 0x01, 0xb9, 0x98, 0x01, 0x00, 0xb9, 
    0x67, 0x7c, 0xdf, 0xfe, 0xd0, 0xfe, 0x77, 0x56, 0x77, 0x77, 0xc9, 0x70, 
    0x92, 0xef, 0xad, 0x5f, 0xfe, 0xdf, 0xf1, 0xcf, 0xb8, 0x38, 0x6d, 0x46, 
    0x4e, 0x60, 0x04, 0x15, 0x46, 0x35, 0x9c, 0xb1, 0x1a, 0x0a, 0x5c, 0x4a, 
    0x57, 0x59, 0x2a, 0x1a, 0x6b, 0xc6, 0xfe, 0xd7, 0xb7, 0xc8, 0xfe, 0xc2, 
    0xce, 0x6d, 0x01, 0x7b, 0x51, 0x30, 0x2f, 0x58, 0x36, 0x62, 0xbf, 0x01, 
    0x28, 0xbd, 0x01, 0x55, 0x01, 0x7c, 0xfb, 0x67, 0x00, 0x01, 0xfe, 0x1d, 
    0x00, 0x00, 0x03, 0x5c, 0x05, 0x9a, 0x00, 0x29, 0x00, 0x00, 0x23, 0x35, 
    0x37, 0x11, 0x34, 0x26, 0x23, 0x22, 0x06, 0x16, 0x17, 0x07, 0x22, 0x27, 
    0x26, 0x37, 0x36, 0x37, 0x36, 0x33, 0x21, 0x15, 0x07, 0x11, 0x21, 0x11, 
    0x27, 0x35, 0x21, 0x15, 0x07, 0x11, 0x17, 0x15, 0x21, 0x35, 0x37, 0x11, 
    0x21, 0x11, 0x17, 0x15, 0xf6, 0x67, 0x2c, 0x26, 0x4f, 0x3d, 0x4d, 0x5d, 
    0x02, 0x93, 0x4d, 0x3e, 0x10, 0x0f, 0x57, 0x36, 0x4b, 0x01, 0x52, 0x66, 
    0x02, 0x66, 0x66, 0x01, 0x5c, 0x66, 0x66, 0xfe, 0xa4, 0x66, 0xfd, 0x9a, 
    0x66, 0x1f, 0x33, 0x04, 0xa4, 0x46, 0x35, 0x9c, 0xb1, 0x1a, 0x0a, 0x5c, 
    0x4a, 0x57, 0x59, 0x2a, 0x1a, 0x1f, 0x33, 0xfd, 0xa4, 0x02, 0x5c, 0x33, 
    0x1f, 0x1f, 0x33, 0xfb, 0x0a, 0x33, 0x1f, 0x1f, 0x33, 0x02, 0x5c, 0xfd, 
    0xa4, 0x33, 0x1f, 0x00, 0x00, 0x01, 0xfe, 0x1d, 0x00, 0x00, 0x02, 0xd7, 
    0x05, 0x9a, 0x00, 0x29, 0x00, 0x00, 0x23, 0x35, 0x37, 0x11, 0x34, 0x26, 
    0x23, 0x22, 0x06, 0x16, 0x17, 0x07, 0x22, 0x27, 0x26, 0x37, 0x36, 0x37, 
    0x36, 0x33, 0x21, 0x15, 0x07, 0x11, 0x01, 0x27, 0x35, 0x21, 0x15, 0x07, 
    0x09, 0x01, 0x17, 0x15, 0x21, 0x35, 0x37, 0x01, 0x07, 0x11, 0x17, 0x15, 
    0xf6, 0x67, 0x2c, 0x26, 0x4f, 0x3d, 0x4d, 0x5d, 0x02, 0x93, 0x4d, 0x3e, 
    0x10, 0x0f, 0x57, 0x36, 0x4b, 0x01, 0x52, 0x66, 0x02, 0x10, 0x4b, 0x01, 
    0x12, 0x81, 0xfe, 0x87, 0x01, 0x9c, 0x5e, 0xfe, 0xc5, 0x3b, 0xfe, 0xa2, 
    0x79, 0x66, 0x1f, 0x33, 0x04, 0xa4, 0x46, 0x35, 0x9c, 0xb1, 0x1a, 0x0a, 
    0x5c, 0x4a, 0x57, 0x59, 0x2a, 0x1a, 0x1f, 0x33, 0xfd, 0x8d, 0x02, 0x73, 
    0x33, 0x1f, 0x1f, 0x3e, 0xfe, 0x40, 0xfc, 0xd7, 0x35, 0x1f, 0x1f, 0x37, 
    0x02, 0xae, 0x8f, 0xfd, 0xdd, 0x33, 0x1f, 0x00, 0x00, 0x01, 0xfe, 0x1d, 
    0xff, 0x48, 0x02, 0xe7, 0x05, 0x9a, 0x00, 0x25, 0x00, 0x00, 0x23, 0x35, 
    0x37, 0x11, 0x34, 0x26, 0x23, 0x22, 0x06, 0x16, 0x17, 0x07, 0x22, 0x27, 
    0x26, 0x37, 0x36, 0x37, 0x36, 0x33, 0x21, 0x15, 0x07, 0x11, 0x16, 0x04, 
    0x33, 0x32, 0x37, 0x17, 0x0e, 0x01, 0x23, 0x22, 0x2e, 0x02, 0x23, 0xf6, 
    0x67, 0x2c, 0x26, 0x4f, 0x3d, 0x4d, 0x5d, 0x02, 0x93, 0x4d, 0x3e, 0x10, 
    0x0f, 0x57, 0x36, 0x4b, 0x01, 0x52, 0x66, 0x32, 0x01, 0x40, 0x55, 0xdd, 
    0x2f, 0x14, 0x13, 0x8a, 0x77, 0x41, 0x9d, 0x7a, 0x8e, 0x33, 0x1f, 0x33, 
    0x04, 0xa4, 0x46, 0x35, 0x9c, 0xb1, 0x1a, 0x0a, 0x5c, 0x4a, 0x57, 0x59, 
    0x2a, 0x1a, 0x1f, 0x33, 0xfa, 0xf1, 0x06, 0x47, 0x9f, 0x06, 0x8e, 0xaf, 
    0x3a, 0x44, 0x3a, 0x00, 0x00, 0x02, 0xfe, 0x1d, 0x00, 0x00, 0x02, 0xcd, 
    0x05, 0x9a, 0x00, 0x08, 0x00, 0x28, 0x00, 0x00, 0x11, 0x33, 0x32, 0x36, 
    0x35, 0x34, 0x26, 0x2b, 0x01, 0x37, 0x20, 0x04, 0x15, 0x14, 0x0e, 0x01, 
    0x2b, 0x01, 0x11, 0x17, 0x15, 0x21, 0x35, 0x37, 0x11, 0x34, 0x26, 0x23, 
    0x22, 0x06, 0x16, 0x17, 0x07, 0x22, 0x27, 0x26, 0x37, 0x36, 0x37, 0x36, 
    0x33, 0x9e, 0xaf, 0xdc, 0xd1, 0xba, 0x9e, 0x9c, 0x00, 0xff, 0x01, 0x32, 
    0x97, 0xfb, 0x9f, 0x9c, 0x66, 0xfe, 0xa4, 0x67, 0x2c, 0x26, 0x4f, 0x3d, 
    0x4d, 0x5d, 0x02, 0x93, 0x4d, 0x3e, 0x10, 0x0f, 0x57, 0x36, 0x4b, 0x02, 
    0xb0, 0xb4, 0xa8, 0xa3, 0xad, 0x3e, 0xd1, 0xbd, 0x81, 0xbc, 0x5c, 0xfd, 
    0xdf, 0x33, 0x1f, 0x1f, 0x33, 0x04, 0xa4, 0x46, 0x35, 0x9c, 0xb1, 0x1a, 
    0x0a, 0x5c, 0x4a, 0x57, 0x59, 0x2a, 0x1a, 0x00, 0x00, 0x02, 0xfe, 0x1d, 
    0xff, 0x48, 0x04, 0x48, 0x05, 0x9a, 0x00, 0x08, 0x00, 0x3f, 0x00, 0x00, 
    0x11, 0x33, 0x32, 0x36, 0x35, 0x34, 0x26, 0x2b, 0x01, 0x37, 0x32, 0x04, 
    0x15, 0x14, 0x06, 0x07, 0x1e, 0x06, 0x33, 0x32, 0x36, 0x37, 0x17, 0x06, 
    0x23, 0x22, 0x2e, 0x07, 0x07, 0x23, 0x11, 0x17, 0x15, 0x21, 0x35, 0x37, 
    0x11, 0x34, 0x26, 0x23, 0x22, 0x06, 0x16, 0x17, 0x07, 0x22, 0x27, 0x26, 
    0x37, 0x36, 0x37, 0x36, 0x33, 0x96, 0xaa, 0xd4, 0xca, 0xb4, 0x96, 0x96, 
    0xf9, 0x01, 0x29, 0xd9, 0xb2, 0x46, 0x71, 0x47, 0x3f, 0x38, 0x42, 0x5f, 
    0x3e, 0x33, 0x64, 0x21, 0x0f, 0x89, 0x9c, 0x43, 0x6b, 0x48, 0x3b, 0x30, 
    0x31, 0x3e, 0x4d, 0x74, 0x48, 0x4a, 0x66, 0xfe, 0xa4, 0x67, 0x2c, 0x26, 
    0x4f, 0x3d, 0x4d, 0x5d, 0x02, 0x93, 0x4d, 0x3e, 0x10, 0x0f, 0x57, 0x36, 
    0x4b, 0x02, 0xec, 0xa3, 0x9a, 0x96, 0x9d, 0x3e, 0xc2, 0xaf, 0x93, 0xbf, 
    0x1d, 0x24, 0x7d, 0x8c, 0x9a, 0x8b, 0x70, 0x42, 0x29, 0x21, 0x0e, 0xaa, 
    0x3c, 0x65, 0x83, 0x91, 0x91, 0x82, 0x65, 0x3a, 0x01, 0xfd, 0xa4, 0x33, 
    0x1f, 0x1f, 0x33, 0x04, 0xa4, 0x46, 0x35, 0x9c, 0xb1, 0x1a, 0x0a, 0x5c, 
    0x4a, 0x57, 0x59, 0x2a, 0x1a, 0x00, 0x00, 0x00, 0x00, 0x03, 0x00, 0x52, 
    0xff, 0x48, 0x06, 0xb8, 0x05, 0xae, 0x00, 0x10, 0x00, 0x28, 0x00, 0x37, 
    0x00, 0x00, 0x01, 0x34, 0x12, 0x24, 0x33, 0x32, 0x04, 0x12, 0x15, 0x14, 
    0x0e, 0x02, 0x23, 0x22, 0x24, 0x02, 0x01, 0x35, 0x37, 0x11, 0x27, 0x35, 
    0x21, 0x15, 0x07, 0x11, 0x16, 0x04, 0x33, 0x32, 0x37, 0x17, 0x0e, 0x01, 
    0x23, 0x22, 0x2e, 0x01, 0x24, 0x23, 0x01, 0x14, 0x12, 0x16, 0x33, 0x32, 
    0x36, 0x12, 0x35, 0x34, 0x02, 0x26, 0x23, 0x22, 0x02, 0x02, 0x14, 0x9d, 
    0x01, 0x10, 0xa5, 0xa6, 0x01, 0x11, 0x9b, 0x5b, 0x9e, 0xdc, 0x7d, 0xa6, 
    0xfe, 0xef, 0x9b, 0xfe, 0x3e, 0x66, 0x66, 0x01, 0x5c, 0x66, 0x9f, 0x02, 
    0x51, 0x62, 0xf8, 0x2f, 0x14, 0x13, 0x97, 0x93, 0x4f, 0xf1, 0xd7, 0xfe, 
    0xee, 0x6d, 0x01, 0xb6, 0x6e, 0xc6, 0x7c, 0x7a, 0xc4, 0x6e, 0x6e, 0xc4, 
    0x7a, 0xbc, 0xf4, 0x03, 0x3d, 0xae, 0x01, 0x1f, 0xa4, 0xa4, 0xfe, 0xe2, 
    0xaf, 0x83, 0xe7, 0xa6, 0x60, 0xa5, 0x01, 0x1e, 0xfd, 0x70, 0x1f, 0x33, 
    0x04, 0xf6, 0x33, 0x1f, 0x1f, 0x33, 0xfa, 0xf3, 0x05, 0x4a, 0x9f, 0x06, 
    0x91, 0xac, 0x3a, 0x44, 0x3a, 0x03, 0x3f, 0xa1, 0xfe, 0xfe, 0x92, 0x92, 
    0x01, 0x02, 0xa1, 0x9f, 0x01, 0x01, 0x92, 0xfe, 0xc1, 0x00, 0x00, 0x00, 
    0x00, 0x02, 0x00, 0x52, 0xff, 0x48, 0x06, 0x1b, 0x05, 0xac, 0x00, 0x1c, 
    0x00, 0x34, 0x00, 0x00, 0x01, 0x17, 0x02, 0x21, 0x22, 0x24, 0x02, 0x10, 
    0x12, 0x24, 0x33, 0x32, 0x17, 0x15, 0x23, 0x2e, 0x01, 0x23, 0x22, 0x0e, 
    0x01, 0x15, 0x14, 0x1e, 0x02, 0x33, 0x32, 0x36, 0x01, 0x35, 0x37, 0x11, 
    0x27, 0x35, 0x21, 0x15, 0x07, 0x11, 0x16, 0x04, 0x33, 0x32, 0x37, 0x17, 
    0x0e, 0x01, 0x23, 0x22, 0x2e, 0x01, 0x24, 0x23, 0x05, 0xfa, 0x21, 0xae, 
    0xfe, 0xeb, 0xa0, 0xfe, 0xf6, 0x9a, 0x9b, 0x01, 0x12, 0xa7, 0xe8, 0x9c, 
    0x29, 0x3c, 0xa9, 0x7c, 0x78, 0xc4, 0x6e, 0x4d, 0x83, 0xac, 0x5f, 0x6a, 
    0xba, 0xfa, 0x9b, 0x66, 0x66, 0x01, 0x5c, 0x66, 0x9f, 0x02, 0x51, 0x62, 
    0xf8, 0x2f, 0x14, 0x13, 0x97, 0x93, 0x4f, 0xf1, 0xd7, 0xfe, 0xee, 0x6d, 
    0x01, 0xec, 0x19, 0xfe, 0xfa, 0xa4, 0x01, 0x20, 0x01, 0x5c, 0x01, 0x1c, 
    0xa3, 0xa4, 0xcd, 0x94, 0xa0, 0x90, 0xf8, 0x97, 0x7b, 0xcd, 0x88, 0x4b, 
    0x5e, 0xfe, 0x6d, 0x1f, 0x33, 0x04, 0xf6, 0x33, 0x1f, 0x1f, 0x33, 0xfa, 
    0xf3, 0x05, 0x4a, 0x9f, 0x06, 0x91, 0xac, 0x3a, 0x44, 0x3a, 0x00, 0x00, 
    0x00, 0x00, 0x00, 0x16, 0x01, 0x0e, 0x00, 0x01, 0x00, 0x00, 0x00, 0x00, 
    0x00, 0x00, 0x00, 0x37, 0x00, 0x70, 0x00, 0x01, 0x00, 0x00, 0x00, 0x00, 
    0x00, 0x01, 0x00, 0x14, 0x00, 0xd2, 0x00, 0x01, 0x00, 0x00, 0x00, 0x00, 
    0x00, 0x02, 0x00, 0x07, 0x00, 0xf7, 0x00, 0x01, 0x00, 0x00, 0x00, 0x00, 
    0x00, 0x03, 0x00, 0x21, 0x01, 0x43, 0x00, 0x01, 0x00, 0x00, 0x00, 0x00, 
    0x00, 0x04, 0x00, 0x14, 0x01, 0x8f, 0x00, 0x01, 0x00, 0x00, 0x00, 0x00, 
    0x00, 0x05, 0x00, 0x3d, 0x02, 0x20, 0x00, 0x01, 0x00, 0x00, 0x00, 0x00, 
    0x00, 0x06, 0x00, 0x12, 0x02, 0x84, 0x00, 0x01, 0x00, 0x00, 0x00, 0x00, 
    0x00, 0x07, 0x00, 0x13, 0x02, 0xbf, 0x00, 0x01, 0x00, 0x00, 0x00, 0x00, 
    0x00, 0x08, 0x00, 0x22, 0x03, 0x19, 0x00, 0x01, 0x00, 0x00, 0x00, 0x00, 
    0x00, 0x09, 0x00, 0x07, 0x03, 0x4c, 0x00, 0x01, 0x00, 0x00, 0x00, 0x00, 
    0x00, 0x0a, 0x00, 0x40, 0x03, 0xd6, 0x00, 0x03, 0x00, 0x01, 0x04, 0x09, 
    0x00, 0x00, 0x00, 0x6e, 0x00, 0x00, 0x00, 0x03, 0x00, 0x01, 0x04, 0x09, 
    0x00, 0x01, 0x00, 0x28, 0x00, 0xa8, 0x00, 0x03, 0x00, 0x01, 0x04, 0x09, 
    0x00, 0x02, 0x00, 0x0e, 0x00, 0xe7, 0x00, 0x03, 0x00, 0x01, 0x04, 0x09, 
    0x00, 0x03, 0x00, 0x42, 0x00, 0xff, 0x00, 0x03, 0x00, 0x01, 0x04, 0x09, 
    0x00, 0x04, 0x00, 0x28, 0x01, 0x65, 0x00, 0x03, 0x00, 0x01, 0x04, 0x09, 
    0x00, 0x05, 0x00, 0x7a, 0x01, 0xa4, 0x00, 0x03, 0x00, 0x01, 0x04, 0x09, 
    0x00, 0x06, 0x00, 0x24, 0x02, 0x5e, 0x00, 0x03, 0x00, 0x01, 0x04, 0x09, 
    0x00, 0x07, 0x00, 0x26, 0x02, 0x97, 0x00, 0x03, 0x00, 0x01, 0x04, 0x09, 
    0x00, 0x08, 0x00, 0x44, 0x02, 0xd3, 0x00, 0x03, 0x00, 0x01, 0x04, 0x09, 
    0x00, 0x09, 0x00, 0x0e, 0x03, 0x3c, 0x00, 0x03, 0x00, 0x01, 0x04, 0x09, 
    0x00, 0x0a, 0x00, 0x80, 0x03, 0x54, 0x00, 0x57, 0x00, 0x65, 0x00, 0x6c, 
    0x00, 0x63, 0x00, 0x6f, 0x00, 0x6d, 0x00, 0x65, 0x00, 0x20, 0x00, 0x74, 
    0x00, 0x6f, 0x00, 0x20, 0x00, 0x4c, 0x00, 0x65, 0x00, 0x74, 0x00, 0x74, 
    0x00, 0x65, 0x00, 0x72, 0x00, 0x69, 0x00, 0x6e, 0x00, 0x67, 0x00, 0x40, 
    0x00, 0x52, 0x00, 0x6f, 0x00, 0x63, 0x00, 0x6b, 0x00, 0x62, 0x00, 0x6f, 
    0x00, 0x79, 0x00, 0x53, 0x00, 0x74, 0x00, 0x75, 0x00, 0x64, 0x00, 0x69, 
    0x00, 0x6f, 0x00, 0x2e, 0x00, 0x20, 0x00, 0x41, 0x00, 0x6c, 0x00, 0x6c, 
    0x00, 0x20, 0x00, 0x52, 0x00, 0x69, 0x00, 0x67, 0x00, 0x68, 0x00, 0x74, 
    0x00, 0x73, 0x00, 0x20, 0x00, 0x52, 0x00, 0x65, 0x00, 0x73, 0x00, 0x65, 
    0x00, 0x72, 0x00, 0x76, 0x00, 0x65, 0x00, 0x64, 0x00, 0x00, 0x57, 0x65, 
    0x6c, 0x63, 0x6f, 0x6d, 0x65, 0x20, 0x74, 0x6f, 0x20, 0x4c, 0x65, 0x74, 
    0x74, 0x65, 0x72, 0x69, 0x6e, 0x67, 0x40, 0x52, 0x6f, 0x63, 0x6b, 0x62, 
    0x6f, 0x79, 0x53, 0x74, 0x75, 0x64, 0x69, 0x6f, 0x2e, 0x20, 0x41, 0x6c, 
    0x6c, 0x20, 0x52, 0x69, 0x67, 0x68, 0x74, 0x73, 0x20, 0x52, 0x65, 0x73, 
    0x65, 0x72, 0x76, 0x65, 0x64, 0x00, 0x00, 0x57, 0x00, 0x65, 0x00, 0x6c, 
    0x00, 0x63, 0x00, 0x6f, 0x00, 0x6d, 0x00, 0x65, 0x00, 0x20, 0x00, 0x74, 
    0x00, 0x6f, 0x00, 0x20, 0x00, 0x4c, 0x00, 0x65, 0x00, 0x74, 0x00, 0x74, 
    0x00, 0x65, 0x00, 0x72, 0x00, 0x69, 0x00, 0x6e, 0x00, 0x67, 0x00, 0x00, 
    0x57, 0x65, 0x6c, 0x63, 0x6f, 0x6d, 0x65, 0x20, 0x74, 0x6f, 0x20, 0x4c, 
    0x65, 0x74, 0x74, 0x65, 0x72, 0x69, 0x6e, 0x67, 0x00, 0x00, 0x52, 0x00, 
    0x65, 0x00, 0x67, 0x00, 0x75, 0x00, 0x6c, 0x00, 0x61, 0x00, 0x72, 0x00, 
    0x00, 0x52, 0x65, 0x67, 0x75, 0x6c, 0x61, 0x72, 0x00, 0x00, 0x57, 0x00, 
    0x65, 0x00, 0x6c, 0x00, 0x63, 0x00, 0x6f, 0x00, 0x6d, 0x00, 0x65, 0x00, 
    0x20, 0x00, 0x74, 0x00, 0x6f, 0x00, 0x20, 0x00, 0x4c, 0x00, 0x65, 0x00, 
    0x74, 0x00, 0x74, 0x00, 0x65, 0x00, 0x72, 0x00, 0x69, 0x00, 0x6e, 0x00, 
    0x67, 0x00, 0x3a, 0x00, 0x56, 0x00, 0x65, 0x00, 0x72, 0x00, 0x73, 0x00, 
    0x69, 0x00, 0x6f, 0x00, 0x6e, 0x00, 0x20, 0x00, 0x31, 0x00, 0x2e, 0x00, 
    0x30, 0x00, 0x30, 0x00, 0x00, 0x57, 0x65, 0x6c, 0x63, 0x6f, 0x6d, 0x65, 
    0x20, 0x74, 0x6f, 0x20, 0x4c, 0x65, 0x74, 0x74, 0x65, 0x72, 0x69, 0x6e, 
    0x67, 0x3a, 0x56, 0x65, 0x72, 0x73, 0x69, 0x6f, 0x6e, 0x20, 0x31, 0x2e, 
    0x30, 0x30, 0x00, 0x00, 0x57, 0x00, 0x65, 0x00, 0x6c, 0x00, 0x63, 0x00, 
    0x6f, 0x00, 0x6d, 0x00, 0x65, 0x00, 0x20, 0x00, 0x74, 0x00, 0x6f, 0x00, 
    0x20, 0x00, 0x4c, 0x00, 0x65, 0x00, 0x74, 0x00, 0x74, 0x00, 0x65, 0x00, 
    0x72, 0x00, 0x69, 0x00, 0x6e, 0x00, 0x67, 0x00, 0x00, 0x57, 0x65, 0x6c, 
    0x63, 0x6f, 0x6d, 0x65, 0x20, 0x74, 0x6f, 0x20, 0x4c, 0x65, 0x74, 0x74, 
    0x65, 0x72, 0x69, 0x6e, 0x67, 0x00, 0x00, 0x56, 0x00, 0x65, 0x00, 0x72, 
    0x00, 0x73, 0x00, 0x69, 0x00, 0x6f, 0x00, 0x6e, 0x00, 0x20, 0x00, 0x31, 
    0x00, 0x2e, 0x00, 0x30, 0x00, 0x30, 0x00, 0x3b, 0x00, 0x53, 0x00, 0x65, 
    0x00, 0x70, 0x00, 0x74, 0x00, 0x65, 0x00, 0x6d, 0x00, 0x62, 0x00, 0x65, 
    0x00, 0x72, 0x00, 0x20, 0x00, 0x33, 0x00, 0x2c, 0x00, 0x20, 0x00, 0x32, 
    0x00, 0x30, 0x00, 0x32, 0x00, 0x32, 0x00, 0x3b, 0x00, 0x46, 0x00, 0x6f, 
    0x00, 0x6e, 0x00, 0x74, 0x00, 0x43, 0x00, 0x72, 0x00, 0x65, 0x00, 0x61, 
    0x00, 0x74, 0x00, 0x6f, 0x00, 0x72, 0x00, 0x20, 0x00, 0x31, 0x00, 0x32, 
    0x00, 0x2e, 0x00, 0x30, 0x00, 0x2e, 0x00, 0x30, 0x00, 0x2e, 0x00, 0x32, 
    0x00, 0x35, 0x00, 0x36, 0x00, 0x37, 0x00, 0x20, 0x00, 0x36, 0x00, 0x34, 
    0x00, 0x2d, 0x00, 0x62, 0x00, 0x69, 0x00, 0x74, 0x00, 0x00, 0x56, 0x65, 
    0x72, 0x73, 0x69, 0x6f, 0x6e, 0x20, 0x31, 0x2e, 0x30, 0x30, 0x3b, 0x53, 
    0x65, 0x70, 0x74, 0x65, 0x6d, 0x62, 0x65, 0x72, 0x20, 0x33, 0x2c, 0x20, 
    0x32, 0x30, 0x32, 0x32, 0x3b, 0x46, 0x6f, 0x6e, 0x74, 0x43, 0x72, 0x65, 
    0x61, 0x74, 0x6f, 0x72, 0x20, 0x31, 0x32, 0x2e, 0x30, 0x2e, 0x30, 0x2e, 
    0x32, 0x35, 0x36, 0x37, 0x20, 0x36, 0x34, 0x2d, 0x62, 0x69, 0x74, 0x00, 
    0x00, 0x57, 0x00, 0x65, 0x00, 0x6c, 0x00, 0x63, 0x00, 0x6f, 0x00, 0x6d, 
    0x00, 0x65, 0x00, 0x74, 0x00, 0x6f, 0x00, 0x4c, 0x00, 0x65, 0x00, 0x74, 
    0x00, 0x74, 0x00, 0x65, 0x00, 0x72, 0x00, 0x69, 0x00, 0x6e, 0x00, 0x67, 
    0x00, 0x00, 0x57, 0x65, 0x6c, 0x63, 0x6f, 0x6d, 0x65, 0x74, 0x6f, 0x4c, 
    0x65, 0x74, 0x74, 0x65, 0x72, 0x69, 0x6e, 0x67, 0x00, 0x00, 0x52, 0x00, 
    0x6f, 0x00, 0x63, 0x00, 0x6b, 0x00, 0x62, 0x00, 0x6f, 0x00, 0x79, 0x00, 
    0x20, 0x00, 0x53, 0x00, 0x74, 0x00, 0x75, 0x00, 0x64, 0x00, 0x69, 0x00, 
    0x6f, 0x00, 0x20, 0x00, 0x32, 0x00, 0x30, 0x00, 0x32, 0x00, 0x32, 0x00, 
    0x00, 0x52, 0x6f, 0x63, 0x6b, 0x62, 0x6f, 0x79, 0x20, 0x53, 0x74, 0x75, 
    0x64, 0x69, 0x6f, 0x20, 0x32, 0x30, 0x32, 0x32, 0x00, 0x00, 0x48, 0x00, 
    0x69, 0x00, 0x67, 0x00, 0x68, 0x00, 0x2d, 0x00, 0x4c, 0x00, 0x6f, 0x00, 
    0x67, 0x00, 0x69, 0x00, 0x63, 0x00, 0x20, 0x00, 0x2f, 0x00, 0x20, 0x00, 
    0x4d, 0x00, 0x61, 0x00, 0x64, 0x00, 0x65, 0x00, 0x20, 0x00, 0x77, 0x00, 
    0x69, 0x00, 0x74, 0x00, 0x68, 0x00, 0x20, 0x00, 0x46, 0x00, 0x6f, 0x00, 
    0x6e, 0x00, 0x74, 0x00, 0x43, 0x00, 0x72, 0x00, 0x65, 0x00, 0x61, 0x00, 
    0x74, 0x00, 0x6f, 0x00, 0x72, 0x00, 0x00, 0x48, 0x69, 0x67, 0x68, 0x2d, 
    0x4c, 0x6f, 0x67, 0x69, 0x63, 0x20, 0x2f, 0x20, 0x4d, 0x61, 0x64, 0x65, 
    0x20, 0x77, 0x69, 0x74, 0x68, 0x20, 0x46, 0x6f, 0x6e, 0x74, 0x43, 0x72, 
    0x65, 0x61, 0x74, 0x6f, 0x72, 0x00, 0x00, 0x48, 0x00, 0x61, 0x00, 0x79, 
    0x00, 0x69, 0x00, 0x6e, 0x00, 0x61, 0x00, 0x68, 0x00, 0x00, 0x48, 0x61, 
    0x79, 0x69, 0x6e, 0x61, 0x68, 0x00, 0x00, 0x54, 0x00, 0x68, 0x00, 0x69, 
    0x00, 0x73, 0x00, 0x20, 0x00, 0x66, 0x00, 0x6f, 0x00, 0x6e, 0x00, 0x74, 
    0x00, 0x20, 0x00, 0x77, 0x00, 0x61, 0x00, 0x73, 0x00, 0x20, 0x00, 0x63, 
    0x00, 0x72, 0x00, 0x65, 0x00, 0x61, 0x00, 0x74, 0x00, 0x65, 0x00, 0x64, 
    0x00, 0x20, 0x00, 0x75, 0x00, 0x73, 0x00, 0x69, 0x00, 0x6e, 0x00, 0x67, 
    0x00, 0x20, 0x00, 0x46, 0x00, 0x6f, 0x00, 0x6e, 0x00, 0x74, 0x00, 0x43, 
    0x00, 0x72, 0x00, 0x65, 0x00, 0x61, 0x00, 0x74, 0x00, 0x6f, 0x00, 0x72, 
    0x00, 0x20, 0x00, 0x31, 0x00, 0x32, 0x00, 0x2e, 0x00, 0x30, 0x00, 0x20, 
    0x00, 0x66, 0x00, 0x72, 0x00, 0x6f, 0x00, 0x6d, 0x00, 0x20, 0x00, 0x48, 
    0x00, 0x69, 0x00, 0x67, 0x00, 0x68, 0x00, 0x2d, 0x00, 0x4c, 0x00, 0x6f, 
    0x00, 0x67, 0x00, 0x69, 0x00, 0x63, 0x00, 0x2e, 0x00, 0x63, 0x00, 0x6f, 
    0x00, 0x6d, 0x00, 0x00, 0x54, 0x68, 0x69, 0x73, 0x20, 0x66, 0x6f, 0x6e, 
    0x74, 0x20, 0x77, 0x61, 0x73, 0x20, 0x63, 0x72, 0x65, 0x61, 0x74, 0x65, 
    0x64, 0x20, 0x75, 0x73, 0x69, 0x6e, 0x67, 0x20, 0x46, 0x6f, 0x6e, 0x74, 
    0x43, 0x72, 0x65, 0x61, 0x74, 0x6f, 0x72, 0x20, 0x31, 0x32, 0x2e, 0x30, 
    0x20, 0x66, 0x72, 0x6f, 0x6d, 0x20, 0x48, 0x69, 0x67, 0x68, 0x2d, 0x4c, 
    0x6f, 0x67, 0x69, 0x63, 0x2e, 0x63, 0x6f, 0x6d, 0x00, 0x00, 0x00, 0x00, 
    0x00, 0x02, 0x00, 0x00, 0x00, 0x00, 0x00, 0x00, 0xff, 0x00, 0x00, 0x66, 
    0x00, 0x00, 0x00, 0x00, 0x00, 0x00, 0x00, 0x00, 0x00, 0x00, 0x00, 0x00, 
    0x00, 0x00, 0x00, 0x00, 0x00, 0x00, 0x00, 0x00, 0x00, 0xfe, 0x00, 0x00, 
    0x00, 0x01, 0x00, 0x02, 0x00, 0x03, 0x00, 0x04, 0x00, 0x05, 0x00, 0x06, 
    0x00, 0x07, 0x00, 0x08, 0x00, 0x09, 0x00, 0x0a, 0x00, 0x0b, 0x00, 0x0c, 
    0x00, 0x0d, 0x00, 0x0e, 0x00, 0x0f, 0x01, 0x02, 0x00, 0x11, 0x00, 0x12, 
    0x00, 0x13, 0x00, 0x14, 0x00, 0x15, 0x00, 0x16, 0x00, 0x17, 0x00, 0x18, 
    0x00, 0x19, 0x00, 0x1a, 0x00, 0x1b, 0x00, 0x1c, 0x00, 0x1d, 0x00, 0x1e, 
    0x00, 0x1f, 0x00, 0x20, 0x00, 0x21, 0x00, 0x22, 0x00, 0x23, 0x00, 0x24, 
    0x00, 0x25, 0x00, 0x26, 0x00, 0x27, 0x00, 0x28, 0x00, 0x29, 0x00, 0x2a, 
    0x00, 0x2b, 0x00, 0x2c, 0x00, 0x2d, 0x00, 0x2e, 0x00, 0x2f, 0x00, 0x30, 
    0x00, 0x31, 0x00, 0x32, 0x00, 0x33, 0x00, 0x34, 0x00, 0x35, 0x00, 0x36, 
    0x00, 0x37, 0x00, 0x38, 0x00, 0x39, 0x00, 0x3a, 0x00, 0x3b, 0x00, 0x3c, 
    0x00, 0x3d, 0x00, 0x3e, 0x00, 0x3f, 0x00, 0x40, 0x00, 0x41, 0x00, 0x42, 
    0x00, 0x43, 0x00, 0x44, 0x00, 0x45, 0x00, 0x46, 0x00, 0x47, 0x00, 0x48, 
    0x00, 0x49, 0x00, 0x4a, 0x00, 0x4b, 0x00, 0x4c, 0x00, 0x4d, 0x00, 0x4e, 
    0x00, 0x4f, 0x00, 0x50, 0x00, 0x51, 0x00, 0x52, 0x00, 0x53, 0x00, 0x54, 
    0x00, 0x55, 0x00, 0x56, 0x00, 0x57, 0x00, 0x58, 0x00, 0x59, 0x00, 0x5a, 
    0x00, 0x5b, 0x00, 0x5c, 0x00, 0x5d, 0x00, 0x5e, 0x00, 0x5f, 0x00, 0x60, 
    0x00, 0x61, 0x00, 0xa3, 0x00, 0x84, 0x00, 0x85, 0x00, 0xbd, 0x00, 0x96, 
    0x00, 0xe8, 0x00, 0x86, 0x00, 0x8e, 0x00, 0x8b, 0x00, 0x9d, 0x00, 0xa9, 
    0x00, 0xa4, 0x00, 0x8a, 0x00, 0xda, 0x00, 0x83, 0x00, 0x93, 0x00, 0xf2, 
    0x00, 0xf3, 0x00, 0x8d, 0x00, 0x88, 0x00, 0xc3, 0x00, 0xde, 0x00, 0xf1, 
    0x00, 0x9e, 0x00, 0xaa, 0x00, 0xf5, 0x00, 0xf4, 0x00, 0xf6, 0x00, 0xa2, 
    0x00, 0xad, 0x00, 0xc9, 0x00, 0xc7, 0x00, 0xae, 0x00, 0x62, 0x00, 0x63, 
    0x00, 0x90, 0x00, 0x64, 0x00, 0xcb, 0x00, 0x65, 0x00, 0xc8, 0x00, 0xca, 
    0x00, 0xcf, 0x00, 0xcc, 0x00, 0xcd, 0x00, 0xce, 0x00, 0xe9, 0x00, 0x66, 
    0x00, 0xd3, 0x00, 0xd0, 0x00, 0xd1, 0x00, 0xaf, 0x00, 0x67, 0x00, 0xf0, 
    0x00, 0x91, 0x00, 0xd6, 0x00, 0xd4, 0x00, 0xd5, 0x00, 0x68, 0x00, 0xeb, 
    0x00, 0xed, 0x00, 0x89, 0x00, 0x6a, 0x00, 0x69, 0x00, 0x6b, 0x00, 0x6d, 
    0x00, 0x6c, 0x00, 0x6e, 0x00, 0xa0, 0x00, 0x6f, 0x00, 0x71, 0x00, 0x70, 
    0x00, 0x72, 0x00, 0x73, 0x00, 0x75, 0x00, 0x74, 0x00, 0x76, 0x00, 0x77, 
    0x00, 0xea, 0x00, 0x78, 0x00, 0x7a, 0x00, 0x79, 0x00, 0x7b, 0x00, 0x7d, 
    0x00, 0x7c, 0x00, 0xb8, 0x00, 0xa1, 0x00, 0x7f, 0x00, 0x7e, 0x00, 0x80, 
    0x00, 0x81, 0x00, 0xec, 0x00, 0xee, 0x00, 0xba, 0x01, 0x03, 0x01, 0x01, 
    0x01, 0x04, 0x00, 0xe2, 0x00, 0xe3, 0x00, 0xb0, 0x00, 0xb1, 0x00, 0xe4, 
    0x00, 0xe5, 0x00, 0xbb, 0x00, 0xe6, 0x00, 0xe7, 0x01, 0x05, 0x01, 0x06, 
    0x01, 0x07, 0x01, 0x08, 0x01, 0x09, 0x01, 0x0a, 0x01, 0x0b, 0x01, 0x0c, 
    0x01, 0x0d, 0x01, 0x0e, 0x00, 0xb2, 0x00, 0xb3, 0x00, 0xb6, 0x00, 0xb7, 
    0x00, 0xc4, 0x00, 0xb4, 0x00, 0xb5, 0x00, 0xc5, 0x00, 0x82, 0x00, 0xc2, 
    0x00, 0x87, 0x00, 0xab, 0x00, 0xc6, 0x00, 0xbe, 0x00, 0xbf, 0x00, 0xbc, 
    0x01, 0x0f, 0x00, 0x8c, 0x00, 0xef, 0x00, 0xc0, 0x00, 0xc1, 0x01, 0x10, 
    0x01, 0x11, 0x01, 0x12, 0x01, 0x13, 0x01, 0x14, 0x01, 0x15, 0x01, 0x16, 
    0x01, 0x17, 0x01, 0x18, 0x01, 0x19, 0x01, 0x1a, 0x01, 0x1b, 0x01, 0x1c, 
    0x01, 0x1d, 0x01, 0x1e, 0x01, 0x1f, 0x01, 0x20, 0x01, 0x21, 0x01, 0x22, 
    0x01, 0x23, 0x0b, 0x68, 0x79, 0x70, 0x68, 0x65, 0x6e, 0x6d, 0x69, 0x6e, 
    0x75, 0x73, 0x06, 0x44, 0x63, 0x72, 0x6f, 0x61, 0x74, 0x08, 0x69, 0x64, 
    0x6f, 0x74, 0x6c, 0x65, 0x73, 0x73, 0x05, 0x66, 0x68, 0x6f, 0x6f, 0x6b, 
    0x0d, 0x63, 0x69, 0x72, 0x63, 0x75, 0x6d, 0x66, 0x6c, 0x65, 0x78, 0x6d, 
    0x6f, 0x64, 0x08, 0x63, 0x61, 0x72, 0x6f, 0x6e, 0x6d, 0x6f, 0x64, 0x08, 
    0x62, 0x72, 0x65, 0x76, 0x65, 0x6d, 0x6f, 0x64, 0x0c, 0x64, 0x6f, 0x74, 
    0x61, 0x63, 0x63, 0x65, 0x6e, 0x74, 0x6d, 0x6f, 0x64, 0x07, 0x72, 0x69, 
    0x6e, 0x67, 0x6d, 0x6f, 0x64, 0x09, 0x6f, 0x67, 0x6f, 0x6e, 0x65, 0x6b, 
    0x6d, 0x6f, 0x64, 0x08, 0x74, 0x69, 0x6c, 0x64, 0x65, 0x6d, 0x6f, 0x64, 
    0x0e, 0x64, 0x6f, 0x75, 0x62, 0x6c, 0x65, 0x61, 0x63, 0x75, 0x74, 0x65, 
    0x6d, 0x6f, 0x64, 0x07, 0x6d, 0x75, 0x2d, 0x67, 0x72, 0x65, 0x6b, 0x04, 
    0x65, 0x75, 0x72, 0x6f, 0x03, 0x72, 0x5f, 0x61, 0x03, 0x72, 0x5f, 0x76, 
    0x03, 0x72, 0x5f, 0x77, 0x03, 0x72, 0x5f, 0x79, 0x03, 0x65, 0x5f, 0x65, 
    0x03, 0x6d, 0x5f, 0x67, 0x03, 0x6e, 0x5f, 0x67, 0x03, 0x64, 0x5f, 0x67, 
    0x03, 0x75, 0x5f, 0x67, 0x03, 0x74, 0x5f, 0x74, 0x06, 0x49, 0x2e, 0x73, 
    0x73, 0x30, 0x31, 0x06, 0x42, 0x2e, 0x73, 0x73, 0x30, 0x31, 0x06, 0x44, 
    0x2e, 0x73, 0x73, 0x30, 0x31, 0x06, 0x48, 0x2e, 0x73, 0x73, 0x30, 0x31, 
    0x06, 0x4b, 0x2e, 0x73, 0x73, 0x30, 0x31, 0x06, 0x4c, 0x2e, 0x73, 0x73, 
    0x30, 0x31, 0x06, 0x50, 0x2e, 0x73, 0x73, 0x30, 0x31, 0x06, 0x52, 0x2e, 
    0x73, 0x73, 0x30, 0x31, 0x03, 0x4c, 0x5f, 0x4f, 0x03, 0x4c, 0x5f, 0x43, 
    0x00, 0x00, 0x00, 0x01, 0xff, 0xff, 0x00, 0x02, 0x00, 0x01, 0x00, 0x00, 
    0x00, 0x0c, 0x00, 0x00, 0x00, 0x58, 0x00, 0x00, 0x00, 0x02, 0x00, 0x0c, 
    0x00, 0x00, 0x00, 0x84, 0x00, 0x01, 0x00, 0x85, 0x00, 0x85, 0x00, 0x02, 
    0x00, 0x86, 0x00, 0x9d, 0x00, 0x01, 0x00, 0x9e, 0x00, 0x9e, 0x00, 0x02, 
    0x00, 0x9f, 0x00, 0xa4, 0x00, 0x01, 0x00, 0xa5, 0x00, 0xa5, 0x00, 0x02, 
    0x00, 0xa6, 0x00, 0xc3, 0x00, 0x01, 0x00, 0xc4, 0x00, 0xc5, 0x00, 0x02, 
    0x00, 0xc6, 0x00, 0xe7, 0x00, 0x01, 0x00, 0xe8, 0x00, 0xf3, 0x00, 0x02, 
    0x00, 0xf4, 0x00, 0xfb, 0x00, 0x01, 0x00, 0xfc, 0x00, 0xfd, 0x00, 0x02, 
    0x00, 0x04, 0x00, 0x00, 0x00, 0x02, 0x00, 0x00, 0x00, 0x01, 0x00, 0x00, 
    0x00, 0x0a, 0x00, 0x6c, 0x00, 0xce, 0x00, 0x03, 0x44, 0x46, 0x4c, 0x54, 
    0x00, 0x14, 0x67, 0x72, 0x65, 0x6b, 0x00, 0x2e, 0x6c, 0x61, 0x74, 0x6e, 
    0x00, 0x48, 0x00, 0x04, 0x00, 0x00, 0x00, 0x00, 0xff, 0xff, 0x00, 0x08, 
    0x00, 0x00, 0x00, 0x01, 0x00, 0x02, 0x00, 0x03, 0x00, 0x04, 0x00, 0x05, 
    0x00, 0x06, 0x00, 0x07, 0x00, 0x04, 0x00, 0x00, 0x00, 0x00, 0xff, 0xff, 
    0x00, 0x08, 0x00, 0x00, 0x00, 0x01, 0x00, 0x02, 0x00, 0x03, 0x00, 0x04, 
    0x00, 0x05, 0x00, 0x06, 0x00, 0x07, 0x00, 0x04, 0x00, 0x00, 0x00, 0x00, 
    0xff, 0xff, 0x00, 0x08, 0x00, 0x00, 0x00, 0x01, 0x00, 0x02, 0x00, 0x03, 
    0x00, 0x04, 0x00, 0x05, 0x00, 0x06, 0x00, 0x07, 0x00, 0x08, 0x61, 0x61, 
    0x6c, 0x74, 0x00, 0x32, 0x64, 0x6c, 0x69, 0x67, 0x00, 0x38, 0x66, 0x72, 
    0x61, 0x63, 0x00, 0x3e, 0x6c, 0x69, 0x67, 0x61, 0x00, 0x44, 0x6f, 0x72, 
    0x64, 0x6e, 0x00, 0x4a, 0x73, 0x61, 0x6c, 0x74, 0x00, 0x50, 0x73, 0x73, 
    0x30, 0x31, 0x00, 0x56, 0x73, 0x75, 0x70, 0x73, 0x00, 0x5c, 0x00, 0x00, 
    0x00, 0x01, 0x00, 0x00, 0x00, 0x00, 0x00, 0x01, 0x00, 0x06, 0x00, 0x00, 
    0x00, 0x01, 0x00, 0x02, 0x00, 0x00, 0x00, 0x01, 0x00, 0x07, 0x00, 0x00, 
    0x00, 0x01, 0x00, 0x03, 0x00, 0x00, 0x00, 0x01, 0x00, 0x04, 0x00, 0x00, 
    0x00, 0x01, 0x00, 0x05, 0x00, 0x00, 0x00, 0x01, 0x00, 0x01, 0x00, 0x09, 
    0x00, 0x14, 0x00, 0x1c, 0x00, 0x24, 0x00, 0x2c, 0x00, 0x36, 0x00, 0x3e, 
    0x00, 0x46, 0x00, 0x4e, 0x00, 0x56, 0x00, 0x01, 0x00, 0x00, 0x00, 0x01, 
    0x00, 0x4a, 0x00, 0x01, 0x00, 0x00, 0x00, 0x01, 0x00, 0x78, 0x00, 0x04, 
    0x00, 0x00, 0x00, 0x01, 0x00, 0x86, 0x00, 0x06, 0x00, 0x00, 0x00, 0x02, 
    0x00, 0xd0, 0x00, 0xf4, 0x00, 0x03, 0x00, 0x00, 0x00, 0x01, 0x01, 0x0e, 
    0x00, 0x01, 0x00, 0x00, 0x00, 0x01, 0x01, 0x50, 0x00, 0x04, 0x00, 0x00, 
    0x00, 0x01, 0x01, 0x72, 0x00, 0x04, 0x00, 0x00, 0x00, 0x01, 0x02, 0x04, 
    0x00, 0x01, 0x00, 0x00, 0x00, 0x01, 0x02, 0x1c, 0x00, 0x02, 0x00, 0x1c, 
    0x00, 0x0b, 0x00, 0x78, 0x00, 0x72, 0x00, 0x73, 0x00, 0xf5, 0x00, 0xf6, 
    0x00, 0xf7, 0x00, 0xf4, 0x00, 0xf8, 0x00, 0xf9, 0x00, 0xfa, 0x00, 0xfb, 
    0x00, 0x01, 0x00, 0x0b, 0x00, 0x14, 0x00, 0x15, 0x00, 0x16, 0x00, 0x25, 
    0x00, 0x27, 0x00, 0x2b, 0x00, 0x2c, 0x00, 0x2e, 0x00, 0x2f, 0x00, 0x33, 
    0x00, 0x35, 0x00, 0x02, 0x00, 0x0c, 0x00, 0x03, 0x00, 0x78, 0x00, 0x72, 
    0x00, 0x73, 0x00, 0x01, 0x00, 0x03, 0x00, 0x14, 0x00, 0x15, 0x00, 0x16, 
    0x00, 0x01, 0x00, 0x4a, 0x00, 0x02, 0x00, 0x0a, 0x00, 0x34, 0x00, 0x04, 
    0x00, 0x0a, 0x00, 0x12, 0x00, 0x1a, 0x00, 0x22, 0x00, 0x7c, 0x00, 0x03, 
    0x00, 0x12, 0x00, 0x15, 0x00, 0x7c, 0x00, 0x03, 0x00, 0xe4, 0x00, 0x15, 
    0x00, 0x7b, 0x00, 0x03, 0x00, 0x12, 0x00, 0x17, 0x00, 0x7b, 0x00, 0x03, 
    0x00, 0xe4, 0x00, 0x17, 0x00, 0x02, 0x00, 0x06, 0x00, 0x0e, 0x00, 0x7d, 
    0x00, 0x03, 0x00, 0x12, 0x00, 0x17, 0x00, 0x7d, 0x00, 0x03, 0x00, 0xe4, 
    0x00, 0x17, 0x00, 0x01, 0x00, 0x02, 0x00, 0x14, 0x00, 0x16, 0x00, 0x03, 
    0x00, 0x01, 0x00, 0x1a, 0x00, 0x01, 0x00, 0x12, 0x00, 0x00, 0x00, 0x01, 
    0x00, 0x00, 0x00, 0x08, 0x00, 0x01, 0x00, 0x02, 0x00, 0x24, 0x00, 0x44, 
    0x00, 0x02, 0x00, 0x01, 0x00, 0x13, 0x00, 0x1c, 0x00, 0x00, 0x00, 0x03, 
    0x00, 0x01, 0x00, 0x1a, 0x00, 0x01, 0x00, 0x12, 0x00, 0x00, 0x00, 0x01, 
    0x00, 0x00, 0x00, 0x08, 0x00, 0x01, 0x00, 0x02, 0x00, 0x32, 0x00, 0x52, 
    0x00, 0x02, 0x00, 0x01, 0x00, 0x13, 0x00, 0x1c, 0x00, 0x00, 0x00, 0x01, 
    0x00, 0x36, 0x00, 0x08, 0x00, 0x16, 0x00, 0x1a, 0x00, 0x1e, 0x00, 0x22, 
    0x00, 0x26, 0x00, 0x2a, 0x00, 0x2e, 0x00, 0x32, 0x00, 0x01, 0x00, 0xf5, 
    0x00, 0x01, 0x00, 0xf6, 0x00, 0x01, 0x00, 0xf7, 0x00, 0x01, 0x00, 0xf4, 
    0x00, 0x01, 0x00, 0xf8, 0x00, 0x01, 0x00, 0xf9, 0x00, 0x01, 0x00, 0xfa, 
    0x00, 0x01, 0x00, 0xfb, 0x00, 0x01, 0x00, 0x08, 0x00, 0x25, 0x00, 0x27, 
    0x00, 0x2b, 0x00, 0x2c, 0x00, 0x2e, 0x00, 0x2f, 0x00, 0x33, 0x00, 0x35, 
    0x00, 0x02, 0x00, 0x16, 0x00, 0x08, 0x00, 0xf5, 0x00, 0xf6, 0x00, 0xf7, 
    0x00, 0xf4, 0x00, 0xf8, 0x00, 0xf9, 0x00, 0xfa, 0x00, 0xfb, 0x00, 0x01, 
    0x00, 0x08, 0x00, 0x25, 0x00, 0x27, 0x00, 0x2b, 0x00, 0x2c, 0x00, 0x2e, 
    0x00, 0x2f, 0x00, 0x33, 0x00, 0x35, 0x00, 0x01, 0x00, 0x86, 0x00, 0x08, 
    0x00, 0x16, 0x00, 0x28, 0x00, 0x32, 0x00, 0x3c, 0x00, 0x46, 0x00, 0x50, 
    0x00, 0x72, 0x00, 0x7c, 0x00, 0x02, 0x00, 0x06, 0x00, 0x0c, 0x00, 0xfd, 
    0x00, 0x02, 0x00, 0x26, 0x00, 0xfc, 0x00, 0x02, 0x00, 0x32, 0x00, 0x01, 
    0x00, 0x04, 0x00, 0xf1, 0x00, 0x02, 0x00, 0x4a, 0x00, 0x01, 0x00, 0x04, 
    0x00, 0xee, 0x00, 0x02, 0x00, 0x48, 0x00, 0x01, 0x00, 0x04, 0x00, 0xef, 
    0x00, 0x02, 0x00, 0x4a, 0x00, 0x01, 0x00, 0x04, 0x00, 0xf0, 0x00, 0x02, 
    0x00, 0x4a, 0x00, 0x04, 0x00, 0x0a, 0x00, 0x10, 0x00, 0x16, 0x00, 0x1c, 
    0x00, 0xed, 0x00, 0x02, 0x00, 0x5c, 0x00, 0xec, 0x00, 0x02, 0x00, 0x5a, 
    0x00, 0xeb, 0x00, 0x02, 0x00, 0x59, 0x00, 0xea, 0x00, 0x02, 0x00, 0x44, 
    0x00, 0x01, 0x00, 0x04, 0x00, 0xf3, 0x00, 0x02, 0x00, 0x57, 0x00, 0x01, 
    0x00, 0x04, 0x00, 0xf2, 0x00, 0x02, 0x00, 0x4a, 0x00, 0x01, 0x00, 0x08, 
    0x00, 0x2f, 0x00, 0x47, 0x00, 0x48, 0x00, 0x50, 0x00, 0x51, 0x00, 0x55, 
    0x00, 0x57, 0x00, 0x58, 0x00, 0x01, 0x00, 0x1a, 0x00, 0x01, 0x00, 0x08, 
    0x00, 0x02, 0x00, 0x06, 0x00, 0x0c, 0x00, 0xe9, 0x00, 0x02, 0x00, 0x4f, 
    0x00, 0xe8, 0x00, 0x02, 0x00, 0x4c, 0x00, 0x01, 0x00, 0x01, 0x00, 0x49, 
    0x00, 0x02, 0x00, 0x0e, 0x00, 0x04, 0x00, 0x6b, 0x00, 0x79, 0x00, 0x6b, 
    0x00, 0x79, 0x00, 0x01, 0x00, 0x04, 0x00, 0x24, 0x00, 0x32, 0x00, 0x44, 
    0x00, 0x52, 0x00, 0x00, 0x00, 0x01, 0x00, 0x00, 0x00, 0x0a, 0x00, 0x42, 
    0x00, 0x50, 0x00, 0x03, 0x44, 0x46, 0x4c, 0x54, 0x00, 0x14, 0x67, 0x72, 
    0x65, 0x6b, 0x00, 0x20, 0x6c, 0x61, 0x74, 0x6e, 0x00, 0x2c, 0x00, 0x04, 
    0x00, 0x00, 0x00, 0x00, 0xff, 0xff, 0x00, 0x01, 0x00, 0x00, 0x00, 0x04, 
    0x00, 0x00, 0x00, 0x00, 0xff, 0xff, 0x00, 0x01, 0x00, 0x00, 0x00, 0x04, 
    0x00, 0x00, 0x00, 0x00, 0xff, 0xff, 0x00, 0x01, 0x00, 0x00, 0x00, 0x01, 
    0x6b, 0x65, 0x72, 0x6e, 0x00, 0x08, 0x00, 0x00, 0x00, 0x01, 0x00, 0x00, 
    0x00, 0x01, 0x00, 0x04, 0x00, 0x02, 0x00, 0x08, 0x00, 0x02, 0x00, 0x0a, 
    0x14, 0xe8, 0x00, 0x01, 0x14, 0x74, 0x00, 0x04, 0x00, 0x00, 0x00, 0x85, 
    0x01, 0x14, 0x02, 0x42, 0x02, 0x8c, 0x02, 0xb2, 0x02, 0xcc, 0x03, 0x22, 
    0x03, 0x64, 0x03, 0xd6, 0x04, 0x30, 0x05, 0x4a, 0x05, 0xac, 0x05, 0xee, 
    0x07, 0x30, 0x07, 0x62, 0x07, 0x8c, 0x07, 0xda, 0x08, 0x00, 0x09, 0x5a, 
    0x09, 0xf8, 0x09, 0xfe, 0x0a, 0x20, 0x0a, 0xf6, 0x0b, 0x38, 0x0b, 0x5e, 
    0x0b, 0x84, 0x07, 0x8c, 0x0b, 0xa6, 0x07, 0x8c, 0x0b, 0xf8, 0x0c, 0x3a, 
    0x0c, 0x64, 0x0d, 0xd2, 0x0d, 0xfc, 0x0d, 0xfc, 0x0e, 0x4e, 0x0d, 0xfc, 
    0x0f, 0x78, 0x0f, 0xa6, 0x0f, 0xc0, 0x0f, 0xce, 0x0f, 0xe0, 0x10, 0x6e, 
    0x10, 0xac, 0x10, 0xce, 0x11, 0x00, 0x11, 0x12, 0x11, 0x30, 0x12, 0x1e, 
    0x09, 0xf8, 0x11, 0x00, 0x11, 0x00, 0x0f, 0xc0, 0x0f, 0xc0, 0x12, 0xa4, 
    0x12, 0xee, 0x13, 0x68, 0x13, 0x7a, 0x13, 0x88, 0x13, 0x9e, 0x13, 0x9e, 
    0x13, 0xc4, 0x13, 0x9e, 0x07, 0xda, 0x07, 0x62, 0x07, 0xda, 0x07, 0xda, 
    0x07, 0xda, 0x07, 0xda, 0x07, 0x8c, 0x0b, 0x84, 0x07, 0x8c, 0x07, 0x8c, 
    0x07, 0x8c, 0x07, 0x8c, 0x07, 0x8c, 0x07, 0x8c, 0x0d, 0xd2, 0x0d, 0xd2, 
    0x0d, 0xd2, 0x0d, 0xd2, 0x0d, 0xfc, 0x07, 0x8c, 0x07, 0x30, 0x0f, 0xa6, 
    0x0f, 0xa6, 0x0f, 0xa6, 0x0f, 0xa6, 0x0f, 0xa6, 0x0f, 0xa6, 0x0f, 0xce, 
    0x0f, 0xc0, 0x11, 0x00, 0x0f, 0xc0, 0x0f, 0xc0, 0x0f, 0xc0, 0x0f, 0xc0, 
    0x0f, 0xc0, 0x0f, 0xc0, 0x13, 0x88, 0x13, 0x88, 0x13, 0x88, 0x13, 0x88, 
    0x13, 0x9e, 0x13, 0x9e, 0x07, 0x8c, 0x0b, 0x38, 0x09, 0xf8, 0x07, 0xda, 
    0x0c, 0x3a, 0x13, 0x68, 0x0d, 0xfc, 0x0f, 0x78, 0x10, 0xac, 0x13, 0x88, 
    0x0f, 0xa6, 0x13, 0x9e, 0x13, 0x9e, 0x13, 0x9e, 0x10, 0xce, 0x10, 0xce, 
    0x10, 0xce, 0x10, 0xce, 0x13, 0x7a, 0x09, 0xfe, 0x07, 0x30, 0x07, 0x8c, 
    0x14, 0x4e, 0x0a, 0xf6, 0x0b, 0x38, 0x0b, 0xa6, 0x0b, 0xf8, 0x07, 0x8c, 
    0x07, 0x62, 0x00, 0x4b, 0x00, 0x13, 0xff, 0x9a, 0x00, 0x17, 0xff, 0x71, 
    0x00, 0x18, 0xff, 0xec, 0x00, 0x19, 0xff, 0x9a, 0x00, 0x1a, 0xff, 0x71, 
    0x00, 0x1b, 0xff, 0xc3, 0x00, 0x1c, 0xff, 0x85, 0x00, 0x26, 0xff, 0x71, 
    0x00, 0x2a, 0xff, 0x71, 0x00, 0x32, 0xff, 0x71, 0x00, 0x34, 0xff, 0x71, 
    0x00, 0x37, 0xff, 0x33, 0x00, 0x38, 0xff, 0x9a, 0x00, 0x39, 0xff, 0x1f, 
    0x00, 0x3a, 0xff, 0x1f, 0x00, 0x3c, 0xff, 0x1f, 0x00, 0x44, 0xff, 0xd7, 
    0x00, 0x45, 0xff, 0xec, 0x00, 0x46, 0xff, 0x9a, 0x00, 0x47, 0xff, 0x9a, 
    0x00, 0x48, 0xff, 0x9a, 0x00, 0x4a, 0xff, 0xec, 0x00, 0x4d, 0xff, 0xd7, 
    0x00, 0x52, 0xff, 0x9a, 0x00, 0x54, 0xff, 0x9a, 0x00, 0x58, 0xff, 0x9a, 
    0x00, 0x59, 0xff, 0x33, 0x00, 0x5a, 0xff, 0x33, 0x00, 0x5b, 0xff, 0xec, 
    0x00, 0x5c, 0xff, 0x33, 0x00, 0x86, 0xff, 0x71, 0x00, 0x91, 0xff, 0x71, 
    0x00, 0x92, 0xff, 0x71, 0x00, 0x93, 0xff, 0x71, 0x00, 0x94, 0xff, 0x71, 
    0x00, 0x95, 0xff, 0x71, 0x00, 0x97, 0xff, 0x71, 0x00, 0x98, 0xff, 0x9a, 
    0x00, 0x99, 0xff, 0x9a, 0x00, 0x9a, 0xff, 0x9a, 0x00, 0x9b, 0xff, 0x9a, 
    0x00, 0x9c, 0xff, 0x1f, 0x00, 0x9f, 0xff, 0xd7, 0x00, 0xa0, 0xff, 0xd7, 
    0x00, 0xa1, 0xff, 0xd7, 0x00, 0xa2, 0xff, 0xd7, 0x00, 0xa3, 0xff, 0xd7, 
    0x00, 0xa4, 0xff, 0xd7, 0x00, 0xa5, 0xff, 0xd7, 0x00, 0xa6, 0xff, 0x9a, 
    0x00, 0xa7, 0xff, 0x9a, 0x00, 0xa8, 0xff, 0x9a, 0x00, 0xa9, 0xff, 0x9a, 
    0x00, 0xaa, 0xff, 0x9a, 0x00, 0xaf, 0xff, 0x9a, 0x00, 0xb1, 0xff, 0x9a, 
    0x00, 0xb2, 0xff, 0x9a, 0x00, 0xb3, 0xff, 0x9a, 0x00, 0xb4, 0xff, 0x9a, 
    0x00, 0xb5, 0xff, 0x9a, 0x00, 0xb7, 0xff, 0x9a, 0x00, 0xb8, 0xff, 0x9a, 
    0x00, 0xb9, 0xff, 0x9a, 0x00, 0xba, 0xff, 0x9a, 0x00, 0xbb, 0xff, 0x9a, 
    0x00, 0xbc, 0xff, 0x33, 0x00, 0xbe, 0xff, 0x33, 0x00, 0xc0, 0xff, 0x9a, 
    0x00, 0xc4, 0xff, 0x71, 0x00, 0xc5, 0xff, 0x9a, 0x00, 0xc8, 0xff, 0x1f, 
    0x00, 0xd4, 0xff, 0x9a, 0x00, 0xee, 0xff, 0x9a, 0x00, 0xf1, 0xff, 0x9a, 
    0x00, 0xf2, 0xff, 0x9a, 0x00, 0x12, 0x00, 0x15, 0xff, 0xd7, 0x00, 0x16, 
    0xff, 0xec, 0x00, 0x17, 0xff, 0xd7, 0x00, 0x18, 0xff, 0xec, 0x00, 0x1a, 
    0xff, 0xae, 0x00, 0x24, 0xff, 0x85, 0x00, 0x2d, 0xff, 0xec, 0x00, 0x36, 
    0xff, 0xec, 0x00, 0x37, 0xff, 0xc3, 0x00, 0x39, 0xff, 0xae, 0x00, 0x3a, 
    0xff, 0xae, 0x00, 0x3b, 0xff, 0xae, 0x00, 0x3c, 0xff, 0xae, 0x00, 0x3d, 
    0xff, 0xec, 0x00, 0x9c, 0xff, 0xae, 0x00, 0xc6, 0xff, 0xec, 0x00, 0xc8, 
    0xff, 0xae, 0x00, 0xc9, 0xff, 0xec, 0x00, 0x09, 0x00, 0x17, 0xff, 0xd7, 
    0x00, 0x1a, 0xff, 0xec, 0x00, 0x1b, 0xff, 0xec, 0x00, 0x1c, 0xff, 0xec, 
    0x00, 0x39, 0xff, 0xd7, 0x00, 0x3a, 0xff, 0xd7, 0x00, 0x3c, 0xff, 0xd7, 
    0x00, 0x9c, 0xff, 0xd7, 0x00, 0xc8, 0xff, 0xd7, 0x00, 0x06, 0x00, 0x17, 
    0xff, 0x71, 0x00, 0x39, 0xff, 0xd7, 0x00, 0x3a, 0xff, 0xd7, 0x00, 0x3c, 
    0xff, 0xd7, 0x00, 0x9c, 0xff, 0xd7, 0x00, 0xc8, 0xff, 0xd7, 0x00, 0x15, 
    0x00, 0x15, 0xff, 0xec, 0x00, 0x16, 0xff, 0xec, 0x00, 0x17, 0xff, 0xec, 
    0x00, 0x1a, 0xff, 0xd7, 0x00, 0x1c, 0xff, 0xd7, 0x00, 0x24, 0xff, 0xae, 
    0x00, 0x37, 0xff, 0xd7, 0x00, 0x39, 0xff, 0xae, 0x00, 0x3a, 0xff, 0xae, 
    0x00, 0x3b, 0xff, 0xae, 0x00, 0x3c, 0xff, 0xae, 0x00, 0x3d, 0xff, 0xd7, 
    0x00, 0x59, 0xff, 0xec, 0x00, 0x5a, 0xff, 0xec, 0x00, 0x5b, 0xff, 0xd7, 
    0x00, 0x5c, 0xff, 0xec, 0x00, 0x9c, 0xff, 0xae, 0x00, 0xbc, 0xff, 0xec, 
    0x00, 0xbe, 0xff, 0xec, 0x00, 0xc8, 0xff, 0xae, 0x00, 0xc9, 0xff, 0xd7, 
    0x00, 0x10, 0x00, 0x1a, 0xff, 0xd7, 0x00, 0x1c, 0xff, 0xd7, 0x00, 0x24, 
    0xff, 0xec, 0x00, 0x36, 0xff, 0xec, 0x00, 0x37, 0xff, 0xd7, 0x00, 0x39, 
    0xff, 0xd7, 0x00, 0x3a, 0xff, 0xd7, 0x00, 0x3c, 0xff, 0xd7, 0x00, 0x59, 
    0xff, 0xec, 0x00, 0x5a, 0xff, 0xec, 0x00, 0x5c, 0xff, 0xec, 0x00, 0x9c, 
    0xff, 0xd7, 0x00, 0xbc, 0xff, 0xec, 0x00, 0xbe, 0xff, 0xec, 0x00, 0xc6, 
    0xff, 0xec, 0x00, 0xc8, 0xff, 0xd7, 0x00, 0x1c, 0x00, 0x15, 0xff, 0xec, 
    0x00, 0x1a, 0xff, 0xc3, 0x00, 0x1c, 0xff, 0xd7, 0x00, 0x24, 0xff, 0xae, 
    0x00, 0x37, 0xff, 0xd7, 0x00, 0x39, 0xff, 0xc3, 0x00, 0x3a, 0xff, 0xc3, 
    0x00, 0x3b, 0xff, 0xc3, 0x00, 0x3c, 0xff, 0xc3, 0x00, 0x3d, 0xff, 0xd7, 
    0x00, 0x44, 0xff, 0xec, 0x00, 0x53, 0xff, 0xec, 0x00, 0x59, 0xff, 0xc3, 
    0x00, 0x5a, 0xff, 0xc3, 0x00, 0x5b, 0xff, 0xae, 0x00, 0x5c, 0xff, 0xc3, 
    0x00, 0x9c, 0xff, 0xc3, 0x00, 0x9f, 0xff, 0xec, 0x00, 0xa0, 0xff, 0xec, 
    0x00, 0xa1, 0xff, 0xec, 0x00, 0xa2, 0xff, 0xec, 0x00, 0xa3, 0xff, 0xec, 
    0x00, 0xa4, 0xff, 0xec, 0x00, 0xa5, 0xff, 0xec, 0x00, 0xbc, 0xff, 0xc3, 
    0x00, 0xbe, 0xff, 0xc3, 0x00, 0xc8, 0xff, 0xc3, 0x00, 0xc9, 0xff, 0xd7, 
    0x00, 0x16, 0x00, 0x15, 0xff, 0xd7, 0x00, 0x16, 0xff, 0xec, 0x00, 0x17, 
    0xff, 0xec, 0x00, 0x18, 0xff, 0xec, 0x00, 0x1a, 0xff, 0x85, 0x00, 0x1c, 
    0xff, 0xc3, 0x00, 0x24, 0xff, 0xae, 0x00, 0x36, 0xff, 0xec, 0x00, 0x37, 
    0xff, 0x9a, 0x00, 0x39, 0xff, 0x9a, 0x00, 0x3a, 0xff, 0x9a, 0x00, 0x3b, 
    0xff, 0x9a, 0x00, 0x3c, 0xff, 0x9a, 0x00, 0x59, 0xff, 0xae, 0x00, 0x5a, 
    0xff, 0xae, 0x00, 0x5b, 0xff, 0x85, 0x00, 0x5c, 0xff, 0xae, 0x00, 0x9c, 
    0xff, 0x9a, 0x00, 0xbc, 0xff, 0xae, 0x00, 0xbe, 0xff, 0xae, 0x00, 0xc6, 
    0xff, 0xec, 0x00, 0xc8, 0xff, 0x9a, 0x00, 0x46, 0x00, 0x09, 0xff, 0x9a, 
    0x00, 0x13, 0xff, 0xae, 0x00, 0x17, 0xff, 0x48, 0x00, 0x18, 0xff, 0xec, 
    0x00, 0x19, 0xff, 0xae, 0x00, 0x1b, 0xff, 0xae, 0x00, 0x1c, 0xff, 0xc3, 
    0x00, 0x24, 0xff, 0x33, 0x00, 0x26, 0xff, 0xae, 0x00, 0x2a, 0xff, 0xae, 
    0x00, 0x2d, 0xff, 0x71, 0x00, 0x32, 0xff, 0xae, 0x00, 0x34, 0xff, 0xae, 
    0x00, 0x36, 0xff, 0xd7, 0x00, 0x44, 0xff, 0x9a, 0x00, 0x46, 0xff, 0x85, 
    0x00, 0x47, 0xff, 0x85, 0x00, 0x48, 0xff, 0x85, 0x00, 0x4a, 0xff, 0x9a, 
    0x00, 0x52, 0xff, 0x85, 0x00, 0x54, 0xff, 0x85, 0x00, 0x56, 0xff, 0x9a, 
    0x00, 0x57, 0xff, 0xd7, 0x00, 0x58, 0xff, 0xd7, 0x00, 0x59, 0xff, 0xd7, 
    0x00, 0x5a, 0xff, 0xd7, 0x00, 0x5b, 0xff, 0xd7, 0x00, 0x5c, 0xff, 0xd7, 
    0x00, 0x86, 0xff, 0xae, 0x00, 0x91, 0xff, 0xae, 0x00, 0x92, 0xff, 0xae, 
    0x00, 0x93, 0xff, 0xae, 0x00, 0x94, 0xff, 0xae, 0x00, 0x95, 0xff, 0xae, 
    0x00, 0x97, 0xff, 0xae, 0x00, 0x9f, 0xff, 0x9a, 0x00, 0xa0, 0xff, 0x9a, 
    0x00, 0xa1, 0xff, 0x9a, 0x00, 0xa2, 0xff, 0x9a, 0x00, 0xa3, 0xff, 0x9a, 
    0x00, 0xa4, 0xff, 0x9a, 0x00, 0xa5, 0xff, 0x9a, 0x00, 0xa6, 0xff, 0x85, 
    0x00, 0xa7, 0xff, 0x85, 0x00, 0xa8, 0xff, 0x85, 0x00, 0xa9, 0xff, 0x85, 
    0x00, 0xaa, 0xff, 0x85, 0x00, 0xaf, 0xff, 0x85, 0x00, 0xb1, 0xff, 0x85, 
    0x00, 0xb2, 0xff, 0x85, 0x00, 0xb3, 0xff, 0x85, 0x00, 0xb4, 0xff, 0x85, 
    0x00, 0xb5, 0xff, 0x85, 0x00, 0xb7, 0xff, 0x85, 0x00, 0xb8, 0xff, 0xd7, 
    0x00, 0xb9, 0xff, 0xd7, 0x00, 0xba, 0xff, 0xd7, 0x00, 0xbb, 0xff, 0xd7, 
    0x00, 0xbc, 0xff, 0xd7, 0x00, 0xbe, 0xff, 0xd7, 0x00, 0xc0, 0xff, 0x85, 
    0x00, 0xc4, 0xff, 0xae, 0x00, 0xc5, 0xff, 0x85, 0x00, 0xc6, 0xff, 0xd7, 
    0x00, 0xc7, 0xff, 0x9a, 0x00, 0xd4, 0xff, 0xd7, 0x00, 0xee, 0xff, 0x85, 
    0x00, 0xf1, 0xff, 0x85, 0x00, 0xf2, 0xff, 0xd7, 0x00, 0xf3, 0xff, 0xd7, 
    0x00, 0x18, 0x00, 0x15, 0xff, 0xd7, 0x00, 0x16, 0xff, 0xec, 0x00, 0x17, 
    0xff, 0xec, 0x00, 0x18, 0xff, 0xec, 0x00, 0x1a, 0xff, 0xc3, 0x00, 0x1c, 
    0xff, 0xd7, 0x00, 0x24, 0xff, 0xc3, 0x00, 0x36, 0xff, 0xec, 0x00, 0x37, 
    0xff, 0xd7, 0x00, 0x39, 0xff, 0xae, 0x00, 0x3a, 0xff, 0xae, 0x00, 0x3b, 
    0xff, 0xae, 0x00, 0x3c, 0xff, 0xae, 0x00, 0x3d, 0xff, 0xec, 0x00, 0x59, 
    0xff, 0xd7, 0x00, 0x5a, 0xff, 0xd7, 0x00, 0x5b, 0xff, 0xc3, 0x00, 0x5c, 
    0xff, 0xd7, 0x00, 0x9c, 0xff, 0xae, 0x00, 0xbc, 0xff, 0xd7, 0x00, 0xbe, 
    0xff, 0xd7, 0x00, 0xc6, 0xff, 0xec, 0x00, 0xc8, 0xff, 0xae, 0x00, 0xc9, 
    0xff, 0xec, 0x00, 0x10, 0x00, 0x15, 0xff, 0xd7, 0x00, 0x16, 0xff, 0xec, 
    0x00, 0x17, 0xff, 0xd7, 0x00, 0x1a, 0xff, 0xc3, 0x00, 0x1b, 0xff, 0xec, 
    0x00, 0x24, 0xff, 0x71, 0x00, 0x2d, 0xff, 0xc3, 0x00, 0x37, 0xff, 0xc3, 
    0x00, 0x39, 0xff, 0xae, 0x00, 0x3a, 0xff, 0xae, 0x00, 0x3b, 0xff, 0xae, 
    0x00, 0x3c, 0xff, 0xae, 0x00, 0x3d, 0xff, 0xec, 0x00, 0x9c, 0xff, 0xae, 
    0x00, 0xc8, 0xff, 0xae, 0x00, 0xc9, 0xff, 0xec, 0x00, 0x50, 0x00, 0x09, 
    0xff, 0xc3, 0x00, 0x13, 0xff, 0x85, 0x00, 0x16, 0xff, 0xec, 0x00, 0x17, 
    0xff, 0x9a, 0x00, 0x18, 0xff, 0xec, 0x00, 0x19, 0xff, 0xae, 0x00, 0x1a, 
    0xff, 0x71, 0x00, 0x1b, 0xff, 0xc3, 0x00, 0x1c, 0xff, 0x71, 0x00, 0x26, 
    0xff, 0x5c, 0x00, 0x2a, 0xff, 0x5c, 0x00, 0x32, 0xff, 0x5c, 0x00, 0x34, 
    0xff, 0x5c, 0x00, 0x37, 0xff, 0x33, 0x00, 0x38, 0xff, 0x9a, 0x00, 0x39, 
    0xff, 0x33, 0x00, 0x3a, 0xff, 0x33, 0x00, 0x3c, 0xff, 0x33, 0x00, 0x44, 
    0xff, 0xd7, 0x00, 0x45, 0xff, 0xd7, 0x00, 0x46, 0xff, 0x85, 0x00, 0x47, 
    0xff, 0x85, 0x00, 0x48, 0xff, 0x85, 0x00, 0x4a, 0xff, 0xc3, 0x00, 0x52, 
    0xff, 0x85, 0x00, 0x53, 0xff, 0xd7, 0x00, 0x54, 0xff, 0x85, 0x00, 0x57, 
    0xff, 0xc3, 0x00, 0x58, 0xff, 0x9a, 0x00, 0x59, 0xff, 0x33, 0x00, 0x5a, 
    0xff, 0x33, 0x00, 0x5c, 0xff, 0x33, 0x00, 0x86, 0xff, 0x5c, 0x00, 0x91, 
    0xff, 0x5c, 0x00, 0x92, 0xff, 0x5c, 0x00, 0x93, 0xff, 0x5c, 0x00, 0x94, 
    0xff, 0x5c, 0x00, 0x95, 0xff, 0x5c, 0x00, 0x97, 0xff, 0x5c, 0x00, 0x98, 
    0xff, 0x9a, 0x00, 0x99, 0xff, 0x9a, 0x00, 0x9a, 0xff, 0x9a, 0x00, 0x9b, 
    0xff, 0x9a, 0x00, 0x9c, 0xff, 0x33, 0x00, 0x9f, 0xff, 0xd7, 0x00, 0xa0, 
    0xff, 0xd7, 0x00, 0xa1, 0xff, 0xd7, 0x00, 0xa2, 0xff, 0xd7, 0x00, 0xa3, 
    0xff, 0xd7, 0x00, 0xa4, 0xff, 0xd7, 0x00, 0xa5, 0xff, 0xd7, 0x00, 0xa6, 
    0xff, 0x85, 0x00, 0xa7, 0xff, 0x85, 0x00, 0xa8, 0xff, 0x85, 0x00, 0xa9, 
    0xff, 0x85, 0x00, 0xaa, 0xff, 0x85, 0x00, 0xaf, 0xff, 0x85, 0x00, 0xb1, 
    0xff, 0x85, 0x00, 0xb2, 0xff, 0x85, 0x00, 0xb3, 0xff, 0x85, 0x00, 0xb4, 
    0xff, 0x85, 0x00, 0xb5, 0xff, 0x85, 0x00, 0xb7, 0xff, 0x85, 0x00, 0xb8, 
    0xff, 0x9a, 0x00, 0xb9, 0xff, 0x9a, 0x00, 0xba, 0xff, 0x9a, 0x00, 0xbb, 
    0xff, 0x9a, 0x00, 0xbc, 0xff, 0x33, 0x00, 0xbe, 0xff, 0x33, 0x00, 0xc0, 
    0xff, 0x85, 0x00, 0xc4, 0xff, 0x5c, 0x00, 0xc5, 0xff, 0x85, 0x00, 0xc8, 
    0xff, 0x33, 0x00, 0xd4, 0xff, 0x9a, 0x00, 0xee, 0xff, 0x85, 0x00, 0xf1, 
    0xff, 0x85, 0x00, 0xf2, 0xff, 0x9a, 0x00, 0xf3, 0xff, 0xc3, 0x00, 0xf5, 
    0x00, 0xcd, 0x00, 0xf6, 0x00, 0xcd, 0x00, 0x0c, 0x00, 0x15, 0xff, 0xec, 
    0x00, 0x1a, 0xff, 0xd7, 0x00, 0x24, 0xff, 0xc3, 0x00, 0x37, 0xff, 0xec, 
    0x00, 0x3b, 0xff, 0xae, 0x00, 0xf5, 0x00, 0xb8, 0x00, 0xf6, 0x00, 0xb8, 
    0x00, 0xf7, 0x00, 0xb8, 0x00, 0xf8, 0x00, 0xb8, 0x00, 0xf9, 0x00, 0xa4, 
    0x00, 0xfa, 0x00, 0xb8, 0x00, 0xfb, 0x00, 0xb8, 0x00, 0x0a, 0x00, 0x09, 
    0xff, 0xec, 0x00, 0x17, 0xff, 0xc3, 0x00, 0x24, 0xff, 0xcd, 0x00, 0x3b, 
    0xff, 0xd7, 0x00, 0x4a, 0xff, 0xd7, 0x00, 0xf5, 0x00, 0xcd, 0x00, 0xf6, 
    0x00, 0xcd, 0x00, 0xf7, 0x00, 0xcd, 0x00, 0xf8, 0x00, 0xcd, 0x00, 0xfb, 
    0x00, 0xcd, 0x00, 0x13, 0x00, 0x15, 0xff, 0xc3, 0x00, 0x16, 0xff, 0xd7, 
    0x00, 0x17, 0xff, 0xd7, 0x00, 0x18, 0xff, 0xd7, 0x00, 0x1a, 0xff, 0x9a, 
    0x00, 0x24, 0xff, 0x5c, 0x00, 0x2d, 0xff, 0xd7, 0x00, 0x37, 0xff, 0x9a, 
    0x00, 0x3b, 0xff, 0x85, 0x00, 0x4a, 0x00, 0x14, 0x00, 0x4d, 0x00, 0x29, 
    0x00, 0x53, 0x00, 0x14, 0x00, 0xf5, 0x00, 0x66, 0x00, 0xf6, 0x00, 0x7b, 
    0x00, 0xf7, 0x00, 0x66, 0x00, 0xf8, 0x00, 0x7b, 0x00, 0xf9, 0x00, 0x7b, 
    0x00, 0xfa, 0x00, 0x7b, 0x00, 0xfb, 0x00, 0x7b, 0x00, 0x09, 0x00, 0x13, 
    0xff, 0xec, 0x00, 0x17, 0xff, 0xc3, 0x00, 0x19, 0xff, 0xd7, 0x00, 0xf5, 
    0x00, 0xf6, 0x00, 0xf6, 0x00, 0xf6, 0x00, 0xf7, 0x00, 0xf6, 0x00, 0xf8, 
    0x00, 0xf6, 0x00, 0xf9, 0x00, 0xf6, 0x00, 0xfb, 0x00, 0xf6, 0x00, 0x56, 
    0x00, 0x09, 0xff, 0x71, 0x00, 0x13, 0xff, 0xd7, 0x00, 0x17, 0xff, 0x33, 
    0x00, 0x19, 0xff, 0x9a, 0x00, 0x1b, 0xff, 0xec, 0x00, 0x24, 0xff, 0x0a, 
    0x00, 0x26, 0xff, 0xae, 0x00, 0x2a, 0xff, 0xae, 0x00, 0x2c, 0x00, 0xcd, 
    0x00, 0x2d, 0xff, 0x33, 0x00, 0x32, 0xff, 0xae, 0x00, 0x34, 0xff, 0xae, 
    0x00, 0x44, 0xff, 0x33, 0x00, 0x46, 0xff, 0x33, 0x00, 0x47, 0xff, 0x33, 
    0x00, 0x48, 0xff, 0x33, 0x00, 0x4a, 0xff, 0x33, 0x00, 0x50, 0xff, 0x9a, 
    0x00, 0x51, 0xff, 0x9a, 0x00, 0x52, 0xff, 0x33, 0x00, 0x53, 0xff, 0x9a, 
    0x00, 0x54, 0xff, 0x33, 0x00, 0x55, 0xff, 0x9a, 0x00, 0x56, 0xff, 0x5c, 
    0x00, 0x57, 0xff, 0x9a, 0x00, 0x58, 0xff, 0x9a, 0x00, 0x59, 0xff, 0x9a, 
    0x00, 0x5a, 0xff, 0x9a, 0x00, 0x5b, 0xff, 0x9a, 0x00, 0x5c, 0xff, 0x9a, 
    0x00, 0x5d, 0xff, 0xae, 0x00, 0x86, 0xff, 0xae, 0x00, 0x91, 0xff, 0xae, 
    0x00, 0x92, 0xff, 0xae, 0x00, 0x93, 0xff, 0xae, 0x00, 0x94, 0xff, 0xae, 
    0x00, 0x95, 0xff, 0xae, 0x00, 0x97, 0xff, 0xae, 0x00, 0x9f, 0xff, 0x33, 
    0x00, 0xa0, 0xff, 0x33, 0x00, 0xa1, 0xff, 0x33, 0x00, 0xa2, 0xff, 0x33, 
    0x00, 0xa3, 0xff, 0x33, 0x00, 0xa4, 0xff, 0x33, 0x00, 0xa5, 0xff, 0x33, 
    0x00, 0xa6, 0xff, 0x33, 0x00, 0xa7, 0xff, 0x33, 0x00, 0xa8, 0xff, 0x33, 
    0x00, 0xa9, 0xff, 0x33, 0x00, 0xaa, 0xff, 0x33, 0x00, 0xaf, 0xff, 0x33, 
    0x00, 0xb1, 0xff, 0x33, 0x00, 0xb2, 0xff, 0x33, 0x00, 0xb3, 0xff, 0x33, 
    0x00, 0xb4, 0xff, 0x33, 0x00, 0xb5, 0xff, 0x33, 0x00, 0xb7, 0xff, 0x33, 
    0x00, 0xb8, 0xff, 0x9a, 0x00, 0xb9, 0xff, 0x9a, 0x00, 0xba, 0xff, 0x9a, 
    0x00, 0xbb, 0xff, 0x9a, 0x00, 0xbc, 0xff, 0x9a, 0x00, 0xbe, 0xff, 0x9a, 
    0x00, 0xc0, 0xff, 0x33, 0x00, 0xc4, 0xff, 0xae, 0x00, 0xc5, 0xff, 0x33, 
    0x00, 0xc7, 0xff, 0x5c, 0x00, 0xca, 0xff, 0xae, 0x00, 0xd4, 0xff, 0x9a, 
    0x00, 0xea, 0xff, 0x9a, 0x00, 0xeb, 0xff, 0x9a, 0x00, 0xec, 0xff, 0x9a, 
    0x00, 0xed, 0xff, 0x9a, 0x00, 0xee, 0xff, 0x33, 0x00, 0xef, 0xff, 0x9a, 
    0x00, 0xf0, 0xff, 0x9a, 0x00, 0xf1, 0xff, 0x33, 0x00, 0xf2, 0xff, 0x9a, 
    0x00, 0xf3, 0xff, 0x9a, 0x00, 0xf4, 0x00, 0xcd, 0x00, 0xf5, 0x00, 0xf6, 
    0x00, 0xf6, 0x00, 0xf6, 0x00, 0xf7, 0x00, 0xf6, 0x00, 0xf8, 0x00, 0xf6, 
    0x00, 0xf9, 0x00, 0xf6, 0x00, 0xfb, 0x00, 0xf6, 0x00, 0x27, 0x00, 0x09, 
    0xff, 0xec, 0x00, 0x15, 0xff, 0xec, 0x00, 0x17, 0xff, 0xd7, 0x00, 0x18, 
    0xff, 0xec, 0x00, 0x1a, 0xff, 0xd7, 0x00, 0x1c, 0xff, 0xc3, 0x00, 0x24, 
    0xff, 0xc3, 0x00, 0x2c, 0x00, 0x7b, 0x00, 0x44, 0xff, 0xd7, 0x00, 0x57, 
    0xff, 0xec, 0x00, 0x58, 0xff, 0xec, 0x00, 0x59, 0xff, 0xc3, 0x00, 0x5a, 
    0xff, 0xc3, 0x00, 0x5c, 0xff, 0xc3, 0x00, 0x5d, 0xff, 0xec, 0x00, 0x9f, 
    0xff, 0xd7, 0x00, 0xa0, 0xff, 0xd7, 0x00, 0xa1, 0xff, 0xd7, 0x00, 0xa2, 
    0xff, 0xd7, 0x00, 0xa3, 0xff, 0xd7, 0x00, 0xa4, 0xff, 0xd7, 0x00, 0xa5, 
    0xff, 0xd7, 0x00, 0xb8, 0xff, 0xec, 0x00, 0xb9, 0xff, 0xec, 0x00, 0xba, 
    0xff, 0xec, 0x00, 0xbb, 0xff, 0xec, 0x00, 0xbc, 0xff, 0xc3, 0x00, 0xbe, 
    0xff, 0xc3, 0x00, 0xca, 0xff, 0xec, 0x00, 0xd4, 0xff, 0xec, 0x00, 0xf2, 
    0xff, 0xec, 0x00, 0xf3, 0xff, 0xec, 0x00, 0xf4, 0x00, 0x7b, 0x00, 0xf5, 
    0x00, 0x8f, 0x00, 0xf6, 0x00, 0x8f, 0x00, 0xf7, 0x00, 0x66, 0x00, 0xf8, 
    0x00, 0x7b, 0x00, 0xf9, 0x00, 0x7b, 0x00, 0xfb, 0x00, 0x7b, 0x00, 0x01, 
    0x00, 0x17, 0xff, 0xd7, 0x00, 0x08, 0x00, 0x17, 0xff, 0xd7, 0x00, 0xf5, 
    0x00, 0xcd, 0x00, 0xf6, 0x00, 0xcd, 0x00, 0xf7, 0x00, 0x8f, 0x00, 0xf8, 
    0x00, 0x8f, 0x00, 0xf9, 0x00, 0x8f, 0x00, 0xfa, 0x00, 0x8f, 0x00, 0xfb, 
    0x00, 0x8f, 0x00, 0x35, 0x00, 0x17, 0xff, 0xc3, 0x00, 0x24, 0xff, 0x71, 
    0x00, 0x2c, 0x00, 0x8f, 0x00, 0x2d, 0xff, 0xd7, 0x00, 0x44, 0xff, 0xec, 
    0x00, 0x46, 0xff, 0xec, 0x00, 0x47, 0xff, 0xec, 0x00, 0x48, 0xff, 0xec, 
    0x00, 0x49, 0xff, 0xd7, 0x00, 0x4a, 0xff, 0xec, 0x00, 0x52, 0xff, 0xec, 
    0x00, 0x53, 0xff, 0xec, 0x00, 0x54, 0xff, 0xec, 0x00, 0x59, 0xff, 0xec, 
    0x00, 0x5a, 0xff, 0xec, 0x00, 0x5c, 0xff, 0xec, 0x00, 0x5d, 0xff, 0xd7, 
    0x00, 0x9f, 0xff, 0xec, 0x00, 0xa0, 0xff, 0xec, 0x00, 0xa1, 0xff, 0xec, 
    0x00, 0xa2, 0xff, 0xec, 0x00, 0xa3, 0xff, 0xec, 0x00, 0xa4, 0xff, 0xec, 
    0x00, 0xa5, 0xff, 0xec, 0x00, 0xa6, 0xff, 0xec, 0x00, 0xa7, 0xff, 0xec, 
    0x00, 0xa8, 0xff, 0xec, 0x00, 0xa9, 0xff, 0xec, 0x00, 0xaa, 0xff, 0xec, 
    0x00, 0xaf, 0xff, 0xec, 0x00, 0xb1, 0xff, 0xec, 0x00, 0xb2, 0xff, 0xec, 
    0x00, 0xb3, 0xff, 0xec, 0x00, 0xb4, 0xff, 0xec, 0x00, 0xb5, 0xff, 0xec, 
    0x00, 0xb7, 0xff, 0xec, 0x00, 0xbc, 0xff, 0xec, 0x00, 0xbe, 0xff, 0xec, 
    0x00, 0xc0, 0xff, 0xec, 0x00, 0xc5, 0xff, 0xec, 0x00, 0xca, 0xff, 0xd7, 
    0x00, 0xcb, 0xff, 0xd7, 0x00, 0xe8, 0xff, 0xd7, 0x00, 0xe9, 0xff, 0xd7, 
    0x00, 0xee, 0xff, 0xec, 0x00, 0xf1, 0xff, 0xec, 0x00, 0xf4, 0x00, 0x8f, 
    0x00, 0xf5, 0x00, 0xa4, 0x00, 0xf6, 0x00, 0xa4, 0x00, 0xf7, 0x00, 0xa4, 
    0x00, 0xf8, 0x00, 0xa4, 0x00, 0xf9, 0x00, 0xa4, 0x00, 0xfb, 0x00, 0xa4, 
    0x00, 0x10, 0x00, 0x09, 0xff, 0xc3, 0x00, 0x13, 0xff, 0xae, 0x00, 0x17, 
    0xff, 0x71, 0x00, 0x18, 0xff, 0xec, 0x00, 0x19, 0xff, 0x9a, 0x00, 0x1a, 
    0xff, 0xec, 0x00, 0x1b, 0xff, 0xc3, 0x00, 0x1c, 0xff, 0xc3, 0x00, 0x4a, 
    0xff, 0xc3, 0x00, 0xf5, 0x00, 0xcd, 0x00, 0xf6, 0x00, 0xcd, 0x00, 0xf7, 
    0x00, 0xa4, 0x00, 0xf8, 0x00, 0xa4, 0x00, 0xf9, 0x00, 0xa4, 0x00, 0xfa, 
    0x00, 0xa4, 0x00, 0xfb, 0x00, 0xa4, 0x00, 0x09, 0x00, 0x13, 0xff, 0xd7, 
    0x00, 0x17, 0xff, 0x9a, 0x00, 0x19, 0xff, 0xc3, 0x00, 0x1a, 0xff, 0x85, 
    0x00, 0x1c, 0xff, 0x9a, 0x00, 0x37, 0xff, 0x5c, 0x00, 0x4a, 0xff, 0xec, 
    0x00, 0xf5, 0x00, 0xf6, 0x00, 0xf6, 0x00, 0xe1, 0x00, 0x09, 0x00, 0x17, 
    0xff, 0xd7, 0x00, 0x2c, 0x00, 0x8f, 0x00, 0xf4, 0x00, 0x8f, 0x00, 0xf5, 
    0x00, 0xcd, 0x00, 0xf6, 0x00, 0xcd, 0x00, 0xf7, 0x00, 0xa4, 0x00, 0xf8, 
    0x00, 0xa4, 0x00, 0xf9, 0x00, 0xa4, 0x00, 0xfb, 0x00, 0xa4, 0x00, 0x08, 
    0x00, 0x17, 0xff, 0xd7, 0x00, 0x24, 0xff, 0xd7, 0x00, 0xf5, 0x00, 0xcd, 
    0x00, 0xf6, 0x00, 0xcd, 0x00, 0xf7, 0x00, 0xa4, 0x00, 0xf8, 0x00, 0xa4, 
    0x00, 0xf9, 0x00, 0xa4, 0x00, 0xfb, 0x00, 0xcd, 0x00, 0x14, 0x00, 0x09, 
    0xff, 0x9a, 0x00, 0x15, 0xff, 0xec, 0x00, 0x16, 0xff, 0xec, 0x00, 0x17, 
    0xff, 0x33, 0x00, 0x18, 0xff, 0xec, 0x00, 0x19, 0xff, 0xec, 0x00, 0x1a, 
    0xff, 0xec, 0x00, 0x1b, 0xff, 0xec, 0x00, 0x24, 0xff, 0x33, 0x00, 0x2d, 
    0xff, 0x33, 0x00, 0x37, 0xff, 0xec, 0x00, 0x3b, 0xff, 0x9a, 0x00, 0x45, 
    0xff, 0xec, 0x00, 0x4a, 0xff, 0xc3, 0x00, 0xf5, 0x00, 0xcd, 0x00, 0xf6, 
    0x00, 0xcd, 0x00, 0xf7, 0x00, 0xcd, 0x00, 0xf8, 0x00, 0xcd, 0x00, 0xf9, 
    0x00, 0xcd, 0x00, 0xfb, 0x00, 0xcd, 0x00, 0x10, 0x00, 0x09, 0xff, 0xae, 
    0x00, 0x13, 0xff, 0xec, 0x00, 0x16, 0xff, 0xec, 0x00, 0x17, 0xff, 0x85, 
    0x00, 0x19, 0xff, 0xd7, 0x00, 0x1a, 0xff, 0xec, 0x00, 0x1b, 0xff, 0xec, 
    0x00, 0x37, 0xff, 0xec, 0x00, 0x4a, 0xff, 0xc3, 0x00, 0xf5, 0x00, 0xcd, 
    0x00, 0xf6, 0x00, 0xcd, 0x00, 0xf7, 0x00, 0xb8, 0x00, 0xf8, 0x00, 0xcd, 
    0x00, 0xf9, 0x00, 0xb8, 0x00, 0xfa, 0x00, 0xb8, 0x00, 0xfb, 0x00, 0xb8, 
    0x00, 0x0a, 0x00, 0x13, 0xff, 0xec, 0x00, 0x1c, 0xff, 0xc3, 0x00, 0x24, 
    0xff, 0xc3, 0x00, 0x3b, 0xff, 0xd7, 0x00, 0xf5, 0x00, 0xcd, 0x00, 0xf6, 
    0x00, 0xcd, 0x00, 0xf7, 0x00, 0xb8, 0x00, 0xf8, 0x00, 0xcd, 0x00, 0xf9, 
    0x00, 0xcd, 0x00, 0xfb, 0x00, 0xcd, 0x00, 0x5b, 0x00, 0x09, 0xff, 0xae, 
    0x00, 0x13, 0xff, 0xc3, 0x00, 0x17, 0xff, 0x33, 0x00, 0x19, 0xff, 0x9a, 
    0x00, 0x1b, 0xff, 0xd7, 0x00, 0x1c, 0xff, 0xd7, 0x00, 0x24, 0xff, 0x33, 
    0x00, 0x26, 0xff, 0x9a, 0x00, 0x2a, 0xff, 0x9a, 0x00, 0x2c, 0x00, 0xcd, 
    0x00, 0x2d, 0xff, 0x33, 0x00, 0x32, 0xff, 0x9a, 0x00, 0x34, 0xff, 0x9a, 
    0x00, 0x44, 0xff, 0x33, 0x00, 0x46, 0xff, 0x33, 0x00, 0x47, 0xff, 0x33, 
    0x00, 0x48, 0xff, 0x33, 0x00, 0x49, 0xff, 0xc3, 0x00, 0x4a, 0xff, 0x33, 
    0x00, 0x50, 0xff, 0x9a, 0x00, 0x51, 0xff, 0x9a, 0x00, 0x52, 0xff, 0x33, 
    0x00, 0x53, 0xff, 0x9a, 0x00, 0x54, 0xff, 0x33, 0x00, 0x55, 0xff, 0x9a, 
    0x00, 0x56, 0xff, 0x5c, 0x00, 0x57, 0xff, 0xae, 0x00, 0x58, 0xff, 0x9a, 
    0x00, 0x59, 0xff, 0x9a, 0x00, 0x5a, 0xff, 0x9a, 0x00, 0x5b, 0xff, 0x9a, 
    0x00, 0x5c, 0xff, 0x9a, 0x00, 0x5d, 0xff, 0xae, 0x00, 0x86, 0xff, 0x9a, 
    0x00, 0x91, 0xff, 0x9a, 0x00, 0x92, 0xff, 0x9a, 0x00, 0x93, 0xff, 0x9a, 
    0x00, 0x94, 0xff, 0x9a, 0x00, 0x95, 0xff, 0x9a, 0x00, 0x97, 0xff, 0x9a, 
    0x00, 0x9f, 0xff, 0x33, 0x00, 0xa0, 0xff, 0x33, 0x00, 0xa1, 0xff, 0x33, 
    0x00, 0xa2, 0xff, 0x33, 0x00, 0xa3, 0xff, 0x33, 0x00, 0xa4, 0xff, 0x33, 
    0x00, 0xa5, 0xff, 0x33, 0x00, 0xa6, 0xff, 0x33, 0x00, 0xa7, 0xff, 0x33, 
    0x00, 0xa8, 0xff, 0x33, 0x00, 0xa9, 0xff, 0x33, 0x00, 0xaa, 0xff, 0x33, 
    0x00, 0xaf, 0xff, 0x33, 0x00, 0xb1, 0xff, 0x33, 0x00, 0xb2, 0xff, 0x33, 
    0x00, 0xb3, 0xff, 0x33, 0x00, 0xb4, 0xff, 0x33, 0x00, 0xb5, 0xff, 0x33, 
    0x00, 0xb7, 0xff, 0x33, 0x00, 0xb8, 0xff, 0x9a, 0x00, 0xb9, 0xff, 0x9a, 
    0x00, 0xba, 0xff, 0x9a, 0x00, 0xbb, 0xff, 0x9a, 0x00, 0xbc, 0xff, 0x9a, 
    0x00, 0xbe, 0xff, 0x9a, 0x00, 0xc0, 0xff, 0x33, 0x00, 0xc4, 0xff, 0x9a, 
    0x00, 0xc5, 0xff, 0x33, 0x00, 0xc7, 0xff, 0x5c, 0x00, 0xca, 0xff, 0xae, 
    0x00, 0xcb, 0xff, 0xc3, 0x00, 0xd4, 0xff, 0x9a, 0x00, 0xe8, 0xff, 0xc3, 
    0x00, 0xe9, 0xff, 0xc3, 0x00, 0xea, 0xff, 0x9a, 0x00, 0xeb, 0xff, 0x9a, 
    0x00, 0xec, 0xff, 0x9a, 0x00, 0xed, 0xff, 0x9a, 0x00, 0xee, 0xff, 0x33, 
    0x00, 0xef, 0xff, 0x9a, 0x00, 0xf0, 0xff, 0x9a, 0x00, 0xf1, 0xff, 0x33, 
    0x00, 0xf2, 0xff, 0x9a, 0x00, 0xf3, 0xff, 0xae, 0x00, 0xf4, 0x00, 0xcd, 
    0x00, 0xf5, 0x00, 0xf6, 0x00, 0xf6, 0x00, 0xf6, 0x00, 0xf7, 0x00, 0xf6, 
    0x00, 0xf8, 0x00, 0xf6, 0x00, 0xf9, 0x00, 0xf6, 0x00, 0xfb, 0x00, 0xf6, 
    0x00, 0x0a, 0x00, 0x09, 0xff, 0xec, 0x00, 0x17, 0xff, 0xd7, 0x00, 0x24, 
    0xff, 0x9a, 0x00, 0x2d, 0xff, 0xc3, 0x00, 0xf5, 0x00, 0xcd, 0x00, 0xf6, 
    0x00, 0xb8, 0x00, 0xf7, 0x00, 0xa4, 0x00, 0xf8, 0x00, 0xa4, 0x00, 0xf9, 
    0x00, 0xa4, 0x00, 0xfb, 0x00, 0xa4, 0x00, 0x14, 0x00, 0x09, 0xff, 0x85, 
    0x00, 0x13, 0xff, 0xae, 0x00, 0x17, 0xff, 0x1f, 0x00, 0x18, 0xff, 0xec, 
    0x00, 0x19, 0xff, 0x9a, 0x00, 0x1b, 0xff, 0xae, 0x00, 0x1c, 0xff, 0xae, 
    0x00, 0x24, 0xff, 0x33, 0x00, 0x2d, 0xff, 0x33, 0x00, 0x4a, 0xff, 0x33, 
    0x00, 0x4c, 0xff, 0xec, 0x00, 0x4d, 0xff, 0xec, 0x00, 0x53, 0xff, 0x9a, 
    0x00, 0x5b, 0xff, 0x9a, 0x00, 0xf5, 0x00, 0xb8, 0x00, 0xf6, 0x00, 0xb8, 
    0x00, 0xf7, 0x00, 0xa4, 0x00, 0xf8, 0x00, 0xb8, 0x00, 0xf9, 0x00, 0xa4, 
    0x00, 0xfb, 0x00, 0xb8, 0x00, 0x4a, 0x00, 0x13, 0xff, 0xae, 0x00, 0x17, 
    0xff, 0x85, 0x00, 0x19, 0xff, 0x9a, 0x00, 0x1b, 0xff, 0xc3, 0x00, 0x1c, 
    0xff, 0xc3, 0x00, 0x26, 0xff, 0x85, 0x00, 0x2a, 0xff, 0x85, 0x00, 0x2c, 
    0x00, 0xa4, 0x00, 0x32, 0xff, 0x85, 0x00, 0x34, 0xff, 0x85, 0x00, 0x36, 
    0xff, 0xec, 0x00, 0x44, 0xff, 0xec, 0x00, 0x46, 0xff, 0x9a, 0x00, 0x47, 
    0xff, 0x9a, 0x00, 0x48, 0xff, 0x9a, 0x00, 0x4a, 0xff, 0xd7, 0x00, 0x52, 
    0xff, 0x9a, 0x00, 0x53, 0xff, 0xec, 0x00, 0x54, 0xff, 0x9a, 0x00, 0x56, 
    0xff, 0xec, 0x00, 0x57, 0xff, 0xd7, 0x00, 0x58, 0xff, 0xc3, 0x00, 0x59, 
    0xff, 0xae, 0x00, 0x5a, 0xff, 0xae, 0x00, 0x5c, 0xff, 0xae, 0x00, 0x86, 
    0xff, 0x85, 0x00, 0x91, 0xff, 0x85, 0x00, 0x92, 0xff, 0x85, 0x00, 0x93, 
    0xff, 0x85, 0x00, 0x94, 0xff, 0x85, 0x00, 0x95, 0xff, 0x85, 0x00, 0x97, 
    0xff, 0x85, 0x00, 0x9f, 0xff, 0xec, 0x00, 0xa0, 0xff, 0xec, 0x00, 0xa1, 
    0xff, 0xec, 0x00, 0xa2, 0xff, 0xec, 0x00, 0xa3, 0xff, 0xec, 0x00, 0xa4, 
    0xff, 0xec, 0x00, 0xa5, 0xff, 0xec, 0x00, 0xa6, 0xff, 0x9a, 0x00, 0xa7, 
    0xff, 0x9a, 0x00, 0xa8, 0xff, 0x9a, 0x00, 0xa9, 0xff, 0x9a, 0x00, 0xaa, 
    0xff, 0x9a, 0x00, 0xaf, 0xff, 0x9a, 0x00, 0xb1, 0xff, 0x9a, 0x00, 0xb2, 
    0xff, 0x9a, 0x00, 0xb3, 0xff, 0x9a, 0x00, 0xb4, 0xff, 0x9a, 0x00, 0xb5, 
    0xff, 0x9a, 0x00, 0xb7, 0xff, 0x9a, 0x00, 0xb8, 0xff, 0xc3, 0x00, 0xb9, 
    0xff, 0xc3, 0x00, 0xba, 0xff, 0xc3, 0x00, 0xbb, 0xff, 0xc3, 0x00, 0xbc, 
    0xff, 0xae, 0x00, 0xbe, 0xff, 0xae, 0x00, 0xc0, 0xff, 0x9a, 0x00, 0xc4, 
    0xff, 0x85, 0x00, 0xc5, 0xff, 0x9a, 0x00, 0xc6, 0xff, 0xec, 0x00, 0xc7, 
    0xff, 0xec, 0x00, 0xd4, 0xff, 0xc3, 0x00, 0xee, 0xff, 0x9a, 0x00, 0xf1, 
    0xff, 0x9a, 0x00, 0xf2, 0xff, 0xc3, 0x00, 0xf3, 0xff, 0xd7, 0x00, 0xf4, 
    0x00, 0xa4, 0x00, 0xf5, 0x00, 0xe1, 0x00, 0xf6, 0x00, 0xcd, 0x00, 0xf7, 
    0x00, 0xb8, 0x00, 0xf8, 0x00, 0xcd, 0x00, 0xf9, 0x00, 0xb8, 0x00, 0xfb, 
    0x00, 0xcd, 0x00, 0x0b, 0x00, 0x13, 0xff, 0xec, 0x00, 0x17, 0xff, 0x71, 
    0x00, 0x19, 0xff, 0xec, 0x00, 0x1c, 0xff, 0xec, 0x00, 0x4a, 0xff, 0xec, 
    0x00, 0xf5, 0x00, 0xf6, 0x00, 0xf6, 0x00, 0xf6, 0x00, 0xf7, 0x00, 0xcd, 
    0x00, 0xf8, 0x00, 0xcd, 0x00, 0xf9, 0x00, 0xcd, 0x00, 0xfb, 0x00, 0xcd, 
    0x00, 0x06, 0x00, 0x17, 0xff, 0xc3, 0x00, 0x1a, 0xff, 0x5c, 0x00, 0x1c, 
    0xff, 0xc3, 0x00, 0x45, 0xff, 0xec, 0x00, 0x4a, 0xff, 0xec, 0x00, 0x4d, 
    0xff, 0xec, 0x00, 0x03, 0x00, 0x15, 0xff, 0xd7, 0x00, 0x1a, 0xff, 0x71, 
    0x00, 0x5b, 0xff, 0x9a, 0x00, 0x04, 0x00, 0x17, 0xff, 0x9a, 0x00, 0x1a, 
    0xff, 0x9a, 0x00, 0x4a, 0xff, 0xec, 0x00, 0x5b, 0xff, 0xd7, 0x00, 0x23, 
    0x00, 0x17, 0xff, 0xd7, 0x00, 0x46, 0xff, 0xec, 0x00, 0x47, 0xff, 0xec, 
    0x00, 0x48, 0xff, 0xec, 0x00, 0x4a, 0xff, 0xec, 0x00, 0x52, 0xff, 0xec, 
    0x00, 0x54, 0xff, 0xec, 0x00, 0x58, 0xff, 0xec, 0x00, 0x59, 0xff, 0xd7, 
    0x00, 0x5a, 0xff, 0xd7, 0x00, 0x5c, 0xff, 0xd7, 0x00, 0xa6, 0xff, 0xec, 
    0x00, 0xa7, 0xff, 0xec, 0x00, 0xa8, 0xff, 0xec, 0x00, 0xa9, 0xff, 0xec, 
    0x00, 0xaa, 0xff, 0xec, 0x00, 0xaf, 0xff, 0xec, 0x00, 0xb1, 0xff, 0xec, 
    0x00, 0xb2, 0xff, 0xec, 0x00, 0xb3, 0xff, 0xec, 0x00, 0xb4, 0xff, 0xec, 
    0x00, 0xb5, 0xff, 0xec, 0x00, 0xb7, 0xff, 0xec, 0x00, 0xb8, 0xff, 0xec, 
    0x00, 0xb9, 0xff, 0xec, 0x00, 0xba, 0xff, 0xec, 0x00, 0xbb, 0xff, 0xec, 
    0x00, 0xbc, 0xff, 0xd7, 0x00, 0xbe, 0xff, 0xd7, 0x00, 0xc0, 0xff, 0xec, 
    0x00, 0xc5, 0xff, 0xec, 0x00, 0xd4, 0xff, 0xec, 0x00, 0xee, 0xff, 0xec, 
    0x00, 0xf1, 0xff, 0xec, 0x00, 0xf2, 0xff, 0xec, 0x00, 0x0f, 0x00, 0x58, 
    0xff, 0xec, 0x00, 0x59, 0xff, 0xae, 0x00, 0x5a, 0xff, 0xae, 0x00, 0x5b, 
    0xff, 0xae, 0x00, 0x5c, 0xff, 0xae, 0x00, 0x5d, 0xff, 0xec, 0x00, 0xb8, 
    0xff, 0xec, 0x00, 0xb9, 0xff, 0xec, 0x00, 0xba, 0xff, 0xec, 0x00, 0xbb, 
    0xff, 0xec, 0x00, 0xbc, 0xff, 0xae, 0x00, 0xbe, 0xff, 0xae, 0x00, 0xca, 
    0xff, 0xec, 0x00, 0xd4, 0xff, 0xec, 0x00, 0xf2, 0xff, 0xec, 0x00, 0x08, 
    0x00, 0x09, 0xff, 0x5c, 0x00, 0x13, 0xff, 0xc3, 0x00, 0x17, 0xff, 0x33, 
    0x00, 0x19, 0xff, 0xae, 0x00, 0x1b, 0xff, 0xd7, 0x00, 0x4a, 0xff, 0x33, 
    0x00, 0x53, 0xff, 0xae, 0x00, 0x5b, 0xff, 0x9a, 0x00, 0x0c, 0x00, 0x15, 
    0xff, 0xec, 0x00, 0x16, 0xff, 0xc3, 0x00, 0x17, 0xff, 0xae, 0x00, 0x18, 
    0xff, 0xd7, 0x00, 0x1a, 0xff, 0xae, 0x00, 0x1c, 0xff, 0xc3, 0x00, 0x45, 
    0xff, 0xae, 0x00, 0x4a, 0xff, 0xe1, 0x00, 0x4b, 0xff, 0xec, 0x00, 0x4e, 
    0xff, 0xec, 0x00, 0x53, 0xff, 0xec, 0x00, 0x5b, 0xff, 0xc3, 0x00, 0x04, 
    0x00, 0x17, 0xff, 0xd7, 0x00, 0x1a, 0xff, 0x71, 0x00, 0x1c, 0xff, 0xc3, 
    0x00, 0x4a, 0xff, 0xec, 0x00, 0x07, 0x00, 0x17, 0xff, 0xd7, 0x00, 0x1a, 
    0xff, 0xd7, 0x00, 0x59, 0xff, 0xd7, 0x00, 0x5a, 0xff, 0xd7, 0x00, 0x5c, 
    0xff, 0xd7, 0x00, 0xbc, 0xff, 0xd7, 0x00, 0xbe, 0xff, 0xd7, 0x00, 0x3b, 
    0x00, 0x09, 0x00, 0x29, 0x00, 0x44, 0x00, 0x29, 0x00, 0x45, 0x00, 0x14, 
    0x00, 0x46, 0x00, 0x29, 0x00, 0x47, 0x00, 0x29, 0x00, 0x48, 0x00, 0x29, 
    0x00, 0x49, 0x00, 0x29, 0x00, 0x4a, 0x00, 0x29, 0x00, 0x4b, 0x00, 0x29, 
    0x00, 0x4d, 0x00, 0x14, 0x00, 0x50, 0x00, 0x29, 0x00, 0x51, 0x00, 0x29, 
    0x00, 0x52, 0x00, 0x29, 0x00, 0x53, 0x00, 0x14, 0x00, 0x54, 0x00, 0x29, 
    0x00, 0x55, 0x00, 0x29, 0x00, 0x56, 0x00, 0x29, 0x00, 0x57, 0x00, 0x29, 
    0x00, 0x58, 0x00, 0x29, 0x00, 0x9f, 0x00, 0x29, 0x00, 0xa0, 0x00, 0x29, 
    0x00, 0xa1, 0x00, 0x29, 0x00, 0xa2, 0x00, 0x29, 0x00, 0xa3, 0x00, 0x29, 
    0x00, 0xa4, 0x00, 0x29, 0x00, 0xa5, 0x00, 0x29, 0x00, 0xa6, 0x00, 0x29, 
    0x00, 0xa7, 0x00, 0x29, 0x00, 0xa8, 0x00, 0x29, 0x00, 0xa9, 0x00, 0x29, 
    0x00, 0xaa, 0x00, 0x29, 0x00, 0xaf, 0x00, 0x29, 0x00, 0xb1, 0x00, 0x29, 
    0x00, 0xb2, 0x00, 0x29, 0x00, 0xb3, 0x00, 0x29, 0x00, 0xb4, 0x00, 0x29, 
    0x00, 0xb5, 0x00, 0x29, 0x00, 0xb7, 0x00, 0x29, 0x00, 0xb8, 0x00, 0x29, 
    0x00, 0xb9, 0x00, 0x29, 0x00, 0xba, 0x00, 0x29, 0x00, 0xbb, 0x00, 0x29, 
    0x00, 0xc0, 0x00, 0x29, 0x00, 0xc5, 0x00, 0x29, 0x00, 0xc7, 0x00, 0x29, 
    0x00, 0xcb, 0x00, 0x29, 0x00, 0xd4, 0x00, 0x29, 0x00, 0xe8, 0x00, 0x29, 
    0x00, 0xe9, 0x00, 0x29, 0x00, 0xea, 0x00, 0x29, 0x00, 0xeb, 0x00, 0x29, 
    0x00, 0xec, 0x00, 0x29, 0x00, 0xed, 0x00, 0x29, 0x00, 0xee, 0x00, 0x29, 
    0x00, 0xef, 0x00, 0x29, 0x00, 0xf0, 0x00, 0x29, 0x00, 0xf1, 0x00, 0x29, 
    0x00, 0xf2, 0x00, 0x29, 0x00, 0xf3, 0x00, 0x29, 0x00, 0x21, 0x00, 0x09, 
    0xff, 0xd7, 0x00, 0x17, 0xff, 0x9a, 0x00, 0x1a, 0xff, 0xd7, 0x00, 0x44, 
    0xff, 0xec, 0x00, 0x46, 0xff, 0xc3, 0x00, 0x47, 0xff, 0xc3, 0x00, 0x48, 
    0xff, 0xc3, 0x00, 0x4a, 0xff, 0xd7, 0x00, 0x52, 0xff, 0xc3, 0x00, 0x54, 
    0xff, 0xc3, 0x00, 0x9f, 0xff, 0xec, 0x00, 0xa0, 0xff, 0xec, 0x00, 0xa1, 
    0xff, 0xec, 0x00, 0xa2, 0xff, 0xec, 0x00, 0xa3, 0xff, 0xec, 0x00, 0xa4, 
    0xff, 0xec, 0x00, 0xa5, 0xff, 0xec, 0x00, 0xa6, 0xff, 0xc3, 0x00, 0xa7, 
    0xff, 0xc3, 0x00, 0xa8, 0xff, 0xc3, 0x00, 0xa9, 0xff, 0xc3, 0x00, 0xaa, 
    0xff, 0xc3, 0x00, 0xaf, 0xff, 0xc3, 0x00, 0xb1, 0xff, 0xc3, 0x00, 0xb2, 
    0xff, 0xc3, 0x00, 0xb3, 0xff, 0xc3, 0x00, 0xb4, 0xff, 0xc3, 0x00, 0xb5, 
    0xff, 0xc3, 0x00, 0xb7, 0xff, 0xc3, 0x00, 0xc0, 0xff, 0xc3, 0x00, 0xc5, 
    0xff, 0xc3, 0x00, 0xee, 0xff, 0xc3, 0x00, 0xf1, 0xff, 0xc3, 0x00, 0x12, 
    0x00, 0x17, 0xff, 0xd7, 0x00, 0x1a, 0xff, 0x9a, 0x00, 0x1c, 0xff, 0xec, 
    0x00, 0x45, 0xff, 0xec, 0x00, 0x4d, 0x00, 0x66, 0x00, 0x58, 0xff, 0xec, 
    0x00, 0x59, 0xff, 0xc3, 0x00, 0x5a, 0xff, 0xc3, 0x00, 0x5b, 0xff, 0xd7, 
    0x00, 0x5c, 0xff, 0xc3, 0x00, 0xb8, 0xff, 0xec, 0x00, 0xb9, 0xff, 0xec, 
    0x00, 0xba, 0xff, 0xec, 0x00, 0xbb, 0xff, 0xec, 0x00, 0xbc, 0xff, 0xc3, 
    0x00, 0xbe, 0xff, 0xc3, 0x00, 0xd4, 0xff, 0xec, 0x00, 0xf2, 0xff, 0xec, 
    0x00, 0x1e, 0x00, 0x17, 0xff, 0x9a, 0x00, 0x44, 0xff, 0xec, 0x00, 0x46, 
    0xff, 0xec, 0x00, 0x47, 0xff, 0xec, 0x00, 0x48, 0xff, 0xec, 0x00, 0x52, 
    0xff, 0xec, 0x00, 0x54, 0xff, 0xec, 0x00, 0x9f, 0xff, 0xec, 0x00, 0xa0, 
    0xff, 0xec, 0x00, 0xa1, 0xff, 0xec, 0x00, 0xa2, 0xff, 0xec, 0x00, 0xa3, 
    0xff, 0xec, 0x00, 0xa4, 0xff, 0xec, 0x00, 0xa5, 0xff, 0xec, 0x00, 0xa6, 
    0xff, 0xec, 0x00, 0xa7, 0xff, 0xec, 0x00, 0xa8, 0xff, 0xec, 0x00, 0xa9, 
    0xff, 0xec, 0x00, 0xaa, 0xff, 0xec, 0x00, 0xaf, 0xff, 0xec, 0x00, 0xb1, 
    0xff, 0xec, 0x00, 0xb2, 0xff, 0xec, 0x00, 0xb3, 0xff, 0xec, 0x00, 0xb4, 
    0xff, 0xec, 0x00, 0xb5, 0xff, 0xec, 0x00, 0xb7, 0xff, 0xec, 0x00, 0xc0, 
    0xff, 0xec, 0x00, 0xc5, 0xff, 0xec, 0x00, 0xee, 0xff, 0xec, 0x00, 0xf1, 
    0xff, 0xec, 0x00, 0x04, 0x00, 0x15, 0xff, 0xec, 0x00, 0x1a, 0xff, 0x85, 
    0x00, 0x45, 0xff, 0xec, 0x00, 0x5b, 0xff, 0xec, 0x00, 0x03, 0x00, 0x17, 
    0xff, 0xc3, 0x00, 0x1a, 0xff, 0xae, 0x00, 0x4a, 0xff, 0xec, 0x00, 0x05, 
    0x00, 0x17, 0xff, 0xd7, 0x00, 0x1a, 0xff, 0x9a, 0x00, 0x1c, 0xff, 0xec, 
    0x00, 0x45, 0xff, 0xec, 0x00, 0x4a, 0xff, 0xec, 0x00, 0x09, 0x00, 0x09, 
    0xff, 0xc3, 0x00, 0x15, 0xff, 0xec, 0x00, 0x16, 0xff, 0xec, 0x00, 0x17, 
    0xff, 0x85, 0x00, 0x19, 0xff, 0xec, 0x00, 0x1a, 0xff, 0xc3, 0x00, 0x1b, 
    0xff, 0xec, 0x00, 0x45, 0xff, 0xec, 0x00, 0x4a, 0xff, 0x9a, 0x00, 0x22, 
    0x00, 0x09, 0xff, 0xd7, 0x00, 0x17, 0xff, 0x85, 0x00, 0x1a, 0xff, 0xae, 
    0x00, 0x1b, 0xff, 0xec, 0x00, 0x44, 0xff, 0xec, 0x00, 0x46, 0xff, 0x9a, 
    0x00, 0x47, 0xff, 0x9a, 0x00, 0x48, 0xff, 0x9a, 0x00, 0x4a, 0xff, 0xc3, 
    0x00, 0x52, 0xff, 0x9a, 0x00, 0x54, 0xff, 0x9a, 0x00, 0x9f, 0xff, 0xec, 
    0x00, 0xa0, 0xff, 0xec, 0x00, 0xa1, 0xff, 0xec, 0x00, 0xa2, 0xff, 0xec, 
    0x00, 0xa3, 0xff, 0xec, 0x00, 0xa4, 0xff, 0xec, 0x00, 0xa5, 0xff, 0xec, 
    0x00, 0xa6, 0xff, 0x9a, 0x00, 0xa7, 0xff, 0x9a, 0x00, 0xa8, 0xff, 0x9a, 
    0x00, 0xa9, 0xff, 0x9a, 0x00, 0xaa, 0xff, 0x9a, 0x00, 0xaf, 0xff, 0x9a, 
    0x00, 0xb1, 0xff, 0x9a, 0x00, 0xb2, 0xff, 0x9a, 0x00, 0xb3, 0xff, 0x9a, 
    0x00, 0xb4, 0xff, 0x9a, 0x00, 0xb5, 0xff, 0x9a, 0x00, 0xb7, 0xff, 0x9a, 
    0x00, 0xc0, 0xff, 0x9a, 0x00, 0xc5, 0xff, 0x9a, 0x00, 0xee, 0xff, 0x9a, 
    0x00, 0xf1, 0xff, 0x9a, 0x00, 0x09, 0x00, 0x2c, 0x00, 0x8f, 0x00, 0xf4, 
    0x00, 0x8f, 0x00, 0xf5, 0x00, 0xcd, 0x00, 0xf6, 0x00, 0xcd, 0x00, 0xf7, 
    0x00, 0xa4, 0x00, 0xf8, 0x00, 0xa4, 0x00, 0xf9, 0x00, 0xa4, 0x00, 0xfa, 
    0x00, 0xcd, 0x00, 0xfb, 0x00, 0xa4, 0x00, 0x02, 0x00, 0x11, 0x00, 0x09, 
    0x00, 0x09, 0x00, 0x00, 0x00, 0x13, 0x00, 0x1c, 0x00, 0x01, 0x00, 0x24, 
    0x00, 0x3d, 0x00, 0x0b, 0x00, 0x44, 0x00, 0x5c, 0x00, 0x25, 0x00, 0x85, 
    0x00, 0x8a, 0x00, 0x3e, 0x00, 0x8f, 0x00, 0x95, 0x00, 0x44, 0x00, 0x97, 
    0x00, 0xa4, 0x00, 0x4b, 0x00, 0xa6, 0x00, 0xa6, 0x00, 0x59, 0x00, 0xaf, 
    0x00, 0xb5, 0x00, 0x5a, 0x00, 0xb7, 0x00, 0xbc, 0x00, 0x61, 0x00, 0xbe, 
    0x00, 0xbf, 0x00, 0x67, 0x00, 0xc2, 0x00, 0xc4, 0x00, 0x69, 0x00, 0xc6, 
    0x00, 0xc9, 0x00, 0x6c, 0x00, 0xcb, 0x00, 0xcb, 0x00, 0x70, 0x00, 0xd4, 
    0x00, 0xd4, 0x00, 0x71, 0x00, 0xea, 0x00, 0xed, 0x00, 0x72, 0x00, 0xef, 
    0x00, 0xfd, 0x00, 0x76, 0x00, 0x02, 0x06, 0xc4, 0x00, 0x04, 0x00, 0x00, 
    0x03, 0xb8, 0x05, 0x70, 0x00, 0x1a, 0x00, 0x12, 0x00, 0x00, 0x00, 0x00, 
    0x00, 0x00, 0x00, 0x00, 0x00, 0x00, 0x00, 0x00, 0x00, 0x00, 0x00, 0x00, 
    0x00, 0x00, 0x00, 0x00, 0x00, 0x00, 0x00, 0x00, 0x00, 0x00, 0x00, 0x00, 
    0x00, 0x00, 0x00, 0x00, 0x00, 0x00, 0x00, 0x00, 0x00, 0x00, 0x00, 0x8f, 
    0x00, 0x00, 0x00, 0x00, 0x00, 0x00, 0x00, 0x00, 0x00, 0x00, 0x00, 0x00, 
    0x00, 0x00, 0x00, 0x00, 0x00, 0x00, 0x00, 0x00, 0x00, 0x00, 0x00, 0x00, 
    0x00, 0x00, 0x00, 0x00, 0x00, 0x00, 0x00, 0x00, 0x00, 0x00, 0x00, 0x00, 
    0xff, 0xec, 0xff, 0x9a, 0x00, 0x00, 0x00, 0x00, 0x00, 0x00, 0x00, 0x00, 
    0x00, 0x00, 0x00, 0x00, 0x00, 0x00, 0x00, 0x00, 0x00, 0x00, 0x00, 0x00, 
    0x00, 0x00, 0x00, 0x00, 0x00, 0x00, 0x00, 0x00, 0x00, 0x00, 0x00, 0x00, 
    0xff, 0xec, 0xff, 0x85, 0xff, 0xd7, 0xff, 0xec, 0x00, 0x00, 0x00, 0x00, 
    0x00, 0x00, 0x00, 0x00, 0x00, 0x00, 0x00, 0x00, 0x00, 0x00, 0x00, 0x00, 
    0x00, 0x00, 0x00, 0x00, 0x00, 0x00, 0x00, 0x00, 0x00, 0x00, 0x00, 0x00, 
    0x00, 0x00, 0x00, 0x00, 0x00, 0x00, 0x00, 0x00, 0xff, 0xd7, 0x00, 0x00, 
    0x00, 0x00, 0x00, 0x00, 0x00, 0x00, 0x00, 0x00, 0x00, 0x00, 0x00, 0x00, 
    0x00, 0x00, 0x00, 0x00, 0x00, 0x00, 0x00, 0x00, 0x00, 0x00, 0x00, 0x00, 
    0xff, 0xec, 0xff, 0xd7, 0xff, 0xec, 0x00, 0x00, 0x00, 0x00, 0x00, 0x00, 
    0x00, 0x00, 0x00, 0x00, 0x00, 0x00, 0x00, 0x00, 0x00, 0x00, 0x00, 0x00, 
    0x00, 0x00, 0x00, 0x00, 0x00, 0x00, 0x00, 0x00, 0x00, 0x00, 0x00, 0x66, 
    0x00, 0x00, 0x00, 0x00, 0x00, 0x00, 0xff, 0xc3, 0x00, 0x00, 0xff, 0xec, 
    0xff, 0x5c, 0x00, 0x00, 0x00, 0x00, 0x00, 0x00, 0x00, 0x00, 0x00, 0x00, 
    0x00, 0x00, 0x00, 0x00, 0x00, 0x00, 0x00, 0x00, 0x00, 0x00, 0x00, 0x8f, 
    0xff, 0xec, 0xff, 0xec, 0x00, 0x00, 0x00, 0x00, 0x00, 0x00, 0xff, 0xd7, 
    0x00, 0x00, 0xff, 0xec, 0x00, 0x00, 0x00, 0x00, 0x00, 0x00, 0x00, 0x00, 
    0x00, 0x00, 0x00, 0x00, 0x00, 0x00, 0x00, 0x00, 0x00, 0x00, 0x00, 0x00, 
    0xff, 0xec, 0xff, 0xc3, 0x00, 0x00, 0x00, 0x00, 0xff, 0xec, 0x00, 0x00, 
    0x00, 0x00, 0x00, 0x00, 0x00, 0x00, 0x00, 0x00, 0x00, 0x00, 0x00, 0x00, 
    0x00, 0x00, 0x00, 0x00, 0x00, 0x00, 0x00, 0x00, 0x00, 0x00, 0x00, 0x00, 
    0x00, 0x00, 0x00, 0x00, 0x00, 0x00, 0x00, 0x00, 0xff, 0x85, 0xff, 0xc3, 
    0x00, 0x00, 0x00, 0x00, 0xff, 0xc3, 0x00, 0x00, 0x00, 0x00, 0x00, 0x00, 
    0x00, 0x00, 0x00, 0x00, 0x00, 0x00, 0x00, 0x00, 0x00, 0x00, 0x00, 0x00, 
    0xff, 0xd7, 0xff, 0x9a, 0x00, 0x00, 0x00, 0x00, 0xff, 0xec, 0x00, 0x00, 
    0x00, 0x00, 0x00, 0x00, 0x00, 0x00, 0x00, 0x00, 0x00, 0x00, 0x00, 0x00, 
    0x00, 0x00, 0x00, 0x00, 0x00, 0x00, 0x00, 0x00, 0x00, 0x00, 0x00, 0x00, 
    0xff, 0xec, 0xff, 0x71, 0x00, 0x00, 0x00, 0x00, 0xff, 0xd7, 0x00, 0x00, 
    0xff, 0x33, 0x00, 0x00, 0x00, 0x00, 0xff, 0xae, 0xff, 0xd7, 0x00, 0x00, 
    0x00, 0x00, 0x00, 0x00, 0x00, 0x00, 0x00, 0x00, 0x00, 0x00, 0x00, 0xcd, 
    0xff, 0xec, 0xff, 0xd7, 0x00, 0x00, 0x00, 0x00, 0xff, 0xec, 0x00, 0x00, 
    0x00, 0x00, 0x00, 0x00, 0x00, 0x00, 0xff, 0xd7, 0x00, 0x00, 0x00, 0x00, 
    0x00, 0x00, 0x00, 0x00, 0x00, 0x00, 0x00, 0x00, 0x00, 0x00, 0x00, 0xcd, 
    0x00, 0x00, 0xff, 0xec, 0xff, 0xec, 0x00, 0x00, 0x00, 0x00, 0x00, 0x00, 
    0xff, 0xc3, 0x00, 0x00, 0x00, 0x00, 0xff, 0xd7, 0x00, 0x00, 0x00, 0x00, 
    0x00, 0x00, 0x00, 0x00, 0x00, 0x00, 0x00, 0x00, 0x00, 0x00, 0x00, 0x00, 
    0x00, 0x00, 0xff, 0xd7, 0x00, 0x00, 0x00, 0x00, 0x00, 0x00, 0x00, 0x00, 
    0x00, 0x00, 0x00, 0x00, 0x00, 0x00, 0x00, 0x00, 0x00, 0x00, 0x00, 0x00, 
    0x00, 0x00, 0x00, 0x00, 0x00, 0x00, 0x00, 0x00, 0x00, 0x00, 0x00, 0xcd, 
    0x00, 0x00, 0xff, 0xc3, 0xff, 0xec, 0x00, 0x00, 0x00, 0x00, 0x00, 0x00, 
    0xff, 0xd7, 0x00, 0x00, 0x00, 0x00, 0x00, 0x00, 0xff, 0xec, 0x00, 0x00, 
    0x00, 0x00, 0x00, 0x00, 0x00, 0x00, 0x00, 0x00, 0x00, 0x00, 0x00, 0xa4, 
    0x00, 0x00, 0x00, 0x00, 0x00, 0x00, 0xff, 0xec, 0x00, 0x00, 0x00, 0x00, 
    0xff, 0xae, 0x00, 0x00, 0x00, 0x00, 0x00, 0x00, 0x00, 0x00, 0x00, 0x00, 
    0x00, 0x00, 0x00, 0x00, 0x00, 0x00, 0x00, 0x00, 0x00, 0x00, 0x00, 0xcd, 
    0x00, 0x00, 0x00, 0x00, 0x00, 0x00, 0xff, 0xec, 0xff, 0xae, 0xff, 0xc3, 
    0xff, 0xae, 0x00, 0x00, 0xff, 0xec, 0x00, 0x00, 0x00, 0x00, 0x00, 0x00, 
    0x00, 0x00, 0x00, 0x00, 0x00, 0x00, 0x00, 0x00, 0x00, 0x00, 0x00, 0xb8, 
    0xff, 0xec, 0xff, 0xec, 0x00, 0x00, 0x00, 0x00, 0xff, 0x9a, 0xff, 0xd7, 
    0xff, 0x9a, 0x00, 0x00, 0x00, 0x00, 0xff, 0xd7, 0xff, 0xd7, 0x00, 0x00, 
    0x00, 0x00, 0x00, 0x00, 0x00, 0x00, 0x00, 0x00, 0x00, 0x00, 0x00, 0xa4, 
    0xff, 0x9a, 0xff, 0x9a, 0xff, 0xae, 0x00, 0x00, 0xff, 0x33, 0xff, 0x33, 
    0x00, 0x00, 0xff, 0xae, 0xff, 0x5c, 0xff, 0x5c, 0x00, 0x00, 0xff, 0x9a, 
    0xff, 0x9a, 0xff, 0x9a, 0xff, 0x9a, 0x00, 0x00, 0x00, 0x00, 0x00, 0x8f, 
    0xff, 0xec, 0xff, 0xec, 0x00, 0x00, 0x00, 0x00, 0xff, 0xec, 0xff, 0xec, 
    0x00, 0x00, 0x00, 0x00, 0x00, 0x00, 0x00, 0x00, 0x00, 0x00, 0x00, 0x00, 
    0x00, 0x00, 0x00, 0x00, 0x00, 0x00, 0x00, 0x00, 0x00, 0x00, 0x00, 0x00, 
    0xff, 0xae, 0xff, 0x9a, 0xff, 0xae, 0x00, 0x00, 0xff, 0x33, 0xff, 0x33, 
    0x00, 0x00, 0x00, 0x00, 0xff, 0x5c, 0x00, 0x00, 0x00, 0x00, 0xff, 0xae, 
    0xff, 0xae, 0xff, 0xae, 0xff, 0xd7, 0x00, 0x00, 0x00, 0x00, 0x00, 0x00, 
    0x00, 0x00, 0x00, 0x00, 0x00, 0x00, 0x00, 0x00, 0xff, 0xd7, 0x00, 0x00, 
    0x00, 0x00, 0x00, 0x00, 0x00, 0x00, 0x00, 0x00, 0x00, 0x00, 0x00, 0x00, 
    0x00, 0x00, 0x00, 0x00, 0x00, 0x00, 0x00, 0x00, 0x00, 0x00, 0x00, 0x8f, 
    0xff, 0x9a, 0xff, 0x9a, 0x00, 0x00, 0x00, 0x00, 0xff, 0x9a, 0xff, 0xd7, 
    0x00, 0x00, 0xff, 0xec, 0xff, 0xec, 0xff, 0x71, 0x00, 0x00, 0x00, 0x00, 
    0xff, 0xc3, 0x00, 0x00, 0x00, 0x00, 0x00, 0x00, 0x00, 0x00, 0x00, 0xcd, 
    0xff, 0xec, 0xff, 0xd7, 0x00, 0x00, 0x00, 0x00, 0xff, 0xec, 0x00, 0x00, 
    0x00, 0x00, 0x00, 0x00, 0x00, 0x00, 0xff, 0xd7, 0x00, 0x00, 0x00, 0x00, 
    0x00, 0x00, 0x00, 0x00, 0x00, 0x00, 0x00, 0x00, 0x00, 0x00, 0x00, 0x00, 
    0xff, 0xc3, 0xff, 0x9a, 0xff, 0xd7, 0x00, 0x00, 0xff, 0xcd, 0xff, 0xae, 
    0x00, 0x00, 0x00, 0x00, 0xff, 0xd7, 0x00, 0x00, 0x00, 0x00, 0xff, 0xec, 
    0xff, 0xd7, 0xff, 0xec, 0xff, 0xec, 0xff, 0xec, 0x00, 0x01, 0x00, 0x25, 
    0x00, 0xd9, 0x00, 0x10, 0x00, 0x0d, 0x00, 0x06, 0x00, 0x0c, 0x00, 0x00, 
    0x00, 0x00, 0x00, 0x00, 0x00, 0x01, 0x00, 0x00, 0x00, 0x17, 0x00, 0x0b, 
    0x00, 0x00, 0x00, 0x14, 0x00, 0x06, 0x00, 0x11, 0x00, 0x06, 0x00, 0x12, 
    0x00, 0x0f, 0x00, 0x00, 0x00, 0x07, 0x00, 0x13, 0x00, 0x13, 0x00, 0x00, 
    0x00, 0x13, 0x00, 0x18, 0x00, 0x00, 0x00, 0x00, 0x00, 0x00, 0x00, 0x00, 
    0x00, 0x00, 0x00, 0x00, 0x00, 0x0a, 0x00, 0x03, 0x00, 0x05, 0x00, 0x00, 
    0x00, 0x00, 0x00, 0x15, 0x00, 0x19, 0x00, 0x02, 0x00, 0x00, 0x00, 0x00, 
    0x00, 0x00, 0x00, 0x00, 0x00, 0x02, 0x00, 0x02, 0x00, 0x03, 0x00, 0x03, 
    0x00, 0x00, 0x00, 0x00, 0x00, 0x0e, 0x00, 0x04, 0x00, 0x08, 0x00, 0x09, 
    0x00, 0x09, 0x00, 0x00, 0x00, 0x09, 0x00, 0x16, 0x00, 0x00, 0x00, 0x00, 
    0x00, 0x00, 0x00, 0x00, 0x00, 0x00, 0x00, 0x00, 0x00, 0x00, 0x00, 0x00, 
    0x00, 0x00, 0x00, 0x00, 0x00, 0x00, 0x00, 0x00, 0x00, 0x00, 0x00, 0x00, 
    0x00, 0x00, 0x00, 0x00, 0x00, 0x00, 0x00, 0x00, 0x00, 0x00, 0x00, 0x00, 
    0x00, 0x00, 0x00, 0x00, 0x00, 0x00, 0x00, 0x00, 0x00, 0x00, 0x00, 0x00, 
    0x00, 0x00, 0x00, 0x00, 0x00, 0x00, 0x00, 0x00, 0x00, 0x00, 0x00, 0x00, 
    0x00, 0x00, 0x00, 0x00, 0x00, 0x00, 0x00, 0x00, 0x00, 0x00, 0x00, 0x00, 
    0x00, 0x00, 0x00, 0x0c, 0x00, 0x0d, 0x00, 0x0c, 0x00, 0x0c, 0x00, 0x0c, 
    0x00, 0x0c, 0x00, 0x00, 0x00, 0x00, 0x00, 0x00, 0x00, 0x00, 0x00, 0x06, 
    0x00, 0x14, 0x00, 0x06, 0x00, 0x06, 0x00, 0x06, 0x00, 0x06, 0x00, 0x06, 
    0x00, 0x00, 0x00, 0x06, 0x00, 0x07, 0x00, 0x07, 0x00, 0x07, 0x00, 0x07, 
    0x00, 0x13, 0x00, 0x06, 0x00, 0x10, 0x00, 0x0a, 0x00, 0x0a, 0x00, 0x0a, 
    0x00, 0x0a, 0x00, 0x0a, 0x00, 0x0a, 0x00, 0x00, 0x00, 0x05, 0x00, 0x00, 
    0x00, 0x00, 0x00, 0x00, 0x00, 0x00, 0x00, 0x00, 0x00, 0x00, 0x00, 0x00, 
    0x00, 0x00, 0x00, 0x03, 0x00, 0x02, 0x00, 0x03, 0x00, 0x03, 0x00, 0x03, 
    0x00, 0x03, 0x00, 0x03, 0x00, 0x00, 0x00, 0x03, 0x00, 0x08, 0x00, 0x08, 
    0x00, 0x08, 0x00, 0x08, 0x00, 0x09, 0x00, 0x00, 0x00, 0x09, 0x00, 0x06, 
    0x00, 0x00, 0x00, 0x00, 0x00, 0x0b, 0x00, 0x00, 0x00, 0x0c, 0x00, 0x00, 
    0x00, 0x0f, 0x00, 0x0e, 0x00, 0x13, 0x00, 0x18, 0x00, 0x16, 0x00, 0x15, 
    0x00, 0x00, 0x00, 0x00, 0x00, 0x00, 0x00, 0x00, 0x00, 0x00, 0x00, 0x00, 
    0x00, 0x00, 0x00, 0x00, 0x00, 0x08, 0x00, 0x00, 0x00, 0x00, 0x00, 0x00, 
    0x00, 0x00, 0x00, 0x00, 0x00, 0x00, 0x00, 0x00, 0x00, 0x00, 0x00, 0x00, 
    0x00, 0x00, 0x00, 0x00, 0x00, 0x00, 0x00, 0x00, 0x00, 0x00, 0x00, 0x00, 
    0x00, 0x00, 0x00, 0x00, 0x00, 0x00, 0x00, 0x00, 0x00, 0x00, 0x00, 0x00, 
    0x00, 0x0a, 0x00, 0x09, 0x00, 0x09, 0x00, 0x09, 0x00, 0x00, 0x00, 0x19, 
    0x00, 0x19, 0x00, 0x19, 0x00, 0x19, 0x00, 0x04, 0x00, 0x01, 0x00, 0x10, 
    0x00, 0x06, 0x00, 0x00, 0x00, 0x17, 0x00, 0x0b, 0x00, 0x11, 0x00, 0x12, 
    0x00, 0x06, 0x00, 0x0d, 0x00, 0x02, 0x00, 0x38, 0x00, 0x26, 0x00, 0x26, 
    0x00, 0x0b, 0x00, 0x2a, 0x00, 0x2a, 0x00, 0x0b, 0x00, 0x2c, 0x00, 0x2c, 
    0x00, 0x01, 0x00, 0x32, 0x00, 0x32, 0x00, 0x0b, 0x00, 0x34, 0x00, 0x34, 
    0x00, 0x0b, 0x00, 0x36, 0x00, 0x36, 0x00, 0x09, 0x00, 0x38, 0x00, 0x38, 
    0x00, 0x0c, 0x00, 0x39, 0x00, 0x3a, 0x00, 0x08, 0x00, 0x3c, 0x00, 0x3c, 
    0x00, 0x08, 0x00, 0x3d, 0x00, 0x3d, 0x00, 0x05, 0x00, 0x44, 0x00, 0x44, 
    0x00, 0x07, 0x00, 0x46, 0x00, 0x48, 0x00, 0x06, 0x00, 0x49, 0x00, 0x49, 
    0x00, 0x10, 0x00, 0x4f, 0x00, 0x4f, 0x00, 0x11, 0x00, 0x50, 0x00, 0x51, 
    0x00, 0x0d, 0x00, 0x52, 0x00, 0x52, 0x00, 0x06, 0x00, 0x54, 0x00, 0x54, 
    0x00, 0x06, 0x00, 0x55, 0x00, 0x55, 0x00, 0x0f, 0x00, 0x56, 0x00, 0x56, 
    0x00, 0x0a, 0x00, 0x57, 0x00, 0x57, 0x00, 0x0e, 0x00, 0x58, 0x00, 0x58, 
    0x00, 0x02, 0x00, 0x59, 0x00, 0x5a, 0x00, 0x03, 0x00, 0x5c, 0x00, 0x5c, 
    0x00, 0x03, 0x00, 0x5d, 0x00, 0x5d, 0x00, 0x04, 0x00, 0x86, 0x00, 0x86, 
    0x00, 0x0b, 0x00, 0x91, 0x00, 0x95, 0x00, 0x0b, 0x00, 0x97, 0x00, 0x97, 
    0x00, 0x0b, 0x00, 0x98, 0x00, 0x9b, 0x00, 0x0c, 0x00, 0x9c, 0x00, 0x9c, 
    0x00, 0x08, 0x00, 0x9f, 0x00, 0xa5, 0x00, 0x07, 0x00, 0xa6, 0x00, 0xaa, 
    0x00, 0x06, 0x00, 0xaf, 0x00, 0xaf, 0x00, 0x06, 0x00, 0xb1, 0x00, 0xb5, 
    0x00, 0x06, 0x00, 0xb7, 0x00, 0xb7, 0x00, 0x06, 0x00, 0xb8, 0x00, 0xbb, 
    0x00, 0x02, 0x00, 0xbc, 0x00, 0xbc, 0x00, 0x03, 0x00, 0xbe, 0x00, 0xbe, 
    0x00, 0x03, 0x00, 0xc0, 0x00, 0xc0, 0x00, 0x06, 0x00, 0xc3, 0x00, 0xc3, 
    0x00, 0x11, 0x00, 0xc4, 0x00, 0xc4, 0x00, 0x0b, 0x00, 0xc5, 0x00, 0xc5, 
    0x00, 0x06, 0x00, 0xc6, 0x00, 0xc6, 0x00, 0x09, 0x00, 0xc7, 0x00, 0xc7, 
    0x00, 0x0a, 0x00, 0xc8, 0x00, 0xc8, 0x00, 0x08, 0x00, 0xc9, 0x00, 0xc9, 
    0x00, 0x05, 0x00, 0xca, 0x00, 0xca, 0x00, 0x04, 0x00, 0xcb, 0x00, 0xcb, 
    0x00, 0x10, 0x00, 0xd4, 0x00, 0xd4, 0x00, 0x02, 0x00, 0xe8, 0x00, 0xe9, 
    0x00, 0x10, 0x00, 0xea, 0x00, 0xed, 0x00, 0x0f, 0x00, 0xee, 0x00, 0xee, 
    0x00, 0x06, 0x00, 0xef, 0x00, 0xf0, 0x00, 0x0d, 0x00, 0xf1, 0x00, 0xf1, 
    0x00, 0x06, 0x00, 0xf2, 0x00, 0xf2, 0x00, 0x02, 0x00, 0xf3, 0x00, 0xf3, 
    0x00, 0x0e, 0x00, 0xf4, 0x00, 0xf4, 0x00, 0x01, 0x00, 0x02, 0x00, 0x19, 
    0x00, 0x25, 0x00, 0x28, 0x00, 0x00, 0x00, 0x2c, 0x00, 0x2c, 0x00, 0x04, 
    0x00, 0x2e, 0x00, 0x2f, 0x00, 0x05, 0x00, 0x31, 0x00, 0x36, 0x00, 0x07, 
    0x00, 0x38, 0x00, 0x3a, 0x00, 0x0d, 0x00, 0x3c, 0x00, 0x3d, 0x00, 0x10, 
    0x00, 0x44, 0x00, 0x46, 0x00, 0x12, 0x00, 0x49, 0x00, 0x4b, 0x00, 0x15, 
    0x00, 0x50, 0x00, 0x53, 0x00, 0x18, 0x00, 0x56, 0x00, 0x5a, 0x00, 0x1c, 
    0x00, 0x5c, 0x00, 0x5d, 0x00, 0x21, 0x00, 0x85, 0x00, 0x8a, 0x00, 0x23, 
    0x00, 0x8f, 0x00, 0x95, 0x00, 0x29, 0x00, 0x97, 0x00, 0xa4, 0x00, 0x30, 
    0x00, 0xa6, 0x00, 0xa6, 0x00, 0x3e, 0x00, 0xaf, 0x00, 0xb5, 0x00, 0x3f, 
    0x00, 0xb7, 0x00, 0xbc, 0x00, 0x46, 0x00, 0xbe, 0x00, 0xbf, 0x00, 0x4c, 
    0x00, 0xc2, 0x00, 0xc2, 0x00, 0x4e, 0x00, 0xc4, 0x00, 0xc4, 0x00, 0x4f, 
    0x00, 0xc6, 0x00, 0xcb, 0x00, 0x50, 0x00, 0xd4, 0x00, 0xd4, 0x00, 0x56, 
    0x00, 0xea, 0x00, 0xed, 0x00, 0x57, 0x00, 0xef, 0x00, 0xf6, 0x00, 0x5b, 
    0x00, 0xf8, 0x00, 0xfd, 0x00, 0x63, 0x00, 0x00, 0x00, 0x00, 0x00, 0x01, 
    0x00, 0x00, 0x00, 0x00, 0xde, 0x06, 0x2a, 0x6e, 0x00, 0x00, 0x00, 0x00, 
    0xdf, 0x1a, 0x09, 0x1a, 0x00, 0x00, 0x00, 0x00, 0xe1, 0xfd, 0x5f, 0x7d
};

static const unsigned int text_font_size = sizeof(text_font);

#endif // TEXT_FONT_H
