// Font data for ImGui
// Generated from TTF/OTF file
// Size: 38836 bytes
// Use with: ImGui::GetIO().Fonts->AddFontFromMemoryTTF(weapons_font, sizeof(weapons_font), size, NULL, NULL);

#ifndef WEAPONS_FONT_H
#define WEAPONS_FONT_H

static unsigned char weapons_font[] = {
    0x4f, 0x54, 0x54, 0x4f, 0x00, 0x09, 0x00, 0x80, 0x00, 0x03, 0x00, 0x10, 
    0x43, 0x46, 0x46, 0x20, 0x47, 0x28, 0x80, 0x12, 0x00, 0x00, 0x05, 0x84, 
    0x00, 0x00, 0x91, 0xcd, 0x4f, 0x53, 0x2f, 0x32, 0x6a, 0x29, 0x6a, 0xcd, 
    0x00, 0x00, 0x01, 0x00, 0x00, 0x00, 0x00, 0x60, 0x63, 0x6d, 0x61, 0x70, 
    0x05, 0xd2, 0x06, 0x30, 0x00, 0x00, 0x04, 0x80, 0x00, 0x00, 0x00, 0xe4, 
    0x68, 0x65, 0x61, 0x64, 0x34, 0x25, 0x1e, 0x9e, 0x00, 0x00, 0x00, 0x9c, 
    0x00, 0x00, 0x00, 0x36, 0x68, 0x68, 0x65, 0x61, 0x03, 0xea, 0x09, 0xf5, 
    0x00, 0x00, 0x00, 0xd4, 0x00, 0x00, 0x00, 0x24, 0x68, 0x6d, 0x74, 0x78, 
    0xa4, 0xbe, 0x00, 0x00, 0x00, 0x00, 0x97, 0x54, 0x00, 0x00, 0x00, 0x60, 
    0x6d, 0x61, 0x78, 0x70, 0x00, 0x18, 0x50, 0x00, 0x00, 0x00, 0x00, 0xf8, 
    0x00, 0x00, 0x00, 0x06, 0x6e, 0x61, 0x6d, 0x65, 0x6d, 0x40, 0x8d, 0xb9, 
    0x00, 0x00, 0x01, 0x60, 0x00, 0x00, 0x03, 0x1e, 0x70, 0x6f, 0x73, 0x74, 
    0x00, 0x03, 0x00, 0x00, 0x00, 0x00, 0x05, 0x64, 0x00, 0x00, 0x00, 0x20, 
    0x00, 0x01, 0x00, 0x00, 0x00, 0x01, 0x00, 0x00, 0xe4, 0x40, 0xbe, 0x4a, 
    0x5f, 0x0f, 0x3c, 0xf5, 0x00, 0x03, 0x03, 0xe8, 0x00, 0x00, 0x00, 0x00, 
    0xe5, 0x81, 0x6d, 0x84, 0x00, 0x00, 0x00, 0x00, 0xe5, 0x81, 0x6d, 0x84, 
    0x00, 0x00, 0xff, 0xf5, 0x0a, 0x0b, 0x02, 0xc1, 0x00, 0x00, 0x00, 0x03, 
    0x00, 0x02, 0x00, 0x00, 0x00, 0x00, 0x00, 0x00, 0x00, 0x01, 0x00, 0x00, 
    0x03, 0xe8, 0xff, 0xc3, 0x00, 0x00, 0x0a, 0x19, 0x00, 0x00, 0x00, 0x00, 
    0x00, 0x00, 0x00, 0x01, 0x00, 0x00, 0x00, 0x00, 0x00, 0x00, 0x00, 0x00, 
    0x00, 0x00, 0x00, 0x00, 0x00, 0x00, 0x00, 0x18, 0x00, 0x00, 0x50, 0x00, 
    0x00, 0x18, 0x00, 0x00, 0x00, 0x03, 0x07, 0x10, 0x01, 0xf4, 0x00, 0x05, 
    0x00, 0x00, 0x02, 0x8a, 0x02, 0xbb, 0x00, 0x00, 0x00, 0x8c, 0x02, 0x8a, 
    0x02, 0xbb, 0x00, 0x00, 0x01, 0xdf, 0x00, 0x31, 0x01, 0x02, 0x00, 0x00, 
    0x00, 0x00, 0x00, 0x00, 0x00, 0x00, 0x00, 0x00, 0x00, 0x00, 0x00, 0x00, 
    0x00, 0x01, 0x00, 0x00, 0x00, 0x00, 0x00, 0x00, 0x00, 0x00, 0x00, 0x00, 
    0x00, 0x00, 0x58, 0x58, 0x58, 0x58, 0x00, 0x40, 0x00, 0x20, 0x00, 0x7a, 
    0x03, 0xe8, 0xff, 0xc3, 0x00, 0x00, 0x02, 0xc1, 0x00, 0x0b, 0x00, 0x00, 
    0x00, 0x01, 0x00, 0x00, 0x00, 0x00, 0x02, 0xbd, 0x02, 0xc1, 0x00, 0x20, 
    0x00, 0x20, 0x00, 0x00, 0x00, 0x00, 0x00, 0x22, 0x01, 0x9e, 0x00, 0x01, 
    0x00, 0x00, 0x00, 0x00, 0x00, 0x00, 0x00, 0x01, 0x00, 0x45, 0x00, 0x01, 
    0x00, 0x00, 0x00, 0x00, 0x00, 0x01, 0x00, 0x0c, 0x00, 0x00, 0x00, 0x01, 
    0x00, 0x00, 0x00, 0x00, 0x00, 0x02, 0x00, 0x07, 0x00, 0x24, 0x00, 0x01, 
    0x00, 0x00, 0x00, 0x00, 0x00, 0x03, 0x00, 0x1f, 0x01, 0x23, 0x00, 0x01, 
    0x00, 0x00, 0x00, 0x00, 0x00, 0x04, 0x00, 0x14, 0x00, 0x39, 0x00, 0x01, 
    0x00, 0x00, 0x00, 0x00, 0x00, 0x05, 0x00, 0x03, 0x01, 0x1a, 0x00, 0x01, 
    0x00, 0x00, 0x00, 0x00, 0x00, 0x06, 0x00, 0x13, 0x00, 0x75, 0x00, 0x01, 
    0x00, 0x00, 0x00, 0x00, 0x00, 0x07, 0x00, 0x01, 0x00, 0x45, 0x00, 0x01, 
    0x00, 0x00, 0x00, 0x00, 0x00, 0x08, 0x00, 0x0a, 0x00, 0xae, 0x00, 0x01, 
    0x00, 0x00, 0x00, 0x00, 0x00, 0x09, 0x00, 0x01, 0x00, 0x45, 0x00, 0x01, 
    0x00, 0x00, 0x00, 0x00, 0x00, 0x0a, 0x00, 0x01, 0x00, 0x45, 0x00, 0x01, 
    0x00, 0x00, 0x00, 0x00, 0x00, 0x0b, 0x00, 0x1a, 0x00, 0xcc, 0x00, 0x01, 
    0x00, 0x00, 0x00, 0x00, 0x00, 0x0c, 0x00, 0x01, 0x00, 0x45, 0x00, 0x01, 
    0x00, 0x00, 0x00, 0x00, 0x00, 0x0d, 0x00, 0x01, 0x00, 0x45, 0x00, 0x01, 
    0x00, 0x00, 0x00, 0x00, 0x00, 0x0e, 0x00, 0x01, 0x00, 0x45, 0x00, 0x01, 
    0x00, 0x00, 0x00, 0x00, 0x00, 0x10, 0x00, 0x0c, 0x00, 0x00, 0x00, 0x01, 
    0x00, 0x00, 0x00, 0x00, 0x00, 0x11, 0x00, 0x07, 0x00, 0x24, 0x00, 0x03, 
    0x00, 0x01, 0x04, 0x09, 0x00, 0x00, 0x00, 0x02, 0x00, 0x65, 0x00, 0x03, 
    0x00, 0x01, 0x04, 0x09, 0x00, 0x01, 0x00, 0x18, 0x00, 0x0c, 0x00, 0x03, 
    0x00, 0x01, 0x04, 0x09, 0x00, 0x02, 0x00, 0x0e, 0x00, 0x2b, 0x00, 0x03, 
    0x00, 0x01, 0x04, 0x09, 0x00, 0x03, 0x00, 0x3e, 0x01, 0x42, 0x00, 0x03, 
    0x00, 0x01, 0x04, 0x09, 0x00, 0x04, 0x00, 0x28, 0x00, 0x4d, 0x00, 0x03, 
    0x00, 0x01, 0x04, 0x09, 0x00, 0x05, 0x00, 0x06, 0x01, 0x1d, 0x00, 0x03, 
    0x00, 0x01, 0x04, 0x09, 0x00, 0x06, 0x00, 0x26, 0x00, 0x88, 0x00, 0x03, 
    0x00, 0x01, 0x04, 0x09, 0x00, 0x07, 0x00, 0x02, 0x00, 0x65, 0x00, 0x03, 
    0x00, 0x01, 0x04, 0x09, 0x00, 0x08, 0x00, 0x14, 0x00, 0xb8, 0x00, 0x03, 
    0x00, 0x01, 0x04, 0x09, 0x00, 0x09, 0x00, 0x02, 0x00, 0x65, 0x00, 0x03, 
    0x00, 0x01, 0x04, 0x09, 0x00, 0x0a, 0x00, 0x02, 0x00, 0x65, 0x00, 0x03, 
    0x00, 0x01, 0x04, 0x09, 0x00, 0x0b, 0x00, 0x34, 0x00, 0xe6, 0x00, 0x03, 
    0x00, 0x01, 0x04, 0x09, 0x00, 0x0c, 0x00, 0x02, 0x00, 0x65, 0x00, 0x03, 
    0x00, 0x01, 0x04, 0x09, 0x00, 0x0d, 0x00, 0x02, 0x00, 0x65, 0x00, 0x03, 
    0x00, 0x01, 0x04, 0x09, 0x00, 0x0e, 0x00, 0x02, 0x00, 0x65, 0x00, 0x03, 
    0x00, 0x01, 0x04, 0x09, 0x00, 0x10, 0x00, 0x18, 0x00, 0x0c, 0x00, 0x03, 
    0x00, 0x01, 0x04, 0x09, 0x00, 0x11, 0x00, 0x0e, 0x00, 0x2b, 0x4d, 0x79, 
    0x43, 0x75, 0x73, 0x74, 0x6f, 0x6d, 0x46, 0x6f, 0x6e, 0x74, 0x00, 0x4d, 
    0x00, 0x79, 0x00, 0x43, 0x00, 0x75, 0x00, 0x73, 0x00, 0x74, 0x00, 0x6f, 
    0x00, 0x6d, 0x00, 0x46, 0x00, 0x6f, 0x00, 0x6e, 0x00, 0x74, 0x52, 0x65, 
    0x67, 0x75, 0x6c, 0x61, 0x72, 0x00, 0x52, 0x00, 0x65, 0x00, 0x67, 0x00, 
    0x75, 0x00, 0x6c, 0x00, 0x61, 0x00, 0x72, 0x4d, 0x79, 0x43, 0x75, 0x73, 
    0x74, 0x6f, 0x6d, 0x46, 0x6f, 0x6e, 0x74, 0x20, 0x52, 0x65, 0x67, 0x75, 
    0x6c, 0x61, 0x72, 0x00, 0x4d, 0x00, 0x79, 0x00, 0x43, 0x00, 0x75, 0x00, 
    0x73, 0x00, 0x74, 0x00, 0x6f, 0x00, 0x6d, 0x00, 0x46, 0x00, 0x6f, 0x00, 
    0x6e, 0x00, 0x74, 0x00, 0x20, 0x00, 0x52, 0x00, 0x65, 0x00, 0x67, 0x00, 
    0x75, 0x00, 0x6c, 0x00, 0x61, 0x00, 0x72, 0x4d, 0x79, 0x43, 0x75, 0x73, 
    0x74, 0x6f, 0x6d, 0x46, 0x6f, 0x6e, 0x74, 0x52, 0x65, 0x67, 0x75, 0x6c, 
    0x61, 0x72, 0x00, 0x4d, 0x00, 0x79, 0x00, 0x43, 0x00, 0x75, 0x00, 0x73, 
    0x00, 0x74, 0x00, 0x6f, 0x00, 0x6d, 0x00, 0x46, 0x00, 0x6f, 0x00, 0x6e, 
    0x00, 0x74, 0x00, 0x52, 0x00, 0x65, 0x00, 0x67, 0x00, 0x75, 0x00, 0x6c, 
    0x00, 0x61, 0x00, 0x72, 0x54, 0x65, 0x78, 0x74, 0x53, 0x74, 0x75, 0x64, 
    0x69, 0x6f, 0x00, 0x54, 0x00, 0x65, 0x00, 0x78, 0x00, 0x74, 0x00, 0x53, 
    0x00, 0x74, 0x00, 0x75, 0x00, 0x64, 0x00, 0x69, 0x00, 0x6f, 0x68, 0x74, 
    0x74, 0x70, 0x73, 0x3a, 0x2f, 0x2f, 0x77, 0x77, 0x77, 0x2e, 0x74, 0x65, 
    0x78, 0x74, 0x73, 0x74, 0x75, 0x64, 0x69, 0x6f, 0x2e, 0x63, 0x6f, 0x6d, 
    0x00, 0x68, 0x00, 0x74, 0x00, 0x74, 0x00, 0x70, 0x00, 0x73, 0x00, 0x3a, 
    0x00, 0x2f, 0x00, 0x2f, 0x00, 0x77, 0x00, 0x77, 0x00, 0x77, 0x00, 0x2e, 
    0x00, 0x74, 0x00, 0x65, 0x00, 0x78, 0x00, 0x74, 0x00, 0x73, 0x00, 0x74, 
    0x00, 0x75, 0x00, 0x64, 0x00, 0x69, 0x00, 0x6f, 0x00, 0x2e, 0x00, 0x63, 
    0x00, 0x6f, 0x00, 0x6d, 0x31, 0x2e, 0x30, 0x00, 0x31, 0x00, 0x2e, 0x00, 
    0x30, 0x54, 0x65, 0x78, 0x74, 0x53, 0x74, 0x75, 0x64, 0x69, 0x6f, 0x3a, 
    0x4d, 0x79, 0x43, 0x75, 0x73, 0x74, 0x6f, 0x6d, 0x46, 0x6f, 0x6e, 0x74, 
    0x20, 0x52, 0x65, 0x67, 0x75, 0x6c, 0x61, 0x72, 0x00, 0x54, 0x00, 0x65, 
    0x00, 0x78, 0x00, 0x74, 0x00, 0x53, 0x00, 0x74, 0x00, 0x75, 0x00, 0x64, 
    0x00, 0x69, 0x00, 0x6f, 0x00, 0x3a, 0x00, 0x4d, 0x00, 0x79, 0x00, 0x43, 
    0x00, 0x75, 0x00, 0x73, 0x00, 0x74, 0x00, 0x6f, 0x00, 0x6d, 0x00, 0x46, 
    0x00, 0x6f, 0x00, 0x6e, 0x00, 0x74, 0x00, 0x20, 0x00, 0x52, 0x00, 0x65, 
    0x00, 0x67, 0x00, 0x75, 0x00, 0x6c, 0x00, 0x61, 0x00, 0x72, 0x00, 0x00, 
    0x00, 0x00, 0x00, 0x01, 0x00, 0x03, 0x00, 0x01, 0x00, 0x00, 0x00, 0x0c, 
    0x00, 0x04, 0x00, 0xd8, 0x00, 0x00, 0x00, 0x32, 0x00, 0x20, 0x00, 0x04, 
    0x00, 0x12, 0x00, 0x00, 0x00, 0x20, 0x00, 0x61, 0x00, 0x63, 0x00, 0x64, 
    0x00, 0x65, 0x00, 0x66, 0x00, 0x67, 0x00, 0x68, 0x00, 0x69, 0x00, 0x6a, 
    0x00, 0x6b, 0x00, 0x6c, 0x00, 0x6f, 0x00, 0x70, 0x00, 0x71, 0x00, 0x72, 
    0x00, 0x73, 0x00, 0x74, 0x00, 0x75, 0x00, 0x77, 0x00, 0x78, 0x00, 0x79, 
    0x00, 0x7a, 0xff, 0xff, 0x00, 0x00, 0x00, 0x00, 0x00, 0x20, 0x00, 0x61, 
    0x00, 0x63, 0x00, 0x64, 0x00, 0x65, 0x00, 0x66, 0x00, 0x67, 0x00, 0x68, 
    0x00, 0x69, 0x00, 0x6a, 0x00, 0x6b, 0x00, 0x6c, 0x00, 0x6f, 0x00, 0x70, 
    0x00, 0x71, 0x00, 0x72, 0x00, 0x73, 0x00, 0x74, 0x00, 0x75, 0x00, 0x77, 
    0x00, 0x78, 0x00, 0x79, 0x00, 0x7a, 0xff, 0xff, 0x00, 0x00, 0xff, 0xe1, 
    0xff, 0xab, 0xff, 0xb4, 0xff, 0xab, 0xff, 0x9f, 0xff, 0xaa, 0xff, 0xaa, 
    0xff, 0xa6, 0xff, 0xa0, 0xff, 0xa8, 0xff, 0xa8, 0xff, 0xa8, 0xff, 0x9b, 
    0xff, 0x9b, 0xff, 0x91, 0xff, 0x93, 0xff, 0x9a, 0xff, 0x92, 0xff, 0x93, 
    0xff, 0x8c, 0xff, 0x9e, 0xff, 0x8e, 0xff, 0x9b, 0x00, 0x01, 0x00, 0x00, 
    0x00, 0x00, 0x00, 0x00, 0x00, 0x00, 0x00, 0x00, 0x00, 0x00, 0x00, 0x00, 
    0x00, 0x00, 0x00, 0x00, 0x00, 0x00, 0x00, 0x00, 0x00, 0x00, 0x00, 0x00, 
    0x00, 0x00, 0x00, 0x00, 0x00, 0x00, 0x00, 0x00, 0x00, 0x00, 0x00, 0x00, 
    0x00, 0x00, 0x00, 0x00, 0x00, 0x00, 0x00, 0x00, 0x00, 0x00, 0x00, 0x00, 
    0x00, 0x03, 0x00, 0x00, 0x00, 0x00, 0x00, 0x00, 0x00, 0x00, 0x00, 0x00, 
    0x00, 0x00, 0x00, 0x00, 0x00, 0x00, 0x00, 0x00, 0x00, 0x00, 0x00, 0x00, 
    0x00, 0x00, 0x00, 0x00, 0x00, 0x00, 0x00, 0x00, 0x01, 0x00, 0x04, 0x01, 
    0x00, 0x01, 0x01, 0x01, 0x14, 0x4d, 0x79, 0x43, 0x75, 0x73, 0x74, 0x6f, 
    0x6d, 0x46, 0x6f, 0x6e, 0x74, 0x52, 0x65, 0x67, 0x75, 0x6c, 0x61, 0x72, 
    0x00, 0x01, 0x01, 0x01, 0x28, 0xf8, 0x1b, 0x00, 0xf8, 0x1c, 0x02, 0xf8, 
    0x1d, 0x03, 0xf8, 0x1e, 0x04, 0x8b, 0x80, 0xfa, 0x7c, 0x1c, 0x0a, 0x19, 
    0x05, 0x1d, 0x00, 0x00, 0x01, 0x26, 0x0f, 0x1d, 0x00, 0x00, 0x01, 0x55, 
    0x11, 0x8b, 0x1d, 0x00, 0x00, 0x91, 0xcd, 0x12, 0x00, 0x1b, 0x01, 0x01, 
    0x04, 0x18, 0x24, 0x2b, 0x30, 0x37, 0x3e, 0x45, 0x4c, 0x53, 0x5a, 0x61, 
    0x68, 0x6f, 0x76, 0x77, 0x7e, 0x85, 0x8c, 0x93, 0x9a, 0xa1, 0xa8, 0xaf, 
    0xb6, 0xbd, 0xbe, 0x31, 0x2e, 0x30, 0x4d, 0x79, 0x43, 0x75, 0x73, 0x74, 
    0x6f, 0x6d, 0x46, 0x6f, 0x6e, 0x74, 0x20, 0x52, 0x65, 0x67, 0x75, 0x6c, 
    0x61, 0x72, 0x4d, 0x79, 0x43, 0x75, 0x73, 0x74, 0x6f, 0x6d, 0x46, 0x6f, 
    0x6e, 0x74, 0x52, 0x65, 0x67, 0x75, 0x6c, 0x61, 0x72, 0x73, 0x70, 0x61, 
    0x63, 0x65, 0x75, 0x6e, 0x69, 0x30, 0x30, 0x37, 0x31, 0x75, 0x6e, 0x69, 
    0x30, 0x30, 0x37, 0x37, 0x75, 0x6e, 0x69, 0x30, 0x30, 0x36, 0x35, 0x75, 
    0x6e, 0x69, 0x30, 0x30, 0x37, 0x32, 0x75, 0x6e, 0x69, 0x30, 0x30, 0x37, 
    0x34, 0x75, 0x6e, 0x69, 0x30, 0x30, 0x37, 0x39, 0x75, 0x6e, 0x69, 0x30, 
    0x30, 0x37, 0x35, 0x75, 0x6e, 0x69, 0x30, 0x30, 0x36, 0x39, 0x75, 0x6e, 
    0x69, 0x30, 0x30, 0x36, 0x46, 0x75, 0x6e, 0x69, 0x30, 0x30, 0x37, 0x30, 
    0x61, 0x75, 0x6e, 0x69, 0x30, 0x30, 0x37, 0x33, 0x75, 0x6e, 0x69, 0x30, 
    0x30, 0x36, 0x38, 0x75, 0x6e, 0x69, 0x30, 0x30, 0x36, 0x34, 0x75, 0x6e, 
    0x69, 0x30, 0x30, 0x36, 0x36, 0x75, 0x6e, 0x69, 0x30, 0x30, 0x36, 0x37, 
    0x75, 0x6e, 0x69, 0x30, 0x30, 0x36, 0x41, 0x75, 0x6e, 0x69, 0x30, 0x30, 
    0x36, 0x42, 0x75, 0x6e, 0x69, 0x30, 0x30, 0x36, 0x43, 0x75, 0x6e, 0x69, 
    0x30, 0x30, 0x37, 0x41, 0x75, 0x6e, 0x69, 0x30, 0x30, 0x37, 0x38, 0x63, 
    0x00, 0x00, 0x00, 0x01, 0x8b, 0x01, 0x8c, 0x01, 0x8d, 0x01, 0x8e, 0x01, 
    0x8f, 0x01, 0x90, 0x01, 0x91, 0x01, 0x92, 0x01, 0x93, 0x01, 0x94, 0x01, 
    0x95, 0x01, 0x96, 0x01, 0x97, 0x01, 0x98, 0x01, 0x99, 0x01, 0x9a, 0x01, 
    0x9b, 0x01, 0x9c, 0x01, 0x9d, 0x01, 0x9e, 0x01, 0x9f, 0x01, 0xa0, 0x01, 
    0xa1, 0x00, 0x18, 0x02, 0x00, 0x01, 0x00, 0x13, 0x00, 0x16, 0x03, 0x01, 
    0x08, 0xdf, 0x0f, 0x86, 0x17, 0x92, 0x1c, 0x08, 0x20, 0x5a, 0x23, 0xd9, 
    0x26, 0xb0, 0x2a, 0x36, 0x30, 0x89, 0x33, 0xc0, 0x3a, 0x8b, 0x3e, 0x78, 
    0x44, 0x7d, 0x47, 0xf9, 0x4e, 0xbf, 0x57, 0x9c, 0x60, 0xb9, 0x64, 0xaf, 
    0x6f, 0x20, 0x85, 0x6d, 0x90, 0x44, 0xf8, 0xec, 0xef, 0x8b, 0x15, 0xf8, 
    0x24, 0x8b, 0x05, 0x8b, 0xf9, 0x50, 0x05, 0xfc, 0x24, 0x8b, 0x05, 0x0e, 
    0xf7, 0x8e, 0x0e, 0x1c, 0x09, 0x18, 0xf7, 0x57, 0xf9, 0x46, 0x15, 0x80, 
    0x80, 0x8b, 0x86, 0x90, 0x8b, 0x08, 0x91, 0x86, 0x8b, 0x8b, 0x85, 0x81, 
    0x08, 0x86, 0x85, 0x86, 0x86, 0x8b, 0x86, 0x08, 0x8b, 0x8b, 0x86, 0x86, 
    0x86, 0x86, 0x08, 0x80, 0x80, 0x86, 0x8b, 0x76, 0x8b, 0x08, 0x6c, 0x90, 
    0x3e, 0x86, 0x85, 0x81, 0x08, 0x86, 0x8b, 0x86, 0x7b, 0x8b, 0x7c, 0x08, 
    0x8b, 0x61, 0x90, 0x81, 0xaa, 0x8b, 0x08, 0x96, 0x8b, 0x9a, 0x86, 0x90, 
    0x8b, 0x08, 0x91, 0x86, 0x9a, 0x8b, 0x96, 0x8b, 0x08, 0x95, 0x8b, 0x95, 
    0x85, 0x8b, 0x8b, 0x08, 0x8b, 0x81, 0x71, 0x7b, 0x7c, 0x8b, 0x08, 0x76, 
    0x8b, 0x7b, 0x77, 0x86, 0x66, 0x08, 0x8b, 0x67, 0x96, 0x71, 0xa5, 0x8b, 
    0x08, 0x9a, 0x8b, 0x96, 0x86, 0x7b, 0x86, 0x08, 0x86, 0x86, 0x8b, 0x85, 
    0x8b, 0x7c, 0x08, 0x90, 0x71, 0x05, 0xbf, 0x8b, 0x05, 0xbf, 0x8b, 0x05, 
    0x8b, 0xa0, 0x05, 0x8b, 0x9f, 0x8b, 0x91, 0x9a, 0x90, 0x08, 0x9b, 0x90, 
    0x8b, 0x8b, 0xa0, 0x7b, 0x08, 0xb9, 0x67, 0x5d, 0x90, 0xf8, 0x71, 0x8b, 
    0x08, 0xf8, 0x3d, 0x90, 0x05, 0xa5, 0x96, 0x05, 0x95, 0x95, 0xa0, 0x90, 
    0x90, 0x86, 0x08, 0x90, 0x8b, 0xa5, 0x90, 0xaa, 0x8b, 0x08, 0xde, 0x9b, 
    0xc4, 0x86, 0x9b, 0x7b, 0x08, 0x90, 0x86, 0x95, 0x86, 0x90, 0x86, 0x08, 
    0x96, 0x85, 0x95, 0x7c, 0x96, 0x7b, 0x08, 0x95, 0x7c, 0x95, 0x80, 0x91, 
    0x86, 0x08, 0x95, 0x8b, 0xd9, 0x8b, 0x9a, 0x90, 0x08, 0x96, 0x91, 0x90, 
    0x8b, 0x8b, 0x80, 0x08, 0x90, 0x81, 0x95, 0x5c, 0x9b, 0x57, 0x08, 0xa5, 
    0x43, 0x90, 0x76, 0x8b, 0x76, 0x08, 0x86, 0x6c, 0x8b, 0x86, 0xb4, 0x8b, 
    0x08, 0xaa, 0x8b, 0xd4, 0x95, 0x9b, 0x96, 0x08, 0x95, 0x90, 0x8b, 0x90, 
    0x86, 0x95, 0x08, 0x8b, 0xa5, 0x6c, 0xde, 0x71, 0xcf, 0x08, 0x76, 0xc9, 
    0x86, 0xa5, 0x95, 0xa0, 0x08, 0x9b, 0xa5, 0xa5, 0x76, 0xf7, 0x73, 0xfb, 
    0x3f, 0x08, 0xf7, 0x20, 0x23, 0xa5, 0x76, 0xa4, 0x86, 0x08, 0xb0, 0x81, 
    0x90, 0x8b, 0x95, 0x90, 0x08, 0x96, 0x95, 0x90, 0x96, 0x90, 0xd8, 0x08, 
    0x8b, 0xbf, 0x90, 0xd4, 0x90, 0xaf, 0x08, 0x91, 0xb5, 0x8b, 0xaf, 0x85, 
    0x90, 0x08, 0x86, 0x9b, 0x76, 0x95, 0xfb, 0x00, 0x9b, 0x08, 0x52, 0x95, 
    0x38, 0x95, 0x61, 0x91, 0x08, 0x5c, 0x95, 0x4d, 0x95, 0x6c, 0x90, 0x08, 
    0x33, 0x96, 0x76, 0x90, 0x57, 0xb5, 0x08, 0x71, 0x9f, 0x6c, 0x9b, 0x7c, 
    0x90, 0x08, 0x76, 0x95, 0x86, 0x9b, 0x95, 0x90, 0x08, 0x90, 0x90, 0x86, 
    0x96, 0x81, 0x95, 0x08, 0x86, 0x95, 0x85, 0x9b, 0x8b, 0x8b, 0x08, 0x8b, 
    0x95, 0x72, 0xaa, 0x85, 0x8b, 0x08, 0x86, 0x8b, 0x86, 0x86, 0x81, 0x86, 
    0x08, 0x7b, 0x81, 0x81, 0x86, 0x8b, 0x95, 0x08, 0x8b, 0x90, 0x86, 0x90, 
    0x85, 0x8b, 0x08, 0x7c, 0x8b, 0x76, 0x7c, 0x90, 0x80, 0x08, 0x8b, 0x86, 
    0x8b, 0x81, 0x86, 0x86, 0x08, 0x86, 0x7b, 0x05, 0xfb, 0x11, 0x90, 0x05, 
    0x48, 0x8b, 0x52, 0x8b, 0x86, 0x8b, 0x08, 0x80, 0x8b, 0x7c, 0x8b, 0x80, 
    0x8b, 0x08, 0x72, 0x8b, 0x8b, 0x8b, 0x8b, 0x81, 0x08, 0x90, 0x71, 0x80, 
    0x8b, 0xfb, 0x15, 0x90, 0x08, 0x4d, 0x8b, 0x32, 0x90, 0x62, 0x90, 0x08, 
    0x5c, 0x8b, 0x52, 0x8b, 0x6c, 0x8b, 0x08, 0xfb, 0x6e, 0x96, 0x57, 0x8b, 
    0x3e, 0x90, 0x08, 0x57, 0x8b, 0x8b, 0x8b, 0x86, 0x9b, 0x08, 0x85, 0x90, 
    0x8b, 0xa0, 0x86, 0x9a, 0x08, 0x8b, 0xa5, 0x05, 0x67, 0x8b, 0x05, 0x71, 
    0x8b, 0x86, 0x8b, 0x86, 0x81, 0x08, 0x1c, 0x05, 0x20, 0x6c, 0x15, 0x8b, 
    0x8b, 0x8b, 0x85, 0x85, 0x8b, 0x08, 0x86, 0x8b, 0x8b, 0x91, 0x90, 0x8b, 
    0x08, 0x8b, 0x90, 0x8b, 0x90, 0x91, 0x8b, 0x08, 0x8b, 0x8b, 0x8b, 0x86, 
    0x8b, 0x86, 0x08, 0x1c, 0xfb, 0x19, 0x80, 0x15, 0x9a, 0x81, 0x6c, 0x80, 
    0x6c, 0x96, 0x08, 0x81, 0x8b, 0x85, 0x95, 0x96, 0x90, 0x08, 0x95, 0x91, 
    0xb0, 0x85, 0x90, 0x86, 0x08, 0x1c, 0x05, 0x15, 0x81, 0x15, 0x8b, 0x8b, 
    0x86, 0x86, 0x8b, 0x85, 0x08, 0x81, 0x7c, 0x80, 0x90, 0x90, 0x9b, 0x08, 
    0x91, 0x95, 0x9a, 0x90, 0x8b, 0x81, 0x08, 0xfc, 0xaf, 0xfb, 0x20, 0x15, 
    0xbf, 0x8b, 0xb4, 0x86, 0x8b, 0x8b, 0x08, 0x8b, 0x8b, 0x81, 0x85, 0x7b, 
    0x8b, 0x08, 0x81, 0x91, 0x57, 0x8b, 0x57, 0x8b, 0x08, 0x43, 0x8b, 0x76, 
    0x8b, 0x81, 0x90, 0x08, 0x85, 0x95, 0x8b, 0x8b, 0xaa, 0x8b, 0x08, 0xa0, 
    0x86, 0xbf, 0x8b, 0xbf, 0x86, 0x08, 0xfb, 0x5e, 0x66, 0x15, 0x8b, 0x86, 
    0x86, 0x8b, 0x8b, 0x86, 0x08, 0x80, 0x86, 0x8b, 0x8b, 0x8b, 0x90, 0x08, 
    0x8b, 0x90, 0x90, 0x90, 0x91, 0x8b, 0x08, 0x8b, 0x8b, 0x90, 0x8b, 0x8b, 
    0x8b, 0x08, 0xf9, 0x84, 0xfb, 0x06, 0x15, 0x9a, 0x81, 0x90, 0x86, 0x96, 
    0x71, 0x08, 0x90, 0x76, 0x8b, 0x8b, 0x86, 0x8b, 0x08, 0x8b, 0x90, 0x85, 
    0x86, 0x86, 0x86, 0x08, 0x86, 0x86, 0x81, 0x86, 0x80, 0x8b, 0x08, 0x71, 
    0x8b, 0x81, 0x9a, 0x8b, 0xa5, 0x08, 0x8b, 0x9b, 0x95, 0xa5, 0x96, 0x8b, 
    0x08, 0x90, 0x8b, 0x90, 0x85, 0x96, 0x8b, 0x08, 0x1c, 0xfa, 0x92, 0x7c, 
    0x15, 0x8b, 0x80, 0x86, 0x8b, 0x71, 0x8b, 0x08, 0x6c, 0x8b, 0x86, 0x8b, 
    0x8b, 0x96, 0x08, 0x8b, 0x95, 0x90, 0x8b, 0xaa, 0x8b, 0x08, 0xa5, 0x8b, 
    0x90, 0x8b, 0x8b, 0x81, 0x08, 0x0e, 0x1c, 0x0a, 0x19, 0xf7, 0x2c, 0xf9, 
    0x4b, 0x15, 0x75, 0x80, 0x65, 0x6a, 0x8b, 0x80, 0x08, 0x8b, 0x8b, 0x86, 
    0x81, 0x85, 0x85, 0x08, 0x81, 0x8b, 0x85, 0x80, 0x8b, 0x86, 0x08, 0x86, 
    0x86, 0x85, 0x85, 0x80, 0x8b, 0x08, 0x76, 0x91, 0x80, 0x75, 0x8b, 0x6a, 
    0x08, 0x90, 0x70, 0x96, 0x81, 0xac, 0x8b, 0x08, 0x96, 0x8b, 0x95, 0x8b, 
    0x8b, 0x80, 0x08, 0x91, 0x8b, 0x90, 0x85, 0x91, 0x8b, 0x08, 0x90, 0x8b, 
    0x90, 0x86, 0x8b, 0x8b, 0x08, 0x8b, 0x80, 0x86, 0x8b, 0x70, 0x8b, 0x08, 
    0x70, 0x8b, 0x8b, 0x8b, 0x75, 0x7b, 0x08, 0x76, 0x70, 0x85, 0x6a, 0x9b, 
    0x7b, 0x08, 0x9c, 0x70, 0xa6, 0x80, 0xdc, 0x8b, 0x08, 0xb1, 0x8b, 0xab, 
    0x8b, 0x91, 0x91, 0x08, 0x8b, 0x90, 0xf1, 0x8b, 0xf7, 0x47, 0x8b, 0x08, 
    0xf7, 0xad, 0x8b, 0x05, 0x8b, 0x75, 0x05, 0x86, 0x7b, 0x90, 0x80, 0x91, 
    0x86, 0x08, 0x8b, 0x86, 0xa0, 0x8b, 0xa7, 0x8b, 0x08, 0xb6, 0x8b, 0x90, 
    0x90, 0x8b, 0x96, 0x08, 0x8b, 0xa0, 0x70, 0x86, 0xf7, 0xbe, 0x90, 0x08, 
    0xf7, 0x10, 0x8b, 0xf7, 0x06, 0x8b, 0x9b, 0x8b, 0x08, 0xd1, 0x96, 0xac, 
    0x8b, 0x90, 0x86, 0x08, 0x96, 0x80, 0x96, 0x8b, 0xd1, 0x90, 0x08, 0xcc, 
    0x96, 0xb7, 0x8b, 0xa0, 0x86, 0x08, 0x91, 0x85, 0x9b, 0x7b, 0x96, 0x7b, 
    0x08, 0xa0, 0x6b, 0x96, 0x85, 0xc1, 0x8b, 0x08, 0xb1, 0x8b, 0x05, 0x96, 
    0x7b, 0x05, 0x90, 0x80, 0x9c, 0x5a, 0x95, 0x55, 0x08, 0xa1, 0x2f, 0x05, 
    0x80, 0x80, 0x05, 0x7b, 0x76, 0x8b, 0x80, 0xa6, 0x8b, 0x08, 0xa1, 0x86, 
    0xa6, 0x90, 0xc1, 0xa1, 0x08, 0xbc, 0x9b, 0x8b, 0x8b, 0x8b, 0xa0, 0x08, 
    0x8b, 0x91, 0x80, 0xbc, 0x7b, 0xbb, 0x08, 0x75, 0xbc, 0x80, 0xb6, 0x8b, 
    0x96, 0x08, 0x8b, 0xa1, 0x90, 0x90, 0x9c, 0x86, 0x08, 0x96, 0x8b, 0xa0, 
    0x90, 0x91, 0x9b, 0x08, 0x8b, 0x91, 0x90, 0x90, 0x90, 0x8b, 0x08, 0x91, 
    0x8b, 0xbc, 0x70, 0x95, 0x80, 0x08, 0x8b, 0x8b, 0xac, 0x7b, 0xb1, 0x7b, 
    0x08, 0xb1, 0x7b, 0xbb, 0x75, 0xa6, 0x80, 0x08, 0xa1, 0x86, 0xa1, 0x80, 
    0x90, 0x8b, 0x08, 0x96, 0x8b, 0x96, 0x75, 0x8b, 0x6b, 0x08, 0x90, 0x60, 
    0x90, 0x80, 0xb7, 0x75, 0x08, 0xb1, 0x7b, 0x8b, 0x8b, 0x90, 0x96, 0x08, 
    0xa1, 0xa0, 0x96, 0xe2, 0x8b, 0xf7, 0x06, 0x08, 0x8b, 0xd1, 0x8b, 0x96, 
    0x80, 0x96, 0x08, 0x85, 0x90, 0x60, 0x9b, 0x80, 0x86, 0x08, 0x86, 0x8b, 
    0x85, 0x90, 0x86, 0x8b, 0x08, 0x86, 0x91, 0x54, 0x9b, 0x4a, 0x96, 0x08, 
    0x4b, 0x95, 0x4f, 0x96, 0x86, 0x8b, 0x08, 0x80, 0x91, 0x75, 0x8b, 0x7b, 
    0x90, 0x08, 0x70, 0x8b, 0x8b, 0x8b, 0x8b, 0x80, 0x08, 0x8b, 0x76, 0xab, 
    0x5f, 0x9c, 0x81, 0x08, 0x95, 0x85, 0x91, 0x80, 0x8b, 0x8b, 0x08, 0x8b, 
    0x80, 0x8b, 0x8b, 0x75, 0x91, 0x08, 0x80, 0x90, 0x6b, 0x9c, 0x70, 0x95, 
    0x08, 0x55, 0x9c, 0x8b, 0x90, 0x7a, 0xa1, 0x08, 0x86, 0x9b, 0x80, 0x96, 
    0x86, 0x90, 0x08, 0x85, 0x8b, 0x86, 0x90, 0x8b, 0x8b, 0x08, 0x8b, 0x8b, 
    0x7b, 0x96, 0x80, 0x96, 0x08, 0x5a, 0xa6, 0x70, 0xac, 0x8b, 0x9b, 0x08, 
    0x8b, 0x9b, 0x80, 0xa6, 0x81, 0x96, 0x08, 0x85, 0x90, 0x86, 0x8b, 0x80, 
    0x86, 0x08, 0x80, 0x86, 0x86, 0x85, 0x8b, 0x8b, 0x08, 0x8b, 0x86, 0x85, 
    0x8b, 0x8b, 0x8b, 0x08, 0x86, 0x8b, 0x85, 0x90, 0x8b, 0x8b, 0x08, 0x8b, 
    0x9b, 0x7b, 0x86, 0x7b, 0x7b, 0x08, 0x80, 0x80, 0x86, 0x8b, 0x4f, 0x8b, 
    0x08, 0x65, 0x90, 0x60, 0x8b, 0x7b, 0x91, 0x08, 0x75, 0x8b, 0x55, 0x8b, 
    0x5a, 0x8b, 0x08, 0x35, 0x90, 0x05, 0x8b, 0x76, 0x05, 0x8b, 0x80, 0x8b, 
    0x80, 0x85, 0x8b, 0x08, 0x86, 0x8b, 0x24, 0x90, 0xfb, 0x0b, 0x8b, 0x08, 
    0xfb, 0x0b, 0x91, 0xfb, 0x67, 0x96, 0xfb, 0x21, 0x90, 0x08, 0xfc, 0x86, 
    0x9b, 0xa1, 0x86, 0x80, 0x9b, 0x08, 0x86, 0x90, 0x85, 0x96, 0x8b, 0x91, 
    0x08, 0x8b, 0x95, 0x86, 0x91, 0x8b, 0x96, 0x08, 0x86, 0x90, 0x85, 0x91, 
    0x8b, 0x95, 0x08, 0x8b, 0xa1, 0x7b, 0x90, 0x60, 0x81, 0x08, 0xb6, 0x3f, 
    0x15, 0x90, 0x85, 0x86, 0x86, 0x8b, 0x8b, 0x08, 0x80, 0x86, 0x3f, 0x95, 
    0x86, 0x91, 0x08, 0x86, 0x96, 0xa0, 0x95, 0xb1, 0x86, 0x08, 0xac, 0x8b, 
    0x90, 0x8b, 0x8b, 0x7b, 0x08, 0x86, 0x6a, 0x15, 0xbb, 0x8b, 0xc7, 0x8b, 
    0xa0, 0x8b, 0x08, 0x9c, 0x86, 0xcc, 0x8b, 0xc6, 0x8b, 0x08, 0xc7, 0x86, 
    0xe1, 0x8b, 0xbc, 0x85, 0x08, 0xb6, 0x8b, 0xd7, 0x8b, 0xbc, 0x86, 0x08, 
    0xb6, 0x8b, 0xec, 0x8b, 0xdd, 0x85, 0x08, 0xd6, 0x86, 0xf7, 0x11, 0x8b, 
    0xd1, 0x85, 0x08, 0xf7, 0x26, 0x8b, 0x96, 0x8b, 0x8b, 0x81, 0x08, 0x8b, 
    0x85, 0x86, 0x8b, 0x7a, 0x8b, 0x08, 0x7b, 0x8b, 0x4a, 0x8b, 0x4a, 0x8b, 
    0x08, 0xfb, 0x0b, 0x91, 0x6b, 0x8b, 0xfb, 0xbe, 0x95, 0x08, 0x35, 0x8b, 
    0xfb, 0x42, 0x91, 0xfb, 0x15, 0x90, 0x08, 0xfb, 0xf4, 0x96, 0x5a, 0x8b, 
    0x8b, 0x96, 0x08, 0x8b, 0x90, 0x8b, 0x8b, 0x91, 0x8b, 0x08, 0x8b, 0x8b, 
    0x90, 0x8b, 0x8b, 0x91, 0x08, 0x8b, 0x90, 0x90, 0x8b, 0x91, 0x8b, 0x08, 
    0x90, 0x86, 0xb6, 0x8b, 0xc2, 0x85, 0x08, 0xfa, 0xb8, 0x4a, 0x15, 0xf7, 
    0x0b, 0x8b, 0xac, 0x86, 0x85, 0x86, 0x08, 0x86, 0x8b, 0x90, 0x85, 0x8b, 
    0x86, 0x08, 0x91, 0x85, 0x8b, 0x8b, 0x80, 0x86, 0x08, 0x80, 0x80, 0x9b, 
    0x8b, 0xfb, 0x41, 0x8b, 0x08, 0xfb, 0x00, 0x8b, 0x65, 0x8b, 0x80, 0x86, 
    0x08, 0x80, 0x85, 0x7b, 0x86, 0x80, 0x85, 0x08, 0x7b, 0x8b, 0x7b, 0x86, 
    0x7b, 0x86, 0x08, 0x80, 0x85, 0x80, 0x8b, 0x8b, 0x8b, 0x08, 0x86, 0x91, 
    0x80, 0xa0, 0x8b, 0x8b, 0x08, 0x8b, 0x91, 0x90, 0x8b, 0x96, 0x85, 0x08, 
    0x9b, 0x8b, 0x8b, 0x8b, 0x86, 0x91, 0x08, 0x85, 0x90, 0x91, 0x8b, 0xa0, 
    0x8b, 0x08, 0xb1, 0x91, 0x8b, 0x90, 0xa1, 0x9b, 0x08, 0x9b, 0x9b, 0x8b, 
    0x8b, 0x76, 0x91, 0x08, 0x80, 0x90, 0x9b, 0x8b, 0xa6, 0x86, 0x08, 0xa6, 
    0x8b, 0xd7, 0x8b, 0xd1, 0x85, 0x08, 0xf7, 0x4c, 0x81, 0x15, 0x8b, 0x8b, 
    0x80, 0x8b, 0x8b, 0x8b, 0x08, 0x86, 0x90, 0x90, 0x8b, 0x91, 0x8b, 0x08, 
    0x90, 0x8b, 0x91, 0x8b, 0x85, 0x86, 0x08, 0xfe, 0x0b, 0x7a, 0x15, 0xf7, 
    0x20, 0x8b, 0xf7, 0x11, 0x86, 0x8b, 0x86, 0x08, 0x8b, 0x8b, 0x85, 0x85, 
    0x86, 0x80, 0x08, 0x80, 0x80, 0x05, 0xfb, 0x36, 0x91, 0x05, 0x2f, 0x8b, 
    0x2f, 0x8b, 0x7b, 0x90, 0x08, 0x75, 0x8b, 0x55, 0x8b, 0x5a, 0x8b, 0x08, 
    0x3f, 0x8b, 0x86, 0x8b, 0x8b, 0x96, 0x08, 0x8b, 0x91, 0x90, 0x90, 0x91, 
    0x8b, 0x08, 0x90, 0x8b, 0x91, 0x90, 0x90, 0x8b, 0x08, 0x96, 0x96, 0x6a, 
    0x8b, 0xf7, 0xd4, 0x80, 0x08, 0xf8, 0x09, 0x76, 0x15, 0x8b, 0x85, 0x8b, 
    0x8b, 0x86, 0x8b, 0x08, 0x85, 0x8b, 0x8b, 0x8b, 0x8b, 0x91, 0x08, 0x8b, 
    0x90, 0x8b, 0x8b, 0x8b, 0x8b, 0x08, 0x91, 0x8b, 0x8b, 0x8b, 0x90, 0x86, 
    0x08, 0xfd, 0x43, 0x75, 0x15, 0x90, 0x86, 0xac, 0x8b, 0xab, 0x8b, 0x08, 
    0xd7, 0x8b, 0xb1, 0x85, 0x8b, 0x86, 0x08, 0x8b, 0x85, 0x55, 0x8b, 0x4a, 
    0x8b, 0x08, 0x29, 0x8b, 0x76, 0x8b, 0x7b, 0x96, 0x08, 0x7a, 0x91, 0x86, 
    0x95, 0x9b, 0x86, 0x08, 0x8b, 0x86, 0x91, 0x90, 0x8b, 0x90, 0x08, 0x8b, 
    0x91, 0x90, 0x8b, 0xa6, 0x85, 0x08, 0x9b, 0x8b, 0x9b, 0x86, 0x91, 0x8b, 
    0x08, 0xf8, 0xf2, 0x90, 0x15, 0x90, 0x8b, 0x91, 0x86, 0x85, 0x8b, 0x08, 
    0x8b, 0x86, 0x81, 0x8b, 0x8b, 0x90, 0x08, 0x85, 0x96, 0x8b, 0x8b, 0x96, 
    0x85, 0x08, 0xe7, 0x86, 0x15, 0x90, 0x8b, 0x91, 0x80, 0x8b, 0x86, 0x08, 
    0x8b, 0x80, 0x8b, 0x8b, 0x7b, 0x9b, 0x08, 0x80, 0x91, 0x85, 0x95, 0x8b, 
    0x8b, 0x08, 0x8b, 0x96, 0x9c, 0x86, 0x90, 0x80, 0x08, 0xfd, 0xc5, 0x86, 
    0x15, 0x85, 0x8b, 0x96, 0x85, 0x96, 0x8b, 0x08, 0x96, 0x8b, 0x96, 0x8b, 
    0x8b, 0x86, 0x08, 0x8b, 0x85, 0x85, 0x8b, 0x7b, 0x8b, 0x08, 0x7b, 0x91, 
    0x80, 0x8b, 0x86, 0x8b, 0x08, 0x8b, 0x90, 0x90, 0x96, 0x90, 0x8b, 0x08, 
    0x91, 0x8b, 0x8b, 0x8b, 0x8b, 0x86, 0x08, 0xf9, 0xb5, 0x80, 0x15, 0x8b, 
    0x80, 0x8b, 0x8b, 0x80, 0x8b, 0x08, 0x7b, 0x8b, 0x80, 0x96, 0x8b, 0x90, 
    0x08, 0x90, 0x9b, 0xa6, 0x86, 0x91, 0x7b, 0x08, 0xfc, 0x66, 0x8b, 0x15, 
    0x8b, 0x85, 0x8b, 0x8b, 0x86, 0x8b, 0x08, 0x86, 0x91, 0x8b, 0x90, 0x8b, 
    0x8b, 0x08, 0x8b, 0x91, 0x8b, 0x8b, 0x90, 0x85, 0x08, 0x90, 0x8b, 0x8b, 
    0x86, 0x8b, 0x8b, 0x08, 0xf8, 0x1f, 0x8b, 0x15, 0x91, 0x85, 0x8b, 0x86, 
    0x8b, 0x8b, 0x08, 0x8b, 0x8b, 0xfb, 0x37, 0x8b, 0x86, 0x8b, 0x08, 0x86, 
    0x8b, 0x8b, 0x8b, 0x85, 0x8b, 0x08, 0x86, 0x90, 0x65, 0x8b, 0x60, 0x8b, 
    0x08, 0xfb, 0x01, 0x8b, 0x8b, 0x96, 0xf7, 0x06, 0x8b, 0x08, 0xf7, 0x36, 
    0x91, 0xe2, 0x8b, 0x90, 0x80, 0x08, 0xfd, 0x99, 0x85, 0x15, 0x90, 0x86, 
    0x70, 0x8b, 0x7b, 0x90, 0x08, 0x8b, 0x8b, 0x8b, 0x8b, 0x90, 0x91, 0x08, 
    0x8b, 0x90, 0x9b, 0x8b, 0x9c, 0x80, 0x08, 0xf8, 0x29, 0x91, 0x15, 0x8b, 
    0x85, 0x8b, 0x8b, 0x8b, 0x8b, 0x08, 0x86, 0x8b, 0x8b, 0x8b, 0x8b, 0x91, 
    0x08, 0x86, 0x90, 0x8b, 0x8b, 0x90, 0x8b, 0x08, 0x90, 0x8b, 0x8b, 0x8b, 
    0x8b, 0x86, 0x08, 0x1c, 0x05, 0x23, 0x90, 0x15, 0x8b, 0x86, 0x8b, 0x8b, 
    0x86, 0x85, 0x08, 0x85, 0x8b, 0x8b, 0x8b, 0x8b, 0x91, 0x08, 0x8b, 0x90, 
    0x8b, 0x8b, 0x91, 0x8b, 0x08, 0x90, 0x8b, 0x8b, 0x8b, 0x8b, 0x8b, 0x08, 
    0xf8, 0xa7, 0x76, 0x15, 0x95, 0x85, 0x05, 0x81, 0x8b, 0x05, 0x80, 0x8b, 
    0x85, 0x91, 0x86, 0x8b, 0x08, 0x80, 0x90, 0x05, 0x96, 0x8b, 0x05, 0x90, 
    0x8b, 0x91, 0x86, 0x96, 0x8b, 0x08, 0xa0, 0x80, 0x15, 0x8b, 0x8b, 0x80, 
    0x8b, 0x8b, 0x8b, 0x08, 0x86, 0x90, 0x90, 0x8b, 0x91, 0x8b, 0x08, 0x90, 
    0x8b, 0x91, 0x8b, 0x85, 0x86, 0x08, 0xfc, 0x7b, 0x44, 0x15, 0x9b, 0x86, 
    0x86, 0x50, 0x75, 0x8b, 0x08, 0x81, 0x8b, 0x7a, 0x9b, 0x8b, 0x9b, 0x08, 
    0x8b, 0xa6, 0x9c, 0x9b, 0xa0, 0x80, 0x08, 0xfe, 0x72, 0x76, 0x15, 0x8b, 
    0x85, 0x7b, 0x8b, 0x75, 0x8b, 0x08, 0x70, 0x8b, 0x80, 0x8b, 0x91, 0x91, 
    0x08, 0x8b, 0x90, 0x9b, 0x8b, 0xa1, 0x8b, 0x08, 0x9b, 0x8b, 0x9b, 0x8b, 
    0x8b, 0x86, 0x08, 0xfa, 0xe4, 0x70, 0x15, 0x85, 0x85, 0x86, 0x8b, 0x8b, 
    0x8b, 0x08, 0x86, 0x8b, 0x8b, 0x8b, 0x90, 0x91, 0x08, 0x8b, 0x90, 0x90, 
    0x8b, 0x8b, 0x8b, 0x08, 0x91, 0x8b, 0x8b, 0x8b, 0x8b, 0x86, 0x08, 0xd1, 
    0xfb, 0x8d, 0x15, 0x9b, 0x8b, 0x7b, 0x85, 0x76, 0x86, 0x08, 0x80, 0x8b, 
    0x80, 0x8b, 0x8b, 0x90, 0x08, 0x8b, 0x91, 0x96, 0x90, 0x9b, 0x86, 0x08, 
    0x90, 0x8b, 0x91, 0x8b, 0x90, 0x8b, 0x08, 0x0e, 0x1c, 0x09, 0x13, 0x1c, 
    0x05, 0x50, 0xf9, 0x50, 0x15, 0x80, 0x8b, 0x80, 0x85, 0x8b, 0x8b, 0x08, 
    0x8b, 0x86, 0x6e, 0x8b, 0x53, 0x8b, 0x08, 0x58, 0x8b, 0x5d, 0x8b, 0x85, 
    0x8b, 0x08, 0x7a, 0x8b, 0x05, 0x8b, 0x5d, 0x05, 0x8b, 0x53, 0x8b, 0x8b, 
    0xd5, 0x8b, 0x08, 0xec, 0x90, 0xf7, 0x2d, 0x86, 0xf7, 0x1c, 0x85, 0x08, 
    0xf7, 0x00, 0x80, 0xad, 0x8b, 0xa1, 0x7f, 0x08, 0x9d, 0x86, 0xa1, 0x85, 
    0x97, 0x8b, 0x08, 0x96, 0x8b, 0xa7, 0x85, 0xa8, 0x85, 0x08, 0xa7, 0x80, 
    0x9c, 0x8b, 0x8b, 0x8b, 0x08, 0x91, 0x91, 0x90, 0x8b, 0x97, 0x85, 0x08, 
    0xa1, 0x80, 0x05, 0x53, 0x8b, 0x05, 0x6e, 0x90, 0x47, 0x8b, 0x52, 0x91, 
    0x08, 0x53, 0x8b, 0x52, 0x91, 0x80, 0x8b, 0x08, 0x74, 0x8b, 0x85, 0x90, 
    0x8b, 0x9d, 0x08, 0x8b, 0xa1, 0x86, 0x8b, 0xfb, 0x17, 0x91, 0x08, 0x58, 
    0x8b, 0x52, 0x8b, 0x7a, 0x91, 0x08, 0x75, 0x8b, 0x69, 0x85, 0x6e, 0x85, 
    0x08, 0x58, 0x86, 0x7a, 0x8b, 0xfb, 0xa4, 0x96, 0x08, 0xfb, 0x66, 0x96, 
    0x3c, 0x91, 0x8b, 0x91, 0x08, 0x85, 0x90, 0x8b, 0x8b, 0x80, 0x86, 0x08, 
    0x7f, 0x8b, 0x80, 0x85, 0x85, 0x8b, 0x08, 0x86, 0x8b, 0x85, 0x85, 0x8b, 
    0x86, 0x08, 0x85, 0x85, 0x91, 0x80, 0x9c, 0x8b, 0x08, 0x91, 0x8b, 0x8b, 
    0x8b, 0x85, 0x85, 0x08, 0x85, 0x85, 0xfb, 0xcc, 0x91, 0x3c, 0x96, 0x08, 
    0x74, 0x91, 0x5e, 0x8b, 0x69, 0x8b, 0x08, 0x52, 0x8b, 0x8b, 0x8b, 0x85, 
    0x9c, 0x08, 0x8b, 0x91, 0x86, 0x90, 0x8b, 0x8b, 0x08, 0x7f, 0x86, 0x86, 
    0x63, 0x90, 0x7a, 0x08, 0x91, 0x7a, 0x8b, 0x8b, 0xb8, 0x85, 0x08, 0xa8, 
    0x8b, 0xb2, 0x8b, 0x9c, 0x8b, 0x08, 0xb9, 0x91, 0xf7, 0x99, 0x85, 0x8b, 
    0x85, 0x08, 0x8b, 0x86, 0x85, 0x8b, 0x8b, 0x8b, 0x08, 0x85, 0x8b, 0x86, 
    0x85, 0x85, 0x85, 0x08, 0x85, 0x86, 0x75, 0x8b, 0xfb, 0x11, 0x90, 0x08, 
    0x3b, 0x91, 0x36, 0x8b, 0x6f, 0x91, 0x08, 0x69, 0x8b, 0x80, 0x8b, 0x85, 
    0x7f, 0x08, 0x80, 0x86, 0x8b, 0x58, 0x96, 0x7f, 0x08, 0x8b, 0x86, 0xd5, 
    0x8b, 0xf7, 0x10, 0x85, 0x08, 0xf7, 0x2e, 0x85, 0xb2, 0x8b, 0x8b, 0x80, 
    0x08, 0x91, 0x85, 0xa7, 0x86, 0x8b, 0x96, 0x08, 0x91, 0x8b, 0x96, 0x91, 
    0x91, 0x8b, 0x08, 0x9c, 0x8b, 0x91, 0x85, 0x8b, 0x85, 0x08, 0x8b, 0x7a, 
    0x9c, 0x6f, 0x96, 0x85, 0x08, 0x91, 0x86, 0xa7, 0x8b, 0xa2, 0x8b, 0x08, 
    0xad, 0x8b, 0xb3, 0x85, 0xb2, 0x80, 0x08, 0xdb, 0x7a, 0xe6, 0x8b, 0xe5, 
    0x9c, 0x08, 0xbe, 0x96, 0xa2, 0x8b, 0xf7, 0x05, 0x85, 0x08, 0xf7, 0x0c, 
    0x8b, 0x90, 0x8b, 0x9c, 0x7a, 0x08, 0xa8, 0x7a, 0xa1, 0x8b, 0xa2, 0xa2, 
    0x08, 0x96, 0x96, 0x91, 0x97, 0x8b, 0x8b, 0x08, 0x8b, 0x90, 0xad, 0x8b, 
    0xca, 0x8b, 0x08, 0xbe, 0x8b, 0xc3, 0x8b, 0x9c, 0x91, 0x08, 0xb3, 0x91, 
    0xf7, 0x0b, 0x8b, 0x80, 0x85, 0x08, 0x7a, 0x80, 0x96, 0x85, 0xa8, 0x8b, 
    0x08, 0xa1, 0x8b, 0x91, 0x85, 0x9c, 0x80, 0x08, 0x96, 0x85, 0xa2, 0x80, 
    0x9c, 0x85, 0x08, 0xa2, 0x80, 0x9c, 0x85, 0x96, 0x7a, 0x08, 0x9c, 0x74, 
    0xad, 0x80, 0xad, 0x96, 0x08, 0xa2, 0x91, 0x90, 0x8b, 0x91, 0x80, 0x08, 
    0x9c, 0x74, 0xa8, 0x52, 0x90, 0x69, 0x08, 0x91, 0x6f, 0x8b, 0x7a, 0x85, 
    0x74, 0x08, 0x86, 0x69, 0x8b, 0x8b, 0x96, 0x86, 0x08, 0x96, 0x7f, 0xad, 
    0x86, 0xc4, 0x90, 0x08, 0xf7, 0x00, 0x91, 0x90, 0xb8, 0x31, 0xf7, 0x3e, 
    0x08, 0x6e, 0xbf, 0x05, 0x97, 0x9c, 0x05, 0x8b, 0x96, 0xa1, 0xa7, 0xa2, 
    0x9c, 0x08, 0xa2, 0x9c, 0x9c, 0xa2, 0x8b, 0x91, 0x08, 0x90, 0x90, 0x86, 
    0x9c, 0x85, 0xa2, 0x08, 0x85, 0xad, 0x86, 0x91, 0x6e, 0x9c, 0x08, 0x64, 
    0x9c, 0x8b, 0x90, 0x90, 0x80, 0x08, 0x8b, 0x85, 0x8b, 0x8b, 0x86, 0x8b, 
    0x08, 0x85, 0x91, 0x80, 0x8b, 0x85, 0x85, 0x08, 0x80, 0x86, 0x85, 0x90, 
    0x9c, 0x91, 0x08, 0x91, 0x91, 0x7f, 0x90, 0x64, 0x9c, 0x08, 0x6e, 0x9d, 
    0x6f, 0x90, 0x85, 0x91, 0x08, 0x86, 0x8b, 0x85, 0x8b, 0x85, 0x91, 0x08, 
    0x80, 0x8b, 0x74, 0x96, 0x74, 0x91, 0x08, 0xfb, 0x05, 0xb8, 0x74, 0x91, 
    0x7a, 0x8b, 0x08, 0x75, 0x8b, 0x85, 0x96, 0xa2, 0x8b, 0x08, 0xad, 0x8b, 
    0x36, 0xa7, 0x57, 0x8b, 0x08, 0x80, 0x91, 0x36, 0x91, 0x3c, 0x8b, 0x08, 
    0x36, 0x90, 0x41, 0x91, 0x85, 0x8b, 0x08, 0x80, 0x8b, 0x7f, 0x8b, 0x7a, 
    0x8b, 0x08, 0x1c, 0xfb, 0x59, 0x41, 0x15, 0x85, 0x7a, 0x86, 0x7a, 0x90, 
    0x8b, 0x08, 0x8b, 0x86, 0xad, 0x8b, 0xb3, 0x85, 0x08, 0xc4, 0x8b, 0x96, 
    0x8b, 0x86, 0x91, 0x08, 0x8b, 0x90, 0x7a, 0x91, 0x7f, 0x8b, 0x08, 0x7a, 
    0x8b, 0x7a, 0x8b, 0x80, 0x8b, 0x08, 0x7f, 0x91, 0x7a, 0x8b, 0x86, 0x8b, 
    0x08, 0x7f, 0x8b, 0x86, 0x90, 0x8b, 0x8b, 0x08, 0x8b, 0x97, 0x90, 0x8b, 
    0xa2, 0x85, 0x08, 0xa7, 0x8b, 0x05, 0x8b, 0xa2, 0x05, 0x8b, 0xa1, 0x05, 
    0x75, 0x8b, 0x05, 0x74, 0x8b, 0x8b, 0x8b, 0x7a, 0x69, 0x08, 0x1c, 0x04, 
    0xa2, 0xa8, 0x15, 0x85, 0x8b, 0x8b, 0x8b, 0x85, 0x8b, 0x08, 0x86, 0x90, 
    0x8b, 0x8b, 0x90, 0x8b, 0x08, 0x91, 0x8b, 0x91, 0x8b, 0x8b, 0x86, 0x08, 
    0xf7, 0x5a, 0x6e, 0x15, 0x86, 0x8b, 0x8b, 0x86, 0x85, 0x8b, 0x08, 0x85, 
    0x90, 0x8b, 0x9c, 0x91, 0x97, 0x08, 0x91, 0x90, 0x90, 0x8b, 0x8b, 0x80, 
    0x08, 0x8b, 0x85, 0x8b, 0x80, 0x8b, 0x85, 0x08, 0xd5, 0x97, 0x15, 0x85, 
    0x74, 0x80, 0x85, 0x8b, 0xa2, 0x08, 0x8b, 0x91, 0x8b, 0x96, 0x91, 0x8b, 
    0x08, 0x90, 0x96, 0x91, 0x86, 0x8b, 0x7a, 0x08, 0xd5, 0x8b, 0x15, 0x8b, 
    0x7f, 0x85, 0x7a, 0x85, 0x8b, 0x08, 0x86, 0x8b, 0x85, 0x9c, 0x91, 0x97, 
    0x08, 0x8b, 0x9c, 0x9c, 0x8b, 0x8b, 0x7a, 0x08, 0x1c, 0xf9, 0x98, 0x69, 
    0x15, 0x8b, 0x85, 0x8b, 0x8b, 0x91, 0x8b, 0x08, 0x8b, 0x8b, 0x8b, 0x8b, 
    0x8b, 0x91, 0x08, 0x8b, 0x90, 0x8b, 0x8b, 0x85, 0x8b, 0x08, 0x86, 0x8b, 
    0x8b, 0x8b, 0x90, 0x86, 0x08, 0xc4, 0x85, 0x15, 0x91, 0x8b, 0x96, 0x8b, 
    0x91, 0x8b, 0x08, 0x90, 0x91, 0x86, 0x8b, 0x7f, 0x8b, 0x08, 0x7a, 0x8b, 
    0x8b, 0x8b, 0x91, 0x85, 0x08, 0xf8, 0xa9, 0x6f, 0x15, 0x8b, 0x85, 0x80, 
    0x8b, 0x80, 0x91, 0x08, 0x85, 0x8b, 0x85, 0x90, 0x91, 0x8b, 0x08, 0x8b, 
    0x91, 0x91, 0x91, 0x96, 0x85, 0x08, 0x91, 0x85, 0x90, 0x86, 0x8b, 0x8b, 
    0x08, 0x1c, 0x04, 0xcf, 0x8b, 0x15, 0x86, 0x8b, 0x8b, 0x8b, 0x85, 0x8b, 
    0x08, 0x85, 0x90, 0x8b, 0x8b, 0x91, 0x8b, 0x08, 0x91, 0x8b, 0x90, 0x8b, 
    0x8b, 0x86, 0x08, 0x9c, 0x85, 0x15, 0x86, 0x8b, 0x8b, 0x8b, 0x85, 0x8b, 
    0x08, 0x85, 0x91, 0x8b, 0x8b, 0x91, 0x8b, 0x08, 0x91, 0x8b, 0x90, 0x8b, 
    0x8b, 0x85, 0x08, 0xfe, 0xa8, 0x85, 0x15, 0x97, 0x8b, 0x96, 0x8b, 0x8b, 
    0x86, 0x08, 0x8b, 0x85, 0x74, 0x8b, 0x69, 0x8b, 0x08, 0x69, 0x91, 0x5e, 
    0x8b, 0x7a, 0x8b, 0x08, 0x74, 0x8b, 0x7a, 0x8b, 0x8b, 0x90, 0x08, 0x8b, 
    0x91, 0xa8, 0x8b, 0xb8, 0x8b, 0x08, 0xb8, 0x85, 0xb3, 0x8b, 0x96, 0x8b, 
    0x08, 0xfb, 0x4f, 0x80, 0x15, 0x8b, 0x8b, 0x7a, 0x85, 0x80, 0x91, 0x08, 
    0x6f, 0x8b, 0x8b, 0x8b, 0x8b, 0x91, 0x08, 0x90, 0x8b, 0x97, 0x8b, 0x9c, 
    0x8b, 0x08, 0x9c, 0x8b, 0x96, 0x85, 0x85, 0x8b, 0x08, 0xf8, 0x9e, 0x85, 
    0x15, 0xf1, 0x8b, 0xca, 0x85, 0x8b, 0x86, 0x08, 0x90, 0x85, 0x86, 0x8b, 
    0x7a, 0x8b, 0x08, 0x7a, 0x91, 0x58, 0x8b, 0x63, 0x8b, 0x08, 0x63, 0x90, 
    0x47, 0x8b, 0x63, 0x91, 0x08, 0x64, 0x8b, 0x58, 0x8b, 0x74, 0x91, 0x08, 
    0x41, 0x8b, 0x86, 0x8b, 0x8b, 0x91, 0x08, 0x8b, 0x90, 0xe0, 0x86, 0xf7, 
    0x6b, 0x7f, 0x08, 0xf9, 0x76, 0x97, 0x15, 0x85, 0x8b, 0x8b, 0x8b, 0x85, 
    0x8b, 0x08, 0x86, 0x90, 0x8b, 0x8b, 0x90, 0x8b, 0x08, 0x91, 0x8b, 0x91, 
    0x8b, 0x8b, 0x86, 0x08, 0xa1, 0x85, 0x15, 0x8b, 0x85, 0x86, 0x8b, 0x7f, 
    0x91, 0x08, 0x86, 0x91, 0x8b, 0x8b, 0x90, 0x8b, 0x08, 0x91, 0x8b, 0x91, 
    0x8b, 0x90, 0x85, 0x08, 0xad, 0x7a, 0x15, 0x86, 0x8b, 0x8b, 0x8b, 0x85, 
    0x8b, 0x08, 0x85, 0x90, 0x8b, 0x8b, 0x91, 0x8b, 0x08, 0x91, 0x8b, 0x90, 
    0x8b, 0x8b, 0x86, 0x08, 0xf7, 0x17, 0x7f, 0x15, 0x8b, 0x86, 0x8b, 0x85, 
    0x85, 0x8b, 0x08, 0x86, 0x8b, 0x85, 0x91, 0x8b, 0x90, 0x08, 0x8b, 0x9c, 
    0x96, 0x86, 0x91, 0x7f, 0x08, 0x1c, 0xf9, 0xe2, 0x86, 0x15, 0x8b, 0x7a, 
    0x41, 0x85, 0x86, 0x9c, 0x08, 0x8b, 0x96, 0x90, 0x8b, 0xad, 0x8b, 0x08, 
    0xa2, 0x8b, 0x9c, 0x8b, 0x8b, 0x86, 0x08, 0xfa, 0x03, 0x8b, 0x15, 0x80, 
    0x8b, 0x74, 0x8b, 0x80, 0x8b, 0x08, 0x80, 0x8b, 0x96, 0x90, 0xa2, 0x8b, 
    0x08, 0xa1, 0x8b, 0x97, 0x86, 0x7f, 0x8b, 0x08, 0xdb, 0x85, 0x15, 0x8b, 
    0x8b, 0x80, 0x8b, 0x8b, 0x8b, 0x08, 0x85, 0x91, 0x91, 0x8b, 0x90, 0x8b, 
    0x08, 0x91, 0x8b, 0x91, 0x8b, 0x85, 0x85, 0x08, 0xf8, 0xc0, 0x85, 0x15, 
    0x91, 0x86, 0x8b, 0x8b, 0x85, 0x8b, 0x08, 0x85, 0x8b, 0x85, 0x8b, 0x8b, 
    0x90, 0x08, 0x86, 0x91, 0x90, 0x8b, 0x97, 0x85, 0x08, 0x1c, 0xf8, 0x4f, 
    0x80, 0x15, 0x86, 0x8b, 0x7f, 0x8b, 0x80, 0x8b, 0x08, 0x85, 0x91, 0x91, 
    0x8b, 0x9c, 0x8b, 0x08, 0x96, 0x8b, 0x91, 0x8b, 0x85, 0x85, 0x08, 0xa8, 
    0x85, 0x15, 0x8b, 0x8b, 0x7f, 0x8b, 0x8b, 0x8b, 0x08, 0x86, 0x91, 0x90, 
    0x8b, 0x91, 0x8b, 0x08, 0x91, 0x8b, 0x90, 0x8b, 0x86, 0x85, 0x08, 0xf7, 
    0x9e, 0x8b, 0x15, 0xa8, 0x8b, 0x9c, 0x86, 0x8b, 0x8b, 0x08, 0x8b, 0x85, 
    0x25, 0x8b, 0xfb, 0x0c, 0x96, 0x08, 0x4d, 0x91, 0x8b, 0x8b, 0xeb, 0x8b, 
    0x08, 0xc4, 0x8b, 0xca, 0x8b, 0xa1, 0x85, 0x08, 0xf7, 0x06, 0x86, 0x15, 
    0x8b, 0x7f, 0x8b, 0x8b, 0x85, 0x8b, 0x08, 0x85, 0x8b, 0x86, 0x91, 0x8b, 
    0x91, 0x08, 0x8b, 0x96, 0x8b, 0x8b, 0x90, 0x8b, 0x08, 0x91, 0x8b, 0x91, 
    0x85, 0x8b, 0x86, 0x08, 0xbe, 0x85, 0x15, 0x8b, 0x85, 0x7a, 0x8b, 0x8b, 
    0x91, 0x08, 0x85, 0x91, 0x8b, 0x8b, 0x8b, 0x90, 0x08, 0x91, 0x91, 0x9c, 
    0x85, 0x8b, 0x80, 0x08, 0xfa, 0x1a, 0x85, 0x15, 0x85, 0x8b, 0x80, 0x8b, 
    0x85, 0x8b, 0x08, 0x85, 0x91, 0x91, 0x8b, 0x96, 0x8b, 0x08, 0x97, 0x8b, 
    0x91, 0x8b, 0x85, 0x85, 0x08, 0xeb, 0x86, 0x15, 0x8b, 0x8b, 0x80, 0x8b, 
    0x8b, 0x8b, 0x08, 0x85, 0x90, 0x91, 0x8b, 0x91, 0x8b, 0x08, 0x90, 0x8b, 
    0x91, 0x8b, 0x85, 0x86, 0x08, 0xf9, 0x21, 0x8b, 0x15, 0x8b, 0x8b, 0x8b, 
    0x85, 0x85, 0x85, 0x08, 0x85, 0x8b, 0x8b, 0x91, 0x8b, 0x8b, 0x08, 0x8b, 
    0x91, 0x8b, 0x90, 0x91, 0x8b, 0x08, 0x91, 0x8b, 0x8b, 0x8b, 0x8b, 0x86, 
    0x08, 0x1c, 0xf9, 0x8d, 0x4c, 0x15, 0x8b, 0x86, 0x85, 0x85, 0x80, 0x8b, 
    0x08, 0x7a, 0x85, 0x85, 0x91, 0x8b, 0x96, 0x08, 0x8b, 0x91, 0x91, 0x8b, 
    0x9c, 0x8b, 0x08, 0x96, 0x8b, 0x91, 0x8b, 0x8b, 0x85, 0x08, 0x1c, 0x05, 
    0xac, 0x53, 0x15, 0xa7, 0x7f, 0x80, 0x4d, 0x6f, 0x80, 0x08, 0x7a, 0x85, 
    0x85, 0x8b, 0x80, 0x96, 0x08, 0x7f, 0x9c, 0x8b, 0x8b, 0x91, 0x97, 0x08, 
    0x91, 0x90, 0x8b, 0x97, 0x85, 0x96, 0x08, 0x8b, 0x96, 0x8b, 0x91, 0x8b, 
    0x91, 0x08, 0x91, 0x90, 0xad, 0x8b, 0x96, 0x86, 0x08, 0xf7, 0x17, 0x52, 
    0x15, 0x8b, 0x85, 0x85, 0x86, 0x80, 0x85, 0x08, 0x7f, 0x8b, 0x86, 0x85, 
    0x8b, 0x91, 0x08, 0x8b, 0x8b, 0x90, 0x91, 0x91, 0x90, 0x08, 0x9c, 0x91, 
    0x91, 0x8b, 0x8b, 0x8b, 0x08, 0xbe, 0x52, 0x15, 0x85, 0x8b, 0x80, 0x8b, 
    0x85, 0x8b, 0x08, 0x85, 0x91, 0x8b, 0x8b, 0x9c, 0x8b, 0x08, 0x97, 0x8b, 
    0x90, 0x8b, 0x86, 0x85, 0x08, 0xa1, 0x69, 0x15, 0x8b, 0x8b, 0x80, 0x8b, 
    0x8b, 0x8b, 0x08, 0x85, 0x91, 0x91, 0x8b, 0x91, 0x8b, 0x08, 0x90, 0x8b, 
    0x91, 0x8b, 0x85, 0x85, 0x08, 0x9c, 0x69, 0x15, 0x86, 0x8b, 0x7f, 0x8b, 
    0x86, 0x8b, 0x08, 0x85, 0x91, 0x8b, 0x8b, 0x9c, 0x8b, 0x08, 0x96, 0x8b, 
    0x91, 0x8b, 0x85, 0x85, 0x08, 0xb3, 0xfb, 0x00, 0x15, 0x85, 0x8b, 0x80, 
    0x8b, 0x85, 0x8b, 0x08, 0x86, 0x91, 0x90, 0x8b, 0x97, 0x8b, 0x08, 0x96, 
    0x8b, 0x91, 0x8b, 0x85, 0x85, 0x08, 0x0e, 0x1c, 0x08, 0x7e, 0x1c, 0x05, 
    0xf4, 0xf9, 0x43, 0x15, 0x8b, 0x7e, 0x05, 0x56, 0x8b, 0x05, 0x71, 0x8f, 
    0x75, 0x87, 0x87, 0x8b, 0x08, 0x8b, 0x86, 0x86, 0x8b, 0x83, 0x90, 0x08, 
    0x86, 0x8b, 0x83, 0x8b, 0x86, 0x82, 0x08, 0x82, 0x82, 0x83, 0x75, 0x8b, 
    0x7e, 0x08, 0x8f, 0x83, 0x8f, 0x86, 0x94, 0x90, 0x08, 0x98, 0x8b, 0x90, 
    0x86, 0x8f, 0x83, 0x08, 0x8f, 0x7d, 0x8b, 0x87, 0x83, 0x8b, 0x08, 0x86, 
    0x8b, 0x87, 0x8b, 0x8b, 0x87, 0x08, 0x8b, 0x86, 0xa1, 0x8b, 0xae, 0x8b, 
    0x08, 0xb6, 0x8b, 0x99, 0x8b, 0x8f, 0x87, 0x08, 0x8f, 0x87, 0x8b, 0x86, 
    0x87, 0x8b, 0x08, 0x87, 0x87, 0x86, 0x86, 0x8b, 0x8b, 0x08, 0x8b, 0x87, 
    0x87, 0x87, 0x8b, 0x8b, 0x08, 0x82, 0x8b, 0x8b, 0x8f, 0x8f, 0x94, 0x08, 
    0x90, 0x8f, 0x86, 0x87, 0x87, 0x86, 0x08, 0x87, 0x87, 0x82, 0x87, 0x87, 
    0x8b, 0x08, 0x86, 0x8b, 0x87, 0x86, 0x86, 0x87, 0x08, 0x8b, 0x87, 0x83, 
    0x8b, 0x5f, 0x8b, 0x08, 0x5f, 0x8b, 0x87, 0x8b, 0x8f, 0x82, 0x08, 0x90, 
    0x87, 0x8b, 0x86, 0x8b, 0x8b, 0x08, 0x8b, 0x87, 0xcc, 0x8f, 0x94, 0x90, 
    0x08, 0x94, 0x8f, 0xc4, 0x8b, 0x93, 0x87, 0x08, 0x8b, 0x8b, 0x94, 0x86, 
    0x94, 0x8b, 0x08, 0x8f, 0x87, 0x7e, 0x8b, 0x71, 0x8b, 0x08, 0x63, 0x8b, 
    0x53, 0x86, 0x82, 0x8b, 0x08, 0x8b, 0x8b, 0x7e, 0x8b, 0x7e, 0x90, 0x08, 
    0x79, 0x8b, 0x7e, 0x8b, 0x8b, 0x8b, 0x08, 0x82, 0x8f, 0x7a, 0x98, 0x8b, 
    0x94, 0x08, 0x8b, 0x94, 0x7e, 0x8b, 0x82, 0x82, 0x08, 0x87, 0x87, 0x82, 
    0x86, 0x82, 0x90, 0x08, 0x83, 0x8b, 0x82, 0x8b, 0x82, 0x86, 0x08, 0x82, 
    0x87, 0x83, 0x8b, 0x8b, 0x8f, 0x08, 0x82, 0x90, 0x64, 0x8b, 0x6c, 0x86, 
    0x08, 0x7a, 0x8b, 0x82, 0x87, 0x8b, 0x87, 0x08, 0x8b, 0x86, 0x8f, 0x87, 
    0x98, 0x8f, 0x08, 0x98, 0x8b, 0x94, 0x8b, 0x8f, 0x87, 0x08, 0x90, 0x82, 
    0x94, 0x8b, 0xa0, 0x8b, 0x08, 0x9d, 0x8b, 0x8f, 0x8b, 0x82, 0x87, 0x08, 
    0x6d, 0x8b, 0x82, 0x86, 0x8b, 0x83, 0x08, 0x87, 0x79, 0x82, 0x8b, 0x8b, 
    0x98, 0x08, 0x8b, 0x98, 0x8b, 0x8b, 0x7e, 0x8b, 0x08, 0x82, 0x8b, 0x87, 
    0x87, 0x8b, 0x87, 0x08, 0x8b, 0x8b, 0x87, 0x86, 0x8b, 0x8b, 0x08, 0x86, 
    0x8b, 0x87, 0x87, 0x8b, 0x87, 0x08, 0x8b, 0x86, 0x86, 0x8b, 0x87, 0x8b, 
    0x08, 0x87, 0x90, 0x86, 0x86, 0x8b, 0x8b, 0x08, 0x87, 0x87, 0x8b, 0x8b, 
    0x8b, 0x94, 0x08, 0x8f, 0x8f, 0x87, 0x8f, 0x87, 0x90, 0x08, 0x82, 0x8b, 
    0x41, 0x86, 0x86, 0x87, 0x08, 0x87, 0x87, 0x98, 0x86, 0x98, 0x8b, 0x08, 
    0x8f, 0x8b, 0x94, 0x8b, 0x8b, 0x87, 0x08, 0x8b, 0x8b, 0x52, 0x8b, 0x45, 
    0x8b, 0x08, 0x39, 0x8b, 0x63, 0x86, 0x87, 0x8b, 0x08, 0x8b, 0x87, 0x86, 
    0x7e, 0x8b, 0x82, 0x08, 0x87, 0x7a, 0x8b, 0x8b, 0x8b, 0xa1, 0x08, 0x8b, 
    0xa5, 0x05, 0x71, 0x8b, 0x05, 0x75, 0x8b, 0x82, 0x8b, 0x8b, 0x86, 0x08, 
    0x8b, 0x87, 0x8b, 0x8b, 0x87, 0x8b, 0x08, 0x8b, 0x8f, 0x87, 0x87, 0x86, 
    0x8b, 0x08, 0x87, 0x82, 0xfb, 0x7c, 0x90, 0x83, 0x8f, 0x08, 0x86, 0x8f, 
    0x7e, 0x8b, 0x82, 0x87, 0x08, 0x7e, 0x8b, 0x45, 0x8b, 0x60, 0x8b, 0x08, 
    0x82, 0x8b, 0x41, 0x8b, 0x3c, 0x8b, 0x08, 0xfb, 0x24, 0x8b, 0x05, 0x8b, 
    0x68, 0x05, 0x8b, 0x6d, 0x05, 0xf7, 0x20, 0x8b, 0x05, 0xf7, 0x17, 0x8b, 
    0x8f, 0x8b, 0x8b, 0x82, 0x08, 0x8b, 0x82, 0x87, 0x8b, 0x7e, 0x8b, 0x08, 
    0x79, 0x8b, 0x87, 0x87, 0x94, 0x82, 0x08, 0x93, 0x87, 0x90, 0x8b, 0x8b, 
    0x8f, 0x08, 0x86, 0x8f, 0x8b, 0x8b, 0x90, 0x8b, 0x08, 0x8f, 0x8b, 0x8b, 
    0x8b, 0x8b, 0x87, 0x08, 0x8b, 0x87, 0x8f, 0x8b, 0x90, 0x8b, 0x08, 0x8f, 
    0x8b, 0x8b, 0x8b, 0x87, 0x86, 0x08, 0x8b, 0x8b, 0x86, 0x87, 0x8b, 0x86, 
    0x08, 0x87, 0x87, 0x87, 0x87, 0x86, 0x8b, 0x08, 0x83, 0x8b, 0x86, 0x8f, 
    0x87, 0x98, 0x08, 0x8b, 0x98, 0x8b, 0x8b, 0x79, 0x8b, 0x08, 0x83, 0x87, 
    0x70, 0x8b, 0x71, 0x8b, 0x08, 0x60, 0x8b, 0x8b, 0x8b, 0x8f, 0x82, 0x08, 
    0x8f, 0x87, 0x8b, 0x86, 0x87, 0x83, 0x08, 0x87, 0x8b, 0x86, 0x86, 0x8b, 
    0x8b, 0x08, 0x8b, 0x8b, 0x87, 0x94, 0x86, 0x8f, 0x08, 0x8b, 0x94, 0x83, 
    0x90, 0x8b, 0x8b, 0x08, 0x82, 0x86, 0x87, 0x7a, 0x8f, 0x7e, 0x08, 0x8b, 
    0x7e, 0x98, 0x86, 0xcd, 0x8b, 0x08, 0xa5, 0x8b, 0xa5, 0x8b, 0x8f, 0x87, 
    0x08, 0x90, 0x8b, 0x93, 0x86, 0x90, 0x87, 0x08, 0x94, 0x87, 0xa0, 0x8b, 
    0xcd, 0x8f, 0x08, 0xe2, 0x8b, 0x05, 0x8b, 0x7a, 0x05, 0x87, 0x75, 0x05, 
    0xa5, 0x8b, 0x05, 0xa5, 0x8b, 0x05, 0x87, 0x9c, 0x05, 0x8b, 0x98, 0x8b, 
    0x94, 0x8f, 0x8b, 0x08, 0xb7, 0x8b, 0xc4, 0x8f, 0x8f, 0x90, 0x08, 0x90, 
    0x8f, 0x8b, 0x8b, 0x8b, 0x82, 0x08, 0x8b, 0x87, 0x8f, 0x87, 0x8f, 0x86, 
    0x08, 0x90, 0x8b, 0x8b, 0x83, 0x8b, 0x86, 0x08, 0x8f, 0x87, 0x8f, 0x86, 
    0xf7, 0x13, 0x8b, 0x08, 0xf7, 0x17, 0x8b, 0x8f, 0x8b, 0x99, 0x83, 0x08, 
    0x9c, 0x82, 0x05, 0x87, 0x22, 0x05, 0x8b, 0x22, 0x05, 0xa5, 0x8b, 0x05, 
    0xa9, 0x8b, 0x05, 0x8b, 0xf4, 0x05, 0x8b, 0xf4, 0x05, 0x94, 0x8f, 0x05, 
    0x98, 0x90, 0x90, 0x93, 0x8b, 0x99, 0x08, 0x8b, 0x8f, 0x8f, 0x8f, 0x8f, 
    0x90, 0x08, 0x9d, 0x8b, 0x94, 0x86, 0x8b, 0x83, 0x08, 0x8b, 0x82, 0x8f, 
    0x8b, 0xc4, 0x8b, 0x08, 0xbf, 0x8b, 0x94, 0x8b, 0x8f, 0x94, 0x08, 0x8b, 
    0x8f, 0x90, 0x94, 0x93, 0x8f, 0x08, 0x94, 0x94, 0x8f, 0x8b, 0xb3, 0x8b, 
    0x08, 0xb6, 0x8b, 0x05, 0x8b, 0x79, 0x05, 0x8b, 0x71, 0x94, 0x82, 0x9d, 
    0x94, 0x08, 0x8f, 0x8f, 0x8f, 0x8b, 0x8b, 0x83, 0x08, 0x90, 0x82, 0x8f, 
    0x8b, 0x98, 0x8b, 0x08, 0x9d, 0x8b, 0x93, 0x82, 0x90, 0x71, 0x08, 0x8f, 
    0x6d, 0x90, 0x86, 0xa9, 0x8b, 0x08, 0xa1, 0x90, 0x05, 0x8b, 0x45, 0x05, 
    0x8b, 0x52, 0x8b, 0x79, 0x8f, 0x83, 0x08, 0x94, 0x86, 0x94, 0x87, 0xb2, 
    0x8b, 0x08, 0xa5, 0x87, 0xaa, 0x8b, 0x98, 0x86, 0x08, 0xaa, 0x87, 0xf7, 
    0x0e, 0x94, 0x94, 0x93, 0x08, 0x8f, 0x90, 0x8f, 0x9c, 0x8b, 0xde, 0x08, 
    0x90, 0xf0, 0x05, 0x7e, 0xa0, 0x05, 0x82, 0x94, 0x82, 0x9d, 0x87, 0x8f, 
    0x08, 0x86, 0x98, 0x8b, 0x8b, 0x9d, 0x8b, 0x08, 0x94, 0x8b, 0x93, 0x8b, 
    0x90, 0x87, 0x08, 0x8b, 0x86, 0xa5, 0x8b, 0xae, 0x8b, 0x08, 0xa9, 0x8b, 
    0xa6, 0x8b, 0x8f, 0x90, 0x08, 0x8b, 0x8f, 0x98, 0x8b, 0x8b, 0x87, 0x08, 
    0x8b, 0x7e, 0x94, 0x86, 0xae, 0x87, 0x08, 0xa5, 0x8b, 0x98, 0x86, 0x8f, 
    0x87, 0x08, 0x94, 0x87, 0xa1, 0x79, 0xa5, 0x7a, 0x08, 0xc0, 0x64, 0xa0, 
    0x86, 0xbc, 0x8b, 0x08, 0xb2, 0x90, 0x8f, 0x8f, 0x90, 0xcc, 0x08, 0x98, 
    0xf7, 0x36, 0x8b, 0x9c, 0x86, 0x9d, 0x08, 0x87, 0x94, 0x82, 0x8f, 0x87, 
    0x8f, 0x08, 0x82, 0x90, 0x6d, 0x8b, 0x5f, 0x8f, 0x08, 0x45, 0x8b, 0x05, 
    0x8f, 0x7e, 0x05, 0x8b, 0x82, 0x8b, 0x8b, 0x83, 0x90, 0x08, 0x86, 0x8b, 
    0x87, 0x8b, 0x82, 0x8b, 0x08, 0x7e, 0x86, 0x87, 0x90, 0x93, 0x8f, 0x08, 
    0x90, 0x8f, 0x8b, 0x8b, 0x7e, 0x87, 0x08, 0x82, 0x8b, 0x87, 0x8b, 0x86, 
    0x8f, 0x08, 0x82, 0x94, 0x7a, 0x8b, 0x45, 0x90, 0x08, 0x38, 0x8b, 0x82, 
    0x8b, 0x8b, 0x86, 0x08, 0x8b, 0x82, 0x8b, 0x8b, 0x83, 0x94, 0x08, 0x82, 
    0x8b, 0x7e, 0x94, 0x7e, 0x8f, 0x08, 0x7e, 0x8b, 0x75, 0x94, 0x82, 0x8b, 
    0x08, 0x71, 0x94, 0x7e, 0x93, 0x9c, 0x8b, 0x08, 0x9d, 0x8b, 0x93, 0xa6, 
    0x7a, 0x93, 0x08, 0x87, 0x8b, 0x8b, 0x94, 0x8b, 0x94, 0x08, 0x8f, 0x94, 
    0x8b, 0x8b, 0xa9, 0x8b, 0x08, 0xae, 0x8b, 0x99, 0x93, 0x93, 0xa6, 0x08, 
    0x90, 0xa0, 0x86, 0xa6, 0x7e, 0x8f, 0x08, 0x82, 0x8f, 0x7a, 0x90, 0x79, 
    0x8b, 0x08, 0x76, 0x8f, 0x82, 0x8b, 0x75, 0x82, 0x08, 0x71, 0x7e, 0x68, 
    0x90, 0x82, 0x98, 0x08, 0x87, 0x93, 0x05, 0xb6, 0x8b, 0x05, 0xbc, 0x8b, 
    0x05, 0x8b, 0x99, 0x05, 0x8b, 0x9c, 0x86, 0x8b, 0x4e, 0x8b, 0x08, 0x57, 
    0x8b, 0x05, 0x8b, 0x7e, 0x05, 0xb2, 0x82, 0x15, 0x87, 0x87, 0x82, 0x8b, 
    0x82, 0x8b, 0x08, 0x82, 0x8b, 0x87, 0x8b, 0x8f, 0x8f, 0x08, 0x8b, 0x90, 
    0x94, 0x8b, 0x94, 0x8b, 0x08, 0x94, 0x8b, 0x8f, 0x8b, 0x8b, 0x86, 0x08, 
    0x57, 0x75, 0x15, 0x86, 0x87, 0x82, 0x94, 0x90, 0x8f, 0x08, 0x8b, 0x8f, 
    0x8f, 0x8b, 0x8b, 0x87, 0x08, 0x90, 0x87, 0x8b, 0x86, 0x8b, 0x8b, 0x08, 
    0xf7, 0x9a, 0xfb, 0x58, 0x15, 0x8b, 0x86, 0x8b, 0x8b, 0x86, 0x87, 0x08, 
    0x87, 0x8b, 0x8b, 0x8b, 0x8b, 0x8f, 0x08, 0x8b, 0x90, 0x8b, 0x8b, 0x8f, 
    0x8b, 0x08, 0x90, 0x8b, 0x8b, 0x8b, 0x8b, 0x8b, 0x08, 0xf7, 0x31, 0x86, 
    0x15, 0x8b, 0x87, 0x75, 0x8b, 0x82, 0x8f, 0x08, 0x87, 0x90, 0x8f, 0x8b, 
    0x94, 0x8b, 0x08, 0x94, 0x8b, 0x93, 0x86, 0x90, 0x8b, 0x08, 0xde, 0x87, 
    0x15, 0x98, 0x82, 0x8b, 0x83, 0x87, 0x8b, 0x08, 0x8b, 0x8b, 0x82, 0x8f, 
    0x86, 0x94, 0x08, 0x83, 0x98, 0x8f, 0x8f, 0x94, 0x7e, 0x08, 0xfd, 0xb8, 
    0x8b, 0x15, 0x8b, 0x8b, 0x82, 0x8b, 0x8b, 0x8b, 0x08, 0x87, 0x8f, 0x8f, 
    0x8b, 0x90, 0x8b, 0x08, 0x8f, 0x8b, 0x8f, 0x8b, 0x87, 0x87, 0x08, 0xf7, 
    0xf6, 0x8b, 0x15, 0x8b, 0x87, 0x8b, 0x8b, 0x8b, 0x8b, 0x08, 0x87, 0x8b, 
    0x8b, 0x8b, 0x8b, 0x8f, 0x08, 0x86, 0x8f, 0x8b, 0x8b, 0x90, 0x8b, 0x08, 
    0x8f, 0x8b, 0x8b, 0x8b, 0x8b, 0x87, 0x08, 0x1c, 0xfb, 0x35, 0x82, 0x15, 
    0x8f, 0x8b, 0x8f, 0x87, 0x8b, 0x87, 0x08, 0x8b, 0x82, 0x87, 0x8b, 0x7e, 
    0x8b, 0x08, 0x79, 0x8b, 0x76, 0x8f, 0x8b, 0x90, 0x08, 0x8b, 0x8f, 0xa0, 
    0x94, 0x94, 0x86, 0x08, 0x8f, 0x8b, 0x90, 0x8b, 0x94, 0x8b, 0x08, 0xf7, 
    0x0e, 0x8b, 0x15, 0x8b, 0x87, 0x87, 0x8b, 0x8b, 0x8b, 0x08, 0x86, 0x8b, 
    0x87, 0x87, 0x8b, 0x8b, 0x08, 0x8b, 0x82, 0x82, 0x8b, 0x68, 0x8b, 0x08, 
    0x57, 0x8b, 0x8b, 0x94, 0xbf, 0x8b, 0x08, 0xa1, 0x8b, 0x98, 0x8f, 0x8b, 
    0x8f, 0x08, 0x8b, 0x8b, 0x8f, 0x90, 0x94, 0x8b, 0x08, 0x90, 0x8b, 0x8f, 
    0x8b, 0x8b, 0x86, 0x08, 0xfa, 0x55, 0x8b, 0x15, 0x8b, 0x87, 0x8b, 0x8b, 
    0x86, 0x8b, 0x08, 0x87, 0x8b, 0x8b, 0x8b, 0x8b, 0x8f, 0x08, 0x8b, 0x90, 
    0x8b, 0x8b, 0x8f, 0x8b, 0x08, 0x90, 0x8b, 0x8b, 0x8b, 0x8b, 0x86, 0x08, 
    0xbf, 0x8b, 0x15, 0x87, 0x8b, 0x8b, 0x8b, 0x86, 0x8b, 0x08, 0x87, 0x90, 
    0x8b, 0x8b, 0x8f, 0x8b, 0x08, 0x90, 0x8b, 0x8f, 0x8b, 0x8b, 0x86, 0x08, 
    0xfe, 0x73, 0x83, 0x15, 0x86, 0x8b, 0x83, 0x8b, 0x86, 0x8b, 0x08, 0x87, 
    0x8f, 0x8f, 0x8b, 0x94, 0x8b, 0x08, 0x94, 0x8b, 0x8f, 0x8b, 0x87, 0x87, 
    0x08, 0xfc, 0x19, 0x86, 0x15, 0x8b, 0x8b, 0x82, 0x8b, 0x8b, 0x8b, 0x08, 
    0x87, 0x90, 0x8f, 0x8b, 0x90, 0x8b, 0x08, 0x8f, 0x8b, 0x8f, 0x8b, 0x87, 
    0x86, 0x08, 0xf7, 0x06, 0x8b, 0x15, 0x8b, 0x87, 0x79, 0x8b, 0x8b, 0x8f, 
    0x08, 0x87, 0x90, 0x8f, 0x8b, 0x8f, 0x8b, 0x08, 0x94, 0x8b, 0x90, 0x86, 
    0x8b, 0x8b, 0x08, 0xbb, 0x90, 0x15, 0x8b, 0x86, 0x8b, 0x8b, 0x86, 0x87, 
    0x08, 0x87, 0x8b, 0x8b, 0x8b, 0x8b, 0x8f, 0x08, 0x8b, 0x90, 0x8b, 0x8b, 
    0x8f, 0x8b, 0x08, 0x90, 0x8b, 0x8b, 0x8b, 0x8b, 0x8b, 0x08, 0xf7, 0xab, 
    0x86, 0x15, 0x8b, 0x87, 0x87, 0x8b, 0x86, 0x8b, 0x08, 0x8b, 0x8b, 0x87, 
    0x8b, 0x8f, 0x8f, 0x08, 0x8b, 0x90, 0x90, 0x8b, 0x8b, 0x8b, 0x08, 0x8f, 
    0x8b, 0x8b, 0x8b, 0x8b, 0x86, 0x08, 0xfa, 0x0b, 0x8b, 0x15, 0x8b, 0x8b, 
    0x82, 0x8b, 0x87, 0x8b, 0x08, 0x86, 0x90, 0x90, 0x8b, 0x93, 0x8b, 0x08, 
    0x90, 0x8b, 0x8f, 0x8b, 0x87, 0x86, 0x08, 0x9c, 0x7e, 0x15, 0x8b, 0x87, 
    0x8b, 0x8b, 0x87, 0x8b, 0x08, 0x87, 0x8b, 0x8b, 0x8b, 0x8b, 0x8f, 0x08, 
    0x8b, 0x8f, 0x8b, 0x8b, 0x8f, 0x8b, 0x08, 0x8f, 0x8b, 0x8b, 0x8b, 0x8b, 
    0x87, 0x08, 0xfe, 0xa3, 0x68, 0x15, 0x9c, 0x8b, 0x90, 0x87, 0x8b, 0x86, 
    0x08, 0x8b, 0x83, 0x86, 0x8b, 0x68, 0x8b, 0x08, 0x60, 0x8b, 0x05, 0x8f, 
    0x93, 0x05, 0x8b, 0x99, 0x8f, 0x8b, 0x98, 0x8b, 0x08, 0x99, 0x8b, 0x9c, 
    0x8b, 0x94, 0x86, 0x08, 0x2b, 0x82, 0x15, 0x8b, 0x87, 0x8b, 0x87, 0x86, 
    0x8b, 0x08, 0x87, 0x8f, 0x8b, 0x8f, 0x8b, 0x90, 0x08, 0x8b, 0x8b, 0x8b, 
    0x8f, 0x8f, 0x8b, 0x08, 0x90, 0x8b, 0x8b, 0x87, 0x8b, 0x86, 0x08, 0xf8, 
    0x37, 0x8b, 0x15, 0x8f, 0x87, 0x8b, 0x82, 0x8b, 0x8b, 0x08, 0x8b, 0x87, 
    0x7e, 0x8b, 0x7a, 0x8f, 0x08, 0x79, 0x8b, 0x68, 0x8b, 0x75, 0x87, 0x08, 
    0x69, 0x8b, 0x82, 0x8b, 0x8b, 0x8f, 0x08, 0x86, 0x90, 0x7e, 0x8b, 0x68, 
    0x8b, 0x08, 0x60, 0x8b, 0x86, 0x8b, 0x8b, 0x93, 0x08, 0x8b, 0x94, 0x90, 
    0x8b, 0xf7, 0x0a, 0x8b, 0x08, 0xf7, 0x0e, 0x8b, 0x05, 0x8b, 0x82, 0x05, 
    0xfc, 0x37, 0x7a, 0x15, 0x8f, 0x87, 0x87, 0x86, 0x8b, 0x87, 0x08, 0x86, 
    0x8b, 0x8b, 0x8f, 0x8b, 0x90, 0x08, 0x8b, 0x93, 0x90, 0x90, 0x8b, 0x82, 
    0x08, 0x1c, 0x04, 0xac, 0x71, 0x15, 0x8b, 0x86, 0x90, 0x87, 0x86, 0x8b, 
    0x08, 0x87, 0x87, 0x82, 0x98, 0x8b, 0x8f, 0x08, 0x8b, 0x94, 0x94, 0x86, 
    0x8f, 0x83, 0x08, 0xf7, 0x25, 0x75, 0x15, 0x8b, 0x87, 0x8b, 0x8b, 0x86, 
    0x8b, 0x08, 0x87, 0x8b, 0x8b, 0x8f, 0x8b, 0x8f, 0x08, 0x8b, 0x8b, 0x8b, 
    0x90, 0x8f, 0x86, 0x08, 0x90, 0x8b, 0x8b, 0x87, 0x8b, 0x8b, 0x08, 0xfb, 
    0x13, 0x82, 0x15, 0x8f, 0x87, 0x90, 0x82, 0x86, 0x87, 0x08, 0x8b, 0x8b, 
    0x8b, 0x86, 0x90, 0x8b, 0x08, 0x8b, 0x8b, 0x93, 0x83, 0x90, 0x82, 0x08, 
    0x8f, 0x82, 0x8f, 0x82, 0x90, 0x8b, 0x08, 0x8f, 0x8b, 0x8b, 0x87, 0x8b, 
    0x8b, 0x08, 0x8b, 0x87, 0x90, 0x86, 0x93, 0x8b, 0x08, 0x94, 0x87, 0x8b, 
    0x8b, 0x7e, 0x8b, 0x08, 0x79, 0x8b, 0x87, 0x8f, 0x82, 0x9d, 0x08, 0x87, 
    0x98, 0x82, 0x98, 0x8b, 0x8b, 0x08, 0x87, 0x8f, 0x7e, 0xa6, 0x8b, 0x8b, 
    0x08, 0x8b, 0x8b, 0x8b, 0x8f, 0x86, 0x8b, 0x08, 0x87, 0x8f, 0x8b, 0x8b, 
    0x94, 0x8b, 0x08, 0x8f, 0x8b, 0x90, 0x87, 0x8f, 0x82, 0x08, 0xa5, 0x75, 
    0x15, 0x8b, 0x87, 0x8b, 0x8b, 0x8b, 0x8b, 0x08, 0x87, 0x8b, 0x8b, 0x8b, 
    0x8b, 0x8f, 0x08, 0x86, 0x90, 0x8b, 0x8b, 0x90, 0x8b, 0x08, 0x8f, 0x8b, 
    0x8b, 0x8b, 0x8b, 0x86, 0x08, 0xfb, 0x24, 0x41, 0x15, 0x8b, 0x75, 0x87, 
    0x87, 0x86, 0x8b, 0x08, 0x82, 0x8b, 0x87, 0x8f, 0x8b, 0xa1, 0x08, 0x8b, 
    0xa5, 0x8b, 0x8b, 0x98, 0x8b, 0x08, 0x94, 0x8b, 0x8b, 0x8b, 0x8b, 0x71, 
    0x08, 0xf7, 0x7b, 0xa1, 0x15, 0x8b, 0x8b, 0x83, 0x8b, 0x8b, 0x8b, 0x08, 
    0x86, 0x8f, 0x90, 0x8b, 0x8f, 0x8b, 0x08, 0x8f, 0x8b, 0x90, 0x8b, 0x86, 
    0x87, 0x08, 0x0e, 0x1c, 0x05, 0x12, 0xf9, 0x61, 0xf9, 0x4e, 0x15, 0x84, 
    0x87, 0x84, 0x8b, 0x87, 0x8b, 0x08, 0x80, 0x8b, 0x84, 0x84, 0x8b, 0x7a, 
    0x08, 0x8b, 0x80, 0x8b, 0x8b, 0x81, 0x8b, 0x08, 0x87, 0x8f, 0x53, 0x8e, 
    0x4c, 0x8f, 0x08, 0xfb, 0x08, 0x92, 0x87, 0x8b, 0x84, 0x84, 0x08, 0x81, 
    0x84, 0x87, 0x8b, 0xfb, 0x08, 0x8e, 0x08, 0x48, 0x8f, 0x37, 0x8e, 0x6b, 
    0x8f, 0x08, 0x3a, 0x8e, 0x88, 0x8b, 0x84, 0x5a, 0x08, 0x87, 0x76, 0x8b, 
    0x80, 0x8f, 0x7d, 0x08, 0x92, 0x6c, 0x8b, 0x87, 0xdf, 0x8b, 0x08, 0xf7, 
    0xcd, 0x81, 0x7a, 0x8b, 0x95, 0x84, 0x08, 0x92, 0x84, 0x92, 0x8b, 0xf5, 
    0x87, 0x08, 0xf7, 0x08, 0x87, 0x05, 0x8b, 0x65, 0x05, 0x8b, 0x6b, 0x8b, 
    0x84, 0x87, 0x8b, 0x08, 0x84, 0x8b, 0x81, 0x72, 0x8e, 0x88, 0x08, 0x8f, 
    0x8b, 0x8e, 0x8e, 0x8f, 0x8f, 0x08, 0x8e, 0x8f, 0x92, 0x8e, 0x96, 0x8b, 
    0x08, 0x99, 0x8b, 0x8b, 0x8b, 0x8b, 0x84, 0x08, 0x8b, 0x84, 0x87, 0x87, 
    0x7a, 0x8b, 0x08, 0x79, 0x8b, 0x88, 0x8b, 0x8b, 0x84, 0x08, 0x8e, 0x84, 
    0x8b, 0xfb, 0x04, 0x88, 0x80, 0x08, 0x87, 0x7a, 0x88, 0x33, 0x8e, 0x87, 
    0x08, 0x8b, 0x88, 0x96, 0x8b, 0x92, 0x87, 0x08, 0xaa, 0x88, 0x88, 0x87, 
    0x8e, 0xf7, 0x08, 0x08, 0x8b, 0xd9, 0x88, 0xa3, 0x87, 0x8b, 0x08, 0x88, 
    0x8f, 0x8b, 0x9c, 0x8e, 0x8b, 0x08, 0x96, 0x8f, 0x8b, 0xa3, 0x87, 0x96, 
    0x08, 0x88, 0x92, 0x87, 0x8f, 0x8f, 0x8b, 0x08, 0x8e, 0x8b, 0x8b, 0x92, 
    0x8b, 0x92, 0x08, 0x8b, 0x95, 0x8b, 0x8f, 0x92, 0x8b, 0x08, 0x96, 0x8b, 
    0x8f, 0x92, 0x87, 0xa0, 0x08, 0x8b, 0x99, 0x8b, 0x8e, 0x92, 0x92, 0x08, 
    0x8f, 0x93, 0x8e, 0x8b, 0xb9, 0x87, 0x08, 0xc7, 0x8b, 0x8b, 0x8b, 0x8b, 
    0x64, 0x08, 0x87, 0x5e, 0x9d, 0x80, 0xbf, 0x92, 0x08, 0x9d, 0x8f, 0x99, 
    0x8b, 0x92, 0x8b, 0x08, 0x8f, 0x8b, 0x8e, 0x8b, 0x8b, 0x48, 0x08, 0x8b, 
    0x64, 0x8b, 0x29, 0x8b, 0x3a, 0x08, 0x8f, 0xfb, 0x28, 0x05, 0x99, 0x87, 
    0x05, 0x92, 0x88, 0xa3, 0x8b, 0xa1, 0x8e, 0x08, 0xb1, 0x8b, 0x05, 0x8b, 
    0xf7, 0x1e, 0x05, 0x8b, 0xd4, 0x8f, 0xce, 0x8b, 0x92, 0x08, 0x8b, 0x99, 
    0x05, 0xa0, 0x8b, 0x05, 0x9c, 0x8b, 0x93, 0x8b, 0x8b, 0x8f, 0x08, 0x8b, 
    0x8e, 0x8b, 0xa1, 0x8b, 0xa0, 0x08, 0x87, 0xb1, 0x87, 0xa0, 0x81, 0xab, 
    0x08, 0x80, 0xa0, 0x8f, 0x9d, 0x9c, 0x9c, 0x08, 0x9a, 0x99, 0x95, 0x8f, 
    0xa4, 0x84, 0x08, 0x92, 0x87, 0x8e, 0x8b, 0x92, 0x8f, 0x08, 0x8f, 0x8b, 
    0x95, 0x8e, 0x8f, 0x8b, 0x08, 0x99, 0x8b, 0x05, 0x8b, 0x6f, 0x05, 0x8e, 
    0x6f, 0x05, 0xb6, 0x8b, 0x05, 0xb5, 0x8b, 0x92, 0x8f, 0x92, 0x99, 0x08, 
    0x8b, 0x8e, 0x87, 0x96, 0x88, 0x92, 0x08, 0x84, 0x99, 0x8b, 0x95, 0x8b, 
    0xb2, 0x08, 0x8b, 0xe0, 0x8b, 0x92, 0x80, 0x95, 0x08, 0x81, 0x99, 0x80, 
    0x8b, 0x37, 0x81, 0x08, 0x48, 0x87, 0x68, 0x8b, 0x79, 0x8f, 0x08, 0x7d, 
    0x8e, 0x7a, 0x88, 0x87, 0x84, 0x08, 0x88, 0x84, 0xea, 0x8b, 0xd8, 0x95, 
    0x08, 0x99, 0x8b, 0x8e, 0x8b, 0x8b, 0x88, 0x08, 0x8b, 0x87, 0x88, 0x88, 
    0x80, 0x87, 0x08, 0x84, 0x8b, 0x84, 0x88, 0x8b, 0x8b, 0x08, 0x88, 0x8b, 
    0x80, 0x87, 0x84, 0x8b, 0x08, 0x81, 0x8f, 0x6f, 0x8b, 0x75, 0x8b, 0x08, 
    0x73, 0x8e, 0x3d, 0x8f, 0x45, 0x8e, 0x08, 0x41, 0x8f, 0x45, 0x8e, 0x7d, 
    0x8b, 0x08, 0x79, 0x8b, 0x81, 0x8b, 0x8b, 0x8f, 0x08, 0x8b, 0x8e, 0x95, 
    0x8b, 0xa7, 0x8b, 0x08, 0xb9, 0x88, 0x8f, 0x8b, 0x8b, 0xa0, 0x08, 0x8b, 
    0x92, 0x8b, 0x8e, 0x80, 0x8b, 0x08, 0x79, 0x8f, 0x81, 0x87, 0x8b, 0x84, 
    0x08, 0x8b, 0x84, 0x87, 0x8f, 0x76, 0x92, 0x08, 0x76, 0x95, 0x8f, 0x8b, 
    0x84, 0x88, 0x08, 0x99, 0x80, 0x15, 0x8b, 0x8b, 0x87, 0x88, 0x8b, 0x8b, 
    0x08, 0x88, 0x8b, 0x87, 0x8e, 0x8b, 0x8f, 0x08, 0x8b, 0x8e, 0x92, 0x8b, 
    0x8f, 0x84, 0x08, 0x6f, 0x81, 0x15, 0x87, 0x87, 0x84, 0x96, 0x8f, 0x8e, 
    0x08, 0x8b, 0x8f, 0x8e, 0x8b, 0x8b, 0x87, 0x08, 0x8f, 0x88, 0x8b, 0x87, 
    0x8b, 0x88, 0x08, 0xfc, 0x81, 0x79, 0x15, 0xae, 0x8b, 0xbd, 0x88, 0xd1, 
    0x87, 0x08, 0xd5, 0x88, 0x92, 0x8b, 0x8b, 0x79, 0x08, 0x8b, 0x84, 0x05, 
    0x64, 0x8b, 0x05, 0x76, 0x8f, 0x72, 0x8b, 0x84, 0x8b, 0x08, 0x84, 0x8e, 
    0x53, 0x8b, 0x4c, 0x8b, 0x08, 0x48, 0x8f, 0x4f, 0x8b, 0x81, 0x8e, 0x08, 
    0x79, 0x8b, 0x87, 0x8b, 0x8b, 0x84, 0x08, 0x88, 0x84, 0x8b, 0x8b, 0x87, 
    0x8f, 0x08, 0x8b, 0x92, 0x88, 0x92, 0x8b, 0x95, 0x08, 0x8b, 0x99, 0x05, 
    0xc3, 0x8b, 0x05, 0xab, 0x88, 0xb5, 0x8b, 0xa0, 0x87, 0x08, 0xf7, 0xd1, 
    0x88, 0x15, 0xaa, 0x8b, 0xaf, 0x87, 0x99, 0x8b, 0x08, 0xa7, 0x88, 0xb5, 
    0x8b, 0x8b, 0x8e, 0x08, 0x8e, 0x8f, 0x8f, 0x87, 0x8e, 0x84, 0x08, 0x8f, 
    0x84, 0x8f, 0x84, 0x8e, 0x8b, 0x08, 0x92, 0x8b, 0x8f, 0x88, 0x8b, 0x84, 
    0x08, 0x8b, 0x79, 0x87, 0x87, 0x7d, 0x96, 0x08, 0x84, 0x8e, 0x80, 0x8b, 
    0x76, 0x8f, 0x08, 0x7a, 0x8b, 0x72, 0x8b, 0x7d, 0x8f, 0x08, 0x7d, 0x8b, 
    0x64, 0x8e, 0x6f, 0x8f, 0x08, 0x53, 0x8b, 0x05, 0x87, 0x99, 0x05, 0x84, 
    0x9c, 0x8f, 0x8f, 0x92, 0x8b, 0x08, 0x92, 0x87, 0xa7, 0x8b, 0xab, 0x88, 
    0x08, 0xf9, 0x5e, 0x8e, 0x15, 0x99, 0x88, 0x8e, 0x7d, 0x88, 0x56, 0x08, 
    0x8b, 0x56, 0x05, 0x80, 0x8b, 0x05, 0x81, 0x8b, 0x05, 0x8b, 0xbc, 0x05, 
    0x8b, 0xbd, 0x05, 0x80, 0x95, 0x05, 0x84, 0x92, 0x88, 0x92, 0x8b, 0x8b, 
    0x08, 0x8b, 0x8f, 0xa0, 0x8b, 0x92, 0x87, 0x08, 0xfb, 0x92, 0x76, 0x15, 
    0xc7, 0x8b, 0xc0, 0x88, 0x8b, 0x87, 0x08, 0x8b, 0x8b, 0x8b, 0x8b, 0x8b, 
    0x8b, 0x08, 0x8b, 0x88, 0x48, 0x8e, 0x3e, 0x8f, 0x08, 0x3d, 0x8e, 0x42, 
    0x8f, 0x7d, 0x8b, 0x08, 0x80, 0x8b, 0x80, 0x8e, 0x88, 0x8b, 0x08, 0x8b, 
    0x8f, 0xb5, 0x8b, 0xf7, 0x47, 0x80, 0x08, 0xfb, 0x86, 0x8b, 0x15, 0x8b, 
    0x88, 0x84, 0x87, 0x8b, 0x8f, 0x08, 0x87, 0x8e, 0x8f, 0x8b, 0x8b, 0x8b, 
    0x08, 0x8e, 0x8b, 0x8f, 0x8b, 0x8b, 0x8b, 0x08, 0xf7, 0x0b, 0x76, 0x15, 
    0xf7, 0x52, 0x84, 0xc0, 0x84, 0x84, 0x87, 0x08, 0x8b, 0x88, 0x76, 0x8e, 
    0x76, 0x8b, 0x08, 0x76, 0x8b, 0x48, 0x8f, 0x4f, 0x8e, 0x08, 0x4c, 0x8f, 
    0x53, 0x8b, 0x83, 0x8e, 0x08, 0x73, 0x8f, 0x92, 0x8f, 0xa7, 0x8b, 0x08, 
    0x96, 0x87, 0xae, 0x8b, 0xa3, 0x8b, 0x08, 0xfd, 0xd2, 0x7d, 0x15, 0x8b, 
    0x87, 0x8b, 0x8b, 0x88, 0x8b, 0x08, 0x8b, 0x8b, 0x87, 0x8b, 0x8b, 0x8f, 
    0x08, 0x88, 0x8e, 0x8e, 0x8b, 0x8b, 0x8b, 0x08, 0x8f, 0x8b, 0x8e, 0x8b, 
    0x8b, 0x88, 0x08, 0xfa, 0x2e, 0x76, 0x15, 0x87, 0x8b, 0x8b, 0x8b, 0x88, 
    0x8b, 0x08, 0x87, 0x8e, 0x8b, 0x8b, 0x8f, 0x8b, 0x08, 0x8e, 0x8b, 0x8f, 
    0x8b, 0x8b, 0x88, 0x08, 0xea, 0x80, 0x15, 0x8b, 0x8b, 0x84, 0x8b, 0x8b, 
    0x8b, 0x08, 0x87, 0x8f, 0x8f, 0x8b, 0x8e, 0x8b, 0x08, 0x8f, 0x8b, 0x8e, 
    0x8b, 0x88, 0x87, 0x08, 0xfb, 0xb5, 0x84, 0x15, 0x8b, 0x88, 0x88, 0x8b, 
    0x87, 0x8b, 0x08, 0x84, 0x8b, 0x88, 0x8b, 0x8b, 0x8e, 0x08, 0x8b, 0x8f, 
    0x8e, 0x8b, 0x8f, 0x8b, 0x08, 0x8e, 0x8b, 0x8f, 0x8b, 0x8e, 0x87, 0x08, 
    0xf7, 0x05, 0x88, 0x15, 0x8b, 0x8b, 0x84, 0x8b, 0x8b, 0x8b, 0x08, 0x87, 
    0x8e, 0x8f, 0x8b, 0x8e, 0x8b, 0x08, 0x8f, 0x8b, 0x8e, 0x8b, 0x88, 0x88, 
    0x08, 0x84, 0x60, 0x15, 0x92, 0x8b, 0x92, 0x68, 0x84, 0x7a, 0x08, 0x87, 
    0x7d, 0x8b, 0x87, 0x96, 0x8b, 0x08, 0x92, 0x8b, 0xa0, 0xb5, 0x8b, 0x96, 
    0x08, 0x8b, 0x95, 0x8f, 0x92, 0x92, 0x8b, 0x08, 0x92, 0x8b, 0x8b, 0x88, 
    0x8b, 0x72, 0x08, 0x8b, 0x68, 0x87, 0x88, 0x6c, 0x84, 0x08, 0x67, 0x87, 
    0x84, 0x8f, 0x8b, 0xbc, 0x08, 0x8b, 0xa3, 0x8b, 0x8f, 0x96, 0x8b, 0x08, 
    0x8e, 0x87, 0x8f, 0x8b, 0x8b, 0x8b, 0x08, 0xfb, 0x64, 0xfb, 0x2e, 0x15, 
    0x8b, 0x87, 0x8b, 0x8b, 0x8b, 0x8b, 0x08, 0x88, 0x8b, 0x8b, 0x8b, 0x8b, 
    0x8f, 0x08, 0x87, 0x8e, 0x8b, 0x8b, 0x8f, 0x8b, 0x08, 0x8e, 0x8b, 0x8b, 
    0x8b, 0x8b, 0x88, 0x08, 0x0e, 0x1c, 0x04, 0xa0, 0xf7, 0x26, 0xf9, 0x2d, 
    0x15, 0x79, 0x69, 0x84, 0x78, 0x85, 0x58, 0x08, 0x88, 0x7b, 0x84, 0x85, 
    0x7f, 0x8b, 0x08, 0x81, 0x88, 0x88, 0x8b, 0x8e, 0x91, 0x08, 0x8b, 0x92, 
    0x8b, 0x8b, 0x82, 0x8b, 0x08, 0x88, 0x87, 0x7b, 0x8b, 0x7b, 0x88, 0x08, 
    0x72, 0x8b, 0x05, 0x8b, 0x7c, 0x05, 0x8b, 0x78, 0x05, 0xa4, 0x8b, 0x05, 
    0x98, 0x88, 0x9b, 0x87, 0x8e, 0x88, 0x08, 0x94, 0x88, 0x8b, 0x8b, 0x92, 
    0x8e, 0x08, 0x8e, 0x95, 0x94, 0x88, 0x91, 0x84, 0x08, 0x92, 0x85, 0x8b, 
    0x8b, 0x8e, 0x6b, 0x08, 0x8b, 0x82, 0x8e, 0x81, 0x8b, 0x85, 0x08, 0x8e, 
    0x88, 0x8b, 0x85, 0x8b, 0x84, 0x08, 0x8e, 0x82, 0x8b, 0x88, 0x9b, 0x8b, 
    0x08, 0x9b, 0x8b, 0x05, 0x8b, 0x9b, 0x05, 0x8b, 0x94, 0x8b, 0x94, 0x8e, 
    0x8b, 0x08, 0x91, 0x92, 0xa8, 0x8e, 0x91, 0x88, 0x08, 0x8e, 0x88, 0x91, 
    0x8b, 0x92, 0x8e, 0x08, 0x91, 0x8e, 0x8e, 0x8b, 0x8b, 0x88, 0x08, 0x8b, 
    0x88, 0x8e, 0x8b, 0x8f, 0x8b, 0x08, 0x8b, 0x8b, 0x91, 0x87, 0x8e, 0x88, 
    0x08, 0x8e, 0x88, 0x91, 0x88, 0x92, 0x88, 0x08, 0x94, 0x85, 0x05, 0x88, 
    0x26, 0x05, 0x8b, 0xfb, 0x13, 0x8b, 0x88, 0xab, 0x8b, 0x08, 0x9e, 0x8b, 
    0x97, 0x92, 0x8e, 0x91, 0x08, 0x92, 0xaa, 0x8b, 0x9b, 0x87, 0xf7, 0x03, 
    0x08, 0x88, 0xc3, 0x05, 0x9b, 0x98, 0x05, 0x9e, 0x94, 0x05, 0xb4, 0x8b, 
    0x05, 0xae, 0x8b, 0x91, 0x8b, 0x8e, 0x92, 0x08, 0x8e, 0x8e, 0x8b, 0x8b, 
    0x98, 0x85, 0x08, 0x94, 0x84, 0x95, 0x88, 0x8e, 0x8b, 0x08, 0x91, 0x8b, 
    0x8b, 0x8b, 0x85, 0x68, 0x08, 0x88, 0x7f, 0x88, 0x7e, 0x8e, 0x8b, 0x08, 
    0x8b, 0x88, 0x8e, 0x8b, 0x91, 0x8b, 0x08, 0x98, 0x8b, 0x8e, 0x9e, 0x55, 
    0xfb, 0x6e, 0x08, 0x82, 0x62, 0x82, 0x62, 0x87, 0x85, 0x08, 0x8b, 0x88, 
    0x88, 0x82, 0x88, 0x84, 0x08, 0x8b, 0x82, 0x88, 0x84, 0x85, 0x88, 0x08, 
    0x81, 0x85, 0x8b, 0x85, 0x95, 0x7e, 0x08, 0x9e, 0x7b, 0x91, 0x88, 0xb7, 
    0x8b, 0x08, 0xae, 0x88, 0x94, 0x8b, 0x8e, 0x8e, 0x08, 0x8b, 0x8e, 0x8b, 
    0x95, 0x8e, 0x94, 0x08, 0x8b, 0x95, 0x8b, 0x9a, 0x8f, 0x98, 0x08, 0xa7, 
    0xf7, 0x0c, 0xaa, 0xf7, 0x18, 0x8b, 0x95, 0x08, 0x8b, 0x8e, 0x8f, 0x8b, 
    0x91, 0x8b, 0x08, 0x98, 0x88, 0x8e, 0x8e, 0x8b, 0x98, 0x08, 0x8b, 0x94, 
    0x8e, 0x8e, 0x91, 0x8b, 0x08, 0x91, 0x8b, 0x8b, 0x8b, 0x9b, 0x78, 0x08, 
    0x92, 0x85, 0x8b, 0x8b, 0xba, 0x8b, 0x08, 0xb1, 0x8b, 0x97, 0x8b, 0x92, 
    0x8e, 0x08, 0x8e, 0x8e, 0x8e, 0x8e, 0x8e, 0x8b, 0x08, 0x8e, 0x88, 0xab, 
    0x33, 0x8b, 0x85, 0x08, 0x8e, 0x7b, 0x9b, 0x88, 0xa1, 0x94, 0x08, 0x9b, 
    0x91, 0xa1, 0xa2, 0x8b, 0x91, 0x08, 0x8b, 0x8e, 0x81, 0xa7, 0x7b, 0xab, 
    0x08, 0x78, 0xbd, 0x88, 0x98, 0x8e, 0x94, 0x08, 0x8f, 0xa2, 0xa1, 0x97, 
    0xb0, 0x91, 0x08, 0xa2, 0x8b, 0x05, 0xba, 0x72, 0x05, 0xa4, 0x7f, 0xab, 
    0x7b, 0x97, 0x81, 0x08, 0xbb, 0x72, 0x9d, 0x82, 0xa2, 0x8b, 0x08, 0x94, 
    0x88, 0x98, 0x8b, 0x91, 0x8e, 0x08, 0x91, 0x8b, 0x8b, 0x8e, 0x8b, 0x94, 
    0x08, 0x88, 0x9e, 0x8b, 0xe0, 0x8b, 0x9b, 0x08, 0x8e, 0x9b, 0x05, 0x82, 
    0x8b, 0x05, 0x84, 0x8e, 0x6c, 0x8b, 0x6f, 0x8e, 0x08, 0x2c, 0x92, 0x6f, 
    0x8e, 0x7e, 0x91, 0x08, 0x85, 0x8e, 0x81, 0x95, 0x82, 0x91, 0x08, 0x84, 
    0x94, 0x85, 0x92, 0x88, 0x8e, 0x08, 0x88, 0x8b, 0x81, 0x91, 0x88, 0x8e, 
    0x08, 0x69, 0xae, 0x74, 0x98, 0x79, 0x81, 0x08, 0x84, 0x88, 0x82, 0x88, 
    0x84, 0x8b, 0x08, 0x85, 0x8b, 0x88, 0x88, 0x88, 0x87, 0x08, 0x8b, 0x88, 
    0x88, 0x8b, 0x7e, 0x8e, 0x08, 0x85, 0x8b, 0x7b, 0x8b, 0x85, 0x8b, 0x08, 
    0x81, 0x8f, 0x85, 0x8b, 0x8b, 0x8b, 0x08, 0x8b, 0x8b, 0x81, 0x8e, 0x6c, 
    0x8b, 0x08, 0x7e, 0x8e, 0x78, 0x8e, 0x85, 0x8b, 0x08, 0x82, 0x8e, 0x81, 
    0x8b, 0x8b, 0x88, 0x08, 0x88, 0x8b, 0x88, 0x8b, 0x88, 0x8e, 0x08, 0x88, 
    0x8b, 0x81, 0x8b, 0x7e, 0x8e, 0x08, 0x7f, 0x8b, 0x7b, 0x8f, 0x85, 0x8b, 
    0x08, 0x7b, 0x8e, 0x7e, 0x84, 0x88, 0x82, 0x08, 0x8b, 0x85, 0x88, 0x8b, 
    0x82, 0x8b, 0x08, 0x81, 0x8e, 0x78, 0x8b, 0x78, 0x8e, 0x08, 0xfb, 0x0b, 
    0x94, 0x35, 0x95, 0x7f, 0x91, 0x08, 0x78, 0x91, 0x7b, 0x9e, 0x85, 0x9b, 
    0x08, 0x84, 0xa1, 0x85, 0x98, 0x7f, 0x8b, 0x08, 0x87, 0x8b, 0x82, 0x8b, 
    0x85, 0x8e, 0x08, 0x81, 0x8b, 0x8b, 0x8b, 0x7b, 0x68, 0x08, 0xf7, 0x74, 
    0x3c, 0x15, 0xb7, 0x88, 0x98, 0x8b, 0x8b, 0x92, 0x08, 0x8b, 0x8e, 0x8e, 
    0x8b, 0x98, 0x8b, 0x08, 0x9b, 0x88, 0x91, 0x87, 0x88, 0x82, 0x08, 0x88, 
    0x88, 0x87, 0x8b, 0x6f, 0x8b, 0x08, 0x78, 0x8e, 0x78, 0x8b, 0x88, 0x8b, 
    0x08, 0x85, 0x8e, 0x7b, 0x8b, 0x82, 0x8b, 0x08, 0x4b, 0x91, 0x82, 0x8f, 
    0x91, 0x8e, 0x08, 0x8b, 0x8b, 0x98, 0x8b, 0x98, 0x8b, 0x08, 0x97, 0x88, 
    0xa4, 0x8b, 0x9e, 0x87, 0x08, 0xf8, 0x4e, 0x85, 0x15, 0x88, 0x8b, 0x84, 
    0x8b, 0x88, 0x8b, 0x08, 0x88, 0x8e, 0x8e, 0x8b, 0x91, 0x8b, 0x08, 0x92, 
    0x8b, 0x8e, 0x8b, 0x88, 0x88, 0x08, 0xfd, 0x4a, 0x5f, 0x15, 0x8b, 0x88, 
    0x88, 0x88, 0x8b, 0x8e, 0x08, 0x88, 0x8b, 0x88, 0x8e, 0x8b, 0x8b, 0x08, 
    0x8b, 0x8e, 0x8e, 0x8b, 0x8e, 0x8b, 0x08, 0x8b, 0x8b, 0x8e, 0x88, 0x8b, 
    0x8b, 0x08, 0xb7, 0x82, 0x15, 0x8e, 0x8b, 0x8f, 0x8e, 0x8b, 0x8b, 0x08, 
    0x8e, 0x8e, 0x8b, 0x88, 0x8b, 0x88, 0x08, 0x88, 0x81, 0x81, 0x88, 0x85, 
    0x94, 0x08, 0x88, 0x8f, 0x8b, 0x91, 0x8e, 0x8b, 0x08, 0x8b, 0x8e, 0x8e, 
    0x8b, 0x8b, 0x88, 0x08, 0x8b, 0x88, 0x8e, 0x88, 0x8e, 0x8b, 0x08, 0xf7, 
    0xb3, 0x7e, 0x15, 0x8b, 0x88, 0x88, 0x88, 0x8b, 0x88, 0x08, 0x85, 0x87, 
    0x8b, 0x8b, 0x88, 0x8f, 0x08, 0x81, 0x91, 0x8e, 0x8e, 0x95, 0x8b, 0x08, 
    0x8e, 0x88, 0x8e, 0x8b, 0x8b, 0x8e, 0x08, 0x88, 0x8e, 0x8b, 0x8b, 0x8e, 
    0x8b, 0x08, 0x8e, 0x8b, 0x8b, 0x88, 0x8b, 0x8b, 0x08, 0xf8, 0xd8, 0x62, 
    0x15, 0x92, 0x85, 0x87, 0x6e, 0x85, 0x82, 0x08, 0x85, 0x85, 0x8b, 0x8b, 
    0x81, 0x8e, 0x08, 0x88, 0x8e, 0x82, 0x91, 0x8b, 0x8e, 0x08, 0x84, 0x95, 
    0x88, 0xa4, 0x92, 0x91, 0x08, 0x91, 0x8e, 0xa1, 0x88, 0x91, 0x85, 0x08, 
    0xe4, 0x8b, 0x15, 0x91, 0x88, 0x8b, 0x85, 0x8b, 0x62, 0x08, 0x8b, 0x5e, 
    0x8b, 0x88, 0x85, 0x8b, 0x08, 0x81, 0x88, 0x62, 0xa1, 0x88, 0x95, 0x08, 
    0x85, 0x9e, 0x84, 0xba, 0x8f, 0x8e, 0x08, 0x8e, 0x91, 0xbd, 0x88, 0x95, 
    0x88, 0x08, 0xfb, 0xba, 0x72, 0x15, 0x8b, 0x8b, 0x85, 0x88, 0x88, 0x8b, 
    0x08, 0x88, 0x8b, 0x88, 0x8b, 0x8b, 0x8e, 0x08, 0x8b, 0x91, 0x8e, 0x8b, 
    0x8e, 0x8b, 0x08, 0x8e, 0x8b, 0x91, 0x88, 0x8b, 0x88, 0x08, 0x75, 0x7b, 
    0x15, 0x8e, 0x8b, 0x8b, 0x88, 0x88, 0x8b, 0x08, 0x8b, 0x8b, 0x88, 0x8e, 
    0x88, 0x8b, 0x08, 0x88, 0x8e, 0x8b, 0x8e, 0x8e, 0x8b, 0x08, 0x8b, 0x8b, 
    0x8e, 0x88, 0x8e, 0x88, 0x08, 0x49, 0x5f, 0x15, 0x95, 0x7e, 0x8b, 0x82, 
    0x81, 0x7e, 0x08, 0x85, 0x7f, 0x05, 0x91, 0x8b, 0x05, 0x91, 0x8b, 0x8b, 
    0x8b, 0x88, 0x87, 0x08, 0x88, 0x88, 0x7e, 0x8b, 0x7c, 0x8b, 0x08, 0x6e, 
    0x8b, 0x05, 0x85, 0x9b, 0x05, 0x85, 0x9b, 0x88, 0x9e, 0x91, 0x91, 0x08, 
    0x8e, 0x8b, 0x98, 0x8e, 0x97, 0x8b, 0x08, 0x98, 0x8b, 0x97, 0x8e, 0x8f, 
    0x8b, 0x08, 0x8b, 0x8b, 0x91, 0x88, 0x8e, 0x85, 0x08, 0xa1, 0x65, 0x15, 
    0x82, 0x82, 0x88, 0x8b, 0x8e, 0x97, 0x08, 0x8e, 0x8e, 0x8e, 0x92, 0x8e, 
    0x8e, 0x08, 0x8b, 0x91, 0x8b, 0x8b, 0x8e, 0x85, 0x08, 0x8e, 0x84, 0x8b, 
    0x8b, 0x85, 0x82, 0x08, 0xfb, 0x71, 0xfb, 0x35, 0x15, 0x88, 0x7f, 0x85, 
    0x7e, 0x88, 0x8b, 0x08, 0x88, 0x8e, 0x94, 0xae, 0x8e, 0x8b, 0x08, 0x8e, 
    0x8b, 0x8b, 0x88, 0x8b, 0x81, 0x08, 0x0e, 0x1c, 0x06, 0x07, 0xf7, 0x2e, 
    0xf9, 0x4d, 0x15, 0x8b, 0x88, 0x8f, 0x8b, 0x8e, 0x87, 0x08, 0x92, 0x88, 
    0x8b, 0x8b, 0x88, 0x8b, 0x08, 0x87, 0x8b, 0x88, 0x87, 0x87, 0x85, 0x08, 
    0x88, 0x84, 0x8b, 0x8b, 0x8b, 0x98, 0x08, 0x8b, 0x9d, 0x84, 0x8b, 0x81, 
    0x7d, 0x08, 0x84, 0x81, 0x8b, 0x84, 0x8b, 0x76, 0x08, 0x8b, 0x7a, 0x87, 
    0x81, 0x88, 0x87, 0x08, 0x88, 0x81, 0x8b, 0x6f, 0x91, 0x81, 0x08, 0x92, 
    0x7d, 0x88, 0x88, 0x73, 0x8b, 0x08, 0x80, 0x8b, 0x77, 0x8b, 0x7a, 0x8b, 
    0x08, 0x6c, 0x8b, 0x05, 0x8e, 0x81, 0x05, 0x8b, 0x7d, 0x05, 0x88, 0x95, 
    0x05, 0x87, 0x92, 0x88, 0x8f, 0x88, 0x87, 0x08, 0x87, 0x84, 0x8b, 0x73, 
    0x8f, 0x88, 0x08, 0x91, 0x84, 0xaa, 0x88, 0xbb, 0x87, 0x08, 0xbb, 0x8b, 
    0x9d, 0x88, 0x95, 0x80, 0x08, 0x92, 0x88, 0x95, 0x88, 0x99, 0x8b, 0x08, 
    0x95, 0x87, 0xd3, 0x84, 0xd7, 0x84, 0x08, 0xf7, 0x0c, 0x7e, 0xc8, 0x84, 
    0xde, 0x81, 0x08, 0xa3, 0x8b, 0x87, 0x8b, 0x85, 0x6f, 0x08, 0x8b, 0x88, 
    0x8b, 0x84, 0x8e, 0x8b, 0x08, 0x8e, 0x87, 0x8b, 0x88, 0x88, 0x7d, 0x08, 
    0x88, 0x7a, 0x72, 0x4a, 0x81, 0x73, 0x08, 0x88, 0x84, 0x87, 0x84, 0x8b, 
    0x8b, 0x08, 0x8b, 0x88, 0x70, 0x5e, 0x7a, 0x6c, 0x08, 0x7a, 0x73, 0x61, 
    0x58, 0x7a, 0x76, 0x08, 0x84, 0x84, 0x88, 0x84, 0x8b, 0x8b, 0x08, 0x8b, 
    0x88, 0xad, 0x65, 0x99, 0x7d, 0x08, 0x92, 0x88, 0x92, 0x88, 0x95, 0x8b, 
    0x08, 0x99, 0x8b, 0x8b, 0x8b, 0x9c, 0x9f, 0x08, 0x95, 0x99, 0x95, 0x95, 
    0x8b, 0x8b, 0x08, 0x8f, 0x8f, 0xb4, 0xc2, 0x9c, 0xa6, 0x08, 0xa3, 0xb4, 
    0xb4, 0xde, 0x9d, 0xbb, 0x08, 0x91, 0xa3, 0x92, 0x9c, 0x8b, 0x8b, 0x08, 
    0x8f, 0x8b, 0x8b, 0x87, 0x87, 0x88, 0x08, 0x8b, 0x84, 0x8b, 0x8b, 0x96, 
    0x8b, 0x08, 0x91, 0x8b, 0x8f, 0x8e, 0x8e, 0x8b, 0x08, 0x8b, 0x8f, 0x8f, 
    0x84, 0x92, 0x7d, 0x08, 0x91, 0x70, 0x92, 0x87, 0xa0, 0x88, 0x08, 0xa0, 
    0x88, 0xbe, 0x8e, 0x92, 0x8e, 0x08, 0x8e, 0x8f, 0x8f, 0x8b, 0x8e, 0x8b, 
    0x08, 0x8f, 0x8b, 0xb0, 0xfb, 0x09, 0x8b, 0x84, 0x08, 0x88, 0x88, 0x8e, 
    0x87, 0x8b, 0x85, 0x08, 0x92, 0x87, 0x8b, 0x8b, 0xa3, 0x92, 0x08, 0xb8, 
    0x9c, 0xb1, 0xa0, 0x8b, 0x95, 0x08, 0x8b, 0x8e, 0x80, 0xa3, 0x7e, 0xa7, 
    0x08, 0x80, 0xa6, 0x7a, 0xb1, 0x84, 0x99, 0x08, 0x7e, 0xaa, 0x8b, 0x8e, 
    0x91, 0x99, 0x08, 0x92, 0xa3, 0x96, 0x8e, 0xcf, 0x8b, 0x08, 0xc9, 0x8b, 
    0x05, 0xad, 0x7a, 0x05, 0xa0, 0x84, 0xbe, 0x73, 0xb4, 0x7a, 0x08, 0xf7, 
    0x55, 0x35, 0x98, 0x88, 0x9d, 0x99, 0x08, 0x95, 0x92, 0x8e, 0xa9, 0x8b, 
    0xef, 0x08, 0x8b, 0xda, 0x8b, 0x8b, 0x84, 0x92, 0x08, 0x85, 0x92, 0x80, 
    0x8b, 0x39, 0x8b, 0x08, 0xfb, 0x39, 0x91, 0x65, 0x8b, 0x7e, 0x96, 0x08, 
    0x80, 0x8e, 0x77, 0x95, 0x7d, 0x99, 0x08, 0x4a, 0xb8, 0x7a, 0x95, 0x68, 
    0x84, 0x08, 0x7a, 0x8b, 0x05, 0x8b, 0x96, 0x05, 0x8b, 0x91, 0x8b, 0x96, 
    0x88, 0x8e, 0x08, 0x87, 0x92, 0x7a, 0x8e, 0x8b, 0x85, 0x08, 0x88, 0x84, 
    0x7d, 0x95, 0x8b, 0x92, 0x08, 0x8b, 0x92, 0x7a, 0x87, 0x7a, 0x84, 0x08, 
    0x7d, 0x88, 0x8b, 0x88, 0x8e, 0x87, 0x08, 0x92, 0x73, 0x8b, 0x88, 0x77, 
    0x87, 0x08, 0x84, 0x8b, 0x76, 0x8b, 0x7a, 0x8b, 0x08, 0x77, 0x8f, 0x84, 
    0x8b, 0x87, 0x92, 0x08, 0x84, 0x8e, 0x8b, 0x8b, 0x81, 0x88, 0x08, 0x81, 
    0x87, 0x87, 0x8b, 0x85, 0x8f, 0x08, 0x87, 0x8e, 0x88, 0x8b, 0x80, 0x88, 
    0x08, 0x84, 0x87, 0x7e, 0x88, 0x57, 0x8e, 0x08, 0x69, 0x8b, 0x43, 0x8f, 
    0x5b, 0x8b, 0x08, 0x57, 0x8b, 0x4a, 0x8e, 0x6c, 0x8b, 0x08, 0x5f, 0x8e, 
    0xfb, 0x06, 0x8f, 0x43, 0x8b, 0x08, 0x7a, 0x8b, 0x05, 0x8f, 0xad, 0x05, 
    0x8b, 0xa7, 0x8b, 0x95, 0x87, 0x8e, 0x08, 0x84, 0x92, 0x7a, 0x92, 0x8b, 
    0x84, 0x08, 0x88, 0x35, 0x15, 0x8e, 0x88, 0x88, 0x88, 0x8b, 0x8b, 0x08, 
    0x84, 0x87, 0x81, 0x95, 0x8b, 0x92, 0x08, 0x8b, 0x8f, 0x8b, 0x8b, 0x92, 
    0x87, 0x08, 0x8e, 0x88, 0x92, 0x87, 0x8b, 0x8b, 0x08, 0xf7, 0x02, 0x85, 
    0x15, 0x8b, 0x8b, 0x87, 0x87, 0x88, 0x8b, 0x08, 0x80, 0x8b, 0x8b, 0x8b, 
    0x8f, 0x8f, 0x08, 0x95, 0x91, 0x8f, 0x8b, 0x8b, 0x85, 0x08, 0xf7, 0x05, 
    0x87, 0x15, 0x8e, 0x88, 0x8b, 0x8b, 0x88, 0x8b, 0x08, 0x84, 0x87, 0x88, 
    0x8f, 0x8b, 0x8e, 0x08, 0x8b, 0x8f, 0x8e, 0x8b, 0x92, 0x87, 0x08, 0xf9, 
    0x3b, 0x7d, 0x15, 0x8f, 0x88, 0x8b, 0x87, 0x8b, 0x88, 0x08, 0x8b, 0x8b, 
    0x87, 0x8b, 0x88, 0x92, 0x08, 0x84, 0x92, 0x8e, 0x8e, 0x92, 0x84, 0x08, 
    0xfd, 0xe3, 0x84, 0x15, 0x8b, 0x88, 0x8b, 0x8b, 0x87, 0x88, 0x08, 0x88, 
    0x8b, 0x8b, 0x8b, 0x8b, 0x8e, 0x08, 0x8b, 0x8e, 0x8b, 0x8b, 0x8e, 0x8b, 
    0x08, 0x8f, 0x8b, 0x8b, 0x8b, 0x8b, 0x8b, 0x08, 0xb7, 0x88, 0x15, 0x8b, 
    0x8b, 0x84, 0x8b, 0x8b, 0x8b, 0x08, 0x88, 0x8e, 0x8e, 0x8b, 0x8f, 0x8b, 
    0x08, 0x8e, 0x8b, 0x8f, 0x8b, 0x87, 0x88, 0x08, 0x28, 0x69, 0x15, 0x8b, 
    0x87, 0x8b, 0x8b, 0x87, 0x8b, 0x08, 0x88, 0x8b, 0x8b, 0x8b, 0x8b, 0x8f, 
    0x08, 0x8b, 0x8e, 0x8b, 0x8b, 0x8e, 0x8b, 0x08, 0x8f, 0x8b, 0x8b, 0x8b, 
    0x8b, 0x88, 0x08, 0xc2, 0x87, 0x15, 0x8b, 0x88, 0x8b, 0x8b, 0x87, 0x8b, 
    0x08, 0x88, 0x8e, 0x8b, 0x8f, 0x8b, 0x8b, 0x08, 0x8b, 0x8e, 0x8b, 0x8b, 
    0x8e, 0x88, 0x08, 0x8f, 0x8b, 0x8b, 0x87, 0x8b, 0x8b, 0x08, 0xbe, 0x8f, 
    0x15, 0x8b, 0x84, 0x84, 0x87, 0x84, 0x8b, 0x08, 0x88, 0x8b, 0x95, 0x99, 
    0x8f, 0x8b, 0x08, 0x8e, 0x8b, 0x8b, 0x88, 0x8b, 0x8b, 0x08, 0xfb, 0x35, 
    0x87, 0x15, 0x87, 0x88, 0x88, 0x8b, 0x8b, 0x8b, 0x08, 0x88, 0x8b, 0x8b, 
    0x8b, 0x8b, 0x8e, 0x08, 0x8b, 0x8f, 0x8e, 0x8b, 0x8e, 0x8b, 0x08, 0x8b, 
    0x8b, 0x8f, 0x8b, 0x8b, 0x87, 0x08, 0xf9, 0x8e, 0xfb, 0x46, 0x15, 0x92, 
    0x84, 0x87, 0x69, 0x81, 0x80, 0x08, 0x84, 0x85, 0x05, 0x92, 0x8b, 0x05, 
    0x9c, 0x8b, 0x99, 0xa3, 0x8b, 0xa3, 0x08, 0x8b, 0x9c, 0x8e, 0x8b, 0x92, 
    0x76, 0x08, 0x95, 0x70, 0x8b, 0x84, 0x7a, 0x84, 0x08, 0x81, 0x81, 0x84, 
    0x8b, 0x7a, 0x8b, 0x08, 0x6f, 0x8b, 0x88, 0x8e, 0x81, 0xaa, 0x08, 0x84, 
    0xa3, 0x87, 0x95, 0x92, 0x8b, 0x08, 0x96, 0x92, 0xb0, 0x88, 0x8f, 0x84, 
    0x08, 0x0e, 0xfa, 0x9e, 0xf7, 0xfb, 0xf9, 0x4d, 0x15, 0x88, 0x8b, 0x88, 
    0x88, 0x8b, 0x85, 0x08, 0x88, 0x84, 0x88, 0x8b, 0x7b, 0x8b, 0x08, 0x73, 
    0x8b, 0x7b, 0x85, 0x8b, 0x85, 0x08, 0x8b, 0x85, 0x88, 0x88, 0x85, 0x8b, 
    0x08, 0x6f, 0x88, 0x6c, 0x81, 0x88, 0x85, 0x08, 0x88, 0x88, 0x84, 0x88, 
    0x82, 0x8b, 0x08, 0x7f, 0x88, 0x05, 0x7e, 0x78, 0x05, 0x88, 0x7f, 0x82, 
    0x7b, 0x88, 0x7f, 0x08, 0x85, 0x7b, 0x8b, 0x88, 0x81, 0x8b, 0x08, 0x85, 
    0x8b, 0x85, 0x8b, 0x88, 0x8b, 0x08, 0x8b, 0x8e, 0x72, 0x8b, 0x6f, 0x8b, 
    0x08, 0x50, 0x8b, 0x8b, 0x8b, 0x8b, 0x72, 0x08, 0x8b, 0x79, 0x8b, 0x8b, 
    0xcc, 0x8b, 0x08, 0xc9, 0x88, 0x05, 0x88, 0x7b, 0x05, 0x8b, 0x85, 0x8b, 
    0x7f, 0x8b, 0x88, 0x08, 0x8b, 0x84, 0x8b, 0x88, 0x8e, 0x8b, 0x08, 0x98, 
    0x88, 0x94, 0x91, 0x91, 0x9b, 0x08, 0x91, 0x91, 0x8e, 0x94, 0x8f, 0x8b, 
    0x08, 0x97, 0x8b, 0x97, 0x88, 0x95, 0x85, 0x08, 0x94, 0x82, 0x05, 0x8b, 
    0xfb, 0x10, 0x05, 0x8b, 0xfb, 0x10, 0x05, 0x97, 0x8b, 0x05, 0x92, 0x87, 
    0x97, 0x8f, 0x9a, 0x91, 0x08, 0xae, 0x9a, 0x8e, 0x8e, 0x8b, 0xa7, 0x08, 
    0x8b, 0x9e, 0x8b, 0x91, 0x88, 0x8b, 0x08, 0x88, 0x8e, 0x87, 0x8e, 0x8b, 
    0x95, 0x08, 0x8b, 0x94, 0x8b, 0x8e, 0x92, 0x8b, 0x08, 0x91, 0x8e, 0x8b, 
    0x8e, 0x8b, 0xd6, 0x08, 0x8b, 0xd8, 0x05, 0xcf, 0x8b, 0x05, 0xcf, 0x88, 
    0x05, 0x98, 0x69, 0x05, 0x9d, 0x59, 0x85, 0x92, 0xc3, 0x87, 0x08, 0xa7, 
    0x88, 0xa4, 0x8b, 0x94, 0x8b, 0x08, 0x97, 0x8b, 0x05, 0x8b, 0x54, 0x05, 
    0x8b, 0x5f, 0x8b, 0x7c, 0x85, 0x78, 0x08, 0x88, 0x7f, 0x88, 0x7e, 0x8b, 
    0x88, 0x08, 0x8b, 0x8b, 0x91, 0x88, 0x91, 0x88, 0x08, 0x95, 0x8b, 0x05, 
    0x8b, 0x63, 0x05, 0x88, 0x50, 0x78, 0x2e, 0x82, 0x7e, 0x08, 0x88, 0x8b, 
    0x88, 0x85, 0x8e, 0x8b, 0x08, 0x8b, 0x88, 0xa0, 0x85, 0xa4, 0x84, 0x08, 
    0xd6, 0x79, 0x8b, 0x8b, 0x8b, 0x9a, 0x08, 0x8b, 0x8e, 0x8e, 0x9e, 0x8e, 
    0x9e, 0x08, 0x9a, 0xbf, 0x98, 0xf7, 0x17, 0x85, 0x8e, 0x08, 0x87, 0x8e, 
    0x8f, 0x8b, 0x8e, 0x8e, 0x08, 0x91, 0x8b, 0x8e, 0x91, 0x8e, 0x8e, 0x08, 
    0x8b, 0x8e, 0x8e, 0xa1, 0x8b, 0xa1, 0x08, 0x8b, 0xad, 0x8b, 0x9e, 0x85, 
    0xad, 0x08, 0x82, 0xc3, 0x8b, 0x8e, 0x94, 0x94, 0x08, 0x94, 0x91, 0x8b, 
    0x8b, 0xe2, 0x8b, 0x08, 0xe2, 0x8b, 0x05, 0x8e, 0x7f, 0x05, 0x8b, 0x85, 
    0x91, 0x72, 0x92, 0x72, 0x08, 0x94, 0x53, 0x8e, 0x88, 0xaa, 0x8b, 0x08, 
    0xa4, 0x8b, 0x05, 0x8b, 0xbd, 0x05, 0x8e, 0xa6, 0x8b, 0xc3, 0x8b, 0xb4, 
    0x08, 0x8e, 0xd8, 0x05, 0x78, 0x8e, 0x05, 0x79, 0x8b, 0x05, 0x8e, 0x9e, 
    0x05, 0x8b, 0xa1, 0x88, 0x8e, 0x6c, 0x88, 0x08, 0x85, 0x88, 0x81, 0x8e, 
    0x85, 0x8e, 0x08, 0x85, 0x8e, 0x81, 0x8e, 0x88, 0x8b, 0x08, 0x88, 0x8b, 
    0x88, 0x8b, 0x8b, 0x8e, 0x08, 0x88, 0x8e, 0x82, 0x8b, 0x81, 0x8b, 0x08, 
    0x7c, 0x8b, 0x88, 0x8b, 0x8b, 0x91, 0x08, 0x8b, 0x8e, 0x8e, 0x8f, 0x8e, 
    0x8b, 0x08, 0x8b, 0x8b, 0x8e, 0x8e, 0x8b, 0x8b, 0x08, 0x8b, 0x8e, 0x88, 
    0x8e, 0x88, 0x8b, 0x08, 0x82, 0x8b, 0x88, 0x8e, 0x91, 0x8e, 0x08, 0x8e, 
    0x8e, 0x8b, 0x8e, 0x8b, 0x8e, 0x08, 0x8b, 0x92, 0x88, 0x8b, 0x7e, 0x8b, 
    0x08, 0x79, 0x8b, 0x7e, 0x87, 0x8b, 0x82, 0x08, 0x8b, 0x88, 0x88, 0x88, 
    0x79, 0x8b, 0x08, 0x72, 0x88, 0x81, 0x88, 0x8b, 0x81, 0x08, 0x8b, 0x85, 
    0x8b, 0x8b, 0x51, 0x8b, 0x08, 0x68, 0x8e, 0x50, 0x8b, 0x63, 0x8e, 0x08, 
    0x63, 0x8b, 0x5c, 0x8b, 0x79, 0x8b, 0x08, 0x75, 0x8f, 0x75, 0x8b, 0x82, 
    0x8b, 0x08, 0x78, 0x8b, 0x8b, 0x8b, 0x8b, 0x94, 0x08, 0x8b, 0x8e, 0x88, 
    0x91, 0x8b, 0x8e, 0x08, 0x88, 0x8e, 0x88, 0x92, 0x8b, 0x8e, 0x08, 0x8b, 
    0x94, 0x8b, 0x8b, 0x82, 0x8b, 0x08, 0x88, 0x8b, 0x84, 0x8b, 0x88, 0x88, 
    0x08, 0x5a, 0x3d, 0x15, 0x8b, 0x88, 0x88, 0x8b, 0x84, 0x8b, 0x08, 0x7f, 
    0x8e, 0x8b, 0x92, 0x97, 0x8b, 0x08, 0x92, 0x8b, 0x8e, 0x8b, 0x8b, 0x84, 
    0x08, 0xd5, 0x8e, 0x15, 0x8e, 0x85, 0x88, 0x88, 0x7f, 0x8b, 0x08, 0x81, 
    0x8b, 0x82, 0x91, 0x91, 0x8e, 0x08, 0x8e, 0x92, 0x9e, 0x88, 0x8e, 0x87, 
    0x08, 0x4d, 0x63, 0x15, 0x85, 0x8b, 0x85, 0x8b, 0x84, 0x8b, 0x08, 0x85, 
    0x8b, 0x8e, 0x8e, 0x98, 0x8b, 0x08, 0x97, 0x8b, 0x8e, 0x88, 0x85, 0x8b, 
    0x08, 0xfb, 0x86, 0x59, 0x15, 0x85, 0x8b, 0x85, 0x8b, 0x84, 0x8b, 0x08, 
    0x85, 0x8b, 0x8e, 0x8f, 0x98, 0x8b, 0x08, 0x97, 0x8b, 0x8e, 0x87, 0x85, 
    0x8b, 0x08, 0xf8, 0x6c, 0x5a, 0x15, 0x9a, 0x8b, 0x05, 0x8b, 0x7e, 0x05, 
    0x8b, 0x7f, 0x85, 0x7f, 0x82, 0x8b, 0x08, 0x88, 0x8b, 0x87, 0x88, 0x8b, 
    0x84, 0x08, 0x8b, 0x7f, 0xa4, 0x91, 0x9b, 0xa1, 0x08, 0x94, 0x94, 0x05, 
    0x8b, 0x82, 0x05, 0x8b, 0x82, 0x88, 0x84, 0x85, 0x82, 0x08, 0x7e, 0x82, 
    0x05, 0x6c, 0x8b, 0x05, 0x72, 0x8b, 0x82, 0x8b, 0x88, 0x8e, 0x08, 0x88, 
    0x91, 0x7b, 0xb3, 0x8b, 0x92, 0x08, 0x8b, 0x94, 0x98, 0x8e, 0x9d, 0x88, 
    0x08, 0x98, 0x8b, 0x97, 0x8b, 0x95, 0x8b, 0x08, 0x0e, 0x1c, 0x06, 0x27, 
    0xf9, 0xea, 0xf9, 0x4d, 0x15, 0x87, 0x87, 0x84, 0x8b, 0x87, 0x8b, 0x08, 
    0x78, 0x8b, 0x7b, 0x78, 0x8b, 0x78, 0x08, 0x8b, 0x7f, 0x8b, 0x87, 0x84, 
    0x8b, 0x08, 0x87, 0x8b, 0x8b, 0x8b, 0x8b, 0x80, 0x08, 0x8b, 0x7f, 0x87, 
    0x8b, 0x87, 0x8b, 0x08, 0x83, 0x8b, 0x88, 0x8f, 0x87, 0x8f, 0x08, 0x87, 
    0x8b, 0x7f, 0x8f, 0x7c, 0x8b, 0x08, 0x7f, 0x8b, 0x42, 0x8f, 0x3e, 0x8f, 
    0x08, 0x37, 0x92, 0x4d, 0x8b, 0x87, 0x8b, 0x08, 0x7c, 0x84, 0x7f, 0x51, 
    0x97, 0x74, 0x08, 0x8f, 0x83, 0x87, 0x87, 0x87, 0x97, 0x08, 0x87, 0x8f, 
    0x7c, 0x8b, 0x59, 0x8f, 0x08, 0x6c, 0x8b, 0x37, 0x8e, 0x49, 0x8f, 0x08, 
    0xfb, 0x0f, 0x8f, 0x87, 0x8b, 0x87, 0x83, 0x08, 0x84, 0x84, 0x83, 0x6c, 
    0x8b, 0x78, 0x08, 0x8b, 0x77, 0x93, 0x78, 0x92, 0x87, 0x08, 0x93, 0x88, 
    0xb2, 0x87, 0xf7, 0x16, 0x87, 0x08, 0xe4, 0x87, 0xdc, 0x8b, 0x92, 0x87, 
    0x08, 0x97, 0x8b, 0x8f, 0x8b, 0x8e, 0x8f, 0x08, 0x93, 0x93, 0xa6, 0x8f, 
    0x8b, 0x83, 0x08, 0x8b, 0x7b, 0x93, 0x88, 0xf7, 0x22, 0x87, 0x08, 0xf7, 
    0x1f, 0x87, 0x8b, 0x8b, 0x92, 0x83, 0x08, 0x8f, 0x84, 0x8f, 0x83, 0x8b, 
    0x78, 0x08, 0x8b, 0x60, 0x9e, 0x78, 0xb2, 0x8b, 0x08, 0x9a, 0x8b, 0x97, 
    0x8f, 0x96, 0x8f, 0x08, 0x9a, 0x92, 0x05, 0x8b, 0x3f, 0x05, 0x8b, 0x5c, 
    0x8b, 0x69, 0x8b, 0x8b, 0x08, 0x8f, 0x8b, 0x8b, 0x87, 0x8b, 0x83, 0x08, 
    0x8b, 0x87, 0x8b, 0x61, 0x8b, 0x61, 0x08, 0x8b, 0x2e, 0x87, 0x93, 0xc5, 
    0x8f, 0x08, 0xb2, 0x8b, 0x05, 0x8b, 0xe7, 0x05, 0x8b, 0xe4, 0x05, 0x92, 
    0x8f, 0x05, 0x93, 0x8e, 0x93, 0x93, 0x8f, 0x93, 0x08, 0x92, 0x9a, 0x8b, 
    0x93, 0x87, 0xd8, 0x08, 0x8b, 0xe7, 0x8b, 0x93, 0x9b, 0x83, 0x08, 0x92, 
    0x87, 0xa6, 0x87, 0xb2, 0x8b, 0x08, 0xc1, 0x8b, 0x96, 0x88, 0x9b, 0x83, 
    0x08, 0x9e, 0x83, 0x05, 0x8b, 0x55, 0x05, 0x8b, 0x6d, 0x8b, 0x74, 0x8b, 
    0x87, 0x08, 0x8f, 0x8b, 0x8b, 0x64, 0x8b, 0x59, 0x08, 0x8b, 0x37, 0x05, 
    0xb9, 0x8b, 0x05, 0xb5, 0x8b, 0x05, 0x8b, 0xc4, 0x05, 0x8b, 0xb2, 0x8b, 
    0xa2, 0x8f, 0x8f, 0x08, 0x8f, 0x8b, 0x8b, 0x9a, 0x8f, 0x9a, 0x08, 0x8b, 
    0x9b, 0x8f, 0x96, 0x92, 0x97, 0x08, 0x93, 0x9a, 0x8f, 0xa6, 0x87, 0xae, 
    0x08, 0x87, 0xa6, 0x8b, 0xdc, 0x8f, 0x8e, 0x08, 0x8f, 0x8b, 0x8f, 0x8b, 
    0x8e, 0x88, 0x08, 0x93, 0x87, 0xa2, 0x8b, 0xb2, 0x8b, 0x08, 0xcc, 0x87, 
    0x9a, 0x87, 0x9f, 0x74, 0x08, 0x96, 0x83, 0x8b, 0x87, 0x8b, 0x4e, 0x08, 
    0x8f, 0x42, 0x8f, 0x7f, 0xa6, 0x87, 0x08, 0x96, 0x8b, 0x8f, 0x8b, 0x97, 
    0x97, 0x08, 0x96, 0x96, 0x8b, 0x8b, 0x8b, 0xa6, 0x08, 0x8b, 0x97, 0x8b, 
    0x9e, 0x8f, 0x93, 0x08, 0x8b, 0x96, 0x8b, 0xaa, 0x8b, 0xa6, 0x08, 0x8f, 
    0xb9, 0x8b, 0x93, 0x83, 0x96, 0x08, 0x87, 0x8f, 0x88, 0x97, 0x8b, 0x8f, 
    0x08, 0x8b, 0x92, 0x87, 0x93, 0x87, 0x8f, 0x08, 0x87, 0x8f, 0x87, 0x96, 
    0x8b, 0x8f, 0x08, 0x87, 0x93, 0x88, 0x8f, 0x87, 0x8b, 0x08, 0x87, 0x8b, 
    0x8b, 0x8f, 0x8b, 0x92, 0x08, 0x8b, 0x93, 0x87, 0x96, 0x87, 0x93, 0x08, 
    0x87, 0x93, 0x87, 0x96, 0x8b, 0x93, 0x08, 0x8b, 0xa2, 0x71, 0x9b, 0x7b, 
    0x83, 0x08, 0x87, 0x87, 0x80, 0x8b, 0x83, 0x8b, 0x08, 0x78, 0x8b, 0x7b, 
    0x7c, 0x8b, 0x77, 0x08, 0x8b, 0x80, 0x8b, 0x8b, 0x84, 0x8b, 0x08, 0x87, 
    0x8f, 0x74, 0x8b, 0x78, 0x8f, 0x08, 0x74, 0x8e, 0x73, 0x8b, 0x84, 0x8b, 
    0x08, 0x74, 0x8f, 0x23, 0x93, 0x3e, 0x8f, 0x08, 0x6c, 0x8b, 0x70, 0x8f, 
    0x87, 0x8b, 0x08, 0x8b, 0x8e, 0x8b, 0x8f, 0x8f, 0x8b, 0x08, 0x8f, 0x8f, 
    0x8f, 0x8f, 0x8b, 0x93, 0x08, 0x8b, 0x96, 0x87, 0x8f, 0x7c, 0x87, 0x08, 
    0x70, 0x87, 0x87, 0x8b, 0x8b, 0x84, 0x08, 0x8b, 0x87, 0x8f, 0x83, 0x8f, 
    0x87, 0x08, 0x8e, 0x8b, 0x8b, 0x87, 0x8b, 0x88, 0x08, 0x88, 0x87, 0x32, 
    0x8f, 0x87, 0x8e, 0x08, 0x87, 0x8b, 0x8b, 0x93, 0x8b, 0x97, 0x08, 0x8b, 
    0xa2, 0x88, 0x92, 0x7b, 0x93, 0x08, 0x7c, 0x8f, 0x87, 0x8b, 0x83, 0x87, 
    0x08, 0xfc, 0x18, 0x3e, 0x15, 0x8b, 0x8b, 0x87, 0x87, 0x8b, 0x88, 0x08, 
    0x87, 0x87, 0x87, 0x8b, 0x8b, 0x8f, 0x08, 0x8b, 0x8b, 0x8b, 0x92, 0x87, 
    0x8f, 0x08, 0x8b, 0x93, 0x8b, 0x8b, 0x93, 0x87, 0x08, 0x8f, 0x87, 0x8f, 
    0x8b, 0x8b, 0x87, 0x08, 0xf8, 0x14, 0x6c, 0x15, 0x8f, 0x8f, 0x8b, 0x8b, 
    0x8b, 0x84, 0x08, 0x8b, 0x87, 0x87, 0x87, 0x88, 0x8b, 0x08, 0x87, 0x8b, 
    0x87, 0x8f, 0x8b, 0x8f, 0x08, 0x8b, 0x92, 0x8b, 0x8b, 0x8f, 0x87, 0x08, 
    0x8f, 0x88, 0x8b, 0x8b, 0x8e, 0x8e, 0x08, 0x9f, 0x88, 0x15, 0x8b, 0x87, 
    0x8b, 0x8b, 0x87, 0x8b, 0x08, 0x8b, 0x8f, 0x87, 0x8e, 0x8b, 0x8b, 0x08, 
    0x87, 0x8f, 0x8b, 0x8b, 0x8f, 0x8b, 0x08, 0x8f, 0x8b, 0x8f, 0x87, 0x8b, 
    0x88, 0x08, 0xf7, 0x13, 0x8e, 0x15, 0x87, 0x84, 0x83, 0x83, 0x83, 0x87, 
    0x08, 0x88, 0x8b, 0x87, 0x8f, 0x87, 0x8f, 0x08, 0x87, 0x8f, 0x87, 0x8f, 
    0x8f, 0x8e, 0x08, 0x93, 0x8f, 0xa6, 0x8b, 0x8b, 0x87, 0x08, 0xfe, 0x3b, 
    0x65, 0x15, 0x8b, 0x8f, 0x8f, 0x8b, 0x8b, 0x87, 0x08, 0x8f, 0x8b, 0x92, 
    0x87, 0x8f, 0x8f, 0x08, 0x8f, 0x8b, 0x93, 0x8b, 0x92, 0x87, 0x08, 0x93, 
    0x8b, 0x93, 0x87, 0x8b, 0x8f, 0x08, 0x8f, 0x8f, 0xb1, 0x87, 0x93, 0x87, 
    0x08, 0x8b, 0x87, 0x7b, 0x8b, 0x69, 0x8b, 0x08, 0x68, 0x8b, 0x78, 0x8b, 
    0x8b, 0x8b, 0x08, 0x87, 0x84, 0x83, 0x96, 0x8b, 0x97, 0x08, 0x8b, 0x93, 
    0x8b, 0x8b, 0x93, 0x87, 0x08, 0x8b, 0x83, 0x8f, 0x8b, 0x8b, 0x8b, 0x08, 
    0xf7, 0x39, 0x7f, 0x15, 0x8f, 0x88, 0x8b, 0x8b, 0x80, 0x8b, 0x08, 0x83, 
    0x8b, 0x83, 0x8b, 0x87, 0x8e, 0x08, 0x88, 0x8f, 0x8b, 0x8b, 0x96, 0x8b, 
    0x08, 0x8f, 0x8b, 0x93, 0x87, 0x92, 0x8b, 0x08, 0xf8, 0xe1, 0xfb, 0x1a, 
    0x15, 0x8f, 0x7b, 0x8b, 0x80, 0x7f, 0x7f, 0x08, 0x80, 0x80, 0x8e, 0x83, 
    0x97, 0x8f, 0x08, 0x9a, 0x8f, 0x93, 0x9a, 0x8b, 0xa2, 0x08, 0x8b, 0x93, 
    0x8f, 0x93, 0x8f, 0x8b, 0x08, 0x8f, 0x8b, 0x8e, 0x7f, 0x8b, 0x74, 0x08, 
    0x8b, 0x78, 0x8b, 0x8b, 0x7c, 0x83, 0x08, 0x74, 0x7c, 0x6c, 0x8b, 0x7c, 
    0x9a, 0x08, 0x83, 0x93, 0x8b, 0x8f, 0x8b, 0xa6, 0x08, 0x8b, 0xa6, 0x05, 
    0xa6, 0x8b, 0x05, 0xa6, 0x8b, 0x8f, 0x8b, 0x8b, 0x83, 0x08, 0x0e, 0x1c, 
    0x05, 0xfc, 0xf7, 0x9c, 0xf9, 0x49, 0x15, 0x83, 0x87, 0x8b, 0x80, 0x8b, 
    0x7c, 0x08, 0x8b, 0x7c, 0x88, 0x75, 0x8b, 0x7c, 0x08, 0x87, 0x75, 0x87, 
    0x87, 0x88, 0x8b, 0x08, 0x83, 0x8b, 0x80, 0x79, 0x75, 0x6d, 0x08, 0x66, 
    0x57, 0x8b, 0x8b, 0x8b, 0x41, 0x08, 0x8b, 0x5b, 0x05, 0x7c, 0x8b, 0x05, 
    0x84, 0x8b, 0x83, 0x8b, 0x88, 0x87, 0x08, 0x87, 0x88, 0x87, 0x8b, 0x84, 
    0x8e, 0x08, 0x80, 0x8f, 0x7f, 0x8b, 0x6e, 0x87, 0x08, 0x66, 0x88, 0x05, 
    0x83, 0x74, 0x05, 0x88, 0x80, 0x87, 0x7c, 0x8b, 0x84, 0x08, 0x8b, 0x7c, 
    0x05, 0xc6, 0x8b, 0x05, 0xa9, 0x8b, 0xa9, 0x8b, 0x8e, 0x8b, 0x08, 0x8f, 
    0x87, 0x92, 0x8b, 0x93, 0x8b, 0x08, 0x92, 0x8f, 0x8f, 0x87, 0x8b, 0x88, 
    0x08, 0x8f, 0x48, 0x99, 0x36, 0x96, 0x84, 0x08, 0x97, 0x83, 0xb7, 0x87, 
    0x92, 0x93, 0x08, 0x8f, 0x8f, 0x8b, 0x96, 0x8b, 0x9d, 0x08, 0x8b, 0xa5, 
    0x8b, 0x8f, 0x96, 0x92, 0x08, 0x96, 0x96, 0x8f, 0x8b, 0x9e, 0x8b, 0x08, 
    0xb0, 0x8b, 0x96, 0x80, 0x8e, 0x5b, 0x08, 0x93, 0x5b, 0x8f, 0x80, 0xa1, 
    0x75, 0x08, 0xa1, 0x74, 0xa9, 0x79, 0xac, 0x83, 0x08, 0x9d, 0x84, 0x93, 
    0x8b, 0xbf, 0x8f, 0x08, 0xb0, 0x8e, 0xa1, 0x8f, 0x8f, 0x8f, 0x08, 0x8e, 
    0x8f, 0x8b, 0x8e, 0x84, 0xa9, 0x08, 0x84, 0xac, 0x05, 0x57, 0x8b, 0x05, 
    0x57, 0x8b, 0x7c, 0x8f, 0x75, 0x9a, 0x08, 0x80, 0x96, 0x8b, 0x8b, 0x8e, 
    0x92, 0x08, 0x93, 0x93, 0x8b, 0x8b, 0xa1, 0x80, 0x08, 0x96, 0x87, 0x96, 
    0x83, 0x8b, 0x8b, 0x08, 0x8b, 0x88, 0x96, 0x8b, 0x93, 0x8b, 0x08, 0x9a, 
    0x8e, 0x8e, 0x88, 0x8f, 0x87, 0x08, 0x8f, 0x87, 0x8b, 0x8b, 0x8b, 0x8f, 
    0x08, 0x8b, 0x92, 0xb3, 0x88, 0x8f, 0x83, 0x08, 0x93, 0x88, 0x8b, 0x8b, 
    0x92, 0x99, 0x08, 0x8f, 0x97, 0x8e, 0x8e, 0xa2, 0x8b, 0x08, 0xa1, 0x8f, 
    0x05, 0xa1, 0x75, 0x05, 0xb4, 0x62, 0xa8, 0x7c, 0xca, 0x79, 0x08, 0xb0, 
    0x83, 0x8f, 0x8b, 0xce, 0x8b, 0x08, 0xcd, 0x8f, 0x8f, 0x8b, 0xa5, 0x96, 
    0x08, 0x9a, 0x92, 0xb0, 0x9a, 0xac, 0x96, 0x08, 0xc3, 0xa2, 0x05, 0xf3, 
    0x8e, 0x05, 0xf7, 0x11, 0x8f, 0xe4, 0x92, 0x96, 0x8f, 0x08, 0x8f, 0x8f, 
    0x93, 0x8f, 0x8e, 0x92, 0x08, 0x8f, 0x92, 0x8f, 0x96, 0x8b, 0xca, 0x08, 
    0x8b, 0xb4, 0x8b, 0xbf, 0x8b, 0xa9, 0x08, 0x8e, 0xbb, 0x05, 0x80, 0x9a, 
    0x05, 0x84, 0x92, 0x87, 0x92, 0x8b, 0x8f, 0x08, 0x8b, 0x93, 0x80, 0x8b, 
    0x3d, 0x8b, 0x08, 0x63, 0x8e, 0x53, 0x8b, 0x71, 0x8b, 0x08, 0x6d, 0x8f, 
    0x7d, 0x8b, 0x92, 0x87, 0x08, 0xbf, 0x88, 0xe4, 0x83, 0xb7, 0x8b, 0x08, 
    0xb0, 0x87, 0x9a, 0x8b, 0x8b, 0x88, 0x08, 0x8b, 0x83, 0x62, 0x8b, 0x36, 
    0x96, 0x08, 0x23, 0x93, 0x6a, 0x8f, 0x6d, 0x8b, 0x08, 0x66, 0x8b, 0x84, 
    0x92, 0xac, 0x8b, 0x08, 0xb8, 0x8f, 0x39, 0x8e, 0xfb, 0x33, 0x8f, 0x08, 
    0x3a, 0x8f, 0x39, 0x8e, 0x7c, 0x8b, 0x08, 0x6e, 0x8b, 0x05, 0x80, 0xa5, 
    0x05, 0x7f, 0xad, 0x88, 0x8e, 0x6d, 0xa2, 0x08, 0x75, 0x99, 0x8b, 0x8f, 
    0x8b, 0x96, 0x08, 0x8b, 0x8f, 0x87, 0x8f, 0x8b, 0x8e, 0x08, 0x87, 0x8f, 
    0x88, 0x8f, 0x8b, 0x92, 0x08, 0x8b, 0x93, 0x87, 0x8e, 0x80, 0x93, 0x08, 
    0x7c, 0x96, 0x7c, 0x8f, 0x8b, 0x7f, 0x08, 0x8b, 0x8b, 0x88, 0x88, 0x8b, 
    0x8b, 0x08, 0x87, 0x8e, 0x8b, 0x8b, 0x8b, 0x8f, 0x08, 0x8b, 0x8f, 0x8b, 
    0x9a, 0x8f, 0x99, 0x08, 0x8b, 0x9e, 0x8b, 0x92, 0x87, 0x96, 0x08, 0x84, 
    0x9a, 0x83, 0x8b, 0x75, 0x80, 0x08, 0x78, 0x80, 0x7d, 0x75, 0x92, 0x7c, 
    0x08, 0x96, 0x79, 0x8f, 0x78, 0x83, 0x7c, 0x08, 0x88, 0x80, 0x8b, 0x8b, 
    0x74, 0x8f, 0x08, 0x80, 0x8b, 0x80, 0x8b, 0x88, 0x8e, 0x08, 0x87, 0x8b, 
    0x83, 0x8b, 0x84, 0x8b, 0x08, 0x87, 0x88, 0x84, 0x8e, 0x87, 0x8b, 0x08, 
    0x8b, 0x8f, 0x84, 0x8b, 0x83, 0x87, 0x08, 0x84, 0x8b, 0x84, 0x8b, 0x8b, 
    0x8b, 0x08, 0x87, 0x8b, 0x7c, 0x8f, 0x79, 0x8b, 0x08, 0x78, 0x8b, 0x7c, 
    0x8b, 0x87, 0x8b, 0x08, 0x88, 0x8f, 0x83, 0x8b, 0x84, 0x87, 0x08, 0x7c, 
    0x87, 0x87, 0x8f, 0x8b, 0x9a, 0x08, 0x8b, 0x96, 0x88, 0x8f, 0x80, 0x96, 
    0x08, 0x80, 0x92, 0x7f, 0x8f, 0x84, 0x8b, 0x08, 0x80, 0x8b, 0x8b, 0x8b, 
    0x8f, 0x84, 0x08, 0x8e, 0x87, 0x8b, 0x8b, 0x88, 0x8b, 0x08, 0x87, 0x8f, 
    0x87, 0x8b, 0x8b, 0x8b, 0x08, 0x87, 0x8b, 0x8f, 0x96, 0x8b, 0x96, 0x08, 
    0x8f, 0xa8, 0x83, 0x9e, 0x7d, 0x8b, 0x08, 0x87, 0x8b, 0x84, 0x87, 0x87, 
    0x88, 0x08, 0x9a, 0x57, 0x15, 0x8b, 0x8b, 0x83, 0x8b, 0x8b, 0x8b, 0x08, 
    0x88, 0x8e, 0x8e, 0x8b, 0x8f, 0x8b, 0x08, 0x8f, 0x8b, 0x8e, 0x8b, 0x88, 
    0x88, 0x08, 0x53, 0x2e, 0x15, 0x84, 0x7c, 0x83, 0x80, 0x88, 0x88, 0x08, 
    0x8b, 0x87, 0x87, 0x87, 0x8b, 0x87, 0x08, 0x8b, 0x88, 0x8b, 0x8b, 0x87, 
    0x8e, 0x08, 0x87, 0x8b, 0x8f, 0x8f, 0x8f, 0x93, 0x08, 0x92, 0x96, 0x93, 
    0x9d, 0x96, 0x9e, 0x08, 0x8f, 0x8e, 0x8b, 0x8f, 0x8e, 0x8b, 0x08, 0x8b, 
    0x87, 0x88, 0x80, 0x83, 0x80, 0x08, 0xf8, 0x3a, 0x84, 0x15, 0xad, 0x8b, 
    0x92, 0x87, 0x84, 0x80, 0x08, 0x87, 0x84, 0x87, 0x8b, 0x71, 0x8b, 0x08, 
    0x79, 0x8e, 0x78, 0x8b, 0x88, 0x8b, 0x08, 0x87, 0x8b, 0x87, 0x8f, 0x8b, 
    0x8f, 0x08, 0x8b, 0x96, 0x8f, 0x8e, 0x92, 0x8b, 0x08, 0x93, 0x88, 0x9a, 
    0x8b, 0x99, 0x8b, 0x08, 0xfb, 0xc7, 0x7c, 0x15, 0x8b, 0x87, 0x87, 0x8b, 
    0x88, 0x8b, 0x08, 0x87, 0x8b, 0x8b, 0x8b, 0x8f, 0x8f, 0x08, 0x92, 0x8f, 
    0x8b, 0x8b, 0x8b, 0x87, 0x08, 0xf8, 0x0e, 0x75, 0x15, 0x8b, 0x8b, 0x83, 
    0x8b, 0x88, 0x8b, 0x08, 0x87, 0x8e, 0x8f, 0x8b, 0x92, 0x8b, 0x08, 0x8f, 
    0x8b, 0x8e, 0x8b, 0x88, 0x88, 0x08, 0x69, 0x87, 0x15, 0x88, 0x8b, 0x80, 
    0x87, 0x83, 0x8b, 0x08, 0x7c, 0x8b, 0x05, 0x96, 0x8f, 0x05, 0x93, 0x8b, 
    0x96, 0x8f, 0x92, 0x8b, 0x08, 0x93, 0x8b, 0x8b, 0x8b, 0x83, 0x87, 0x08, 
    0xfb, 0x03, 0x6d, 0x15, 0x93, 0x79, 0x05, 0x5e, 0x8b, 0x05, 0x75, 0x8f, 
    0x57, 0x8b, 0x6a, 0x8e, 0x08, 0x62, 0x8b, 0x71, 0x8f, 0x8f, 0x8b, 0x08, 
    0x8b, 0x8f, 0xa1, 0x8b, 0xa1, 0x8e, 0x08, 0xa2, 0x8f, 0xb3, 0x8f, 0xad, 
    0x8e, 0x08, 0xa8, 0x8f, 0xa5, 0x8f, 0x8b, 0x8b, 0x08, 0x8f, 0x87, 0x8f, 
    0x84, 0x8e, 0x83, 0x08, 0xf7, 0x8c, 0x63, 0x15, 0x88, 0x8b, 0x8b, 0x8b, 
    0x87, 0x8b, 0x08, 0x87, 0x8e, 0x8b, 0x8b, 0x8f, 0x8b, 0x08, 0x8f, 0x8b, 
    0x8e, 0x8b, 0x8b, 0x88, 0x08, 0x9a, 0x8b, 0x15, 0x8b, 0x8b, 0x84, 0x8b, 
    0x8b, 0x8b, 0x08, 0x87, 0x8e, 0x8f, 0x8b, 0x8f, 0x8b, 0x08, 0x8e, 0x8b, 
    0x8f, 0x8b, 0x87, 0x88, 0x08, 0xf7, 0x7e, 0x87, 0x15, 0x8e, 0x87, 0x80, 
    0x8b, 0x7c, 0x8b, 0x08, 0x7d, 0x8f, 0x71, 0x8b, 0x7c, 0x8b, 0x08, 0x7c, 
    0x8b, 0x80, 0x8b, 0x8b, 0x8f, 0x08, 0x8f, 0x8e, 0xeb, 0x88, 0x8f, 0x87, 
    0x08, 0xf7, 0x5f, 0x62, 0x15, 0x93, 0x87, 0x92, 0x88, 0x8b, 0x8b, 0x08, 
    0x87, 0x87, 0x8b, 0x8b, 0x88, 0x8b, 0x08, 0x8b, 0x8b, 0x7c, 0x8b, 0x7c, 
    0x8f, 0x08, 0x79, 0x8b, 0x83, 0x8e, 0x8b, 0x8f, 0x08, 0x8b, 0x8f, 0xa1, 
    0x8b, 0xa5, 0x87, 0x08, 0xfd, 0x6d, 0x80, 0x15, 0xac, 0x8b, 0xa9, 0x87, 
    0x87, 0x8b, 0x08, 0x8b, 0x88, 0xfb, 0x55, 0x8e, 0x6a, 0x8f, 0x08, 0x71, 
    0x8f, 0xf3, 0x8b, 0xe4, 0x87, 0x08, 0xf9, 0x96, 0x8b, 0x15, 0x87, 0x8b, 
    0x8b, 0x8b, 0x88, 0x8b, 0x08, 0x87, 0x8f, 0x8b, 0x8b, 0x8f, 0x8b, 0x08, 
    0x8e, 0x8b, 0x8f, 0x8b, 0x8b, 0x87, 0x08, 0xfc, 0x2f, 0x87, 0x15, 0xb4, 
    0x8b, 0xa8, 0x8b, 0x8b, 0x88, 0x08, 0x8b, 0x8b, 0x88, 0x87, 0x83, 0x8b, 
    0x08, 0x87, 0x8b, 0x9a, 0x87, 0xa5, 0x8b, 0x08, 0xb8, 0x8b, 0x9d, 0x8b, 
    0x8b, 0x84, 0x08, 0x8b, 0x87, 0xfb, 0x21, 0x8b, 0x36, 0x8f, 0x08, 0x66, 
    0x8b, 0x80, 0x8f, 0x8b, 0x8e, 0x08, 0x8b, 0x8f, 0x96, 0x8b, 0xbf, 0x8b, 
    0x08, 0xce, 0x8b, 0x05, 0x4c, 0x8f, 0x05, 0x5e, 0x8b, 0x79, 0x8b, 0x8b, 
    0x8e, 0x08, 0x8b, 0x8f, 0x92, 0x8b, 0x96, 0x8b, 0x08, 0x96, 0x87, 0xb4, 
    0x8b, 0xb4, 0x8b, 0x08, 0xf8, 0x3e, 0x8b, 0x15, 0x8b, 0x88, 0x87, 0x8b, 
    0x84, 0x8e, 0x08, 0x87, 0x8f, 0x8b, 0x8b, 0x92, 0x8b, 0x08, 0x8f, 0x8b, 
    0x8f, 0x8b, 0x8b, 0x87, 0x08, 0xb7, 0x84, 0x15, 0x88, 0x8b, 0x83, 0x8b, 
    0x87, 0x8b, 0x08, 0x88, 0x8f, 0x8e, 0x8b, 0x93, 0x8b, 0x08, 0x92, 0x8b, 
    0x8f, 0x8b, 0x87, 0x87, 0x08, 0x1c, 0xfa, 0xdd, 0x80, 0x15, 0x88, 0x8b, 
    0x8b, 0x8b, 0x87, 0x8b, 0x08, 0x87, 0x8f, 0x8b, 0x8b, 0x8f, 0x8b, 0x08, 
    0x8f, 0x8b, 0x8e, 0x8b, 0x8b, 0x87, 0x08, 0xa5, 0x8b, 0x15, 0x84, 0x87, 
    0x87, 0x8b, 0x8b, 0x8f, 0x08, 0x8b, 0x8f, 0x8f, 0x8b, 0x8f, 0x8b, 0x08, 
    0x92, 0x8b, 0x8b, 0x8b, 0x87, 0x87, 0x08, 0xb0, 0x7c, 0x15, 0x8b, 0x87, 
    0x80, 0x8b, 0x6a, 0x8b, 0x08, 0x5f, 0x8b, 0x87, 0x8b, 0x8f, 0x93, 0x08, 
    0x8b, 0x8e, 0x8e, 0x8b, 0xb4, 0x8b, 0x08, 0xa9, 0x8b, 0x96, 0x88, 0x8e, 
    0x87, 0x08, 0xbc, 0x8f, 0x15, 0x87, 0x83, 0x78, 0x8b, 0x8b, 0x8f, 0x08, 
    0x8b, 0x92, 0x8f, 0x8b, 0x92, 0x8b, 0x08, 0x93, 0x8b, 0x8f, 0x8b, 0x8b, 
    0x88, 0x08, 0xb0, 0x83, 0x15, 0x8b, 0x88, 0x8b, 0x8b, 0x83, 0x8b, 0x08, 
    0x87, 0x8b, 0x88, 0x8e, 0x8b, 0x8f, 0x08, 0x8b, 0x8f, 0x8b, 0x8b, 0x92, 
    0x8b, 0x08, 0x8f, 0x8b, 0x8f, 0x87, 0x8b, 0x87, 0x08, 0xf8, 0x63, 0x84, 
    0x15, 0x92, 0x8b, 0x8f, 0x8b, 0x8b, 0x84, 0x08, 0x8b, 0x87, 0x7c, 0x8b, 
    0x36, 0x8b, 0x08, 0x80, 0x8b, 0x5e, 0x8b, 0x62, 0x8b, 0x08, 0x45, 0x8b, 
    0x87, 0x8b, 0x8b, 0x92, 0x08, 0x8b, 0x93, 0x8b, 0x8b, 0xf7, 0x0f, 0x8b, 
    0x08, 0xd1, 0x87, 0xc6, 0x8b, 0x93, 0x8b, 0x08, 0xfb, 0xc8, 0x84, 0x15, 
    0x87, 0x8b, 0x8b, 0x8b, 0x88, 0x8b, 0x08, 0x87, 0x8e, 0x8b, 0x8b, 0x8f, 
    0x8b, 0x08, 0x8e, 0x8b, 0x8f, 0x8b, 0x8b, 0x88, 0x08, 0xf8, 0xda, 0x4c, 
    0x15, 0xac, 0x7c, 0x8b, 0x44, 0x6a, 0x71, 0x08, 0x80, 0x80, 0x87, 0x8b, 
    0x7c, 0x8b, 0x08, 0x75, 0x8f, 0x44, 0xa9, 0x7d, 0x96, 0x08, 0x78, 0x9d, 
    0x8f, 0xbf, 0xa5, 0x96, 0x08, 0x8e, 0x8b, 0xa9, 0x8f, 0xa9, 0x8b, 0x08, 
    0xb3, 0x8b, 0x9a, 0x8b, 0x93, 0x84, 0x08, 0xfc, 0x16, 0x87, 0x15, 0x9e, 
    0x80, 0x92, 0x71, 0x84, 0x69, 0x08, 0x8b, 0x80, 0x87, 0x8b, 0x84, 0x8b, 
    0x08, 0x80, 0x8f, 0x87, 0x87, 0x7c, 0x79, 0x08, 0x79, 0x7c, 0x87, 0x87, 
    0x80, 0x8b, 0x08, 0x80, 0x8b, 0x83, 0x8f, 0x80, 0x96, 0x08, 0x75, 0x9e, 
    0x87, 0x96, 0x96, 0xa1, 0x08, 0x93, 0x96, 0x92, 0x93, 0x9a, 0x92, 0x08, 
    0x92, 0x92, 0x9a, 0x96, 0x93, 0x8f, 0x08, 0x9a, 0x93, 0x96, 0x8e, 0x99, 
    0x84, 0x08, 0xf7, 0xc0, 0xfb, 0x07, 0x15, 0xa9, 0x80, 0xa5, 0x80, 0x9a, 
    0x8b, 0x08, 0x92, 0x87, 0x96, 0x8b, 0x8f, 0x8b, 0x08, 0x9a, 0x87, 0x92, 
    0x8f, 0x9a, 0x96, 0x08, 0x8f, 0x8f, 0x8e, 0x8f, 0x8f, 0x87, 0x08, 0x96, 
    0x8b, 0x88, 0x87, 0x7f, 0x80, 0x08, 0x84, 0x84, 0x87, 0x87, 0x8f, 0x87, 
    0x08, 0x8b, 0x8b, 0x8b, 0x8b, 0x87, 0x8b, 0x08, 0x88, 0x8f, 0x87, 0x8b, 
    0x8b, 0x87, 0x08, 0x8b, 0x84, 0x6a, 0x8b, 0x80, 0x8f, 0x08, 0x83, 0x8e, 
    0x87, 0x8b, 0x88, 0x8b, 0x08, 0x8b, 0x8b, 0x87, 0x8b, 0x8b, 0x8f, 0x08, 
    0x8b, 0x8b, 0x7c, 0x96, 0x79, 0x93, 0x08, 0x69, 0x99, 0x7d, 0x96, 0x92, 
    0x8b, 0x08, 0x8b, 0x8b, 0x96, 0x88, 0x92, 0x87, 0x08, 0x0e, 0x1c, 0x08, 
    0x3b, 0xf7, 0x86, 0xf9, 0x4d, 0x15, 0x7e, 0x8b, 0x82, 0x7e, 0x87, 0x76, 
    0x08, 0x8b, 0x7a, 0x87, 0x8b, 0x7e, 0x8b, 0x08, 0x7a, 0x87, 0x8b, 0x8b, 
    0x87, 0x75, 0x08, 0x8b, 0x76, 0x93, 0x83, 0x98, 0x8b, 0x08, 0x98, 0x8b, 
    0x8b, 0x8b, 0x87, 0x7e, 0x08, 0x86, 0x7e, 0x87, 0x8b, 0x7e, 0x8b, 0x08, 
    0x83, 0x8b, 0x7e, 0x8b, 0x87, 0x8f, 0x08, 0x87, 0x90, 0x6d, 0x8b, 0x5c, 
    0x86, 0x08, 0x43, 0x8b, 0x05, 0x8b, 0x76, 0x05, 0x8b, 0x72, 0x8b, 0x8b, 
    0xba, 0x8b, 0x08, 0xb5, 0x8b, 0x98, 0x86, 0x8b, 0x83, 0x08, 0x8b, 0x8b, 
    0x8f, 0x82, 0x8b, 0x87, 0x08, 0x8f, 0x87, 0x8b, 0x87, 0x87, 0x82, 0x08, 
    0x83, 0x7e, 0x86, 0x6e, 0x94, 0x7e, 0x08, 0x8f, 0x82, 0xa5, 0x87, 0x93, 
    0x98, 0x08, 0x94, 0x93, 0x8b, 0xa9, 0x86, 0x9c, 0x08, 0x83, 0x94, 0x8b, 
    0x8f, 0x93, 0x98, 0x08, 0x90, 0x97, 0x8f, 0x8b, 0x9c, 0x8b, 0x08, 0xa0, 
    0x8b, 0x8f, 0x8b, 0x87, 0x83, 0x08, 0x8b, 0x82, 0x8b, 0x83, 0x8f, 0x87, 
    0x08, 0x90, 0x82, 0x93, 0x8b, 0xf7, 0x36, 0x8b, 0x08, 0xe8, 0x87, 0xf7, 
    0x42, 0x8b, 0xf7, 0x0b, 0x87, 0x08, 0xf7, 0x0b, 0x86, 0xf7, 0x07, 0x8b, 
    0xa4, 0x90, 0x08, 0xb6, 0x8b, 0x05, 0x8f, 0x75, 0x05, 0x8f, 0x83, 0x8f, 
    0x7e, 0x8b, 0x8b, 0x08, 0x94, 0x87, 0x7e, 0xfb, 0x6d, 0x83, 0x36, 0x08, 
    0x82, 0x65, 0x8b, 0x6d, 0x8b, 0x87, 0x08, 0x8b, 0x87, 0xa5, 0x87, 0xf1, 
    0x6d, 0x08, 0xb5, 0x7e, 0xa9, 0x87, 0x8b, 0x93, 0x08, 0x8b, 0x8b, 0x8f, 
    0xa5, 0x8b, 0xa4, 0x08, 0x94, 0xc7, 0x97, 0xf7, 0x0b, 0x90, 0xcf, 0x08, 
    0x8b, 0xad, 0x8f, 0x9c, 0x8f, 0x8f, 0x08, 0x8b, 0x8b, 0x8f, 0x8f, 0x8b, 
    0x8b, 0x08, 0x8b, 0x8f, 0x90, 0x90, 0x8f, 0x8b, 0x08, 0x93, 0x8b, 0x90, 
    0x93, 0x82, 0x8b, 0x08, 0x87, 0x8b, 0x8b, 0x94, 0x8f, 0x8f, 0x08, 0x8b, 
    0x93, 0x8f, 0x8b, 0x98, 0x8b, 0x08, 0x98, 0x8b, 0x8b, 0x8b, 0x87, 0x83, 
    0x08, 0x82, 0x7e, 0x8f, 0x69, 0x98, 0x7f, 0x08, 0x94, 0x82, 0x8f, 0x8b, 
    0xad, 0x8b, 0x08, 0x9c, 0x8f, 0xa0, 0x8b, 0x8f, 0x90, 0x08, 0x8b, 0x8f, 
    0x90, 0x8b, 0x8f, 0x87, 0x08, 0x93, 0x82, 0xd8, 0xfb, 0x13, 0x8b, 0x86, 
    0x08, 0x93, 0x69, 0xc2, 0xa1, 0xc7, 0xc6, 0x08, 0x8f, 0x8f, 0x83, 0x94, 
    0x60, 0xb5, 0x08, 0x4b, 0xcf, 0x87, 0x98, 0xa9, 0xad, 0x08, 0x93, 0x93, 
    0x90, 0x8b, 0xb5, 0x8b, 0x08, 0xc2, 0x8b, 0xb2, 0x7f, 0xd7, 0x69, 0x08, 
    0xcb, 0x69, 0xcb, 0x69, 0x97, 0x7e, 0x08, 0x94, 0x87, 0x8b, 0x8b, 0x82, 
    0x82, 0x08, 0x83, 0x83, 0x87, 0x7a, 0x97, 0x7e, 0x08, 0x90, 0x83, 0x8f, 
    0x8b, 0x9c, 0x8b, 0x08, 0xa4, 0x8b, 0x98, 0x93, 0x8b, 0x9c, 0x08, 0x8b, 
    0x94, 0x93, 0x8b, 0xa5, 0x7e, 0x08, 0xa0, 0x82, 0x9c, 0x90, 0x94, 0x97, 
    0x08, 0x97, 0xa9, 0x94, 0xcb, 0x8b, 0xd3, 0x08, 0x8b, 0xbe, 0x87, 0x93, 
    0x7a, 0x98, 0x08, 0x75, 0x8f, 0x26, 0x90, 0x7e, 0x82, 0x08, 0x82, 0x87, 
    0x25, 0x8b, 0x61, 0x8f, 0x08, 0x4f, 0x94, 0x7a, 0x93, 0x7a, 0xa5, 0x08, 
    0x7a, 0x9c, 0x87, 0x8f, 0x83, 0x8b, 0x08, 0x82, 0x8b, 0x87, 0x8b, 0x8b, 
    0x93, 0x08, 0x8b, 0x98, 0x87, 0x8f, 0x7e, 0x94, 0x08, 0x82, 0x93, 0x87, 
    0x90, 0x8b, 0x93, 0x08, 0x8b, 0x94, 0x87, 0x8f, 0x87, 0x8f, 0x08, 0x82, 
    0x8f, 0x83, 0x7f, 0x8b, 0x7a, 0x08, 0x8b, 0x7a, 0x8b, 0x8b, 0x7e, 0x8b, 
    0x08, 0x76, 0x8b, 0x86, 0x8b, 0x8b, 0x82, 0x08, 0x8b, 0x83, 0x8b, 0x8b, 
    0x76, 0x8b, 0x08, 0x7e, 0x8f, 0x50, 0x8b, 0x50, 0x8f, 0x08, 0xfb, 0x8b, 
    0x94, 0x54, 0x8f, 0x87, 0x8f, 0x08, 0x86, 0x8f, 0x76, 0x8b, 0x76, 0x8b, 
    0x08, 0x71, 0x8b, 0x7a, 0x8b, 0x87, 0x90, 0x08, 0x83, 0x8f, 0x60, 0x8f, 
    0xfb, 0x0f, 0x8f, 0x08, 0x2e, 0x90, 0xfb, 0x03, 0x93, 0x5c, 0x8b, 0x08, 
    0x5d, 0x8f, 0x43, 0x8b, 0x5c, 0x8b, 0x08, 0x5c, 0x90, 0x5c, 0x8b, 0x7f, 
    0x8f, 0x08, 0x7a, 0x8b, 0x86, 0x8b, 0x90, 0x93, 0x08, 0x8b, 0x98, 0x82, 
    0xa5, 0x83, 0x8f, 0x08, 0x82, 0x8f, 0x83, 0x8b, 0x7a, 0x87, 0x08, 0xf7, 
    0x79, 0xfb, 0x03, 0x15, 0x94, 0x83, 0x7e, 0x82, 0x7e, 0x90, 0x08, 0x76, 
    0x8f, 0x8b, 0x98, 0x9c, 0x8b, 0x08, 0x93, 0x8b, 0x94, 0x86, 0x8f, 0x8b, 
    0x08, 0xf5, 0x87, 0x15, 0x8f, 0x83, 0x8b, 0x8b, 0x87, 0x86, 0x08, 0x7e, 
    0x87, 0x7a, 0x94, 0x8b, 0x93, 0x08, 0x8b, 0x8f, 0xa1, 0x8b, 0x93, 0x87, 
    0x08, 0xf5, 0x87, 0x15, 0x98, 0x8b, 0x87, 0x7e, 0x82, 0x8b, 0x08, 0x7f, 
    0x8b, 0x82, 0x8f, 0x8b, 0x94, 0x08, 0x8b, 0x8f, 0x98, 0x8b, 0x93, 0x87, 
    0x08, 0xfc, 0xaf, 0xfb, 0x18, 0x15, 0x8b, 0x7a, 0x87, 0x87, 0x82, 0x8b, 
    0x08, 0x7e, 0x8b, 0x8b, 0x8b, 0x8b, 0xa0, 0x08, 0x8b, 0xa0, 0x8b, 0x8b, 
    0x98, 0x8b, 0x08, 0x98, 0x8b, 0x8b, 0x8b, 0x8b, 0x76, 0x08, 0x1c, 0x04, 
    0xe5, 0x43, 0x15, 0x8b, 0x87, 0x8b, 0x7e, 0x8b, 0x87, 0x08, 0x87, 0x82, 
    0x8b, 0x83, 0x8f, 0x8b, 0x08, 0x8b, 0x87, 0x87, 0x8b, 0x82, 0x8b, 0x08, 
    0x83, 0x8b, 0x87, 0x8f, 0x82, 0x93, 0x08, 0x87, 0x9c, 0x8b, 0xa5, 0x93, 
    0x97, 0x08, 0x90, 0x90, 0x8f, 0x8b, 0x93, 0x82, 0x08, 0x90, 0x87, 0x8f, 
    0x82, 0x8f, 0x83, 0x08, 0xa0, 0x71, 0x15, 0x87, 0x83, 0x87, 0x83, 0x87, 
    0x8b, 0x08, 0x86, 0x8b, 0x8b, 0x8f, 0x90, 0x8f, 0x08, 0x8f, 0x8f, 0x8f, 
    0x8f, 0x8b, 0x90, 0x08, 0x8b, 0x8b, 0x8b, 0x8f, 0x8f, 0x8b, 0x08, 0x90, 
    0x8b, 0x8b, 0x87, 0x86, 0x86, 0x08, 0xf8, 0xbc, 0x3b, 0x15, 0x9c, 0x8b, 
    0x90, 0x8b, 0x8b, 0x82, 0x08, 0x8b, 0x87, 0x86, 0x87, 0x8b, 0x87, 0x08, 
    0x87, 0x82, 0x87, 0x8b, 0x76, 0x8f, 0x08, 0x7a, 0x8b, 0x82, 0x90, 0x8b, 
    0x8f, 0x08, 0x8b, 0x98, 0x90, 0x93, 0x93, 0x8b, 0x08, 0x8b, 0x87, 0x98, 
    0x8b, 0x97, 0x8b, 0x08, 0x0e, 0x1c, 0x06, 0xdb, 0xf8, 0x6b, 0xf9, 0x50, 
    0x15, 0x88, 0x87, 0x83, 0x8b, 0x80, 0x8b, 0x08, 0x61, 0x8b, 0x80, 0x78, 
    0x8b, 0x43, 0x08, 0x8b, 0x66, 0x87, 0x61, 0x83, 0x74, 0x08, 0x8b, 0x84, 
    0x88, 0x87, 0x87, 0x8b, 0x08, 0x87, 0x8b, 0x87, 0x87, 0x87, 0x8b, 0x08, 
    0x88, 0x84, 0x7b, 0x8b, 0x40, 0x8e, 0x08, 0x4e, 0x8b, 0x6d, 0x8b, 0x8f, 
    0x88, 0x08, 0x8b, 0x87, 0xf7, 0x05, 0x87, 0xcc, 0x8b, 0x08, 0x92, 0x8b, 
    0x93, 0x8b, 0x8b, 0x87, 0x08, 0x87, 0x87, 0x38, 0x8b, 0x3f, 0x8f, 0x08, 
    0x65, 0x8f, 0x65, 0x8b, 0x84, 0x8b, 0x08, 0x7c, 0x8b, 0x05, 0x92, 0x93, 
    0x05, 0x93, 0x8b, 0x9a, 0x8e, 0x96, 0x8b, 0x08, 0x9e, 0x8b, 0x93, 0x8f, 
    0x7f, 0x8f, 0x08, 0x88, 0x8f, 0x69, 0x8b, 0x61, 0x8e, 0x08, 0x3f, 0x8b, 
    0x8b, 0x8b, 0x87, 0x75, 0x08, 0x88, 0x7f, 0x8b, 0x8b, 0x92, 0x88, 0x08, 
    0x93, 0x8b, 0x8f, 0x7f, 0x83, 0x8b, 0x08, 0x83, 0x8b, 0x8b, 0x84, 0x8f, 
    0x83, 0x08, 0x93, 0x87, 0xf7, 0x27, 0x88, 0x8f, 0x92, 0x08, 0x8b, 0x8f, 
    0xa6, 0x8b, 0xcb, 0x8b, 0x08, 0xd7, 0x87, 0x9a, 0x8b, 0x92, 0x87, 0x08, 
    0x8f, 0x88, 0x93, 0x87, 0x92, 0x8b, 0x08, 0x97, 0x8b, 0x8b, 0x87, 0x96, 
    0x6d, 0x08, 0x96, 0x5a, 0x88, 0x8e, 0xbc, 0x8b, 0x08, 0xb1, 0x8b, 0x05, 
    0x96, 0x9a, 0x05, 0x93, 0x9b, 0x05, 0xf7, 0x14, 0x8b, 0x05, 0xf7, 0x15, 
    0x8b, 0x05, 0x9e, 0x7f, 0x05, 0xa1, 0x80, 0x05, 0xb9, 0x2c, 0x05, 0xa5, 
    0x56, 0xa2, 0x5e, 0x8f, 0x87, 0x08, 0x8f, 0x87, 0x9a, 0x84, 0x92, 0x87, 
    0x08, 0x97, 0x87, 0x9e, 0x87, 0x96, 0x84, 0x08, 0xad, 0x80, 0xbc, 0x87, 
    0xc4, 0x8f, 0x08, 0xc4, 0x92, 0xa5, 0x96, 0x8f, 0x9e, 0x08, 0x8f, 0x9e, 
    0x8b, 0x9a, 0x83, 0xad, 0x08, 0x84, 0xaa, 0x74, 0xb8, 0x78, 0xa6, 0x08, 
    0x80, 0x9e, 0x8e, 0xa1, 0x9b, 0x97, 0x08, 0x96, 0x8e, 0x8b, 0x8b, 0x96, 
    0x88, 0x08, 0x9e, 0x7f, 0x9e, 0x7c, 0x9a, 0x74, 0x08, 0x93, 0x80, 0x92, 
    0x80, 0x8f, 0x8b, 0x08, 0x93, 0x87, 0x8e, 0x8b, 0x8f, 0x87, 0x08, 0x8f, 
    0x8b, 0x8f, 0x87, 0x8f, 0x8b, 0x08, 0x92, 0x88, 0x8b, 0x87, 0x87, 0x74, 
    0x08, 0x88, 0x61, 0x83, 0x56, 0x80, 0x57, 0x08, 0x83, 0x6c, 0x87, 0x75, 
    0x8b, 0x87, 0x08, 0x8b, 0x83, 0x93, 0x87, 0xb8, 0x78, 0x08, 0xb1, 0x7c, 
    0xa6, 0x84, 0x96, 0x8b, 0x08, 0x9e, 0x87, 0x05, 0x96, 0xb8, 0x05, 0x9a, 
    0xcc, 0x97, 0xc0, 0x8f, 0xc0, 0x08, 0x8e, 0xb1, 0x8b, 0x8e, 0x97, 0x8b, 
    0x08, 0x92, 0x8b, 0x8b, 0x8b, 0x8b, 0xa6, 0x08, 0x8b, 0x9e, 0x8f, 0x96, 
    0x8b, 0x8f, 0x08, 0x8f, 0x8b, 0x92, 0x8b, 0x97, 0x87, 0x08, 0xf7, 0x09, 
    0x69, 0xa2, 0x83, 0x9e, 0x80, 0x08, 0x8e, 0x87, 0x97, 0x8b, 0x92, 0x8b, 
    0x08, 0x97, 0x8b, 0x8e, 0x8f, 0x93, 0x96, 0x08, 0x93, 0x93, 0x96, 0x96, 
    0x8f, 0x93, 0x08, 0x96, 0x9a, 0x8b, 0x8b, 0x8f, 0xc8, 0x08, 0x8f, 0xc7, 
    0x05, 0x7c, 0xb5, 0x05, 0x78, 0xc7, 0x8b, 0x88, 0x7b, 0x8e, 0x08, 0x7c, 
    0x8b, 0x80, 0x88, 0x9a, 0x87, 0x08, 0x8f, 0x8b, 0x80, 0x87, 0x78, 0x8b, 
    0x08, 0x74, 0x8b, 0x7c, 0x8f, 0x8b, 0x8b, 0x08, 0x8b, 0x8f, 0x87, 0x8b, 
    0x8b, 0x8b, 0x08, 0x87, 0x8b, 0x87, 0x8b, 0x8b, 0x87, 0x08, 0x8b, 0x87, 
    0x80, 0x8b, 0x80, 0x93, 0x08, 0x7c, 0x92, 0x87, 0x87, 0x78, 0x78, 0x08, 
    0x78, 0x7c, 0x8b, 0x8b, 0x74, 0x8b, 0x08, 0x7c, 0x8b, 0x78, 0x8b, 0x80, 
    0x8f, 0x08, 0x83, 0x8b, 0x5e, 0x8f, 0x61, 0x8f, 0x08, 0x4f, 0x8b, 0x7c, 
    0x8b, 0x8b, 0x87, 0x08, 0x8e, 0x87, 0x8b, 0x8b, 0x88, 0x8b, 0x08, 0x87, 
    0x8f, 0x8b, 0x8b, 0x8b, 0x8f, 0x08, 0x8b, 0x8b, 0x87, 0x8e, 0x83, 0x8b, 
    0x08, 0x80, 0x8f, 0x8b, 0x8b, 0x87, 0xb1, 0x08, 0x8b, 0xa2, 0x88, 0xa1, 
    0x8b, 0x8f, 0x08, 0x8b, 0x93, 0x8b, 0x96, 0x87, 0x93, 0x08, 0x87, 0x9e, 
    0x83, 0x8e, 0x4f, 0x8f, 0x08, 0x7c, 0x8b, 0x6c, 0x8b, 0x7c, 0x8b, 0x08, 
    0x47, 0x8f, 0xfb, 0x01, 0x93, 0x61, 0x8e, 0x08, 0x74, 0x8b, 0x71, 0x8b, 
    0x87, 0x8b, 0x08, 0x87, 0x8f, 0x71, 0x8b, 0x70, 0x8b, 0x08, 0x29, 0x93, 
    0xfb, 0x3e, 0x92, 0x74, 0x8f, 0x08, 0x7f, 0x8b, 0x7c, 0x8b, 0x8b, 0x8b, 
    0x08, 0xf7, 0xda, 0x6d, 0x15, 0x8b, 0x8b, 0x8b, 0x87, 0x87, 0x8b, 0x08, 
    0x87, 0x8f, 0x8b, 0x8f, 0x8b, 0x8e, 0x08, 0x8b, 0x8b, 0x8b, 0x8f, 0x8f, 
    0x87, 0x08, 0x8f, 0x8b, 0x8b, 0x88, 0x8b, 0x87, 0x08, 0xfb, 0x15, 0x65, 
    0x15, 0xc4, 0x8b, 0xf7, 0x11, 0x83, 0xe9, 0x84, 0x08, 0xf7, 0x46, 0x7f, 
    0x05, 0x96, 0x84, 0x05, 0x93, 0x7f, 0x8f, 0x88, 0x8b, 0x69, 0x08, 0x8b, 
    0x69, 0x05, 0x56, 0x8b, 0x05, 0x5a, 0x8e, 0x8b, 0x8b, 0x96, 0x84, 0x08, 
    0xa6, 0x83, 0x7f, 0x87, 0x71, 0x97, 0x08, 0x70, 0x92, 0x84, 0x8b, 0x30, 
    0x8b, 0x08, 0x56, 0x8b, 0x38, 0x8b, 0x59, 0x8f, 0x08, 0x34, 0x8f, 0x88, 
    0x8b, 0x74, 0x80, 0x08, 0x7c, 0x87, 0x78, 0x87, 0x83, 0x8b, 0x08, 0x7c, 
    0x8b, 0x78, 0x9a, 0x8b, 0x9a, 0x08, 0x8b, 0x8f, 0x8b, 0x8f, 0x87, 0x8b, 
    0x08, 0x8b, 0x87, 0x84, 0x8b, 0x83, 0x8f, 0x08, 0x84, 0x8b, 0x05, 0x8b, 
    0xb1, 0x05, 0x8f, 0xa5, 0x8b, 0x9a, 0x8e, 0x93, 0x08, 0x93, 0x96, 0x8f, 
    0x8b, 0xf7, 0x18, 0x80, 0x08, 0xf7, 0x42, 0x74, 0x15, 0x8b, 0x8b, 0x8f, 
    0x87, 0x8f, 0x88, 0x08, 0x96, 0x7f, 0x8f, 0x78, 0x83, 0x80, 0x08, 0x84, 
    0x80, 0x7c, 0x87, 0x6c, 0x8b, 0x08, 0x78, 0x8b, 0x88, 0x87, 0x8b, 0x84, 
    0x08, 0x8b, 0x83, 0x8b, 0x8b, 0xc3, 0x8b, 0x08, 0xc4, 0x8b, 0x05, 0x87, 
    0xa5, 0x05, 0x88, 0xaa, 0x87, 0x92, 0x7f, 0x97, 0x08, 0x84, 0x92, 0x74, 
    0x93, 0x8b, 0x83, 0x08, 0xfb, 0xac, 0x52, 0x15, 0x8b, 0x8b, 0x93, 0x8b, 
    0x8b, 0x8b, 0x08, 0x8e, 0x8f, 0x88, 0x8b, 0x87, 0x8b, 0x08, 0x87, 0x8b, 
    0x87, 0x8b, 0x8f, 0x87, 0x08, 0x87, 0x79, 0x15, 0x8b, 0x87, 0x93, 0x83, 
    0x92, 0x8b, 0x08, 0x93, 0x8b, 0x8b, 0x8b, 0x83, 0x8f, 0x08, 0x88, 0x8f, 
    0x87, 0x8f, 0x8b, 0x8b, 0x08, 0x8b, 0x8e, 0x8b, 0x8b, 0x87, 0x8b, 0x08, 
    0x87, 0x8b, 0x8b, 0x8b, 0x8b, 0x88, 0x08, 0xf2, 0x8e, 0x15, 0x8e, 0x88, 
    0xad, 0x87, 0x88, 0x8f, 0x08, 0x8b, 0x8e, 0x83, 0x8b, 0x80, 0x8b, 0x08, 
    0x83, 0x8b, 0x84, 0x8b, 0x8b, 0x8b, 0x08, 0xcb, 0x84, 0x15, 0x8b, 0x8b, 
    0x92, 0x8b, 0x8b, 0x8b, 0x08, 0x8f, 0x8f, 0x87, 0x8b, 0x88, 0x8b, 0x08, 
    0x87, 0x8b, 0x87, 0x8b, 0x8f, 0x87, 0x08, 0xad, 0x8b, 0x15, 0x8b, 0x87, 
    0x8b, 0x8b, 0x8f, 0x8b, 0x08, 0x8b, 0x8b, 0x8e, 0x8b, 0x8f, 0x8f, 0x08, 
    0x8b, 0x8f, 0x87, 0x8b, 0x8b, 0x8b, 0x08, 0x88, 0x8b, 0x87, 0x8b, 0x8b, 
    0x87, 0x08, 0x52, 0x7c, 0x15, 0x8b, 0x87, 0x87, 0x8b, 0x84, 0x8b, 0x08, 
    0x83, 0x8b, 0x87, 0x8b, 0x8b, 0x8f, 0x08, 0x8b, 0x8e, 0x8f, 0x8b, 0x8f, 
    0x8b, 0x08, 0x93, 0x8b, 0x8e, 0x8b, 0x8f, 0x88, 0x08, 0xfb, 0x46, 0x74, 
    0x15, 0x8b, 0x8b, 0x7c, 0x8b, 0x78, 0x8b, 0x08, 0x75, 0x8b, 0x7b, 0x8b, 
    0x8b, 0x8f, 0x08, 0x8b, 0x8e, 0xd0, 0x88, 0x8e, 0x87, 0x08, 0xf7, 0x5d, 
    0x8b, 0x15, 0x96, 0x8b, 0x93, 0x8b, 0x8b, 0x87, 0x08, 0x8b, 0x87, 0x7c, 
    0x8b, 0x69, 0x8b, 0x08, 0x6c, 0x8f, 0x69, 0x8b, 0x7c, 0x8b, 0x08, 0x74, 
    0x8b, 0x84, 0x8b, 0x8f, 0x8f, 0x08, 0x8e, 0x8f, 0xa2, 0x8b, 0xb1, 0x8b, 
    0x08, 0xa9, 0x87, 0xad, 0x8b, 0x93, 0x8b, 0x08, 0xf7, 0x27, 0x83, 0x15, 
    0xb5, 0x8b, 0xb1, 0x88, 0x87, 0x8b, 0x08, 0x87, 0x87, 0xfb, 0x58, 0x92, 
    0x8e, 0x8f, 0x08, 0x8b, 0x8f, 0x93, 0x8b, 0x96, 0x8b, 0x08, 0x97, 0x87, 
    0xb8, 0x8b, 0xb8, 0x87, 0x08, 0xfd, 0xbd, 0x88, 0x15, 0x8e, 0x87, 0x8b, 
    0x8b, 0x80, 0x8b, 0x08, 0x80, 0x8b, 0x83, 0x8f, 0x8b, 0x8e, 0x08, 0x8b, 
    0x93, 0x9a, 0x87, 0x97, 0x84, 0x08, 0xc0, 0x8e, 0x15, 0x83, 0x84, 0x61, 
    0x8b, 0x8b, 0x92, 0x08, 0x8b, 0x8f, 0x97, 0x8b, 0x9a, 0x8b, 0x08, 0xa2, 
    0x8b, 0x8e, 0x8b, 0x88, 0x87, 0x08, 0xf7, 0xc6, 0x88, 0x15, 0xa9, 0x87, 
    0x93, 0x8b, 0x8b, 0x83, 0x08, 0x87, 0x87, 0x4f, 0x8f, 0x87, 0x8f, 0x08, 
    0x8b, 0x8b, 0x87, 0x8f, 0x87, 0x8b, 0x08, 0x8b, 0x8b, 0x88, 0x8b, 0x8e, 
    0x8f, 0x08, 0x8b, 0x8e, 0x8b, 0x8b, 0x8f, 0x8b, 0x08, 0x8b, 0x88, 0x9a, 
    0x8b, 0x9e, 0x8b, 0x08, 0xf8, 0xbd, 0x8b, 0x15, 0x8b, 0x87, 0x87, 0x8b, 
    0x8b, 0x8b, 0x08, 0x87, 0x8b, 0x87, 0x8b, 0x8b, 0x8f, 0x08, 0x87, 0x8e, 
    0x8f, 0x8b, 0x8b, 0x8b, 0x08, 0x8f, 0x8b, 0x8f, 0x8b, 0x8f, 0x88, 0x08, 
    0xbc, 0x87, 0x15, 0x83, 0x8b, 0x84, 0x8b, 0x83, 0x8b, 0x08, 0x83, 0x8b, 
    0x8f, 0x8f, 0x9a, 0x8b, 0x08, 0x9b, 0x8b, 0x8e, 0x87, 0x84, 0x8b, 0x08, 
    0xa5, 0x87, 0x15, 0x87, 0x8b, 0x8b, 0x8b, 0x88, 0x8b, 0x08, 0x87, 0x8f, 
    0x8b, 0x8b, 0x8f, 0x8b, 0x08, 0x8e, 0x8b, 0x8f, 0x8b, 0x8b, 0x87, 0x08, 
    0x97, 0x87, 0x15, 0x87, 0x8b, 0x8b, 0x8b, 0x87, 0x8b, 0x08, 0x87, 0x8f, 
    0x8b, 0x8b, 0x8f, 0x8b, 0x08, 0x8f, 0x8b, 0x8f, 0x8b, 0x8b, 0x87, 0x08, 
    0xf7, 0x6b, 0x8b, 0x15, 0x8b, 0x87, 0x87, 0x8b, 0x8b, 0x8b, 0x08, 0x88, 
    0x8b, 0x87, 0x8b, 0x8b, 0x8f, 0x08, 0x8b, 0x8f, 0x8f, 0x8b, 0x8e, 0x8b, 
    0x08, 0x8b, 0x8b, 0x8f, 0x8b, 0x8b, 0x87, 0x08, 0xfb, 0x05, 0x84, 0x15, 
    0x92, 0x87, 0x9a, 0x87, 0x97, 0x8b, 0x08, 0x96, 0x8b, 0x93, 0x8b, 0x8f, 
    0x87, 0x08, 0x8e, 0x84, 0x47, 0x92, 0x84, 0x97, 0x08, 0x83, 0x8e, 0x8f, 
    0x8b, 0x9e, 0x88, 0x08, 0xf5, 0x7f, 0x15, 0x8b, 0x87, 0x7f, 0x8b, 0x80, 
    0x8b, 0x08, 0x80, 0x8b, 0x7f, 0x8b, 0x8b, 0x8f, 0x08, 0x88, 0x8f, 0x92, 
    0x8b, 0x9a, 0x8b, 0x08, 0x9a, 0x8b, 0x97, 0x8b, 0x8b, 0x87, 0x08, 0xfd, 
    0x01, 0x7c, 0x15, 0x8b, 0x8b, 0x84, 0x8b, 0x87, 0x8b, 0x08, 0x87, 0x8f, 
    0x8f, 0x8b, 0x92, 0x8b, 0x08, 0x8f, 0x8b, 0x8f, 0x8b, 0x87, 0x87, 0x08, 
    0xc8, 0x8b, 0x15, 0x83, 0x8b, 0x84, 0x8b, 0x83, 0x8b, 0x08, 0x83, 0x8b, 
    0x8f, 0x8f, 0x9a, 0x8b, 0x08, 0x9a, 0x8b, 0x8f, 0x87, 0x84, 0x8b, 0x08, 
    0xf7, 0x14, 0x8b, 0x15, 0x88, 0x8b, 0x8b, 0x8b, 0x87, 0x8b, 0x08, 0x87, 
    0x8f, 0x8b, 0x8b, 0x8f, 0x8b, 0x08, 0x8f, 0x8b, 0x8e, 0x8b, 0x8b, 0x87, 
    0x08, 0xcf, 0x8b, 0x15, 0x84, 0x8b, 0x83, 0x8b, 0x84, 0x8b, 0x08, 0x83, 
    0x8b, 0x8f, 0x8f, 0x9a, 0x8b, 0x08, 0x9a, 0x8b, 0x8f, 0x87, 0x83, 0x8b, 
    0x08, 0xfc, 0x3f, 0x87, 0x15, 0x87, 0x8b, 0x8b, 0x8b, 0x87, 0x8b, 0x08, 
    0x88, 0x8f, 0x8b, 0x8b, 0x8e, 0x8b, 0x08, 0x8f, 0x8b, 0x8f, 0x8b, 0x8b, 
    0x87, 0x08, 0xad, 0x8b, 0x15, 0x87, 0x8b, 0x84, 0x8b, 0x87, 0x8b, 0x08, 
    0x87, 0x8f, 0x8f, 0x8b, 0x92, 0x8b, 0x08, 0x93, 0x8b, 0x8f, 0x8b, 0x87, 
    0x87, 0x08, 0xfa, 0x28, 0x5e, 0x15, 0x87, 0x8b, 0x83, 0x8b, 0x87, 0x8b, 
    0x08, 0x88, 0x8f, 0x8b, 0x8b, 0x96, 0x8b, 0x08, 0x93, 0x8b, 0x8e, 0x8b, 
    0x88, 0x87, 0x08, 0xfc, 0x8f, 0x78, 0x15, 0x8b, 0x8b, 0x8b, 0x83, 0x8e, 
    0x8b, 0x08, 0x8b, 0x88, 0x8b, 0x87, 0x88, 0x8b, 0x08, 0x83, 0x8b, 0x87, 
    0x70, 0x8f, 0x84, 0x08, 0x8f, 0x83, 0x9a, 0x8f, 0x8f, 0x9a, 0x08, 0x8f, 
    0x8f, 0x8e, 0x93, 0x8f, 0x8e, 0x08, 0x8f, 0x8f, 0x8f, 0x93, 0x8e, 0x92, 
    0x08, 0x8b, 0x93, 0x8f, 0x8b, 0x97, 0x8b, 0x08, 0x92, 0x8b, 0x8f, 0x8b, 
    0x8f, 0x7f, 0x08, 0x92, 0x79, 0x87, 0x83, 0x84, 0x7c, 0x08, 0x83, 0x83, 
    0x88, 0x80, 0x8b, 0x8b, 0x08, 0x8b, 0x83, 0x9a, 0x8f, 0x9a, 0x96, 0x08, 
    0x96, 0x97, 0x8f, 0x92, 0x8f, 0x9e, 0x08, 0x8f, 0x9e, 0x05, 0x92, 0x7c, 
    0x05, 0x8f, 0x84, 0x8b, 0x7b, 0x8b, 0x80, 0x08, 0x8b, 0x78, 0x8f, 0x84, 
    0x92, 0x7f, 0x08, 0x8f, 0x84, 0x8f, 0x7f, 0x8b, 0x80, 0x08, 0x8b, 0x80, 
    0x8b, 0x87, 0x92, 0x87, 0x08, 0x93, 0x87, 0x93, 0x71, 0x87, 0x83, 0x08, 
    0x8b, 0x84, 0x8f, 0x87, 0x92, 0x83, 0x08, 0x93, 0x84, 0x8e, 0x83, 0x8b, 
    0x84, 0x08, 0x8b, 0x7f, 0x8b, 0x8b, 0x7c, 0x87, 0x08, 0x84, 0x8b, 0x83, 
    0x8b, 0x87, 0x8b, 0x08, 0x84, 0x88, 0x3b, 0xa5, 0x84, 0x8f, 0x08, 0x8b, 
    0x8f, 0x7c, 0xa1, 0x7c, 0xa6, 0x08, 0x7b, 0xa9, 0x78, 0xad, 0x80, 0x9a, 
    0x08, 0x7c, 0xaa, 0x87, 0x96, 0x93, 0x9a, 0x08, 0x92, 0x9a, 0xaa, 0x9a, 
    0x8b, 0x80, 0x08, 0x0e, 0x1c, 0x06, 0xea, 0xe8, 0xf9, 0x4d, 0x15, 0x8b, 
    0x87, 0x8b, 0x75, 0x8b, 0x6d, 0x08, 0x8f, 0x4f, 0x8b, 0x87, 0x71, 0x8b, 
    0x08, 0x7c, 0x8b, 0x84, 0x88, 0x78, 0x7f, 0x08, 0x6d, 0x75, 0x8f, 0x87, 
    0xbf, 0x8b, 0x08, 0xb0, 0x8b, 0x05, 0x8b, 0x80, 0x05, 0x8b, 0x80, 0x8f, 
    0x87, 0x93, 0x8b, 0x08, 0x8e, 0x8b, 0x8f, 0x8b, 0x8f, 0x87, 0x08, 0x8f, 
    0x8b, 0xa1, 0x8b, 0xa2, 0x8b, 0x08, 0xf7, 0x1a, 0x88, 0xb1, 0x8b, 0x8b, 
    0x83, 0x08, 0x8b, 0x87, 0x8f, 0x8b, 0x99, 0x8b, 0x08, 0x9a, 0x8b, 0x8f, 
    0x8b, 0x8b, 0x8f, 0x08, 0x87, 0x93, 0x97, 0x8b, 0xb8, 0x87, 0x08, 0xf7, 
    0x0b, 0x87, 0x97, 0x8b, 0x92, 0x87, 0x08, 0x8f, 0x88, 0x9e, 0x87, 0xbf, 
    0x87, 0x08, 0xf7, 0x2a, 0x84, 0xb0, 0x83, 0xa5, 0x84, 0x08, 0xa6, 0x7f, 
    0x9a, 0x88, 0xa5, 0x96, 0x08, 0x96, 0x8f, 0x96, 0x8b, 0x9a, 0x8b, 0x08, 
    0x9e, 0x87, 0x8f, 0x8b, 0x8e, 0x80, 0x08, 0x8f, 0x7f, 0x8b, 0x84, 0x84, 
    0x69, 0x08, 0x78, 0x2e, 0x69, 0x3c, 0x53, 0x4b, 0x08, 0x75, 0x71, 0x87, 
    0x84, 0x92, 0x7c, 0x08, 0xa9, 0x53, 0x97, 0x7c, 0x92, 0x7f, 0x08, 0x92, 
    0x80, 0x93, 0x87, 0x92, 0x8b, 0x08, 0x8f, 0x8b, 0x8f, 0x88, 0x8f, 0x87, 
    0x08, 0x8e, 0x87, 0x8b, 0x8b, 0x97, 0x93, 0x08, 0x92, 0x8e, 0x96, 0x9e, 
    0x97, 0x96, 0x08, 0xce, 0xde, 0xb8, 0xe8, 0xa5, 0xf7, 0x05, 0x08, 0x8f, 
    0xa1, 0x8f, 0x93, 0x8e, 0x8b, 0x08, 0x8f, 0x8b, 0x8f, 0x8b, 0x8b, 0x8e, 
    0x08, 0x8f, 0x8b, 0x92, 0x8b, 0x93, 0x8b, 0x08, 0x9d, 0x88, 0x8f, 0x8b, 
    0x84, 0x96, 0x08, 0x87, 0x8f, 0x8b, 0x96, 0x8f, 0xa1, 0x08, 0x8e, 0xa9, 
    0x05, 0x9a, 0x8f, 0x05, 0xa2, 0x8b, 0x92, 0x83, 0x8b, 0x79, 0x08, 0x8b, 
    0x7f, 0x8b, 0x84, 0x84, 0x87, 0x08, 0x87, 0x84, 0x05, 0x96, 0x8b, 0x05, 
    0x96, 0x8e, 0x8b, 0x8b, 0x88, 0x84, 0x08, 0x87, 0x7c, 0x87, 0x8b, 0x7c, 
    0x87, 0x08, 0x7c, 0x88, 0x8b, 0x8b, 0xa2, 0x8b, 0x08, 0x9a, 0x8b, 0x96, 
    0x8b, 0x92, 0x92, 0x08, 0x93, 0x8f, 0x8b, 0x8b, 0x8f, 0x7c, 0x08, 0x9d, 
    0x44, 0x97, 0x5a, 0x87, 0x84, 0x08, 0x87, 0x7f, 0x96, 0x7c, 0x9a, 0x88, 
    0x08, 0x9a, 0x87, 0x8b, 0x8b, 0xa5, 0x96, 0x08, 0xb1, 0xa2, 0x8b, 0x83, 
    0x7c, 0xce, 0x08, 0x74, 0xe9, 0x8b, 0x87, 0x8f, 0xa2, 0x08, 0x8f, 0x96, 
    0x8f, 0x96, 0x8e, 0x8b, 0x08, 0x93, 0x93, 0xc7, 0x7f, 0xec, 0x6a, 0x08, 
    0xc3, 0x7c, 0xbc, 0x7c, 0x8b, 0x8b, 0x08, 0x92, 0x8b, 0x8b, 0x8b, 0x88, 
    0x83, 0x08, 0x87, 0x88, 0x87, 0x83, 0x87, 0x87, 0x08, 0x84, 0x80, 0x8b, 
    0x87, 0x8f, 0x84, 0x08, 0x8e, 0x83, 0x93, 0x8b, 0x9e, 0x8b, 0x08, 0xa9, 
    0x8b, 0x92, 0x97, 0x7c, 0x9d, 0x08, 0x87, 0x8f, 0x88, 0x8f, 0x8b, 0x8f, 
    0x08, 0x8e, 0x8b, 0x93, 0x87, 0x9a, 0x8b, 0x08, 0xa9, 0x83, 0x96, 0x8b, 
    0x8f, 0x93, 0x08, 0x92, 0x96, 0x8f, 0xb4, 0x8b, 0xb8, 0x08, 0x8b, 0xe5, 
    0x8b, 0x8f, 0x48, 0x8b, 0x08, 0x74, 0x8b, 0x57, 0x8b, 0x62, 0x8e, 0x08, 
    0x40, 0x8f, 0x05, 0x74, 0x80, 0x05, 0x75, 0x80, 0x05, 0x74, 0x96, 0x05, 
    0x80, 0x92, 0x80, 0x93, 0x8b, 0x8b, 0x08, 0x8b, 0x92, 0x4f, 0xc4, 0x80, 
    0x8b, 0x08, 0x7c, 0x8e, 0x38, 0x93, 0x88, 0x8b, 0x08, 0x8b, 0x87, 0x7f, 
    0x8f, 0x84, 0x8b, 0x08, 0x74, 0x8f, 0x2a, 0x8e, 0x44, 0x8b, 0x08, 0x66, 
    0x8f, 0x87, 0x8b, 0x83, 0x93, 0x08, 0x88, 0x8e, 0x87, 0x8f, 0x87, 0x8b, 
    0x08, 0x8b, 0x87, 0x87, 0x8b, 0x8b, 0x8f, 0x08, 0x8b, 0x8f, 0x8f, 0x8b, 
    0x93, 0x8b, 0x08, 0x8e, 0x8b, 0x8f, 0x8f, 0x8b, 0x8e, 0x08, 0x8b, 0x93, 
    0x8b, 0x8b, 0x6d, 0x87, 0x08, 0x7c, 0x8b, 0x78, 0x8b, 0x84, 0x8b, 0x08, 
    0x69, 0x8b, 0x71, 0x8b, 0x78, 0x87, 0x08, 0x7c, 0x88, 0x66, 0x8b, 0x4b, 
    0x8e, 0x08, 0x2a, 0x8b, 0x69, 0x8b, 0x80, 0x80, 0x08, 0x87, 0x87, 0x84, 
    0x8b, 0x5e, 0x8f, 0x08, 0x6d, 0x8b, 0x66, 0x8b, 0x78, 0x8b, 0x08, 0x6d, 
    0x8b, 0x05, 0x83, 0x75, 0x05, 0x88, 0x7f, 0x7f, 0x80, 0x88, 0x84, 0x08, 
    0x74, 0x78, 0x7c, 0x8b, 0x39, 0x8b, 0x08, 0x3c, 0x8f, 0x05, 0x80, 0xbb, 
    0x05, 0x84, 0xa6, 0x87, 0xa5, 0x87, 0x92, 0x08, 0x8b, 0x93, 0x87, 0x92, 
    0x8b, 0x8b, 0x08, 0x84, 0x8f, 0x69, 0x8b, 0x87, 0x87, 0x08, 0xb1, 0x3d, 
    0x15, 0x8f, 0x87, 0x8e, 0x74, 0x88, 0x8b, 0x08, 0x7f, 0x84, 0x80, 0x9a, 
    0x93, 0x9a, 0x08, 0x8b, 0x92, 0x8e, 0x8b, 0x93, 0x88, 0x08, 0xf8, 0x12, 
    0x69, 0x15, 0xa1, 0x8b, 0x9a, 0x87, 0x8f, 0x8b, 0x08, 0x8b, 0x87, 0x8b, 
    0x88, 0x87, 0x87, 0x08, 0x87, 0x83, 0x88, 0x8b, 0x6d, 0x8b, 0x08, 0x78, 
    0x8b, 0x6d, 0x8f, 0x78, 0x8b, 0x08, 0x6d, 0x8f, 0x88, 0x8f, 0x8b, 0x8e, 
    0x08, 0x8b, 0x97, 0x96, 0x8e, 0xa9, 0x88, 0x08, 0x96, 0x8b, 0xa9, 0x8b, 
    0x9e, 0x87, 0x08, 0xf8, 0x68, 0x83, 0x15, 0x8b, 0x88, 0x8b, 0x8b, 0x87, 
    0x8b, 0x08, 0x87, 0x8b, 0x8b, 0x8e, 0x8b, 0x8f, 0x08, 0x8b, 0x8b, 0x8b, 
    0x8f, 0x8f, 0x87, 0x08, 0x8f, 0x8b, 0x8b, 0x87, 0x8b, 0x8b, 0x08, 0xfc, 
    0xa0, 0x79, 0x15, 0x83, 0x8b, 0x84, 0x87, 0x87, 0x8b, 0x08, 0x80, 0x8b, 
    0x83, 0x80, 0x93, 0x87, 0x08, 0x8e, 0x87, 0x8b, 0x8b, 0x88, 0x8b, 0x08, 
    0x83, 0x8b, 0x8b, 0x8f, 0x8b, 0x92, 0x08, 0x8b, 0x97, 0x8f, 0x8e, 0xa1, 
    0x8b, 0x08, 0x97, 0x8b, 0x8e, 0x8b, 0x88, 0x88, 0x08, 0xfb, 0x62, 0x70, 
    0x15, 0xd6, 0x88, 0x96, 0x87, 0x8b, 0x84, 0x08, 0x8b, 0x87, 0xfb, 0x22, 
    0x8f, 0x74, 0x8e, 0x08, 0x7c, 0x8b, 0x8b, 0x8b, 0x93, 0x93, 0x08, 0x8e, 
    0x8e, 0x8f, 0x8f, 0x8b, 0x8b, 0x08, 0x8b, 0x8b, 0xb0, 0x8b, 0xb5, 0x87, 
    0x08, 0xf7, 0x8e, 0x84, 0x15, 0xb8, 0x8b, 0x8f, 0x87, 0x8b, 0x88, 0x08, 
    0x8b, 0x83, 0x87, 0x8b, 0x6a, 0x8b, 0x08, 0x78, 0x8f, 0x62, 0x8b, 0x6d, 
    0x8b, 0x08, 0x6d, 0x8b, 0x74, 0x8b, 0x8b, 0x8f, 0x08, 0x8b, 0x8b, 0x93, 
    0x8b, 0x96, 0x8b, 0x08, 0x9a, 0x8b, 0x8f, 0x8b, 0x8f, 0x8e, 0x08, 0x8b, 
    0x93, 0x8e, 0x8b, 0x9a, 0x8b, 0x08, 0x97, 0x87, 0xa9, 0x8b, 0xa8, 0x8b, 
    0x08, 0xf8, 0xc2, 0x62, 0x15, 0x8b, 0x87, 0x87, 0x8b, 0x8b, 0x8b, 0x08, 
    0x88, 0x8b, 0x87, 0x8b, 0x8b, 0x8f, 0x08, 0x8b, 0x8f, 0x8b, 0x8b, 0x8f, 
    0x8b, 0x08, 0x8b, 0x8b, 0x8e, 0x8b, 0x8f, 0x87, 0x08, 0xf8, 0xf3, 0xfb, 
    0x2e, 0x15, 0x92, 0x84, 0x8f, 0x7c, 0x83, 0x8b, 0x08, 0x88, 0x8b, 0x83, 
    0x8b, 0x80, 0x8b, 0x08, 0x74, 0x8b, 0x8b, 0x92, 0x97, 0x9a, 0x08, 0x96, 
    0x9a, 0x92, 0x8b, 0x97, 0x7c, 0x08, 0xfd, 0x41, 0x4f, 0x15, 0x87, 0x7c, 
    0x69, 0x50, 0x84, 0x7f, 0x08, 0x8b, 0x88, 0x87, 0x8b, 0x8b, 0x87, 0x08, 
    0x8b, 0x87, 0x6d, 0x6d, 0x87, 0x8b, 0x08, 0x88, 0x8b, 0x92, 0x93, 0x92, 
    0x96, 0x08, 0x9a, 0xa1, 0xa9, 0xb8, 0x97, 0xa9, 0x08, 0x96, 0x9e, 0x96, 
    0x92, 0x84, 0x7c, 0x08, 0x35, 0xfb, 0x17, 0x15, 0x8b, 0x88, 0x8b, 0x8b, 
    0x87, 0x8b, 0x08, 0x87, 0x8b, 0x8b, 0x8b, 0x8f, 0x8e, 0x08, 0x8b, 0x8f, 
    0x8b, 0x8b, 0x8f, 0x8b, 0x08, 0x8b, 0x8b, 0x8b, 0x8b, 0x8b, 0x87, 0x08, 
    0x0e, 0x1c, 0x08, 0xee, 0xbd, 0xf9, 0x3c, 0x15, 0x84, 0x84, 0x84, 0x7d, 
    0x8b, 0x8b, 0x08, 0x8b, 0x84, 0x84, 0x84, 0x84, 0x7e, 0x08, 0x7e, 0x76, 
    0x84, 0x40, 0x98, 0x70, 0x08, 0x92, 0x7d, 0x92, 0x8b, 0xbb, 0x8b, 0x08, 
    0xa6, 0x8b, 0xad, 0x8b, 0x92, 0x8b, 0x08, 0x92, 0x85, 0xf7, 0x08, 0x8b, 
    0xf7, 0x0f, 0x8b, 0x08, 0xf7, 0x0e, 0x84, 0xf7, 0x5a, 0x84, 0xf7, 0x01, 
    0x8b, 0x08, 0xf7, 0x1d, 0x8b, 0xc8, 0x84, 0x92, 0x84, 0x08, 0x99, 0x84, 
    0xf7, 0x75, 0x55, 0x9f, 0x8b, 0x08, 0x99, 0x92, 0x8b, 0x84, 0x7d, 0x47, 
    0x08, 0x7d, 0x46, 0x63, 0xfb, 0x2a, 0x7d, 0x7e, 0x08, 0x8b, 0x84, 0x84, 
    0x84, 0x8b, 0x7d, 0x08, 0x84, 0x7e, 0x8b, 0x8b, 0xa7, 0x7d, 0x08, 0xe3, 
    0x69, 0xf2, 0x77, 0x8b, 0x98, 0x08, 0x91, 0x92, 0x8b, 0xa6, 0x92, 0xa7, 
    0x08, 0x8b, 0xad, 0x92, 0xad, 0x92, 0x92, 0x08, 0x8b, 0x98, 0x8b, 0x8b, 
    0x84, 0x8b, 0x08, 0x84, 0x85, 0x8b, 0x91, 0x8b, 0x8b, 0x08, 0x8b, 0x92, 
    0x92, 0x92, 0x92, 0x8b, 0x08, 0x8b, 0x8b, 0x92, 0x92, 0x8b, 0x92, 0x08, 
    0x8b, 0x8b, 0x8b, 0x91, 0x84, 0x85, 0x08, 0x84, 0x8b, 0x8b, 0x91, 0x8b, 
    0x92, 0x08, 0x8b, 0x92, 0x92, 0x8b, 0x8b, 0x8b, 0x08, 0x98, 0x84, 0x99, 
    0xbb, 0x7d, 0x92, 0x08, 0x85, 0x8b, 0x8b, 0x92, 0x91, 0x98, 0x08, 0x8b, 
    0x92, 0x8b, 0x8b, 0x92, 0x7d, 0x08, 0x92, 0x85, 0x8b, 0x91, 0x92, 0xa0, 
    0x08, 0x8b, 0xa6, 0x92, 0x92, 0x8b, 0x84, 0x08, 0x92, 0x84, 0x91, 0x8b, 
    0x92, 0x8b, 0x08, 0x99, 0x8b, 0x8b, 0x92, 0x8b, 0x92, 0x08, 0x84, 0x99, 
    0x8b, 0x8b, 0xc2, 0x8b, 0x08, 0xa6, 0x8b, 0xa6, 0x84, 0x92, 0x8b, 0x08, 
    0x92, 0x7d, 0x98, 0x40, 0x8b, 0x69, 0x08, 0x8b, 0x7d, 0x85, 0x7e, 0x8b, 
    0x84, 0x08, 0x84, 0x84, 0x8b, 0x84, 0x92, 0x7e, 0x08, 0x91, 0x84, 0x99, 
    0x8b, 0xb4, 0x8b, 0x08, 0xd6, 0x92, 0x8b, 0x8b, 0x8b, 0xcf, 0x08, 0x84, 
    0xad, 0x84, 0xbb, 0x85, 0xa6, 0x08, 0x7d, 0xdd, 0x92, 0x92, 0xe3, 0x7d, 
    0x08, 0xae, 0x84, 0x9f, 0x84, 0xdd, 0x4e, 0x08, 0xf7, 0x53, 0xfb, 0x0f, 
    0x7d, 0x92, 0xc2, 0x8b, 0x08, 0x9f, 0x8b, 0xa0, 0x8b, 0x91, 0x8b, 0x08, 
    0x99, 0xa0, 0x8b, 0xf7, 0x59, 0x7d, 0xa0, 0x08, 0x85, 0x8b, 0x7d, 0x92, 
    0x70, 0x8b, 0x08, 0x62, 0x8b, 0xfb, 0x68, 0x9f, 0x62, 0x92, 0x08, 0x7e, 
    0x8b, 0x7d, 0x92, 0x84, 0x8b, 0x08, 0x7e, 0x92, 0x7d, 0x8b, 0x7d, 0x91, 
    0x08, 0x70, 0x8b, 0x84, 0x92, 0x8b, 0x99, 0x08, 0x8b, 0x92, 0x84, 0x91, 
    0x85, 0x8b, 0x08, 0x7d, 0x8b, 0x84, 0x92, 0x84, 0x99, 0x08, 0x7e, 0x9f, 
    0x84, 0x92, 0x76, 0x92, 0x08, 0x70, 0x92, 0xfb, 0x38, 0x99, 0xfb, 0x0e, 
    0x8b, 0x08, 0x5b, 0x91, 0x69, 0x8b, 0x84, 0x8b, 0x08, 0x8b, 0x92, 0x54, 
    0x8b, 0x4e, 0x92, 0x08, 0x47, 0x92, 0x54, 0x8b, 0x8b, 0x92, 0x08, 0x8b, 
    0x8b, 0x5c, 0x91, 0x54, 0x8b, 0x08, 0x25, 0x8b, 0x05, 0x84, 0x77, 0x05, 
    0x84, 0x77, 0x05, 0x2c, 0x8b, 0x05, 0x54, 0x91, 0xfb, 0x0f, 0x92, 0x2c, 
    0x92, 0x08, 0x2b, 0x8b, 0xfb, 0x0f, 0x92, 0x55, 0x92, 0x08, 0x25, 0x8b, 
    0x05, 0x8b, 0xa6, 0x05, 0x8b, 0xa6, 0x84, 0x92, 0x76, 0x8b, 0x08, 0x70, 
    0x8b, 0x84, 0x8b, 0x7e, 0x77, 0x08, 0x9f, 0x84, 0x15, 0x8b, 0x84, 0x8b, 
    0x8b, 0x8b, 0x8b, 0x08, 0x84, 0x8b, 0x8b, 0x8b, 0x8b, 0x92, 0x08, 0x84, 
    0x92, 0x8b, 0x8b, 0x92, 0x8b, 0x08, 0x92, 0x8b, 0x8b, 0x8b, 0x8b, 0x84, 
    0x08, 0xea, 0x24, 0x15, 0x85, 0x85, 0x8b, 0x91, 0x8b, 0x92, 0x08, 0x8b, 
    0x92, 0x8b, 0x92, 0x91, 0x84, 0x08, 0x8b, 0x8b, 0x8b, 0x7d, 0x8b, 0x8b, 
    0x08, 0x1c, 0x04, 0xd3, 0x7e, 0x15, 0x84, 0x84, 0x8b, 0x92, 0x8b, 0x92, 
    0x08, 0x8b, 0x98, 0x8b, 0x92, 0x92, 0x84, 0x08, 0x8b, 0x8b, 0x8b, 0x7e, 
    0x8b, 0x84, 0x08, 0xfd, 0x15, 0x84, 0x15, 0x84, 0x84, 0x8b, 0x8b, 0x8b, 
    0x92, 0x08, 0x8b, 0x92, 0x8b, 0x92, 0x92, 0x8b, 0x08, 0x8b, 0x84, 0x8b, 
    0x8b, 0x8b, 0x84, 0x08, 0xfa, 0x34, 0x7d, 0x15, 0x84, 0x84, 0x8b, 0x92, 
    0x8b, 0x92, 0x08, 0x8b, 0x99, 0x8b, 0x92, 0x92, 0x84, 0x08, 0x8b, 0x8b, 
    0x8b, 0x7d, 0x8b, 0x84, 0x08, 0xfc, 0xd8, 0x84, 0x15, 0x8b, 0x8b, 0x8b, 
    0x85, 0x84, 0x8b, 0x08, 0x84, 0x8b, 0x8b, 0x91, 0x8b, 0x99, 0x08, 0x8b, 
    0x99, 0x8b, 0x8b, 0x92, 0x84, 0x08, 0x92, 0x84, 0x8b, 0x84, 0x8b, 0x84, 
    0x08, 0xf8, 0x1f, 0x85, 0x15, 0x85, 0x84, 0x8b, 0x92, 0x8b, 0x98, 0x08, 
    0x8b, 0x99, 0x8b, 0x92, 0x91, 0x84, 0x08, 0x8b, 0x84, 0x8b, 0x7d, 0x8b, 
    0x85, 0x08, 0xeb, 0x8b, 0x15, 0x84, 0x84, 0x8b, 0x8b, 0x8b, 0x98, 0x08, 
    0x8b, 0xa0, 0x8b, 0x92, 0x92, 0x84, 0x08, 0x8b, 0x84, 0x8b, 0x7d, 0x8b, 
    0x85, 0x08, 0xfb, 0x53, 0x91, 0x15, 0x84, 0x85, 0x8b, 0x8b, 0x8b, 0x91, 
    0x08, 0x8b, 0x92, 0x8b, 0x92, 0x92, 0x8b, 0x08, 0x8b, 0x84, 0x8b, 0x8b, 
    0x8b, 0x84, 0x08, 0xf8, 0x1f, 0x63, 0x15, 0x85, 0x84, 0x8b, 0x8b, 0x8b, 
    0x92, 0x08, 0x8b, 0x91, 0x8b, 0x92, 0x91, 0x8b, 0x08, 0x8b, 0x84, 0x8b, 
    0x8b, 0x8b, 0x85, 0x08, 0x85, 0x4d, 0x15, 0x84, 0x84, 0x8b, 0x92, 0x8b, 
    0x92, 0x08, 0x8b, 0x99, 0x8b, 0x91, 0x92, 0x85, 0x08, 0x8b, 0x8b, 0x8b, 
    0x7d, 0x8b, 0x84, 0x08, 0xfb, 0x6f, 0x77, 0x15, 0x8b, 0x7d, 0x8b, 0x7d, 
    0x85, 0x85, 0x08, 0x84, 0x84, 0x84, 0x84, 0x8b, 0x8b, 0x08, 0x8b, 0x7d, 
    0x99, 0x92, 0x9f, 0x99, 0x08, 0x99, 0x9f, 0x05, 0x8b, 0x77, 0x05, 0x8b, 
    0x76, 0x8b, 0x8b, 0x69, 0x8b, 0x08, 0x62, 0x8b, 0x05, 0x8b, 0xbb, 0x05, 
    0x8b, 0xb4, 0x05, 0x9f, 0x8b, 0x05, 0xa0, 0x8b, 0x91, 0x84, 0x8b, 0x77, 
    0x08, 0xf8, 0x2e, 0x98, 0x15, 0x8b, 0x8b, 0x8b, 0x85, 0x84, 0x7d, 0x08, 
    0x8b, 0x76, 0x05, 0x62, 0xa7, 0x05, 0x62, 0xa6, 0x05, 0xb4, 0x8b, 0x05, 
    0xa6, 0x84, 0xa0, 0x8b, 0x8b, 0x84, 0x08, 0xf7, 0x4c, 0x7e, 0x15, 0x92, 
    0x8b, 0x8b, 0xfb, 0x16, 0x84, 0x7d, 0x08, 0x84, 0x7e, 0x8b, 0x8b, 0x5b, 
    0xad, 0x08, 0x77, 0x9f, 0x76, 0xa0, 0x8b, 0x8b, 0x08, 0x8b, 0x92, 0x8b, 
    0x98, 0x92, 0x99, 0x08, 0x8b, 0x99, 0x8b, 0x98, 0x8b, 0x99, 0x08, 0x8b, 
    0x92, 0x84, 0x92, 0x92, 0x8b, 0x08, 0x8b, 0x91, 0xdd, 0x85, 0x92, 0x84, 
    0x08, 0xfd, 0xcd, 0x6f, 0x15, 0x8b, 0x85, 0x8b, 0x84, 0x84, 0x8b, 0x08, 
    0x84, 0x8b, 0x8b, 0x92, 0x8b, 0x8b, 0x08, 0x8b, 0x91, 0x8b, 0x92, 0x8b, 
    0x8b, 0x08, 0x8b, 0x92, 0x8b, 0x92, 0x92, 0x8b, 0x08, 0x92, 0x8b, 0x8b, 
    0x84, 0x8b, 0x7d, 0x08, 0xb3, 0x8b, 0x15, 0x8b, 0x85, 0x85, 0x84, 0x8b, 
    0x8b, 0x08, 0x84, 0x8b, 0x8b, 0x92, 0x8b, 0x91, 0x08, 0x8b, 0x92, 0x8b, 
    0x92, 0x92, 0x8b, 0x08, 0x8b, 0x8b, 0x91, 0x84, 0x8b, 0x84, 0x08, 0xf7, 
    0xac, 0x85, 0x15, 0x84, 0x84, 0x8b, 0x8b, 0x8b, 0x92, 0x08, 0x8b, 0x91, 
    0x8b, 0x92, 0x92, 0x8b, 0x08, 0x8b, 0x84, 0x8b, 0x8b, 0x8b, 0x85, 0x08, 
    0xfb, 0xb2, 0x62, 0x15, 0x7d, 0x84, 0x8b, 0x98, 0x92, 0x99, 0x08, 0x8b, 
    0x92, 0x8b, 0x8b, 0x92, 0x84, 0x08, 0x8b, 0x84, 0x8b, 0x84, 0x8b, 0x85, 
    0x08, 0xf7, 0xb2, 0x98, 0x15, 0x84, 0x84, 0x8b, 0x8b, 0x8b, 0x92, 0x08, 
    0x8b, 0x92, 0x8b, 0x92, 0x92, 0x8b, 0x08, 0x8b, 0x84, 0x8b, 0x8b, 0x8b, 
    0x84, 0x08, 0xfb, 0xe2, 0x77, 0x15, 0x8b, 0x69, 0x7d, 0x84, 0x8b, 0xa6, 
    0x08, 0x8b, 0xa0, 0x92, 0x9f, 0x92, 0x8b, 0x08, 0x92, 0x8b, 0x8b, 0x7d, 
    0x84, 0x7e, 0x08, 0xf7, 0x2a, 0x92, 0x15, 0x8b, 0x84, 0x8b, 0x8b, 0x84, 
    0x8b, 0x08, 0x84, 0x8b, 0x8b, 0x8b, 0x92, 0x92, 0x08, 0x8b, 0x91, 0x8b, 
    0x8b, 0x92, 0x8b, 0x08, 0x8b, 0x8b, 0x8b, 0x8b, 0x8b, 0x85, 0x08, 0xfb, 
    0x01, 0x6f, 0x15, 0x8b, 0x8b, 0x84, 0x85, 0x8b, 0x8b, 0x08, 0x84, 0x8b, 
    0x8b, 0x98, 0x92, 0x92, 0x08, 0x92, 0x92, 0x92, 0x84, 0x84, 0x7d, 0x08, 
    0xf1, 0x85, 0x15, 0x8b, 0x8b, 0x8b, 0x84, 0x84, 0x8b, 0x08, 0x84, 0x8b, 
    0x8b, 0x92, 0x92, 0x8b, 0x08, 0x8b, 0x91, 0x8b, 0x92, 0x92, 0x8b, 0x08, 
    0x8b, 0x8b, 0x8b, 0x84, 0x8b, 0x85, 0x08, 0x25, 0x7d, 0x15, 0x84, 0x7d, 
    0x7d, 0x8b, 0x8b, 0x92, 0x08, 0x8b, 0x92, 0x92, 0x92, 0x92, 0x8b, 0x08, 
    0x8b, 0x8b, 0x92, 0x84, 0x8b, 0x8b, 0x08, 0x5b, 0x76, 0x15, 0x84, 0x85, 
    0x8b, 0x76, 0x84, 0x7e, 0x08, 0x7e, 0x54, 0x76, 0x4e, 0x84, 0x8b, 0x08, 
    0x85, 0x8b, 0x91, 0x98, 0x92, 0xa0, 0x08, 0x8b, 0x98, 0x99, 0xad, 0x92, 
    0xa7, 0x08, 0x98, 0xc8, 0x8b, 0x8b, 0x92, 0x8b, 0x08, 0x92, 0x8b, 0x8b, 
    0x84, 0x8b, 0x84, 0x08, 0xad, 0x77, 0x15, 0x8b, 0x8b, 0x8b, 0x84, 0x84, 
    0x8b, 0x08, 0x85, 0x8b, 0x8b, 0x92, 0x8b, 0x8b, 0x08, 0x8b, 0x92, 0x8b, 
    0x92, 0x91, 0x8b, 0x08, 0x92, 0x8b, 0x8b, 0x84, 0x8b, 0x84, 0x08, 0xeb, 
    0x77, 0x15, 0x84, 0x84, 0x8b, 0x8b, 0x8b, 0x92, 0x08, 0x8b, 0x98, 0x92, 
    0x92, 0x91, 0x84, 0x08, 0x8b, 0x84, 0x8b, 0x85, 0x85, 0x8b, 0x08, 0x24, 
    0x84, 0x15, 0x8b, 0x84, 0x8b, 0x84, 0x85, 0x8b, 0x08, 0x84, 0x8b, 0x8b, 
    0x92, 0x8b, 0x92, 0x08, 0x8b, 0x92, 0x8b, 0x91, 0x92, 0x8b, 0x08, 0x91, 
    0x8b, 0x8b, 0x85, 0x8b, 0x84, 0x08, 0xf7, 0xfe, 0x76, 0x15, 0x8b, 0x77, 
    0x7d, 0x92, 0x8b, 0x9f, 0x08, 0x8b, 0xa0, 0x8b, 0x8b, 0x92, 0x84, 0x08, 
    0x92, 0x84, 0x8b, 0x84, 0x8b, 0x84, 0x08, 0xfc, 0x04, 0x84, 0x15, 0x8b, 
    0x7e, 0x84, 0x84, 0x84, 0x92, 0x08, 0x84, 0x8b, 0x92, 0x9f, 0x92, 0x8b, 
    0x08, 0x92, 0x8b, 0x8b, 0x84, 0x8b, 0x8b, 0x08, 0x84, 0x63, 0x15, 0x8b, 
    0x8b, 0x84, 0x84, 0x8b, 0x8b, 0x08, 0x7d, 0x8b, 0x8b, 0x92, 0x92, 0x91, 
    0x08, 0x92, 0x92, 0x92, 0x8b, 0x8b, 0x7e, 0x08, 0xea, 0x68, 0x15, 0x84, 
    0x85, 0x85, 0x98, 0x91, 0x99, 0x08, 0x8b, 0x92, 0x8b, 0x8b, 0x92, 0x84, 
    0x08, 0x8b, 0x84, 0x8b, 0x84, 0x8b, 0x84, 0x08, 0x25, 0x92, 0x15, 0x84, 
    0x84, 0x84, 0x8b, 0x8b, 0x8b, 0x08, 0x84, 0x8b, 0x8b, 0x8b, 0x8b, 0x92, 
    0x08, 0x8b, 0x92, 0x92, 0x8b, 0x92, 0x8b, 0x08, 0x8b, 0x8b, 0x92, 0x8b, 
    0x8b, 0x84, 0x08, 0xe4, 0x69, 0x15, 0x84, 0x84, 0x8b, 0x8b, 0x8b, 0x92, 
    0x08, 0x8b, 0x92, 0x8b, 0x92, 0x92, 0x8b, 0x08, 0x8b, 0x92, 0x91, 0x8b, 
    0x8b, 0x84, 0x08, 0x8b, 0x84, 0x8b, 0x84, 0x85, 0x8b, 0x08, 0x24, 0x92, 
    0x15, 0x8b, 0x84, 0x8b, 0x8b, 0x8b, 0x8b, 0x08, 0x84, 0x8b, 0x8b, 0x8b, 
    0x8b, 0x92, 0x08, 0x85, 0x92, 0x8b, 0x8b, 0x91, 0x8b, 0x08, 0x92, 0x8b, 
    0x8b, 0x8b, 0x8b, 0x84, 0x08, 0x5b, 0x70, 0x15, 0x8b, 0x7d, 0x8b, 0x8b, 
    0x85, 0x92, 0x08, 0x84, 0x8b, 0x8b, 0x92, 0x92, 0x91, 0x08, 0x91, 0xa0, 
    0x8b, 0x84, 0x8b, 0x77, 0x08, 0xbb, 0x84, 0x15, 0x8b, 0x7d, 0x7e, 0x7e, 
    0x8b, 0x98, 0x08, 0x84, 0x92, 0x92, 0x9f, 0x91, 0x8b, 0x08, 0x92, 0x8b, 
    0x8b, 0x85, 0x8b, 0x84, 0x08, 0x0e, 0x1c, 0x06, 0xa9, 0xf8, 0x3e, 0xf9, 
    0x4d, 0x15, 0x8b, 0x88, 0x84, 0x8b, 0x84, 0x8e, 0x08, 0x80, 0x8b, 0x05, 
    0x8b, 0x5a, 0x05, 0x8b, 0x6e, 0x8b, 0x68, 0x88, 0x79, 0x08, 0x8b, 0x6e, 
    0x05, 0x55, 0x8b, 0x05, 0x33, 0x8f, 0xfb, 0x06, 0x92, 0x87, 0x92, 0x08, 
    0x84, 0x8f, 0x24, 0x8e, 0x84, 0x88, 0x08, 0x80, 0x84, 0x88, 0x6b, 0x95, 
    0x7c, 0x08, 0x8f, 0x84, 0x92, 0x8b, 0xbd, 0x88, 0x08, 0xae, 0x8b, 0x9d, 
    0x8b, 0x8f, 0x8e, 0x08, 0x8e, 0x8f, 0xaf, 0x8b, 0xd2, 0x8b, 0x08, 0xf7, 
    0x09, 0x87, 0xb2, 0x88, 0x8b, 0x84, 0x08, 0x8b, 0x8b, 0x88, 0x87, 0x87, 
    0x8b, 0x08, 0x80, 0x8b, 0x88, 0x80, 0x96, 0x84, 0x08, 0x92, 0x84, 0x8e, 
    0x8b, 0xa8, 0x8b, 0x08, 0x9c, 0x8b, 0x8b, 0x8b, 0x8b, 0x96, 0x08, 0x8b, 
    0x8e, 0x88, 0x93, 0x8b, 0x8e, 0x08, 0x84, 0x8f, 0x92, 0x92, 0x92, 0x8b, 
    0x08, 0x92, 0x8b, 0x92, 0x84, 0x8b, 0x84, 0x08, 0x8b, 0x87, 0x92, 0x84, 
    0x92, 0x87, 0x08, 0x8f, 0x84, 0x92, 0x84, 0x8b, 0x8b, 0x08, 0x8b, 0x7d, 
    0x84, 0x8b, 0xf7, 0xad, 0x84, 0x08, 0xee, 0x8b, 0xbd, 0x87, 0x8e, 0x8b, 
    0x08, 0x8f, 0x88, 0x92, 0x84, 0x8f, 0x87, 0x08, 0x95, 0x80, 0x8b, 0x8b, 
    0x8b, 0x64, 0x08, 0x8b, 0x68, 0x8b, 0x84, 0x88, 0x8b, 0x08, 0x80, 0x87, 
    0x8f, 0x84, 0x99, 0x87, 0x08, 0x96, 0x8b, 0x05, 0x87, 0x6f, 0x05, 0x87, 
    0x52, 0x81, 0x4b, 0x7d, 0x44, 0x08, 0x80, 0x5d, 0x8b, 0x87, 0x8e, 0x88, 
    0x08, 0x8f, 0x87, 0x92, 0x88, 0x8f, 0x8b, 0x08, 0x92, 0x8b, 0xb2, 0x80, 
    0x95, 0x88, 0x08, 0x93, 0x87, 0xc0, 0x84, 0x99, 0x8b, 0x08, 0x96, 0x8b, 
    0x8b, 0x8b, 0x99, 0xd6, 0x08, 0x96, 0xce, 0x95, 0xbd, 0x92, 0xce, 0x08, 
    0x8b, 0xa1, 0x05, 0x9a, 0x8b, 0x05, 0xa3, 0x8e, 0xa4, 0x88, 0x96, 0x80, 
    0x08, 0x99, 0x80, 0x92, 0x76, 0x81, 0x84, 0x08, 0x84, 0x84, 0x8b, 0x8b, 
    0x9c, 0x84, 0x08, 0x9a, 0x84, 0x8e, 0x79, 0x80, 0x80, 0x08, 0x88, 0x84, 
    0x8b, 0x8b, 0x96, 0x84, 0x08, 0x99, 0x84, 0x92, 0x75, 0x80, 0x81, 0x08, 
    0x7d, 0x7d, 0x99, 0x83, 0xb2, 0x8b, 0x08, 0xa1, 0x8b, 0xa0, 0x93, 0xa0, 
    0x9c, 0x08, 0x9d, 0x96, 0x8b, 0x8f, 0x87, 0x95, 0x08, 0x88, 0xaf, 0x84, 
    0xa0, 0x75, 0xb6, 0x08, 0x7d, 0xa7, 0x81, 0xa4, 0x87, 0x92, 0x08, 0x88, 
    0x99, 0x95, 0xa8, 0x96, 0x99, 0x08, 0x92, 0x92, 0x8e, 0x96, 0x8f, 0x8e, 
    0x08, 0x8b, 0x92, 0x8f, 0x8f, 0x8b, 0x8f, 0x08, 0x8e, 0x8b, 0x8b, 0x8e, 
    0x8b, 0x92, 0x08, 0x8b, 0x92, 0x05, 0x8f, 0x84, 0x05, 0x92, 0x84, 0xa0, 
    0x7d, 0x96, 0x8b, 0x08, 0x92, 0x8b, 0x8e, 0x87, 0x8f, 0x7d, 0x08, 0x8f, 
    0x7d, 0x8e, 0x87, 0x96, 0x8b, 0x08, 0x92, 0x8b, 0x92, 0x88, 0x8f, 0x87, 
    0x08, 0x8b, 0x88, 0x92, 0x8b, 0x95, 0x8b, 0x08, 0x9d, 0x8b, 0x8b, 0x8b, 
    0x8b, 0x80, 0x08, 0x8b, 0x84, 0x8f, 0x87, 0x95, 0x8b, 0x08, 0x96, 0x8b, 
    0x8f, 0x8f, 0x8b, 0x92, 0x08, 0x8b, 0x96, 0x05, 0xa3, 0x75, 0x05, 0xa1, 
    0x72, 0x8b, 0x8b, 0x99, 0x8b, 0x08, 0x99, 0x8f, 0x05, 0xa8, 0x6b, 0x05, 
    0x99, 0x79, 0x99, 0x7a, 0x8f, 0x87, 0x08, 0x9c, 0x80, 0xb2, 0x96, 0x92, 
    0x99, 0x08, 0x8f, 0x92, 0x8b, 0xaf, 0x8b, 0xd5, 0x08, 0x8b, 0xf7, 0x0d, 
    0x8b, 0x8f, 0x76, 0x92, 0x08, 0x87, 0x8b, 0x4b, 0x92, 0x48, 0x8f, 0x08, 
    0xfb, 0x38, 0x92, 0x96, 0x8b, 0x80, 0x84, 0x08, 0x84, 0x83, 0x79, 0x88, 
    0x84, 0x92, 0x08, 0x88, 0x8f, 0x84, 0x8e, 0x80, 0x8f, 0x08, 0x7d, 0x92, 
    0x8b, 0x8b, 0x95, 0x8b, 0x08, 0x92, 0x8b, 0x8f, 0x8e, 0x8b, 0x92, 0x08, 
    0x8f, 0x8f, 0x8b, 0x92, 0x87, 0x8b, 0x08, 0x8b, 0x8f, 0x80, 0x8b, 0x7d, 
    0x8b, 0x08, 0x81, 0x8b, 0x75, 0x8b, 0x81, 0x8e, 0x08, 0x79, 0x8b, 0x8b, 
    0x8b, 0x8b, 0x96, 0x08, 0x8b, 0x92, 0x87, 0x8f, 0x88, 0x8b, 0x08, 0x84, 
    0x8e, 0x8b, 0x8b, 0x92, 0x9d, 0x08, 0x92, 0x96, 0x8b, 0x92, 0x87, 0x95, 
    0x08, 0x8b, 0x99, 0x88, 0x8b, 0x84, 0x8b, 0x08, 0x87, 0x8b, 0x7d, 0x8b, 
    0x84, 0x8b, 0x08, 0x7c, 0x8b, 0x88, 0x88, 0x87, 0x84, 0x08, 0x88, 0x80, 
    0x8b, 0x76, 0x8e, 0x87, 0x08, 0x92, 0x88, 0x88, 0x84, 0x80, 0x8b, 0x08, 
    0x84, 0x8b, 0x84, 0x87, 0x84, 0x84, 0x08, 0x80, 0x80, 0x88, 0x8b, 0x6e, 
    0x8b, 0x08, 0x7a, 0x8b, 0x75, 0x8b, 0x84, 0x8f, 0x08, 0x84, 0x8b, 0x67, 
    0x8b, 0x6b, 0x8e, 0x08, 0x68, 0x8b, 0x6b, 0x8f, 0x87, 0x8b, 0x08, 0x88, 
    0x8b, 0x72, 0x8f, 0x6f, 0x8b, 0x08, 0x72, 0x8e, 0x35, 0x8f, 0x41, 0x92, 
    0x08, 0x40, 0x8e, 0x44, 0x8f, 0x80, 0x8b, 0x08, 0x76, 0x8b, 0x05, 0x7d, 
    0xa7, 0x05, 0x84, 0x9d, 0x7d, 0xa0, 0x87, 0x92, 0x08, 0x84, 0x96, 0x84, 
    0x96, 0x8b, 0x8e, 0x08, 0x87, 0x8f, 0x81, 0x8b, 0x87, 0x87, 0x08, 0xc0, 
    0xfb, 0x17, 0x15, 0x8b, 0x84, 0x88, 0x8b, 0x7d, 0x8b, 0x08, 0x80, 0x8b, 
    0x80, 0x8b, 0x88, 0x8e, 0x08, 0x87, 0x8b, 0x8b, 0x9a, 0x88, 0x99, 0x08, 
    0x8b, 0xa4, 0x8b, 0x8b, 0x92, 0x8e, 0x08, 0x8e, 0x8b, 0x8f, 0x8f, 0x8b, 
    0x92, 0x08, 0x8b, 0x95, 0x8e, 0x88, 0x9a, 0x6b, 0x08, 0x95, 0x79, 0x92, 
    0x79, 0x8b, 0x88, 0x08, 0xf9, 0x74, 0xce, 0x15, 0x87, 0x84, 0x84, 0x8b, 
    0x8b, 0x8f, 0x08, 0x8b, 0x8e, 0x8f, 0x8f, 0x8e, 0x8b, 0x08, 0x8b, 0x8b, 
    0x8f, 0x87, 0x8b, 0x8b, 0x08, 0xfd, 0x82, 0x2b, 0x15, 0x8b, 0x88, 0x88, 
    0x8b, 0x83, 0x8b, 0x08, 0x84, 0x8b, 0x88, 0x8b, 0x8b, 0x8e, 0x08, 0x8b, 
    0x8f, 0x8e, 0x8b, 0x8f, 0x8b, 0x08, 0x92, 0x8b, 0x8f, 0x8b, 0x8e, 0x87, 
    0x08, 0xfa, 0x45, 0xfb, 0x30, 0x15, 0x8b, 0x88, 0x8b, 0x8b, 0x88, 0x8b, 
    0x08, 0x87, 0x8b, 0x8b, 0x8b, 0x8f, 0x8e, 0x08, 0x8b, 0x8f, 0x8b, 0x8b, 
    0x8e, 0x8b, 0x08, 0x8b, 0x8b, 0x8b, 0x8b, 0x8b, 0x87, 0x08, 0xf7, 0x54, 
    0x84, 0x15, 0x8b, 0x87, 0x88, 0x8b, 0x75, 0x8b, 0x08, 0x7d, 0x8b, 0x84, 
    0x8f, 0x87, 0x8f, 0x08, 0x8b, 0x8e, 0x93, 0x8b, 0x9c, 0x8b, 0x08, 0xa1, 
    0x8b, 0x8e, 0x8b, 0x8b, 0x84, 0x08, 0xfc, 0x54, 0x6f, 0x15, 0x93, 0x7c, 
    0x8e, 0x81, 0x84, 0x79, 0x08, 0x87, 0x84, 0x88, 0x87, 0x84, 0x8b, 0x08, 
    0x80, 0x8b, 0x84, 0x96, 0x8b, 0xa0, 0x08, 0x88, 0x99, 0x8b, 0x8f, 0x92, 
    0x92, 0x08, 0x99, 0x99, 0x8b, 0x8b, 0x95, 0x7a, 0x08, 0x0e, 0x1c, 0x08, 
    0x38, 0xf8, 0xa8, 0xf9, 0x4c, 0x15, 0x87, 0x87, 0x87, 0x8b, 0x82, 0x8b, 
    0x08, 0x7a, 0x8b, 0x87, 0x82, 0x8b, 0x58, 0x08, 0x8b, 0x72, 0x8b, 0x69, 
    0x87, 0x7f, 0x08, 0x8b, 0x6d, 0x05, 0x60, 0x8b, 0x05, 0x65, 0x8b, 0x8b, 
    0x8b, 0x90, 0x83, 0x08, 0x8f, 0x7e, 0x8b, 0x8b, 0x7e, 0x8b, 0x08, 0x83, 
    0x8b, 0x87, 0x8f, 0x8b, 0x8f, 0x08, 0x8b, 0x94, 0x86, 0x8b, 0x72, 0x8b, 
    0x08, 0x7e, 0x8b, 0x7a, 0x87, 0x8b, 0x8b, 0x08, 0x8b, 0x86, 0x83, 0x8b, 
    0x87, 0x8b, 0x08, 0x82, 0x90, 0x05, 0x94, 0x8f, 0x05, 0x93, 0x8f, 0x83, 
    0x8b, 0x65, 0x8b, 0x08, 0x71, 0x8f, 0x65, 0x8b, 0x7a, 0x8b, 0x08, 0x6e, 
    0x87, 0x05, 0x87, 0x9c, 0x05, 0x82, 0xa4, 0x83, 0x8b, 0x47, 0x8b, 0x08, 
    0x69, 0x8b, 0x6e, 0x8b, 0x86, 0x8b, 0x08, 0x87, 0x8b, 0x87, 0x83, 0x8b, 
    0x54, 0x08, 0x8b, 0x4b, 0x05, 0xc6, 0x8b, 0x05, 0xb1, 0x8b, 0xa5, 0x8b, 
    0x8f, 0x87, 0x08, 0x8b, 0x83, 0x9c, 0x8f, 0x8f, 0x8f, 0x08, 0x8b, 0x8f, 
    0x8f, 0x90, 0x8f, 0x8b, 0x08, 0x94, 0x8b, 0x8b, 0x8b, 0x8b, 0x8f, 0x08, 
    0x87, 0x8f, 0x8b, 0x94, 0x8b, 0x8b, 0x08, 0x82, 0x9b, 0x94, 0x8b, 0xf7, 
    0x34, 0x87, 0x08, 0xf7, 0x28, 0x87, 0xb1, 0x87, 0x69, 0x87, 0x08, 0x7f, 
    0x8b, 0x8b, 0x86, 0x8b, 0x83, 0x08, 0x8b, 0x82, 0x8b, 0x87, 0x93, 0x8b, 
    0x08, 0x8f, 0x8b, 0x94, 0x87, 0x8f, 0x87, 0x08, 0x8b, 0x87, 0x93, 0x8b, 
    0x98, 0x8b, 0x08, 0x98, 0x8b, 0x8b, 0x8f, 0x8b, 0x97, 0x08, 0x8b, 0x98, 
    0x8f, 0x94, 0x8b, 0x8b, 0x08, 0x93, 0x8f, 0xb6, 0x8b, 0x93, 0x87, 0x08, 
    0x8f, 0x8b, 0x90, 0x86, 0x8b, 0x87, 0x08, 0x8b, 0x87, 0x8b, 0x87, 0x8f, 
    0x86, 0x08, 0x93, 0x87, 0x87, 0x87, 0x83, 0x8b, 0x08, 0x82, 0x87, 0x8b, 
    0x8b, 0x8b, 0x76, 0x08, 0x8f, 0x6d, 0x94, 0x83, 0xa4, 0x8f, 0x08, 0xad, 
    0x8b, 0x8b, 0x8f, 0x8b, 0x98, 0x08, 0x8b, 0x97, 0x05, 0xb1, 0x8b, 0x05, 
    0xa0, 0x87, 0xe0, 0x8b, 0xdf, 0x87, 0x08, 0xf7, 0x2c, 0x8b, 0x05, 0x98, 
    0x93, 0x05, 0x98, 0x98, 0x05, 0x97, 0x7e, 0x05, 0x98, 0x7b, 0x8b, 0x86, 
    0x8b, 0x72, 0x08, 0x8b, 0x72, 0x8b, 0x82, 0x87, 0x87, 0x08, 0x7e, 0x82, 
    0x94, 0x83, 0x97, 0x8b, 0x08, 0x98, 0x87, 0x05, 0x8b, 0x5c, 0x05, 0x87, 
    0x6e, 0x8b, 0x71, 0x8b, 0x87, 0x08, 0x86, 0x87, 0x8b, 0x7e, 0x87, 0x7f, 
    0x08, 0x8b, 0x82, 0x87, 0x6e, 0x83, 0x71, 0x08, 0x86, 0x72, 0x87, 0x76, 
    0x8f, 0x86, 0x08, 0x8b, 0x87, 0x90, 0x87, 0x93, 0x87, 0x08, 0xa0, 0x87, 
    0xb1, 0x7e, 0x8f, 0x87, 0x08, 0x8b, 0x86, 0x98, 0x8b, 0x93, 0x87, 0x08, 
    0x98, 0x8b, 0x98, 0x87, 0x93, 0x87, 0x08, 0x98, 0x87, 0x8f, 0x8b, 0x8f, 
    0x93, 0x08, 0x9c, 0x9c, 0xa9, 0xf7, 0x41, 0x8b, 0xcb, 0x08, 0x8b, 0x9b, 
    0x05, 0xa8, 0x8b, 0x05, 0xb6, 0x90, 0xb9, 0x86, 0x94, 0x83, 0x08, 0x8f, 
    0x83, 0x93, 0x82, 0x8b, 0x83, 0x08, 0x87, 0x86, 0x8f, 0x87, 0x8b, 0x8b, 
    0x08, 0x90, 0x87, 0x8b, 0x8b, 0x86, 0x87, 0x08, 0x87, 0x82, 0x8f, 0x87, 
    0x94, 0x8b, 0x08, 0x97, 0x8b, 0xa9, 0x50, 0x8b, 0x72, 0x08, 0x8b, 0x75, 
    0x8f, 0x87, 0xa0, 0x8b, 0x08, 0x9c, 0x8b, 0xe4, 0xa9, 0x8f, 0x8f, 0x08, 
    0x8b, 0x8f, 0x87, 0x94, 0x47, 0xf7, 0x06, 0x08, 0x65, 0xca, 0x8b, 0x8f, 
    0x8b, 0xa1, 0x08, 0x90, 0xa4, 0x93, 0x98, 0xa0, 0x8b, 0x08, 0x9c, 0x8f, 
    0x98, 0x97, 0x8b, 0x9c, 0x08, 0x8b, 0x98, 0x8f, 0x8f, 0xb1, 0x8b, 0x08, 
    0xa0, 0x8b, 0x8f, 0x8b, 0x94, 0x7f, 0x08, 0x93, 0x82, 0x90, 0x8b, 0xa0, 
    0x8b, 0x08, 0x9c, 0x8b, 0x8f, 0x8b, 0x8b, 0x87, 0x08, 0x8b, 0x87, 0x8f, 
    0x86, 0x98, 0x90, 0x08, 0x9c, 0x8b, 0xa8, 0x86, 0x94, 0x7f, 0x08, 0x8f, 
    0x8b, 0x8b, 0x82, 0x8f, 0x83, 0x08, 0x8b, 0x87, 0x8b, 0x82, 0x8b, 0x87, 
    0x08, 0x8b, 0x8b, 0x94, 0x87, 0x9b, 0x8b, 0x08, 0x9c, 0x8b, 0x98, 0x87, 
    0x8b, 0x86, 0x08, 0x8b, 0x8b, 0x8b, 0x87, 0x8b, 0x87, 0x08, 0x8b, 0x87, 
    0xa4, 0x8b, 0x90, 0x8f, 0x08, 0x8b, 0x8f, 0x97, 0x83, 0x9c, 0x7e, 0x08, 
    0xa5, 0x7a, 0x8b, 0x8b, 0xa4, 0x8b, 0x08, 0xa0, 0x8b, 0x05, 0xa4, 0x69, 
    0x05, 0x98, 0x76, 0x9c, 0x7a, 0x8f, 0x8b, 0x08, 0x94, 0x83, 0x9c, 0x93, 
    0x8f, 0x94, 0x08, 0x93, 0x97, 0xb5, 0xf7, 0x57, 0x8b, 0xa4, 0x08, 0x8b, 
    0x9c, 0x7f, 0xa4, 0x82, 0x8b, 0x08, 0x87, 0x8b, 0x8b, 0x87, 0x8f, 0x87, 
    0x08, 0x98, 0x82, 0x8b, 0x7a, 0x7e, 0x8b, 0x08, 0x87, 0x8b, 0x87, 0x8b, 
    0x8b, 0x90, 0x08, 0x8b, 0x8b, 0x87, 0x93, 0x86, 0x94, 0x08, 0x83, 0x8f, 
    0x87, 0x93, 0x8f, 0x8b, 0x08, 0x8f, 0x90, 0x76, 0x86, 0x87, 0x87, 0x08, 
    0x82, 0x87, 0xfb, 0xa2, 0x93, 0x7e, 0x90, 0x08, 0x7f, 0x8f, 0x75, 0x8b, 
    0x87, 0x87, 0x08, 0x87, 0x82, 0x83, 0x8b, 0x5c, 0x8f, 0x08, 0x58, 0x8b, 
    0x05, 0x90, 0x7f, 0x05, 0x93, 0x7e, 0x8b, 0x87, 0x87, 0x8b, 0x08, 0x87, 
    0x8b, 0x86, 0x8f, 0x87, 0x93, 0x08, 0x83, 0x9c, 0x7e, 0x94, 0x7a, 0x8b, 
    0x08, 0x83, 0x8b, 0x82, 0x8b, 0x8b, 0x8f, 0x08, 0x8b, 0x8f, 0x8f, 0x8b, 
    0x90, 0x8b, 0x08, 0x93, 0x8b, 0x8f, 0x8f, 0x8b, 0x94, 0x08, 0x8b, 0x98, 
    0x87, 0x8f, 0x87, 0x82, 0x08, 0x87, 0x8b, 0x71, 0x8b, 0x7f, 0x90, 0x08, 
    0x82, 0x8b, 0x7a, 0xbd, 0x8b, 0xa5, 0x08, 0x8b, 0x9c, 0x87, 0x8f, 0x87, 
    0x93, 0x08, 0x7e, 0x94, 0x6e, 0x8f, 0x82, 0x87, 0x08, 0x87, 0x86, 0x61, 
    0x87, 0xfb, 0x06, 0x83, 0x08, 0x2e, 0x87, 0x4b, 0x86, 0x83, 0x87, 0x08, 
    0x7e, 0x87, 0x87, 0x82, 0x8b, 0x72, 0x08, 0x8b, 0x7e, 0x8b, 0x83, 0x87, 
    0x8b, 0x08, 0x86, 0x8b, 0x8b, 0x87, 0x8b, 0x86, 0x08, 0x8b, 0x83, 0x87, 
    0x8b, 0x83, 0x93, 0x08, 0x7e, 0x90, 0x83, 0x8f, 0x43, 0x8b, 0x08, 0x5c, 
    0x8b, 0x37, 0x8b, 0x54, 0x8b, 0x08, 0x47, 0x8f, 0x69, 0x8b, 0x90, 0x87, 
    0x08, 0x93, 0x8b, 0x94, 0x87, 0x8b, 0x8f, 0x08, 0x93, 0x8b, 0x9c, 0x76, 
    0x8b, 0x82, 0x08, 0x8b, 0x87, 0x87, 0x83, 0x82, 0x86, 0x08, 0x7f, 0x83, 
    0x8b, 0x8b, 0x8b, 0x93, 0x08, 0x86, 0x90, 0x83, 0x97, 0x87, 0x94, 0x08, 
    0x7e, 0xa0, 0x87, 0x8b, 0x7e, 0x8b, 0x08, 0x7a, 0x8b, 0x8b, 0x8b, 0x72, 
    0xa8, 0x08, 0x69, 0xbe, 0x76, 0xa9, 0x87, 0x8f, 0x08, 0x86, 0x8b, 0x87, 
    0x8b, 0x87, 0x87, 0x08, 0xfa, 0x29, 0x58, 0x15, 0x87, 0x83, 0x86, 0x8f, 
    0x8b, 0x98, 0x08, 0x90, 0x8f, 0x8b, 0x8b, 0x8f, 0x87, 0x08, 0x8f, 0x86, 
    0x8b, 0x8b, 0x87, 0x87, 0x08, 0xfd, 0xfb, 0x65, 0x15, 0x98, 0x76, 0x98, 
    0x7a, 0x8b, 0x87, 0x08, 0x8b, 0x87, 0x82, 0x8b, 0x6e, 0x8b, 0x08, 0x65, 
    0x8b, 0x05, 0x87, 0xa0, 0x05, 0x8b, 0x97, 0x8b, 0x90, 0x93, 0x8f, 0x08, 
    0x8f, 0x8f, 0x8f, 0x8f, 0x8b, 0x98, 0x08, 0x8b, 0xa9, 0x94, 0x8b, 0xa8, 
    0x5c, 0x08, 0xf9, 0x5f, 0xa0, 0x15, 0xb5, 0x8b, 0x8f, 0x8b, 0x94, 0x7e, 
    0x08, 0x8f, 0x87, 0x8b, 0x83, 0x87, 0x87, 0x08, 0x8b, 0x7e, 0x05, 0x54, 
    0x8b, 0x05, 0x6d, 0x8b, 0x65, 0x8b, 0x76, 0x8f, 0x08, 0x69, 0x8b, 0x87, 
    0x8b, 0x87, 0x87, 0x08, 0x8b, 0x7e, 0x82, 0x8f, 0x7a, 0x98, 0x08, 0x83, 
    0x94, 0x87, 0x8f, 0x8b, 0x97, 0x08, 0x8b, 0x94, 0x8b, 0x93, 0x8f, 0x8b, 
    0x08, 0x8b, 0x90, 0xc6, 0x8b, 0xf5, 0x82, 0x08, 0xf7, 0x27, 0x6e, 0x15, 
    0x83, 0x86, 0x87, 0x90, 0x8f, 0x8f, 0x08, 0x8b, 0x8f, 0x8f, 0x8b, 0x8f, 
    0x87, 0x08, 0x90, 0x8b, 0x8b, 0x8b, 0x86, 0x87, 0x08, 0x7f, 0x75, 0x15, 
    0x87, 0x7f, 0x7a, 0x8b, 0x82, 0x93, 0x08, 0x87, 0x94, 0x8b, 0x8b, 0x98, 
    0x8f, 0x08, 0x9c, 0x93, 0x93, 0x87, 0x87, 0x7e, 0x08, 0xfd, 0x3d, 0x7b, 
    0x15, 0x8b, 0x86, 0x8b, 0x8b, 0x87, 0x90, 0x08, 0x87, 0x93, 0x8b, 0x8f, 
    0x8f, 0x87, 0x08, 0x8f, 0x8b, 0x8b, 0x87, 0x8b, 0x87, 0x08, 0xfd, 0x27, 
    0x86, 0x15, 0x8b, 0x87, 0x87, 0x8b, 0x8b, 0x8b, 0x08, 0x87, 0x8b, 0x87, 
    0x8b, 0x8b, 0x8f, 0x08, 0x8b, 0x90, 0x8b, 0x8b, 0x8f, 0x8b, 0x08, 0x8b, 
    0x8b, 0x8f, 0x8b, 0x8f, 0x86, 0x08, 0xf8, 0xd7, 0x7a, 0x15, 0x8f, 0x7b, 
    0x8b, 0x86, 0x87, 0x90, 0x08, 0x87, 0x8b, 0x7e, 0xa8, 0x8b, 0x8f, 0x08, 
    0x8b, 0x94, 0x94, 0x82, 0x93, 0x7a, 0x08, 0xf9, 0xf2, 0x90, 0x15, 0x8b, 
    0x86, 0x87, 0x8b, 0x87, 0x8b, 0x08, 0x8b, 0x8b, 0x87, 0x8b, 0x8f, 0x90, 
    0x08, 0x8b, 0x8f, 0x8f, 0x8b, 0x8b, 0x8b, 0x08, 0x8f, 0x8b, 0x8b, 0x8b, 
    0x8b, 0x87, 0x08, 0x1c, 0xfa, 0x5f, 0x86, 0x15, 0x8b, 0x87, 0x8b, 0x8b, 
    0x8b, 0x8b, 0x08, 0x87, 0x8b, 0x8b, 0x8b, 0x8b, 0x8f, 0x08, 0x87, 0x90, 
    0x8b, 0x8b, 0x8f, 0x8b, 0x08, 0x8f, 0x8b, 0x8b, 0x8b, 0x8b, 0x86, 0x08, 
    0xfa, 0x93, 0x87, 0x15, 0x8f, 0x83, 0x8b, 0x8b, 0x87, 0x8b, 0x08, 0x87, 
    0x8b, 0x86, 0x8f, 0x8b, 0x8f, 0x08, 0x8b, 0x8f, 0x8b, 0x90, 0x8b, 0x8b, 
    0x08, 0x90, 0x8b, 0x8b, 0x86, 0x8f, 0x87, 0x08, 0xd7, 0x8f, 0x15, 0x93, 
    0x8b, 0x90, 0x7f, 0x82, 0x87, 0x08, 0x87, 0x8b, 0x87, 0x8f, 0x86, 0x8f, 
    0x08, 0x83, 0x98, 0x8f, 0x8f, 0x98, 0x82, 0x08, 0xf7, 0xd1, 0x8b, 0x15, 
    0x87, 0x8b, 0x8b, 0x8b, 0x86, 0x8b, 0x08, 0x87, 0x90, 0x8b, 0x8b, 0x8f, 
    0x8b, 0x08, 0x90, 0x8b, 0x8f, 0x8b, 0x8b, 0x86, 0x08, 0xfe, 0x21, 0x83, 
    0x15, 0x8b, 0x87, 0x6a, 0x8b, 0x7a, 0x8b, 0x08, 0x76, 0x93, 0x97, 0x8f, 
    0xa9, 0x8b, 0x08, 0x97, 0x8b, 0x9c, 0x87, 0x8b, 0x87, 0x08, 0xfa, 0x32, 
    0x76, 0x15, 0x8f, 0x7e, 0x8b, 0x8b, 0x87, 0x8b, 0x08, 0x8b, 0x8b, 0x87, 
    0x8f, 0x8b, 0x90, 0x08, 0x86, 0x8f, 0x8b, 0x8f, 0x87, 0x8f, 0x08, 0x8b, 
    0x8b, 0x8b, 0x90, 0x8f, 0x8b, 0x08, 0x90, 0x8b, 0x8b, 0x86, 0x8f, 0x83, 
    0x08, 0xfb, 0x63, 0x6d, 0x15, 0x8f, 0x8b, 0x8b, 0x87, 0x87, 0x8b, 0x08, 
    0x86, 0x87, 0x8b, 0x8f, 0x8b, 0x8b, 0x08, 0x8b, 0x93, 0x90, 0x8b, 0x8b, 
    0x87, 0x08, 0x8f, 0x7a, 0x15, 0x8b, 0x87, 0x8b, 0x8b, 0x87, 0x8b, 0x08, 
    0x86, 0x8b, 0x8b, 0x8b, 0x8b, 0x8f, 0x08, 0x8b, 0x90, 0x8b, 0x8b, 0x8b, 
    0x8b, 0x08, 0x90, 0x8b, 0x8b, 0x8b, 0x8f, 0x86, 0x08, 0xfb, 0x17, 0x6a, 
    0x15, 0x8b, 0x8b, 0x82, 0x8b, 0x8b, 0x8b, 0x08, 0x87, 0x8f, 0x8f, 0x8b, 
    0x90, 0x8b, 0x08, 0x8f, 0x8b, 0x8f, 0x8b, 0x87, 0x87, 0x08, 0xfc, 0xc2, 
    0x7e, 0x15, 0x8f, 0x87, 0x94, 0x86, 0x8f, 0x8b, 0x08, 0x8b, 0x8b, 0x8f, 
    0x87, 0x8b, 0x83, 0x08, 0x8b, 0x82, 0x8b, 0x8b, 0x76, 0x8b, 0x08, 0x76, 
    0x8b, 0x87, 0x90, 0x8b, 0xa4, 0x08, 0x8b, 0x9c, 0x97, 0x8b, 0x98, 0x7a, 
    0x08, 0xf8, 0xe4, 0x93, 0x15, 0x8f, 0x83, 0x87, 0x8b, 0x82, 0x93, 0x08, 
    0x83, 0x90, 0x8b, 0x8b, 0x8f, 0x8b, 0x08, 0x8f, 0x8b, 0x90, 0x8b, 0x8f, 
    0x86, 0x08, 0xf7, 0x5f, 0x83, 0x15, 0x8b, 0x87, 0x86, 0x8b, 0x8b, 0x8b, 
    0x08, 0x87, 0x8b, 0x87, 0x8f, 0x8f, 0x8b, 0x08, 0x8b, 0x93, 0x94, 0x8b, 
    0x8b, 0x83, 0x08, 0xfb, 0x79, 0x7a, 0x15, 0x94, 0x87, 0x8b, 0x8b, 0x7e, 
    0x8b, 0x08, 0x7e, 0x8b, 0x83, 0x8f, 0x8b, 0x93, 0x08, 0x8b, 0x90, 0x8f, 
    0x8b, 0x8f, 0x86, 0x08, 0x90, 0x87, 0x93, 0x87, 0x8f, 0x8b, 0x08, 0xf9, 
    0xb7, 0x8f, 0x15, 0x8b, 0x87, 0x87, 0x8b, 0x7e, 0x8b, 0x08, 0x72, 0x8f, 
    0x8b, 0x94, 0xa0, 0x8b, 0x08, 0x9c, 0x8b, 0x8f, 0x8b, 0x8b, 0x82, 0x08, 
    0xfd, 0x2b, 0x5d, 0x15, 0x98, 0x82, 0x93, 0x76, 0x87, 0x7a, 0x08, 0x8b, 
    0x7a, 0x8b, 0x8b, 0x7a, 0x8b, 0x08, 0x7a, 0x8b, 0x87, 0x8b, 0x86, 0x9c, 
    0x08, 0x83, 0x94, 0x8b, 0x93, 0x8f, 0x98, 0x08, 0x8f, 0x8f, 0x90, 0x94, 
    0x8f, 0x8f, 0x08, 0x93, 0x8f, 0x8b, 0x8b, 0x94, 0x87, 0x08, 0xfb, 0x46, 
    0x65, 0x15, 0x8b, 0x8b, 0x87, 0x86, 0x8b, 0x8b, 0x08, 0x87, 0x8b, 0x87, 
    0x90, 0x8b, 0x8f, 0x08, 0x8b, 0x8f, 0x93, 0x8b, 0x8f, 0x83, 0x08, 0xd3, 
    0xfb, 0x2c, 0x15, 0x87, 0x86, 0x8b, 0x8b, 0x8b, 0x90, 0x08, 0x8b, 0x8f, 
    0x8b, 0x8f, 0x8f, 0x8b, 0x08, 0x8b, 0x87, 0x8b, 0x8b, 0x8b, 0x87, 0x08, 
    0xfb, 0x02, 0x3a, 0x15, 0x87, 0x72, 0x87, 0x7e, 0x87, 0x8b, 0x08, 0x82, 
    0x8b, 0x8b, 0x8f, 0x94, 0x9c, 0x08, 0x8f, 0x98, 0x8f, 0xa0, 0x8f, 0x9c, 
    0x08, 0x90, 0x98, 0x8f, 0x93, 0x8b, 0x83, 0x08, 0x8b, 0x87, 0x87, 0x75, 
    0x86, 0x76, 0x08, 0x0e, 0x1c, 0x06, 0x19, 0xfa, 0x1a, 0xf9, 0x4d, 0x15, 
    0x88, 0x8b, 0x88, 0x8b, 0x85, 0x8b, 0x08, 0x84, 0x8b, 0x88, 0x88, 0x8b, 
    0x84, 0x08, 0x8b, 0x85, 0x88, 0x88, 0x8b, 0x8b, 0x08, 0x85, 0x8b, 0x82, 
    0x72, 0x8b, 0x7b, 0x08, 0x8b, 0x7f, 0x94, 0x7b, 0x94, 0x85, 0x08, 0x8e, 
    0x87, 0x98, 0x8b, 0x98, 0x8b, 0x08, 0xaa, 0x8b, 0x8b, 0x8b, 0x8b, 0x85, 
    0x08, 0x8b, 0x85, 0x88, 0x8b, 0x85, 0x8b, 0x08, 0x84, 0x8b, 0x85, 0x88, 
    0x88, 0x88, 0x08, 0x88, 0x87, 0x84, 0x88, 0x88, 0x8b, 0x08, 0x88, 0x8b, 
    0x88, 0x88, 0x88, 0x8b, 0x08, 0x88, 0x88, 0x8b, 0x8b, 0x88, 0x8e, 0x08, 
    0x87, 0x8e, 0x88, 0x8b, 0x88, 0x8b, 0x08, 0x85, 0x88, 0x85, 0x8b, 0x88, 
    0x8e, 0x08, 0x87, 0x8e, 0x8b, 0x8b, 0x85, 0x88, 0x08, 0x88, 0x88, 0x88, 
    0x8b, 0x85, 0x8e, 0x08, 0x84, 0x8e, 0x8b, 0x8b, 0x88, 0x88, 0x08, 0x88, 
    0x88, 0x8b, 0x8b, 0x85, 0x8e, 0x08, 0x88, 0x8b, 0x84, 0x8e, 0x85, 0x88, 
    0x08, 0x85, 0x8b, 0x88, 0x8b, 0x8b, 0x8e, 0x08, 0x8b, 0x8f, 0x87, 0x8b, 
    0x85, 0x87, 0x08, 0x88, 0x88, 0x85, 0x8b, 0x88, 0x8e, 0x08, 0x84, 0x8f, 
    0x6f, 0x8b, 0x88, 0x87, 0x08, 0x8b, 0x88, 0x88, 0x8b, 0x8b, 0x8e, 0x08, 
    0x88, 0x8f, 0x84, 0x8b, 0x82, 0x8b, 0x08, 0x7e, 0x8b, 0x75, 0x8e, 0x8b, 
    0x8e, 0x08, 0x8b, 0x8e, 0x6c, 0x88, 0x82, 0x88, 0x08, 0x88, 0x88, 0x87, 
    0x8b, 0x85, 0x8e, 0x08, 0x88, 0x8e, 0x8b, 0x8b, 0x88, 0x88, 0x08, 0x88, 
    0x88, 0x88, 0x8b, 0x87, 0x8e, 0x08, 0x88, 0x8e, 0x85, 0x8b, 0x85, 0x8b, 
    0x08, 0x84, 0x88, 0x88, 0x8b, 0x8b, 0x8e, 0x08, 0x88, 0x8e, 0x88, 0x8b, 
    0x88, 0x88, 0x08, 0x88, 0x88, 0x85, 0x8b, 0x87, 0x8e, 0x08, 0x88, 0x8b, 
    0x82, 0x8b, 0x81, 0x8b, 0x08, 0x7f, 0x8b, 0x81, 0x8e, 0x88, 0x8b, 0x08, 
    0x8b, 0x8e, 0x85, 0x88, 0x88, 0x8b, 0x08, 0x81, 0x88, 0x8b, 0x8b, 0x88, 
    0x8e, 0x08, 0x88, 0x8e, 0x8b, 0x8b, 0x85, 0x88, 0x08, 0x85, 0x88, 0x87, 
    0x8b, 0x88, 0x8e, 0x08, 0x85, 0x8e, 0x82, 0x8b, 0x8b, 0x88, 0x08, 0x88, 
    0x88, 0x8b, 0x8b, 0x87, 0x8e, 0x08, 0x85, 0x8e, 0x88, 0x8e, 0x85, 0x88, 
    0x08, 0x84, 0x88, 0x88, 0x8b, 0x88, 0x8e, 0x08, 0x88, 0x8b, 0x85, 0x8b, 
    0x88, 0x8b, 0x08, 0x7e, 0x8b, 0x8b, 0x8b, 0x8e, 0x7f, 0x08, 0x8b, 0x7e, 
    0x05, 0x56, 0x8b, 0x05, 0x5c, 0x8e, 0x84, 0x8b, 0x88, 0x91, 0x08, 0x85, 
    0x8f, 0x88, 0x8e, 0x68, 0x8b, 0x08, 0x63, 0x8b, 0x05, 0x84, 0x7e, 0x05, 
    0x85, 0x82, 0x8b, 0x81, 0x8b, 0x82, 0x08, 0x8e, 0x85, 0x8b, 0x81, 0x88, 
    0x88, 0x08, 0x8b, 0x85, 0x78, 0x85, 0x7f, 0x8b, 0x08, 0x84, 0x8b, 0x85, 
    0x8b, 0x88, 0x87, 0x08, 0x8b, 0x88, 0x75, 0x8b, 0x5c, 0x8e, 0x08, 0x49, 
    0x8b, 0x05, 0x8b, 0x79, 0x05, 0x8e, 0x78, 0x05, 0xcd, 0x8b, 0x05, 0xd3, 
    0x88, 0x8b, 0x8b, 0x8b, 0x78, 0x08, 0x8b, 0x81, 0x05, 0x9b, 0x8b, 0x05, 
    0x9e, 0x8b, 0x05, 0x8b, 0x98, 0x05, 0x8b, 0x94, 0x05, 0xaa, 0x8b, 0x05, 
    0xa1, 0x8b, 0x98, 0x8b, 0x8e, 0x8e, 0x08, 0x8b, 0x92, 0xf7, 0x08, 0x84, 
    0x94, 0x88, 0x08, 0x98, 0x85, 0x8b, 0x88, 0x8b, 0x78, 0x08, 0x8b, 0x78, 
    0x8b, 0x8b, 0x94, 0x8b, 0x08, 0x8e, 0x8b, 0xa1, 0x8b, 0x9e, 0x88, 0x08, 
    0x9e, 0x8b, 0x9e, 0x8b, 0x8e, 0x8b, 0x08, 0x8e, 0x8b, 0x8e, 0x88, 0x8b, 
    0x8b, 0x08, 0x8b, 0x88, 0x95, 0x85, 0x94, 0x84, 0x08, 0x98, 0x85, 0x8e, 
    0x88, 0x88, 0x85, 0x08, 0x8b, 0x84, 0x8b, 0xfb, 0x37, 0x8e, 0x6f, 0x08, 
    0x8b, 0x72, 0x91, 0x88, 0xa7, 0x8b, 0x08, 0x9e, 0x8b, 0x8e, 0x8b, 0x92, 
    0x94, 0x08, 0x94, 0x91, 0x05, 0x8b, 0xf7, 0x02, 0x05, 0x8b, 0xf7, 0x02, 
    0x05, 0x9b, 0x91, 0x05, 0x94, 0x92, 0x91, 0x91, 0x8b, 0x8e, 0x08, 0x8b, 
    0x8e, 0x98, 0x8b, 0xc3, 0x8b, 0x08, 0xd7, 0x8b, 0xba, 0x8b, 0x91, 0x88, 
    0x08, 0x91, 0x8b, 0x8b, 0x88, 0x88, 0x81, 0x08, 0x88, 0x88, 0x85, 0x78, 
    0x88, 0x79, 0x08, 0x81, 0x49, 0x6f, 0x36, 0x6f, 0x53, 0x08, 0x72, 0x5b, 
    0x88, 0x82, 0x84, 0x8b, 0x08, 0x7c, 0x88, 0x91, 0x81, 0xa4, 0x79, 0x08, 
    0x9b, 0x7e, 0x97, 0x82, 0x8b, 0x8b, 0x08, 0x8e, 0x84, 0xae, 0x75, 0x94, 
    0x88, 0x08, 0x92, 0x88, 0x97, 0x88, 0x95, 0x8b, 0x08, 0x9a, 0x8b, 0x8b, 
    0x8b, 0x8e, 0x91, 0x08, 0x8b, 0x92, 0x92, 0x9a, 0x91, 0x98, 0x08, 0x9b, 
    0xa7, 0x9d, 0xb4, 0x98, 0xb1, 0x08, 0x98, 0xb0, 0xa1, 0xe3, 0x91, 0xa4, 
    0x08, 0x91, 0xab, 0x8b, 0x8b, 0x95, 0x8b, 0x08, 0x94, 0x8b, 0x8b, 0x8b, 
    0x8b, 0x81, 0x08, 0x8b, 0x7f, 0x91, 0x81, 0x95, 0x8b, 0x08, 0x91, 0x8b, 
    0x91, 0x91, 0x8b, 0x95, 0x08, 0x8b, 0x91, 0x8b, 0x8b, 0xab, 0x8b, 0x08, 
    0xad, 0x8b, 0x05, 0x9b, 0x7f, 0x05, 0x94, 0x7e, 0x8e, 0x85, 0x8b, 0x84, 
    0x08, 0x8b, 0x85, 0x8e, 0x7f, 0x8f, 0x81, 0x08, 0x8e, 0x7f, 0x8e, 0x81, 
    0x8b, 0x88, 0x08, 0x8b, 0x85, 0x8b, 0x85, 0x8e, 0x87, 0x08, 0x8e, 0x85, 
    0x8e, 0x82, 0x8b, 0x81, 0x08, 0x8e, 0x7c, 0x05, 0xa1, 0x8b, 0x05, 0x9b, 
    0x8b, 0x98, 0x8e, 0x9a, 0x8e, 0x08, 0xa4, 0x94, 0x05, 0x88, 0x9b, 0x05, 
    0x8b, 0xa7, 0x82, 0xae, 0x81, 0xad, 0x08, 0x82, 0xa8, 0x88, 0x91, 0x8e, 
    0x97, 0x08, 0x8e, 0xa4, 0x8e, 0x95, 0x98, 0x8e, 0x08, 0x9b, 0x91, 0xf7, 
    0x01, 0x85, 0x95, 0x88, 0x08, 0x8e, 0x88, 0x98, 0x88, 0x91, 0x8b, 0x08, 
    0x97, 0x8b, 0x8e, 0x8b, 0x8b, 0x84, 0x08, 0x8b, 0x88, 0x92, 0x8b, 0x9e, 
    0x8b, 0x08, 0xaa, 0x8b, 0x88, 0x91, 0x9b, 0x53, 0x08, 0x94, 0x6f, 0x8e, 
    0x84, 0x95, 0x85, 0x08, 0x97, 0x82, 0x8e, 0x8b, 0x9b, 0x8b, 0x08, 0xa4, 
    0x8b, 0x91, 0x91, 0x8e, 0xa1, 0x08, 0x8b, 0xd9, 0x8f, 0xd4, 0x8b, 0x8e, 
    0x08, 0x91, 0x91, 0x81, 0x8e, 0x79, 0x8e, 0x08, 0x81, 0x8b, 0x82, 0x8e, 
    0x8b, 0x8b, 0x08, 0x8b, 0x8f, 0x8e, 0x8b, 0x91, 0x8b, 0x08, 0x91, 0x87, 
    0x92, 0x8f, 0x8e, 0x8b, 0x08, 0x8e, 0x8e, 0x8b, 0x8b, 0x88, 0x8b, 0x08, 
    0xfb, 0x41, 0x8e, 0x78, 0x8b, 0x8b, 0x94, 0x08, 0x8b, 0x8b, 0x9b, 0x8e, 
    0xa1, 0x88, 0x08, 0xe9, 0x88, 0xa1, 0x8b, 0x88, 0x8e, 0x08, 0x85, 0x8b, 
    0x62, 0x8e, 0x59, 0x8b, 0x08, 0x36, 0x8f, 0x88, 0x8b, 0x88, 0x84, 0x08, 
    0x84, 0x85, 0x88, 0x8b, 0x75, 0x8b, 0x08, 0x7f, 0x8b, 0x7e, 0x8b, 0x8b, 
    0x8e, 0x08, 0x88, 0x8e, 0x88, 0x8b, 0x88, 0x8b, 0x08, 0x88, 0x8b, 0x84, 
    0x95, 0x82, 0x9e, 0x08, 0x85, 0x97, 0x81, 0x98, 0x8b, 0x8b, 0x08, 0x88, 
    0x8b, 0x8b, 0x91, 0x8e, 0x91, 0x08, 0x8b, 0x92, 0x8b, 0x91, 0x88, 0x8b, 
    0x08, 0x8b, 0x8b, 0x88, 0x91, 0x88, 0x94, 0x08, 0x88, 0x9e, 0x88, 0x8e, 
    0x88, 0x85, 0x08, 0x87, 0x8b, 0x88, 0x88, 0x85, 0x8e, 0x08, 0x85, 0x8b, 
    0x88, 0x8b, 0x8b, 0x88, 0x08, 0x8b, 0x88, 0x87, 0x8b, 0x88, 0x8b, 0x08, 
    0x8b, 0x8e, 0x85, 0x88, 0x88, 0x8b, 0x08, 0x85, 0x88, 0x84, 0x8b, 0x7f, 
    0x8e, 0x08, 0x81, 0x8e, 0x7f, 0x8b, 0x81, 0x8b, 0x08, 0x82, 0x8b, 0x88, 
    0x8e, 0x8e, 0x8b, 0x08, 0x8e, 0x8e, 0x91, 0x8b, 0x92, 0x8b, 0x08, 0xa4, 
    0x8b, 0x97, 0xb4, 0x78, 0x9e, 0x08, 0x88, 0x8e, 0x88, 0x8e, 0x8b, 0x91, 
    0x08, 0x8b, 0x95, 0x7f, 0x8b, 0x87, 0x81, 0x08, 0x8b, 0x88, 0x88, 0x88, 
    0x8b, 0x8e, 0x08, 0x88, 0x8b, 0x7f, 0x8e, 0x7b, 0x8b, 0x08, 0x6f, 0x8f, 
    0x84, 0x8e, 0xa1, 0x8e, 0x08, 0x98, 0x8b, 0x8b, 0x8b, 0x8b, 0x94, 0x08, 
    0x8b, 0x92, 0x8b, 0x8b, 0x78, 0x8b, 0x08, 0x7b, 0x8b, 0x88, 0x8b, 0x8b, 
    0x84, 0x08, 0x88, 0x82, 0x7f, 0x88, 0x75, 0x8b, 0x08, 0x78, 0x8b, 0x85, 
    0x88, 0x91, 0x84, 0x08, 0x94, 0x85, 0x88, 0x88, 0x85, 0x8b, 0x08, 0x85, 
    0x8b, 0x81, 0x94, 0x8e, 0x92, 0x08, 0x8e, 0x8b, 0x88, 0x8e, 0x82, 0x8e, 
    0x08, 0x81, 0x8e, 0x82, 0x8e, 0x88, 0x91, 0x08, 0x85, 0x95, 0x87, 0x8e, 
    0x88, 0x85, 0x08, 0xf7, 0x5a, 0x62, 0x15, 0x8b, 0x88, 0x8e, 0x88, 0x8b, 
    0x88, 0x08, 0x8b, 0x87, 0x8b, 0x8b, 0x85, 0x8f, 0x08, 0x85, 0x91, 0x87, 
    0x91, 0x92, 0x8b, 0x08, 0x8b, 0x8b, 0x8e, 0x88, 0x8e, 0x8b, 0x08, 0x6c, 
    0x82, 0x15, 0x94, 0x8b, 0x91, 0x87, 0x8b, 0x8b, 0x08, 0x88, 0x88, 0x85, 
    0x88, 0x7e, 0x8b, 0x08, 0x7c, 0x8b, 0x88, 0x8e, 0x8b, 0x8e, 0x08, 0x8b, 
    0x8f, 0x8b, 0x8e, 0x8e, 0x88, 0x08, 0x8e, 0x8b, 0x94, 0x8b, 0x95, 0x8b, 
    0x08, 0x81, 0x52, 0x15, 0x8b, 0x88, 0x88, 0x88, 0x8b, 0x84, 0x08, 0x85, 
    0x82, 0x05, 0x85, 0x91, 0x05, 0x84, 0x92, 0x85, 0x8e, 0x85, 0x8b, 0x08, 
    0x81, 0x8b, 0x88, 0x8e, 0x91, 0x8e, 0x08, 0x8b, 0x8e, 0xb1, 0x8b, 0x8e, 
    0x88, 0x08, 0xd0, 0x78, 0x15, 0x8b, 0x88, 0x8b, 0x8b, 0x88, 0x8b, 0x08, 
    0x88, 0x8b, 0x8b, 0x8b, 0x8b, 0x8e, 0x08, 0x8b, 0x8e, 0x8b, 0x8b, 0x8e, 
    0x8b, 0x08, 0x8e, 0x8b, 0x8b, 0x8b, 0x8b, 0x88, 0x08, 0xfb, 0x66, 0x88, 
    0x15, 0x88, 0x8b, 0x8b, 0x8b, 0x88, 0x8b, 0x08, 0x88, 0x8e, 0x8b, 0x8b, 
    0x8e, 0x8b, 0x08, 0x8e, 0x8b, 0x8e, 0x8b, 0x8b, 0x88, 0x08, 0xfd, 0x21, 
    0x85, 0x15, 0x98, 0x8b, 0x8b, 0x8b, 0x84, 0x88, 0x08, 0x7f, 0x88, 0x65, 
    0x8e, 0x88, 0x8e, 0x08, 0x85, 0x8e, 0xaa, 0x8b, 0xa1, 0x88, 0x08, 0xda, 
    0x8b, 0x15, 0x9e, 0x88, 0xa0, 0x8b, 0x95, 0x8b, 0x08, 0x97, 0x8b, 0x92, 
    0x8b, 0x8b, 0x88, 0x08, 0x8b, 0x87, 0x81, 0x8b, 0x78, 0x8b, 0x08, 0x7c, 
    0x8f, 0x6f, 0x8b, 0x7b, 0x8b, 0x08, 0x72, 0x8b, 0x84, 0x8b, 0x8b, 0x8e, 
    0x08, 0x8b, 0x91, 0x8f, 0x8b, 0x91, 0x88, 0x08, 0x8e, 0x8b, 0x9e, 0x8b, 
    0x9e, 0x8b, 0x08, 0xf7, 0x0e, 0x8b, 0x15, 0x94, 0x8b, 0x92, 0x8b, 0x88, 
    0x88, 0x08, 0x84, 0x88, 0x5f, 0x8e, 0x88, 0x8e, 0x08, 0x88, 0x8e, 0x8e, 
    0x8b, 0x95, 0x8b, 0x08, 0x91, 0x88, 0x98, 0x8b, 0x97, 0x8b, 0x08, 0xb1, 
    0x88, 0x15, 0x8e, 0x88, 0x88, 0x8b, 0x81, 0x8b, 0x08, 0x85, 0x8b, 0x85, 
    0x8b, 0x8e, 0x8e, 0x08, 0x8b, 0x8e, 0x97, 0x8b, 0x92, 0x88, 0x08, 0xf7, 
    0x92, 0x8b, 0x15, 0x8b, 0x88, 0x88, 0x8b, 0x8b, 0x8b, 0x08, 0x88, 0x8b, 
    0x88, 0x8b, 0x8e, 0x8e, 0x08, 0x8b, 0x8e, 0x8b, 0x8b, 0x8e, 0x8b, 0x08, 
    0x8b, 0x8b, 0x8b, 0x8b, 0x8e, 0x88, 0x08, 0xfb, 0x63, 0x88, 0x15, 0x85, 
    0x8b, 0x7e, 0x8b, 0x85, 0x8b, 0x08, 0x81, 0x8b, 0x92, 0x8e, 0x9a, 0x8b, 
    0x08, 0x9b, 0x8b, 0x91, 0x88, 0x82, 0x8b, 0x08, 0xe3, 0x8b, 0x15, 0x8b, 
    0x87, 0x81, 0x8b, 0x7c, 0x8b, 0x08, 0x7e, 0x8b, 0x7e, 0x8b, 0x8b, 0x8f, 
    0x08, 0x8f, 0x8e, 0xb0, 0x88, 0x95, 0x8b, 0x08, 0xf7, 0x24, 0x8b, 0x15, 
    0x88, 0x8b, 0x8b, 0x8b, 0x88, 0x8b, 0x08, 0x88, 0x8e, 0x8b, 0x8b, 0x8e, 
    0x8b, 0x08, 0x8e, 0x8b, 0x8e, 0x8b, 0x8b, 0x88, 0x08, 0xc0, 0x8b, 0x15, 
    0x8b, 0x87, 0x88, 0x8b, 0x8b, 0x8b, 0x08, 0x88, 0x8b, 0x88, 0x8b, 0x8e, 
    0x8f, 0x08, 0x8b, 0x8e, 0x8b, 0x8b, 0x8e, 0x8b, 0x08, 0x8b, 0x8b, 0x8b, 
    0x8b, 0x8e, 0x88, 0x08, 0xa5, 0x87, 0x15, 0x87, 0x8b, 0x8b, 0x8b, 0x88, 
    0x8b, 0x08, 0x88, 0x8f, 0x8b, 0x8b, 0x8e, 0x8b, 0x08, 0x8e, 0x8b, 0x8f, 
    0x8b, 0x8b, 0x87, 0x08, 0xa7, 0x8b, 0x15, 0x88, 0x8b, 0x8b, 0x8b, 0x87, 
    0x8b, 0x08, 0x88, 0x8f, 0x8b, 0x8b, 0x8e, 0x8b, 0x08, 0x8f, 0x8b, 0x8e, 
    0x8b, 0x8b, 0x87, 0x08, 0xa4, 0x88, 0x15, 0x88, 0x8b, 0x8b, 0x8b, 0x88, 
    0x8b, 0x08, 0x87, 0x8e, 0x8b, 0x8b, 0x8f, 0x8b, 0x08, 0x8e, 0x8b, 0x8e, 
    0x8b, 0x8b, 0x88, 0x08, 0xa4, 0x8b, 0x15, 0x88, 0x8b, 0x8b, 0x8b, 0x88, 
    0x8b, 0x08, 0x88, 0x8e, 0x8b, 0x8b, 0x8e, 0x8b, 0x08, 0x8e, 0x8b, 0x8e, 
    0x8b, 0x8b, 0x88, 0x08, 0xfb, 0x50, 0x75, 0x15, 0x84, 0x8b, 0x7f, 0x8b, 
    0x85, 0x8b, 0x08, 0x81, 0x8b, 0x91, 0x8e, 0x9b, 0x8b, 0x08, 0x9b, 0x8b, 
    0x91, 0x88, 0x82, 0x8b, 0x08, 0xfc, 0x1d, 0x85, 0x15, 0xab, 0x8b, 0x8b, 
    0x8b, 0x84, 0x85, 0x08, 0x88, 0x88, 0x88, 0x87, 0x8b, 0x88, 0x08, 0x8b, 
    0x88, 0x82, 0x8b, 0x59, 0x8b, 0x08, 0x52, 0x8b, 0x7f, 0x8e, 0x84, 0x95, 
    0x08, 0x82, 0x97, 0x91, 0x8e, 0xf7, 0x0b, 0x82, 0x08, 0xfb, 0x7c, 0x75, 
    0x15, 0x98, 0x88, 0x29, 0x8b, 0x7f, 0x8e, 0x08, 0x81, 0x8e, 0x95, 0x8b, 
    0xb0, 0x8b, 0x08, 0xa5, 0x8b, 0xa7, 0x88, 0x91, 0x8b, 0x08, 0xf7, 0x18, 
    0x88, 0x15, 0x8b, 0x88, 0x85, 0x8b, 0x6e, 0x8b, 0x08, 0x79, 0x8e, 0x78, 
    0x8b, 0x84, 0x8b, 0x08, 0x85, 0x8b, 0x85, 0x8b, 0x8b, 0x8e, 0x08, 0x8b, 
    0x91, 0xe3, 0x88, 0x8e, 0x85, 0x08, 0xf3, 0x85, 0x15, 0x8e, 0x8b, 0x55, 
    0x8b, 0x85, 0x8e, 0x08, 0x88, 0x8e, 0x94, 0x8b, 0x9e, 0x88, 0x08, 0x9b, 
    0x8b, 0x9b, 0x8b, 0x8b, 0x88, 0x08, 0xfa, 0x4e, 0x78, 0x15, 0x9a, 0x88, 
    0x7c, 0x87, 0x68, 0x8b, 0x08, 0x75, 0x8b, 0x82, 0x8f, 0x88, 0x8e, 0x08, 
    0x8b, 0x8e, 0x91, 0x8b, 0xa4, 0x8b, 0x08, 0x9b, 0x8b, 0x9d, 0x88, 0x8f, 
    0x8b, 0x08, 0x30, 0x72, 0x15, 0x8b, 0x88, 0x87, 0x8b, 0x8b, 0x8b, 0x08, 
    0x88, 0x8b, 0x88, 0x8b, 0x8e, 0x8e, 0x08, 0x8b, 0x8e, 0x8b, 0x8b, 0x8e, 
    0x8b, 0x08, 0x8b, 0x8b, 0x8b, 0x8b, 0x8f, 0x88, 0x08, 0xfd, 0x8c, 0x75, 
    0x15, 0x8b, 0x8b, 0x82, 0x8b, 0x7e, 0x8b, 0x08, 0x7f, 0x8b, 0x81, 0x8e, 
    0x8b, 0x8b, 0x08, 0x8b, 0x8e, 0xb4, 0x88, 0x8e, 0x88, 0x08, 0xa7, 0x8e, 
    0x15, 0x8b, 0x88, 0x82, 0x88, 0x88, 0x8e, 0x08, 0x8b, 0x8e, 0x8e, 0x8b, 
    0x8e, 0x8b, 0x08, 0x8e, 0x8b, 0x8e, 0x8b, 0x8b, 0x8b, 0x08, 0xa8, 0x88, 
    0x15, 0x8b, 0x88, 0x87, 0x8b, 0x8b, 0x8b, 0x08, 0x88, 0x8b, 0x88, 0x8b, 
    0x8b, 0x8e, 0x08, 0x8b, 0x8e, 0x8e, 0x8b, 0x8e, 0x8b, 0x08, 0x8b, 0x8b, 
    0x8f, 0x8b, 0x8b, 0x88, 0x08, 0xf7, 0x1e, 0x8b, 0x15, 0x8b, 0x88, 0x88, 
    0x8b, 0x87, 0x8b, 0x08, 0x8b, 0x8b, 0x88, 0x8b, 0x8e, 0x8e, 0x08, 0x8b, 
    0x8e, 0x8f, 0x8b, 0x8b, 0x8b, 0x08, 0x8e, 0x8b, 0x8b, 0x8b, 0x8b, 0x88, 
    0x08, 0xc0, 0x88, 0x15, 0x8b, 0x87, 0x8b, 0x8b, 0x85, 0x8b, 0x08, 0x88, 
    0x8b, 0x87, 0x8f, 0x8b, 0x8e, 0x08, 0x8b, 0x8e, 0x8b, 0x8b, 0x92, 0x8b, 
    0x08, 0x8e, 0x8b, 0x8e, 0x88, 0x8b, 0x88, 0x08, 0xf7, 0x83, 0x8e, 0x15, 
    0x8b, 0x88, 0x84, 0x87, 0x75, 0x8f, 0x08, 0x82, 0x8b, 0x8b, 0x8b, 0x9b, 
    0x8e, 0x08, 0x91, 0x8b, 0x94, 0x8e, 0x8b, 0x8b, 0x08, 0x8e, 0x8b, 0x8b, 
    0x8b, 0x8f, 0x88, 0x08, 0xfb, 0x9f, 0x88, 0x15, 0x8b, 0x8b, 0x84, 0x8b, 
    0x8b, 0x8b, 0x08, 0x88, 0x8e, 0x8e, 0x8b, 0x8f, 0x8b, 0x08, 0x8e, 0x8b, 
    0x8e, 0x8b, 0x88, 0x88, 0x08, 0xc0, 0x8b, 0x15, 0x8b, 0x87, 0x8b, 0x8b, 
    0x88, 0x8b, 0x08, 0x8b, 0x8b, 0x88, 0x8b, 0x8b, 0x8f, 0x08, 0x88, 0x8e, 
    0x8e, 0x8b, 0x8b, 0x8b, 0x08, 0x8e, 0x8b, 0x8e, 0x8b, 0x8b, 0x88, 0x08, 
    0xa7, 0x8b, 0x15, 0x8b, 0x8b, 0x88, 0x87, 0x88, 0x8f, 0x08, 0x88, 0x8b, 
    0x88, 0x8b, 0x8b, 0x8e, 0x08, 0x8b, 0x8b, 0x8e, 0x8b, 0x8e, 0x8b, 0x08, 
    0x8e, 0x8b, 0x8e, 0x8b, 0x8b, 0x88, 0x08, 0xfb, 0x40, 0x87, 0x15, 0x8b, 
    0x88, 0x8b, 0x8b, 0x88, 0x8b, 0x08, 0x87, 0x8b, 0x8b, 0x8b, 0x8b, 0x8e, 
    0x08, 0x8b, 0x8f, 0x8b, 0x8b, 0x8f, 0x8b, 0x08, 0x8e, 0x8b, 0x8b, 0x8b, 
    0x8b, 0x87, 0x08, 0xf7, 0xa5, 0x75, 0x15, 0x8e, 0x88, 0x8b, 0x8b, 0x85, 
    0x8b, 0x08, 0x84, 0x8b, 0x88, 0x8b, 0x8b, 0x8e, 0x08, 0x88, 0x8f, 0x91, 
    0x8b, 0x95, 0x87, 0x08, 0xf7, 0x4a, 0x79, 0x15, 0x8e, 0x7b, 0x8b, 0x82, 
    0x82, 0x78, 0x08, 0x8b, 0x88, 0x8e, 0x8b, 0x8e, 0x8b, 0x08, 0x91, 0x8b, 
    0x91, 0x91, 0x92, 0x97, 0x08, 0x8e, 0x8f, 0x8b, 0x87, 0x8b, 0x85, 0x08, 
    0x88, 0x7b, 0x84, 0x88, 0x6f, 0x8e, 0x08, 0x75, 0x8b, 0x05, 0x8b, 0x9e, 
    0x05, 0x8e, 0x98, 0x8b, 0x94, 0x8b, 0x8e, 0x08, 0x8e, 0x92, 0x88, 0x8e, 
    0x8b, 0x91, 0x08, 0x88, 0x94, 0x8e, 0x8b, 0x9b, 0x8b, 0x08, 0x9e, 0x88, 
    0x05, 0x8b, 0x7c, 0x05, 0x39, 0x97, 0x15, 0x88, 0x8b, 0x85, 0x8b, 0x88, 
    0x8b, 0x08, 0x88, 0x8e, 0x8e, 0x8b, 0x91, 0x8b, 0x08, 0x91, 0x8b, 0x8e, 
    0x8b, 0x88, 0x88, 0x08, 0x0e, 0x1c, 0x07, 0x2f, 0xf7, 0x5f, 0xf9, 0x4f, 
    0x15, 0x87, 0x87, 0x83, 0x8b, 0x88, 0x8b, 0x08, 0x78, 0x87, 0x88, 0x7c, 
    0x87, 0x49, 0x08, 0x8b, 0x6d, 0x8b, 0x6e, 0x8b, 0x83, 0x08, 0x87, 0x87, 
    0x8b, 0x84, 0x8b, 0x87, 0x08, 0x8b, 0x80, 0x05, 0x66, 0x8f, 0x05, 0x75, 
    0x8b, 0x6a, 0x8b, 0x78, 0x8b, 0x08, 0x71, 0x8f, 0x80, 0x87, 0x8b, 0x87, 
    0x08, 0x8b, 0x87, 0x9e, 0x88, 0xd5, 0x8b, 0x08, 0xb0, 0x8b, 0xb0, 0x87, 
    0x8e, 0x8b, 0x08, 0x8f, 0x87, 0x6a, 0x8b, 0x57, 0x8f, 0x08, 0x32, 0x8b, 
    0x05, 0x8b, 0x79, 0x05, 0x8b, 0x78, 0x05, 0xa1, 0x8b, 0x05, 0x9a, 0x8b, 
    0xac, 0x8b, 0xa5, 0x87, 0x08, 0xb4, 0x8b, 0x96, 0x88, 0x8b, 0x87, 0x08, 
    0x8b, 0x8b, 0x87, 0x87, 0x8b, 0x8b, 0x08, 0x84, 0x8b, 0x87, 0x80, 0x8b, 
    0x80, 0x08, 0x8b, 0x87, 0x8f, 0x8b, 0x96, 0x8b, 0x08, 0x8f, 0x8b, 0x92, 
    0x8b, 0x8b, 0x88, 0x08, 0x8b, 0x87, 0x96, 0x8b, 0x9a, 0x8b, 0x08, 0xa1, 
    0x8b, 0x05, 0x8b, 0x9a, 0x05, 0x8b, 0xa1, 0x8f, 0x92, 0x9e, 0x8b, 0x08, 
    0x96, 0x8b, 0x8e, 0x8b, 0x8b, 0x88, 0x08, 0x8b, 0x87, 0x8f, 0x87, 0x8f, 
    0x88, 0x08, 0x92, 0x87, 0x05, 0x84, 0x80, 0x05, 0x83, 0x80, 0x88, 0x83, 
    0x92, 0x80, 0x08, 0x8f, 0x84, 0x8f, 0x8b, 0xf7, 0x11, 0x8b, 0x08, 0xe1, 
    0x8b, 0xbb, 0x8b, 0x8f, 0x87, 0x08, 0x8b, 0x87, 0x92, 0x88, 0x92, 0x87, 
    0x08, 0x9a, 0x83, 0x05, 0x8b, 0x50, 0x05, 0x84, 0x20, 0x8b, 0x75, 0x8e, 
    0x69, 0x08, 0x8f, 0x75, 0x8b, 0x7c, 0x8f, 0x8b, 0x08, 0x8f, 0x87, 0x99, 
    0x8b, 0x9a, 0x8b, 0x08, 0xa1, 0x8b, 0x8f, 0x8b, 0x8f, 0x93, 0x08, 0x8f, 
    0x92, 0x8b, 0xa9, 0x8b, 0xeb, 0x08, 0x8b, 0xf7, 0x0e, 0x05, 0x96, 0x93, 
    0x05, 0x99, 0x92, 0x8b, 0x8b, 0xf7, 0x37, 0x88, 0x08, 0xe8, 0x8b, 0xd9, 
    0x8b, 0x92, 0x8b, 0x08, 0x93, 0x8e, 0x96, 0x8f, 0x8b, 0x8f, 0x08, 0x92, 
    0x8e, 0x8b, 0x8b, 0x93, 0x84, 0x08, 0x96, 0x80, 0x8b, 0x8b, 0x8b, 0x66, 
    0x08, 0x8b, 0x71, 0x8b, 0x80, 0x83, 0x87, 0x08, 0x88, 0x84, 0x8b, 0x8b, 
    0x96, 0x87, 0x08, 0x96, 0x87, 0x05, 0x87, 0x6e, 0x05, 0x8b, 0x62, 0x84, 
    0x62, 0x80, 0x57, 0x08, 0x7f, 0x54, 0x8b, 0x8b, 0x88, 0x78, 0x08, 0x87, 
    0x80, 0x8b, 0x84, 0x8f, 0x87, 0x08, 0x92, 0x84, 0xf7, 0x00, 0x71, 0xa1, 
    0x8b, 0x08, 0x9a, 0x8b, 0x05, 0x92, 0xb7, 0x05, 0x9a, 0xca, 0x96, 0xca, 
    0x8f, 0xc3, 0x08, 0x8e, 0xb7, 0x05, 0x9a, 0x8b, 0x05, 0x96, 0x8f, 0x9a, 
    0x8b, 0x9a, 0x87, 0x08, 0xa5, 0x8b, 0x05, 0x92, 0x79, 0x05, 0x8f, 0x7f, 
    0x8f, 0x80, 0x8b, 0x84, 0x08, 0x87, 0x83, 0x8b, 0x88, 0x92, 0x87, 0x08, 
    0x96, 0x87, 0xa5, 0x50, 0x88, 0x79, 0x08, 0x87, 0x7f, 0x8b, 0x8b, 0x9a, 
    0x8b, 0x08, 0xa5, 0x84, 0x96, 0x8f, 0xac, 0x9d, 0x08, 0x9e, 0x93, 0x9d, 
    0x92, 0x8b, 0x8b, 0x08, 0x8b, 0x8f, 0x79, 0xb0, 0x74, 0xb7, 0x08, 0x5f, 
    0xe8, 0x87, 0x9a, 0x96, 0xa5, 0x08, 0x8f, 0x96, 0x92, 0x92, 0x8b, 0x8b, 
    0x08, 0x8f, 0x8b, 0x9e, 0x84, 0xa1, 0x83, 0x08, 0x9d, 0x84, 0xbc, 0x75, 
    0xb3, 0x7c, 0x08, 0xf7, 0x94, 0x23, 0x83, 0x8b, 0x9a, 0x9e, 0x08, 0x8f, 
    0x96, 0x92, 0xc6, 0x93, 0xe4, 0x08, 0x8f, 0xca, 0x8b, 0x8f, 0x83, 0x96, 
    0x08, 0x87, 0x92, 0x88, 0x8f, 0x87, 0x8f, 0x08, 0x87, 0x8b, 0x66, 0x8e, 
    0x5f, 0x8b, 0x08, 0xfb, 0x0b, 0x8f, 0xfb, 0x3e, 0x92, 0x7c, 0x8b, 0x08, 
    0x84, 0x8b, 0x83, 0x8b, 0x8b, 0x8f, 0x08, 0x8b, 0x8f, 0x8f, 0x8b, 0x8b, 
    0x8b, 0x08, 0x8f, 0x8b, 0x8e, 0x8e, 0x8b, 0x93, 0x08, 0x8b, 0x96, 0x05, 
    0x71, 0x8b, 0x05, 0x72, 0x8b, 0x8b, 0x8b, 0x8e, 0x92, 0x08, 0x8b, 0x93, 
    0x8b, 0x8f, 0x88, 0x8e, 0x08, 0x87, 0x8f, 0x62, 0x8f, 0x62, 0x8b, 0x08, 
    0x80, 0x8b, 0x84, 0x8e, 0x8b, 0x8f, 0x08, 0x8b, 0x8f, 0x8f, 0x8e, 0x9d, 
    0x8b, 0x08, 0xca, 0x97, 0x8b, 0x8b, 0x92, 0x92, 0x08, 0x8f, 0x8f, 0x8f, 
    0x92, 0x8b, 0x92, 0x08, 0x8b, 0x97, 0x83, 0x99, 0x84, 0x8b, 0x08, 0x87, 
    0x8b, 0x84, 0x8f, 0x84, 0x8f, 0x08, 0x83, 0x8f, 0x80, 0x8e, 0x84, 0x8b, 
    0x08, 0x87, 0x8b, 0x80, 0x8b, 0x83, 0x8f, 0x08, 0x80, 0x8b, 0x8b, 0x8f, 
    0x8b, 0x92, 0x08, 0x8b, 0x92, 0x8b, 0x8b, 0x79, 0x8b, 0x08, 0x75, 0x8b, 
    0x05, 0x8b, 0x80, 0x05, 0x8b, 0x84, 0x8b, 0x87, 0x87, 0x8b, 0x08, 0x8b, 
    0x8b, 0x75, 0x93, 0x71, 0x96, 0x08, 0x69, 0x96, 0x79, 0x92, 0x87, 0x88, 
    0x08, 0x87, 0x8b, 0x84, 0x8b, 0x87, 0x8b, 0x08, 0x84, 0x8b, 0x8b, 0x8b, 
    0x8b, 0x83, 0x08, 0x8f, 0x87, 0x87, 0x88, 0x87, 0x87, 0x08, 0x79, 0x7c, 
    0x96, 0x5f, 0xa5, 0x75, 0x08, 0x9d, 0x7f, 0x88, 0x84, 0x74, 0x8b, 0x08, 
    0x84, 0x8b, 0x87, 0x87, 0x87, 0x88, 0x08, 0x8b, 0x8b, 0x88, 0x87, 0x87, 
    0x8b, 0x08, 0x87, 0x8b, 0x88, 0x87, 0x8b, 0x88, 0x08, 0x8b, 0x87, 0x87, 
    0x8b, 0x75, 0x8b, 0x08, 0x71, 0x8b, 0x87, 0x8b, 0x8f, 0x7c, 0x08, 0x8b, 
    0x8b, 0x87, 0x87, 0x87, 0x8b, 0x08, 0x80, 0x8b, 0x88, 0x8f, 0x96, 0x8f, 
    0x08, 0x92, 0x8e, 0x87, 0x93, 0x80, 0x8f, 0x08, 0x84, 0x8e, 0x6a, 0x8f, 
    0x5a, 0x8b, 0x08, 0x63, 0x8f, 0x5e, 0x8b, 0x7c, 0x8e, 0x08, 0x5b, 0x8b, 
    0x27, 0x8f, 0x80, 0x8b, 0x08, 0x84, 0x8b, 0x80, 0x8b, 0x8b, 0x87, 0x08, 
    0x87, 0x88, 0x84, 0x8b, 0x83, 0x8b, 0x08, 0x87, 0x8e, 0x66, 0x8b, 0x66, 
    0x8f, 0x08, 0x66, 0x8b, 0x63, 0x8b, 0x83, 0x8b, 0x08, 0x84, 0x8f, 0x66, 
    0x8b, 0x69, 0x8b, 0x08, 0x6a, 0x8e, 0x6a, 0x8b, 0x87, 0x8b, 0x08, 0x87, 
    0x8f, 0x79, 0xa1, 0x53, 0xdd, 0x08, 0x80, 0x9a, 0x84, 0x8e, 0x80, 0x88, 
    0x08, 0xfa, 0xbb, 0x5e, 0x15, 0x8b, 0x8b, 0x8b, 0x88, 0x87, 0x8e, 0x08, 
    0x87, 0x8b, 0x8b, 0x8f, 0x8f, 0x8b, 0x08, 0x8b, 0x8f, 0x8f, 0x8b, 0x8b, 
    0x83, 0x08, 0x23, 0x88, 0x15, 0x8b, 0x83, 0x80, 0x8f, 0x87, 0x92, 0x08, 
    0x87, 0x8f, 0x8b, 0x8b, 0x93, 0x8b, 0x08, 0x8e, 0x8b, 0x93, 0x87, 0x8b, 
    0x88, 0x08, 0xb4, 0x87, 0x15, 0x8b, 0x8b, 0x8b, 0x87, 0x87, 0x8b, 0x08, 
    0x87, 0x87, 0x84, 0x93, 0x8e, 0x8f, 0x08, 0x8b, 0x8e, 0x97, 0x88, 0x8b, 
    0x87, 0x08, 0xfe, 0x4c, 0x5e, 0x15, 0x9a, 0x71, 0x96, 0x79, 0x8b, 0x87, 
    0x08, 0x8b, 0x8b, 0x41, 0x8f, 0x87, 0x8f, 0x08, 0x87, 0x8b, 0x8b, 0x96, 
    0x8b, 0x9a, 0x08, 0x8b, 0xa1, 0x8b, 0x8e, 0x93, 0x8b, 0x08, 0x92, 0x8f, 
    0x8b, 0x8f, 0x8b, 0x96, 0x08, 0x8b, 0x96, 0x8b, 0x8f, 0x92, 0x8b, 0x08, 
    0x8f, 0x8b, 0x96, 0x80, 0x9e, 0x69, 0x08, 0xfa, 0x6d, 0xb4, 0x15, 0x96, 
    0x80, 0x80, 0x87, 0x78, 0x93, 0x08, 0x84, 0x8e, 0x8b, 0x8b, 0x92, 0x8f, 
    0x08, 0x93, 0x8f, 0x8f, 0x8b, 0x92, 0x87, 0x08, 0xb7, 0x84, 0x15, 0x8b, 
    0x8b, 0x84, 0x8b, 0x8b, 0x8b, 0x08, 0x87, 0x8e, 0x8f, 0x8b, 0x8f, 0x8b, 
    0x08, 0x8e, 0x8b, 0x8f, 0x8b, 0x87, 0x88, 0x08, 0xca, 0x83, 0x15, 0x8b, 
    0x84, 0x84, 0x8f, 0x87, 0x92, 0x08, 0x8b, 0x8f, 0x8b, 0x8b, 0x8f, 0x87, 
    0x08, 0x8f, 0x8b, 0x8e, 0x87, 0x8b, 0x8b, 0x08, 0xfb, 0x76, 0x75, 0x15, 
    0x8f, 0x87, 0x8b, 0x8b, 0x84, 0x8b, 0x08, 0x87, 0x8b, 0x87, 0x8b, 0x8b, 
    0x8f, 0x08, 0x8b, 0x8f, 0x8f, 0x8b, 0x92, 0x87, 0x08, 0xa2, 0x62, 0x15, 
    0x87, 0x88, 0x87, 0x8b, 0x88, 0x8b, 0x08, 0x87, 0x8b, 0x8b, 0x8b, 0x8f, 
    0x8e, 0x08, 0x92, 0x8f, 0x8f, 0x8b, 0x8b, 0x87, 0x08, 0xfd, 0x2f, 0x80, 
    0x15, 0xf7, 0x33, 0x88, 0xa1, 0x87, 0x5f, 0x8b, 0x08, 0x53, 0x8b, 0xfb, 
    0x7d, 0x96, 0x87, 0x8f, 0x08, 0x88, 0x8b, 0x92, 0x8b, 0xf7, 0x2c, 0x83, 
    0x08, 0xfb, 0x58, 0x80, 0x15, 0x99, 0x8b, 0x8f, 0x87, 0x87, 0x8b, 0x08, 
    0x88, 0x88, 0x8b, 0x8b, 0x8e, 0x87, 0x08, 0x97, 0x84, 0x7f, 0x8b, 0x80, 
    0x8e, 0x08, 0x84, 0x93, 0x80, 0x8b, 0x71, 0x8b, 0x08, 0x6d, 0x8b, 0x88, 
    0x8b, 0x8b, 0x8e, 0x08, 0x87, 0x93, 0x8f, 0x8b, 0xa5, 0x8b, 0x08, 0x9d, 
    0x8b, 0xa1, 0x8b, 0x93, 0x87, 0x08, 0xf8, 0x15, 0x8b, 0x15, 0x87, 0x8b, 
    0x84, 0x8b, 0x87, 0x8b, 0x08, 0x87, 0x8f, 0x8b, 0x8b, 0x96, 0x8b, 0x08, 
    0x93, 0x8b, 0x8f, 0x8b, 0x87, 0x87, 0x08, 0xfc, 0x37, 0x7c, 0x15, 0x96, 
    0x8b, 0x93, 0x88, 0x8b, 0x87, 0x08, 0x8b, 0x87, 0x83, 0x8b, 0x7d, 0x8b, 
    0x08, 0x74, 0x8b, 0x84, 0x8f, 0x92, 0x92, 0x08, 0x8b, 0x8f, 0x8f, 0x8b, 
    0xa1, 0x87, 0x08, 0xf8, 0x97, 0x8b, 0x15, 0x8f, 0x88, 0x83, 0x8b, 0x79, 
    0x8e, 0x08, 0x6a, 0x8b, 0x8b, 0x8f, 0xa8, 0x8b, 0x08, 0x9a, 0x8b, 0x96, 
    0x8b, 0x8b, 0x87, 0x08, 0xa5, 0x8b, 0x15, 0x8f, 0x88, 0x8b, 0x8b, 0x83, 
    0x8b, 0x08, 0x84, 0x8b, 0x87, 0x8b, 0x8b, 0x8e, 0x08, 0x88, 0x8f, 0x96, 
    0x8b, 0x92, 0x87, 0x08, 0xac, 0x88, 0x15, 0x88, 0x87, 0x78, 0x8f, 0x8b, 
    0x8e, 0x08, 0x8b, 0x8b, 0x8f, 0x8b, 0x92, 0x8b, 0x08, 0x93, 0x8b, 0x8e, 
    0x8b, 0x8b, 0x88, 0x08, 0xa5, 0x8b, 0x15, 0x8b, 0x87, 0x88, 0x8b, 0x83, 
    0x8f, 0x08, 0x80, 0x8e, 0x87, 0x8b, 0x97, 0x8b, 0x08, 0x92, 0x8b, 0x8f, 
    0x8b, 0x8e, 0x88, 0x08, 0xa9, 0x8b, 0x15, 0x8b, 0x87, 0x80, 0x8b, 0x83, 
    0x8f, 0x08, 0x88, 0x8e, 0x8b, 0x8b, 0x92, 0x8b, 0x08, 0x93, 0x8b, 0x8e, 
    0x8b, 0x8f, 0x88, 0x08, 0xfc, 0x67, 0x87, 0x15, 0x8b, 0x87, 0x84, 0x8b, 
    0x7c, 0x8f, 0x08, 0x75, 0x8b, 0x8b, 0x8b, 0x8b, 0x87, 0x08, 0x8f, 0x84, 
    0x87, 0x8b, 0x80, 0x8b, 0x08, 0x83, 0x8b, 0x84, 0x8b, 0x8b, 0x8b, 0x08, 
    0x8b, 0x8e, 0x8b, 0x8b, 0x87, 0x8f, 0x08, 0x8b, 0x8f, 0x93, 0x8f, 0xa8, 
    0x8b, 0x08, 0xa5, 0x8b, 0x96, 0x8b, 0x8b, 0x87, 0x08, 0x9e, 0x8b, 0x15, 
    0x87, 0x8b, 0x8b, 0x8b, 0x87, 0x8b, 0x08, 0x88, 0x8f, 0x8b, 0x8b, 0x8e, 
    0x8b, 0x08, 0x8f, 0x8b, 0x8f, 0x8b, 0x8b, 0x87, 0x08, 0xac, 0x87, 0x15, 
    0x8b, 0x87, 0x84, 0x8b, 0x83, 0x8b, 0x08, 0x80, 0x8b, 0x80, 0x8f, 0x8f, 
    0x8f, 0x08, 0x8f, 0x8f, 0xa4, 0x87, 0x8f, 0x87, 0x08, 0xf8, 0x4d, 0x87, 
    0x15, 0x8b, 0x84, 0x87, 0x87, 0x84, 0x8b, 0x08, 0x83, 0x8b, 0x88, 0x8f, 
    0x8b, 0x8f, 0x08, 0x8b, 0x92, 0x8b, 0x8b, 0x8e, 0x8b, 0x08, 0x8f, 0x87, 
    0x8f, 0x8b, 0x8b, 0x8f, 0x08, 0x8e, 0x8b, 0x88, 0x8f, 0x87, 0x8b, 0x08, 
    0x84, 0x8f, 0x8b, 0x8b, 0x96, 0x8b, 0x08, 0x92, 0x8b, 0x8f, 0x8b, 0x8b, 
    0x7f, 0x08, 0xa5, 0x8b, 0x15, 0x8b, 0x80, 0x8b, 0x8b, 0x83, 0x8f, 0x08, 
    0x80, 0x8b, 0x84, 0x92, 0x92, 0x8b, 0x08, 0x96, 0x88, 0x8f, 0x96, 0x80, 
    0x8b, 0x08, 0x87, 0x8f, 0x8b, 0x8b, 0x93, 0x8b, 0x08, 0x92, 0x8b, 0x8b, 
    0x87, 0x8f, 0x83, 0x08, 0xa5, 0x8b, 0x15, 0x8b, 0x80, 0x87, 0x88, 0x87, 
    0x8b, 0x08, 0x80, 0x8e, 0x88, 0x93, 0x92, 0x8e, 0x08, 0x92, 0x8f, 0x8b, 
    0x8b, 0x84, 0x8f, 0x08, 0x84, 0x8f, 0x05, 0x96, 0x8b, 0x05, 0x92, 0x8b, 
    0x8f, 0x8b, 0x8b, 0x7f, 0x08, 0xfc, 0x5c, 0x8f, 0x15, 0x8b, 0x8b, 0x87, 
    0x87, 0x84, 0x8b, 0x08, 0x7c, 0x88, 0x88, 0x8e, 0x8e, 0x8f, 0x08, 0x8b, 
    0x8f, 0x9e, 0x8b, 0x92, 0x87, 0x08, 0xf7, 0x7a, 0x87, 0x15, 0x8f, 0x84, 
    0x7f, 0x87, 0x88, 0x93, 0x08, 0x87, 0x92, 0x8b, 0x8f, 0x92, 0x8b, 0x08, 
    0x8f, 0x8b, 0x8f, 0x87, 0x8b, 0x87, 0x08, 0xac, 0x8f, 0x15, 0x93, 0x84, 
    0x87, 0x87, 0x80, 0x8b, 0x08, 0x83, 0x8b, 0x84, 0x92, 0x8b, 0x8f, 0x08, 
    0x8b, 0x8f, 0x9d, 0x8b, 0x8f, 0x87, 0x08, 0xf7, 0x7a, 0x8b, 0x15, 0x80, 
    0x8b, 0x87, 0x8b, 0x8f, 0x80, 0x08, 0x8b, 0x84, 0x8b, 0x8b, 0x83, 0x8b, 
    0x08, 0x88, 0x8b, 0x87, 0x8e, 0x87, 0x8f, 0x08, 0x87, 0x92, 0x8b, 0x8b, 
    0x93, 0x8b, 0x08, 0x8f, 0x8b, 0x8b, 0x8b, 0x87, 0x8f, 0x08, 0x87, 0x8f, 
    0x8f, 0x8b, 0x9d, 0x8b, 0x08, 0x96, 0x8b, 0x8f, 0x8b, 0x84, 0x87, 0x08, 
    0xfb, 0x5c, 0x84, 0x15, 0x8b, 0x87, 0x87, 0x8b, 0x8b, 0x8b, 0x08, 0x87, 
    0x8f, 0x88, 0x87, 0x8b, 0x8b, 0x08, 0x8b, 0x87, 0x87, 0x8b, 0x8b, 0x8f, 
    0x08, 0x80, 0x92, 0x8f, 0x8f, 0x96, 0x8b, 0x08, 0x92, 0x8b, 0x8f, 0x87, 
    0x8b, 0x88, 0x08, 0xa8, 0x8b, 0x15, 0x8b, 0x8b, 0x88, 0x87, 0x8b, 0x8b, 
    0x08, 0x87, 0x8b, 0x87, 0x8b, 0x88, 0x8b, 0x08, 0x87, 0x8b, 0x87, 0x8f, 
    0x8b, 0x8b, 0x08, 0x8b, 0x8e, 0x8f, 0x8f, 0x92, 0x8b, 0x08, 0x8f, 0x8b, 
    0x92, 0x87, 0x8b, 0x88, 0x08, 0xa5, 0x8b, 0x15, 0x8b, 0x83, 0x8b, 0x8b, 
    0x80, 0x8f, 0x08, 0x80, 0x8f, 0x87, 0x92, 0x9a, 0x8b, 0x08, 0x8f, 0x8b, 
    0x92, 0x87, 0x8b, 0x88, 0x08, 0xa5, 0x8e, 0x15, 0x8f, 0x84, 0x87, 0x87, 
    0x84, 0x8b, 0x08, 0x87, 0x8b, 0x87, 0x8f, 0x88, 0x8f, 0x08, 0x87, 0x92, 
    0x8b, 0x8b, 0x96, 0x8b, 0x08, 0x8f, 0x8b, 0x92, 0x87, 0x8b, 0x8b, 0x08, 
    0xfd, 0x20, 0x88, 0x15, 0x8b, 0x87, 0x88, 0x8b, 0x87, 0x8b, 0x08, 0x87, 
    0x8b, 0x88, 0x8b, 0x8b, 0x8f, 0x08, 0x8b, 0x8e, 0x8e, 0x8b, 0x8f, 0x8b, 
    0x08, 0x8f, 0x8b, 0x8e, 0x8b, 0x8b, 0x88, 0x08, 0xf8, 0x6b, 0x8b, 0x15, 
    0x87, 0x8b, 0x8b, 0x8b, 0x87, 0x8b, 0x08, 0x88, 0x8e, 0x8b, 0x8b, 0x8e, 
    0x8b, 0x08, 0x8f, 0x8b, 0x8f, 0x8b, 0x8b, 0x88, 0x08, 0xf7, 0xcf, 0x87, 
    0x15, 0x8b, 0x84, 0x8b, 0x8b, 0x83, 0x8b, 0x08, 0x80, 0x8e, 0x87, 0x8f, 
    0x93, 0x8f, 0x08, 0x92, 0x8e, 0x8f, 0x8b, 0x8f, 0x84, 0x08, 0xbe, 0x8b, 
    0x15, 0x93, 0x8b, 0x8f, 0x8b, 0x8b, 0x87, 0x08, 0x8b, 0x84, 0x8b, 0x8b, 
    0x7f, 0x8b, 0x08, 0x84, 0x8f, 0x84, 0x87, 0x87, 0x8b, 0x08, 0x87, 0x84, 
    0x84, 0x96, 0x8f, 0x96, 0x08, 0x8e, 0x8e, 0x8b, 0x8b, 0x93, 0x88, 0x08, 
    0x8e, 0x87, 0x93, 0x8b, 0x8e, 0x8b, 0x08, 0xfd, 0x83, 0x8b, 0x15, 0x87, 
    0x87, 0x8b, 0x8b, 0x87, 0x8f, 0x08, 0x87, 0x8f, 0x8b, 0x8b, 0x93, 0x8b, 
    0x08, 0x92, 0x8b, 0x8b, 0x8b, 0x88, 0x87, 0x08, 0x78, 0x87, 0x15, 0x8b, 
    0x88, 0x80, 0x8b, 0x78, 0x8b, 0x08, 0x7d, 0x8b, 0x7c, 0x8b, 0x8b, 0x8e, 
    0x08, 0x87, 0x8f, 0x96, 0x8b, 0x9e, 0x8b, 0x08, 0x9d, 0x8b, 0x9a, 0x8b, 
    0x8b, 0x87, 0x08, 0xbb, 0x8b, 0x15, 0x8b, 0x88, 0x88, 0x8b, 0x87, 0x8b, 
    0x08, 0x87, 0x8b, 0x87, 0x8b, 0x8f, 0x8e, 0x08, 0x8b, 0x8f, 0x8f, 0x8b, 
    0x8b, 0x8b, 0x08, 0x8b, 0x8b, 0x8f, 0x8b, 0x8e, 0x87, 0x08, 0xfa, 0x66, 
    0x79, 0x15, 0x9e, 0x8b, 0x69, 0x87, 0x4c, 0x8f, 0x08, 0x4c, 0x8b, 0x4c, 
    0x8f, 0x80, 0x8b, 0x08, 0x6a, 0x8e, 0xf7, 0x54, 0x88, 0xc3, 0x87, 0x08, 
    0xf7, 0x9b, 0x87, 0x15, 0x8f, 0x87, 0x83, 0x8b, 0x50, 0x8b, 0x08, 0x48, 
    0x8b, 0x80, 0x8b, 0x8b, 0x97, 0x08, 0x8b, 0x8b, 0xa9, 0x8e, 0xb0, 0x88, 
    0x08, 0xbf, 0x8b, 0x9d, 0x87, 0x8f, 0x87, 0x08, 0xf7, 0x42, 0x87, 0x15, 
    0xa1, 0x8b, 0x9e, 0x8b, 0x8b, 0x88, 0x08, 0x8b, 0x8b, 0xfb, 0x3b, 0x8b, 
    0x79, 0x8e, 0x08, 0x83, 0x8b, 0x84, 0x8f, 0x8e, 0x8b, 0x08, 0x8b, 0x8f, 
    0xa2, 0x8b, 0xf7, 0x19, 0x83, 0x08, 0x1c, 0xfa, 0x72, 0x79, 0x15, 0x8b, 
    0x8b, 0x87, 0x87, 0x87, 0x84, 0x08, 0x88, 0x87, 0x8b, 0x8b, 0x8b, 0x8f, 
    0x08, 0x8e, 0x8f, 0x8b, 0x92, 0x8b, 0x8b, 0x08, 0x8b, 0x8f, 0x8b, 0x8b, 
    0x8f, 0x8b, 0x08, 0x8f, 0x8b, 0x8b, 0x8b, 0x8b, 0x87, 0x08, 0x66, 0x62, 
    0x15, 0x8b, 0x84, 0x87, 0x87, 0x84, 0x8f, 0x08, 0x83, 0x8b, 0x88, 0x8e, 
    0x8e, 0x8f, 0x08, 0x8b, 0x93, 0x8f, 0x8e, 0x92, 0x88, 0x08, 0x8f, 0x8b, 
    0x8f, 0x87, 0x8b, 0x87, 0x08, 0xf8, 0x45, 0x84, 0x15, 0x87, 0x8b, 0x8b, 
    0x8b, 0x88, 0x8b, 0x08, 0x87, 0x8e, 0x8b, 0x8b, 0x8f, 0x8b, 0x08, 0x8e, 
    0x8b, 0x8f, 0x8b, 0x8b, 0x88, 0x08, 0xe8, 0x8b, 0x15, 0x7c, 0x8b, 0x75, 
    0x8b, 0x78, 0x8b, 0x08, 0x7c, 0x8b, 0x96, 0x8e, 0xad, 0x8b, 0x08, 0xa8, 
    0x8b, 0x97, 0x88, 0x7c, 0x8b, 0x08, 0xeb, 0x8b, 0x15, 0x8b, 0x8b, 0x84, 
    0x8b, 0x8b, 0x8b, 0x08, 0x87, 0x8e, 0x8f, 0x8b, 0x8e, 0x8b, 0x08, 0x8f, 
    0x8b, 0x8f, 0x8b, 0x87, 0x88, 0x08, 0x78, 0x87, 0x15, 0x84, 0x8b, 0x84, 
    0x8b, 0x83, 0x8b, 0x08, 0x84, 0x8b, 0x8f, 0x8f, 0x99, 0x8b, 0x08, 0x96, 
    0x8b, 0x8f, 0x8b, 0x87, 0x87, 0x08, 0xf7, 0xd3, 0x6d, 0x15, 0x92, 0x88, 
    0x88, 0x8b, 0x7c, 0x8b, 0x08, 0x78, 0x8b, 0x88, 0x8b, 0x8e, 0x8e, 0x08, 
    0x93, 0x8f, 0x92, 0x8b, 0x9a, 0x87, 0x08, 0xb7, 0x58, 0x15, 0x8f, 0x7f, 
    0x8b, 0x84, 0x8b, 0x80, 0x08, 0x87, 0x7c, 0x88, 0x8b, 0x80, 0x8b, 0x08, 
    0x83, 0x8b, 0x88, 0x8f, 0x87, 0x92, 0x08, 0x80, 0xa1, 0x8e, 0xa2, 0x9a, 
    0x92, 0x08, 0x96, 0x8f, 0x93, 0x87, 0x8e, 0x79, 0x08, 0x0e, 0x1c, 0x08, 
    0x62, 0xf9, 0x3f, 0xf9, 0x47, 0x15, 0x8b, 0x87, 0x90, 0x82, 0x8b, 0x87, 
    0x08, 0x93, 0x7e, 0x7e, 0x82, 0x6d, 0x8b, 0x08, 0x6d, 0x87, 0x82, 0x87, 
    0x7e, 0x6c, 0x08, 0x7e, 0x71, 0x8b, 0x53, 0x98, 0x71, 0x08, 0x9c, 0x6d, 
    0x90, 0x8b, 0xdd, 0x87, 0x08, 0xb2, 0x8b, 0xb6, 0x8b, 0x98, 0x86, 0x08, 
    0xbf, 0x87, 0xf7, 0x12, 0x8b, 0x9c, 0x8f, 0x08, 0xa9, 0x94, 0xf7, 0x09, 
    0xa1, 0x94, 0x86, 0x08, 0x8b, 0x8b, 0x8f, 0x87, 0x8b, 0x82, 0x08, 0x8b, 
    0x83, 0x87, 0x86, 0x7e, 0x83, 0x08, 0x7e, 0x8b, 0x7e, 0x86, 0x87, 0x8b, 
    0x08, 0x7e, 0x8b, 0x86, 0x8b, 0x8b, 0x7e, 0x08, 0x8b, 0x83, 0x8b, 0x8b, 
    0x9d, 0x8b, 0x08, 0x98, 0x8b, 0x8f, 0x8b, 0x8b, 0x82, 0x08, 0x8b, 0x82, 
    0x87, 0x8b, 0xfb, 0x6d, 0x90, 0x08, 0xfb, 0x0d, 0x8b, 0xfb, 0x00, 0x8b, 
    0x7e, 0x8f, 0x08, 0x79, 0x8b, 0x87, 0x8b, 0x87, 0x98, 0x08, 0x86, 0xa5, 
    0x90, 0x8b, 0x5f, 0x8b, 0x08, 0x76, 0x8b, 0x53, 0x8b, 0x5f, 0x8b, 0x08, 
    0x60, 0x8f, 0x64, 0x87, 0x87, 0x8b, 0x08, 0x8b, 0x87, 0x86, 0x86, 0x8b, 
    0x83, 0x08, 0x8b, 0x82, 0x87, 0x87, 0x8b, 0x86, 0x08, 0x87, 0x87, 0x57, 
    0x8b, 0xfb, 0x16, 0x8b, 0x08, 0xfb, 0x4a, 0x8b, 0x05, 0x8b, 0x60, 0x05, 
    0x8b, 0x5f, 0x05, 0xf7, 0x34, 0x8b, 0x05, 0xf7, 0x39, 0x8b, 0x05, 0x8b, 
    0x7e, 0x05, 0x8f, 0x7e, 0x9c, 0x7a, 0x98, 0x8b, 0x08, 0x94, 0x87, 0xbb, 
    0x8b, 0xc3, 0x86, 0x08, 0xc3, 0x87, 0xcc, 0x8b, 0xa5, 0x8b, 0x08, 0xa1, 
    0x87, 0xb6, 0x8b, 0xa9, 0x86, 0x08, 0xaa, 0x8b, 0xcc, 0x8b, 0xba, 0x87, 
    0x08, 0xbb, 0x87, 0xcc, 0x8b, 0xa9, 0x86, 0x08, 0xf7, 0x0d, 0x87, 0xaa, 
    0x8b, 0x93, 0x82, 0x08, 0x90, 0x8b, 0x93, 0x87, 0x98, 0x8b, 0x08, 0xa1, 
    0x8b, 0x8b, 0x8b, 0x8f, 0x7e, 0x08, 0x8b, 0x82, 0x8b, 0x69, 0x8b, 0x68, 
    0x08, 0x8b, 0x46, 0x05, 0x9d, 0x8b, 0x05, 0x93, 0x8b, 0xbf, 0x8b, 0xbb, 
    0x8f, 0x08, 0xe1, 0x90, 0x05, 0x8b, 0x98, 0x05, 0x90, 0x93, 0x8b, 0x98, 
    0x8b, 0x98, 0x08, 0x8b, 0x9d, 0x8b, 0x8b, 0x98, 0x86, 0x08, 0x98, 0x87, 
    0xba, 0x8b, 0x9d, 0x8f, 0x08, 0x9c, 0x90, 0x94, 0x9c, 0x8f, 0xa0, 0x08, 
    0x8b, 0x98, 0x8f, 0x98, 0x90, 0x90, 0x08, 0x8f, 0x8f, 0x8b, 0x8b, 0x98, 
    0x87, 0x08, 0xa1, 0x7e, 0x98, 0x71, 0x93, 0x5b, 0x08, 0x94, 0x4a, 0x8b, 
    0x90, 0xb2, 0x8b, 0x08, 0xad, 0x8f, 0x94, 0x8b, 0xa1, 0x98, 0x08, 0x9c, 
    0x94, 0x9c, 0x93, 0x90, 0x8b, 0x08, 0x8f, 0x8b, 0xb6, 0x7e, 0xbb, 0x76, 
    0x08, 0xbb, 0x79, 0xc7, 0x76, 0xa5, 0x82, 0x08, 0xa1, 0x82, 0xa9, 0x83, 
    0x98, 0x86, 0x08, 0xa9, 0x7e, 0x94, 0x90, 0x98, 0xa0, 0x08, 0x94, 0x98, 
    0x8b, 0x94, 0x8f, 0xf3, 0x08, 0x8b, 0xea, 0x8b, 0x98, 0x87, 0x98, 0x08, 
    0x7e, 0x9c, 0x82, 0x90, 0x6d, 0x86, 0x08, 0x75, 0x8b, 0x87, 0x8b, 0x64, 
    0x9d, 0x08, 0x64, 0x9c, 0x87, 0x8b, 0x38, 0x8f, 0x08, 0x39, 0x94, 0xfb, 
    0x0d, 0x8f, 0x82, 0x83, 0x08, 0x8b, 0x8b, 0x87, 0x86, 0x8b, 0x87, 0x08, 
    0x86, 0x7a, 0x83, 0x86, 0x6d, 0x98, 0x08, 0x68, 0x9d, 0x5b, 0xa9, 0x90, 
    0x8f, 0x08, 0x8f, 0x94, 0x7a, 0x9c, 0x75, 0x90, 0x08, 0x6d, 0x8f, 0x86, 
    0x8f, 0x8b, 0xa5, 0x08, 0x8b, 0xa1, 0x87, 0x8b, 0x68, 0x8b, 0x08, 0x71, 
    0x8b, 0x87, 0x8b, 0x87, 0x98, 0x08, 0x86, 0x94, 0x05, 0xde, 0x86, 0x05, 
    0xcc, 0x8b, 0x9c, 0x8b, 0x98, 0x90, 0x08, 0xa1, 0x93, 0x98, 0xa1, 0x8b, 
    0xa5, 0x08, 0x8b, 0x9c, 0x8b, 0x8f, 0x86, 0x87, 0x08, 0x87, 0x87, 0x8b, 
    0x8f, 0x82, 0x9c, 0x08, 0x83, 0x98, 0x86, 0x94, 0x83, 0x8b, 0x08, 0x75, 
    0x8f, 0xfb, 0x2c, 0x90, 0x83, 0x86, 0x08, 0x86, 0x87, 0x7e, 0x8b, 0x71, 
    0x8f, 0x08, 0x64, 0x90, 0x87, 0x8f, 0x8b, 0x94, 0x08, 0x8b, 0x8f, 0x8f, 
    0x94, 0x8b, 0x8b, 0x08, 0x94, 0x93, 0x8f, 0x9d, 0x87, 0x9c, 0x08, 0x8b, 
    0x94, 0x87, 0x8f, 0x82, 0x8f, 0x08, 0x7a, 0x90, 0x68, 0x8b, 0x8b, 0x86, 
    0x08, 0x87, 0x87, 0x87, 0x8b, 0x86, 0x8b, 0x08, 0x7e, 0x8b, 0x87, 0x60, 
    0x98, 0x7e, 0x08, 0x98, 0x86, 0x87, 0x7a, 0x82, 0x8b, 0x08, 0x87, 0x87, 
    0x79, 0x8b, 0x7a, 0x8f, 0x08, 0x75, 0x8b, 0x7e, 0x8b, 0x83, 0x87, 0x08, 
    0x82, 0x86, 0x82, 0x90, 0x57, 0x98, 0x08, 0x6d, 0x98, 0x68, 0x93, 0x83, 
    0x90, 0x08, 0x82, 0x8b, 0x82, 0x8f, 0x8b, 0x8b, 0x08, 0x83, 0x8f, 0x41, 
    0x90, 0x39, 0x8b, 0x08, 0x41, 0x8b, 0x87, 0x8b, 0x87, 0x93, 0x08, 0x8b, 
    0x90, 0x86, 0x8f, 0x8b, 0x8b, 0x08, 0x87, 0x8b, 0x8b, 0x8f, 0x8b, 0x8b, 
    0x08, 0x8b, 0x90, 0x8b, 0x8f, 0x8f, 0x8b, 0x08, 0x90, 0x8b, 0x8b, 0x8f, 
    0x8b, 0x94, 0x08, 0x8b, 0x98, 0x05, 0x68, 0x8b, 0x05, 0x6d, 0x8b, 0x86, 
    0x8b, 0x8b, 0x82, 0x08, 0x83, 0x23, 0x15, 0x82, 0x7a, 0x82, 0x94, 0x94, 
    0xa0, 0x08, 0x94, 0x94, 0x8b, 0x8f, 0x8f, 0x87, 0x08, 0x8b, 0x87, 0x8b, 
    0x82, 0x87, 0x82, 0x08, 0xfa, 0x03, 0x71, 0x15, 0x8f, 0x87, 0x8f, 0x7e, 
    0x8b, 0x8b, 0x08, 0x8b, 0x87, 0x87, 0x8f, 0x82, 0x98, 0x08, 0x83, 0xa5, 
    0x8f, 0x8f, 0x94, 0x71, 0x08, 0x34, 0x7e, 0x15, 0x8b, 0x87, 0x8b, 0x8b, 
    0x87, 0x8f, 0x08, 0x86, 0x90, 0x8b, 0x8f, 0x8b, 0x8f, 0x08, 0x8b, 0x90, 
    0x8b, 0x8b, 0x90, 0x86, 0x08, 0x8f, 0x87, 0x8b, 0x87, 0x8b, 0x86, 0x08, 
    0xfb, 0x30, 0x4f, 0x15, 0x94, 0x7e, 0x82, 0x82, 0x7a, 0x8b, 0x08, 0x82, 
    0x87, 0x82, 0x87, 0x8b, 0x8b, 0x08, 0x8b, 0x86, 0x87, 0x8b, 0x87, 0x8b, 
    0x08, 0x87, 0x8b, 0x86, 0x90, 0x8b, 0x8b, 0x08, 0x8b, 0x8f, 0x8b, 0x8f, 
    0x87, 0x8b, 0x08, 0x87, 0x8b, 0x8b, 0x9d, 0x8f, 0x8f, 0x08, 0x8f, 0x94, 
    0xbb, 0x86, 0x8f, 0x87, 0x08, 0xbb, 0x4a, 0x15, 0x98, 0x7e, 0x82, 0x87, 
    0x64, 0x8b, 0x08, 0x60, 0x8b, 0x7a, 0x8f, 0x93, 0x94, 0x08, 0x94, 0x93, 
    0xd0, 0x90, 0x94, 0x82, 0x08, 0xfe, 0x10, 0x87, 0x15, 0x87, 0x8b, 0x8b, 
    0x8b, 0x86, 0x8b, 0x08, 0x87, 0x8f, 0x8b, 0x8b, 0x8f, 0x8b, 0x08, 0x90, 
    0x8b, 0x8f, 0x8b, 0x8b, 0x87, 0x08, 0xf7, 0x7e, 0x82, 0x15, 0x8b, 0x87, 
    0x86, 0x8b, 0x7e, 0x8b, 0x08, 0x83, 0x8b, 0x82, 0x8b, 0x8b, 0x8f, 0x08, 
    0x8b, 0x8f, 0x94, 0x8b, 0x8f, 0x8b, 0x08, 0x94, 0x8b, 0x93, 0x8b, 0x90, 
    0x87, 0x08, 0xf9, 0x67, 0x8b, 0x15, 0x8b, 0x8b, 0x82, 0x8b, 0x8b, 0x8b, 
    0x08, 0x87, 0x8f, 0x8f, 0x8b, 0x8f, 0x8b, 0x08, 0x90, 0x8b, 0x8f, 0x8b, 
    0x87, 0x87, 0x08, 0xfd, 0x11, 0x7e, 0x15, 0x8b, 0x87, 0x8b, 0x8b, 0x87, 
    0x8b, 0x08, 0x87, 0x8b, 0x8b, 0x8b, 0x8f, 0x8f, 0x08, 0x8b, 0x8f, 0x8b, 
    0x8b, 0x8f, 0x8b, 0x08, 0x8b, 0x8b, 0x8b, 0x8b, 0x8b, 0x87, 0x08, 0xfa, 
    0x2e, 0x23, 0x15, 0x8b, 0x87, 0x83, 0x86, 0x82, 0x8b, 0x08, 0x82, 0x8b, 
    0x87, 0x8b, 0x94, 0x90, 0x08, 0x8f, 0x8b, 0x8f, 0x8f, 0x8b, 0x8b, 0x08, 
    0x94, 0x8f, 0x8f, 0x8b, 0x8b, 0x87, 0x08, 0xfb, 0x6c, 0x46, 0x15, 0xa1, 
    0x82, 0x8f, 0x60, 0x75, 0x82, 0x08, 0x76, 0x83, 0x7e, 0x93, 0x86, 0xae, 
    0x08, 0x87, 0x98, 0x8b, 0x8f, 0x94, 0x8f, 0x08, 0x98, 0x94, 0x8f, 0x8b, 
    0x98, 0x87, 0x08, 0x0e, 0x1c, 0x08, 0xe2, 0x1c, 0x04, 0x9a, 0xf9, 0x4b, 
    0x15, 0x87, 0x87, 0x8b, 0x82, 0x8b, 0x86, 0x08, 0x8b, 0x82, 0x86, 0x8b, 
    0x67, 0x8b, 0x08, 0x74, 0x8b, 0x5d, 0x8b, 0x6b, 0x90, 0x08, 0x59, 0x8f, 
    0x7e, 0x8b, 0x86, 0x87, 0x08, 0x87, 0x86, 0x81, 0x87, 0x6c, 0x8f, 0x08, 
    0x74, 0x8b, 0x79, 0x8b, 0x86, 0x8b, 0x08, 0x74, 0x7d, 0x82, 0x4c, 0x9d, 
    0x74, 0x08, 0x95, 0x7d, 0x8f, 0x8b, 0xa6, 0x8b, 0x08, 0xab, 0x8b, 0xa2, 
    0x87, 0x8b, 0x82, 0x08, 0x8b, 0x86, 0x4b, 0x8b, 0x7e, 0x90, 0x08, 0x82, 
    0x8f, 0x81, 0x8b, 0x7e, 0x82, 0x08, 0x82, 0x87, 0x74, 0x86, 0x7d, 0x8b, 
    0x08, 0x79, 0x86, 0x7d, 0x87, 0x8b, 0x8b, 0x08, 0x8b, 0x8b, 0x7e, 0x86, 
    0x78, 0x90, 0x08, 0x7e, 0x8b, 0x3d, 0x8b, 0x43, 0x8f, 0x08, 0x42, 0x90, 
    0x39, 0x8b, 0x6f, 0x8b, 0x08, 0x6c, 0x90, 0x7d, 0x8b, 0x94, 0x86, 0x08, 
    0xa2, 0x86, 0x79, 0x87, 0x4f, 0x8f, 0x08, 0x50, 0x8b, 0x7e, 0x95, 0xb8, 
    0x8b, 0x08, 0x9d, 0x8b, 0x82, 0x8f, 0x6b, 0x8b, 0x08, 0x6b, 0x8b, 0x79, 
    0x8b, 0x90, 0x87, 0x08, 0x8b, 0x86, 0x7d, 0x8b, 0x70, 0x8b, 0x08, 0x59, 
    0x8b, 0x66, 0x90, 0x90, 0x8f, 0x08, 0x8b, 0x90, 0x7d, 0x8f, 0x79, 0x8b, 
    0x08, 0x74, 0x8b, 0x82, 0x8b, 0x94, 0x87, 0x08, 0x9d, 0x8b, 0x8b, 0x82, 
    0x79, 0x8b, 0x08, 0x79, 0x8b, 0x8b, 0x8b, 0x8b, 0x7d, 0x08, 0x8b, 0x82, 
    0x8b, 0x8b, 0xb9, 0x8b, 0x08, 0xa6, 0x8b, 0xa2, 0x8b, 0x94, 0x86, 0x08, 
    0x8f, 0x8b, 0xbd, 0x8b, 0xbd, 0x8b, 0x08, 0xbe, 0x87, 0xbd, 0x8b, 0x8f, 
    0x8b, 0x08, 0x94, 0x86, 0xa7, 0x8b, 0xa1, 0x8b, 0x08, 0xa7, 0x8b, 0x98, 
    0x8b, 0x87, 0x87, 0x08, 0x82, 0x8b, 0x34, 0x8b, 0xfb, 0x6a, 0x94, 0x08, 
    0x27, 0x8b, 0x05, 0x8b, 0x6f, 0x05, 0x8b, 0x70, 0x8b, 0x8b, 0x99, 0x8b, 
    0x08, 0x98, 0x86, 0x05, 0x7e, 0x8b, 0x05, 0x82, 0x8b, 0x86, 0x8b, 0x8b, 
    0x7e, 0x08, 0x8b, 0x86, 0x90, 0x87, 0x8f, 0x8b, 0x08, 0xef, 0x8b, 0xf7, 
    0xaa, 0x82, 0x90, 0x86, 0x08, 0x8b, 0x87, 0xfb, 0x41, 0x8b, 0xfb, 0x34, 
    0x94, 0x08, 0x50, 0x8b, 0x05, 0x8b, 0x74, 0x05, 0x8b, 0x70, 0x05, 0xd4, 
    0x8b, 0x05, 0xb4, 0x86, 0xdd, 0x8b, 0xc1, 0x8b, 0x08, 0xf4, 0x86, 0x05, 
    0x99, 0x7e, 0x05, 0x9d, 0x79, 0x05, 0xe6, 0x8b, 0x05, 0xbd, 0x86, 0xe2, 
    0x8b, 0xc1, 0x86, 0x08, 0xf7, 0x66, 0x82, 0xf7, 0x25, 0x87, 0xf7, 0x1d, 
    0x8b, 0x08, 0xdd, 0x8b, 0xd8, 0x8b, 0x99, 0x86, 0x08, 0xab, 0x8b, 0x05, 
    0x82, 0x7e, 0x05, 0x7d, 0x78, 0x8b, 0x6b, 0x99, 0x79, 0x08, 0x98, 0x75, 
    0xa2, 0x86, 0xc2, 0x8b, 0x08, 0xbd, 0x8b, 0xa2, 0x90, 0x98, 0x9d, 0x08, 
    0x90, 0x8f, 0x8f, 0x90, 0x8b, 0x8b, 0x08, 0x87, 0x8b, 0x8f, 0x8f, 0x8b, 
    0x90, 0x08, 0xab, 0xaf, 0x8b, 0x8b, 0x99, 0x87, 0x08, 0xa2, 0x86, 0x9d, 
    0x7e, 0x9d, 0x7d, 0x08, 0x99, 0x79, 0xa2, 0x5d, 0x94, 0x6b, 0x08, 0x94, 
    0x7e, 0x8b, 0x8b, 0xa2, 0x8b, 0x08, 0x98, 0x8b, 0x9d, 0x8f, 0xa7, 0x99, 
    0x08, 0xa2, 0x94, 0xa1, 0x94, 0x90, 0x8b, 0x08, 0x94, 0x8b, 0xf7, 0x2f, 
    0x4b, 0x8f, 0x87, 0x08, 0x90, 0x8b, 0x86, 0x82, 0x87, 0x86, 0x08, 0x86, 
    0x82, 0x87, 0x82, 0x8f, 0x86, 0x08, 0x8b, 0x82, 0x90, 0x8b, 0x98, 0x8b, 
    0x08, 0x9e, 0x8b, 0x8b, 0x90, 0x8b, 0x94, 0x08, 0x8b, 0x94, 0x86, 0x94, 
    0x8b, 0x8b, 0x08, 0x7d, 0x94, 0xa2, 0x82, 0xd9, 0x70, 0x08, 0xf7, 0x01, 
    0x5d, 0x86, 0x8b, 0x90, 0x99, 0x08, 0x9d, 0xa6, 0x9d, 0xf7, 0x2f, 0x82, 
    0xcb, 0x08, 0x8b, 0xb8, 0x82, 0x9e, 0x74, 0x8f, 0x08, 0x79, 0x94, 0x82, 
    0x87, 0x99, 0x7d, 0x08, 0x94, 0x82, 0x8b, 0x86, 0x8b, 0x70, 0x08, 0x8b, 
    0x6b, 0x8b, 0x87, 0x82, 0x8b, 0x08, 0x86, 0x8b, 0x87, 0x8f, 0x8b, 0x90, 
    0x08, 0x8b, 0x98, 0x7d, 0x90, 0x82, 0x8b, 0x08, 0x82, 0x86, 0x86, 0x8b, 
    0x90, 0x94, 0x08, 0x8b, 0x90, 0x8b, 0x8b, 0x82, 0x8b, 0x08, 0x86, 0x8b, 
    0x86, 0x8b, 0x82, 0x94, 0x08, 0x87, 0x90, 0x82, 0x8f, 0x82, 0x8b, 0x08, 
    0x86, 0x87, 0x86, 0x8f, 0x8b, 0x90, 0x08, 0x8b, 0x8f, 0x75, 0x90, 0x8b, 
    0x82, 0x08, 0x86, 0x86, 0x6b, 0x8b, 0x8b, 0x90, 0x08, 0x8b, 0x8b, 0x7e, 
    0x8f, 0x78, 0x90, 0x08, 0x79, 0x8f, 0x79, 0x90, 0x86, 0x8b, 0x08, 0x70, 
    0x94, 0xfb, 0x0f, 0x90, 0x79, 0x86, 0x08, 0x74, 0x7d, 0x74, 0x8b, 0x67, 
    0x99, 0x08, 0x79, 0x90, 0x79, 0x94, 0x86, 0x8f, 0x08, 0x86, 0x8b, 0x79, 
    0x99, 0x74, 0x94, 0x08, 0x70, 0x99, 0x79, 0x8f, 0x7d, 0x8b, 0x08, 0x82, 
    0x8b, 0x82, 0x8b, 0x90, 0x90, 0x08, 0x8b, 0x8f, 0x86, 0x8b, 0x82, 0x8b, 
    0x08, 0x82, 0x8b, 0x86, 0x8b, 0x87, 0x90, 0x08, 0x8b, 0x90, 0x79, 0x94, 
    0x81, 0x8b, 0x08, 0x87, 0x8f, 0x86, 0x8b, 0x87, 0x8b, 0x08, 0x82, 0x90, 
    0x8b, 0x8b, 0x86, 0x86, 0x08, 0x8b, 0x87, 0x82, 0x8b, 0x86, 0x8b, 0x08, 
    0x87, 0x8f, 0x8b, 0x8b, 0x8f, 0x90, 0x08, 0x95, 0x94, 0x78, 0x8f, 0x82, 
    0x87, 0x08, 0x7e, 0x7d, 0x82, 0x90, 0x8b, 0x94, 0x08, 0x8b, 0x9d, 0x8b, 
    0x90, 0x86, 0x8b, 0x08, 0x86, 0x86, 0x87, 0x8b, 0x8b, 0x90, 0x08, 0x8b, 
    0x94, 0x9d, 0x8b, 0x9d, 0x86, 0x08, 0xa7, 0x82, 0x98, 0x86, 0x90, 0x95, 
    0x08, 0x8f, 0x8f, 0x8b, 0x8b, 0x87, 0x94, 0x08, 0x82, 0x90, 0x8b, 0x8b, 
    0x82, 0x86, 0x08, 0x78, 0x87, 0x70, 0x8f, 0x70, 0x94, 0x08, 0x6f, 0x99, 
    0x70, 0x90, 0xfb, 0x06, 0x8f, 0x08, 0x23, 0x90, 0x54, 0x8f, 0x86, 0x90, 
    0x08, 0x8b, 0x8b, 0x90, 0x8b, 0x8f, 0x8b, 0x08, 0x95, 0x8b, 0x8f, 0x8b, 
    0x8b, 0x94, 0x08, 0x8b, 0x9d, 0x90, 0x90, 0x9d, 0x8b, 0x08, 0xa6, 0x86, 
    0xf7, 0x78, 0x87, 0x94, 0x8f, 0x08, 0x99, 0x94, 0x8f, 0x9d, 0x8b, 0xa7, 
    0x08, 0x87, 0xb4, 0x86, 0x8f, 0x50, 0x90, 0x08, 0x6b, 0x8b, 0x79, 0x8f, 
    0x7d, 0x90, 0x08, 0x87, 0x8f, 0x7d, 0x90, 0x82, 0x8b, 0x08, 0x82, 0x8b, 
    0x86, 0x90, 0x8b, 0x98, 0x08, 0x8b, 0x9d, 0x05, 0x70, 0x90, 0x05, 0x7d, 
    0x8b, 0x82, 0x8b, 0x8b, 0x86, 0x08, 0xfb, 0x97, 0x4c, 0x15, 0x8b, 0x86, 
    0x8b, 0x8b, 0x86, 0x90, 0x08, 0x86, 0x94, 0x8b, 0x8f, 0x90, 0x87, 0x08, 
    0x90, 0x8b, 0x8b, 0x86, 0x8b, 0x87, 0x08, 0xfd, 0xa4, 0x2b, 0x15, 0x95, 
    0x8b, 0x9d, 0x8b, 0x94, 0x8b, 0x08, 0x99, 0x8b, 0x81, 0x90, 0x75, 0x8b, 
    0x08, 0x74, 0x8b, 0x82, 0x86, 0x98, 0x8b, 0x08, 0xf8, 0x5c, 0x59, 0x15, 
    0xa6, 0x86, 0x74, 0x8b, 0x4c, 0x90, 0x08, 0x4f, 0x8b, 0x5e, 0x8b, 0x8b, 
    0x90, 0x08, 0x86, 0x8b, 0xf7, 0x14, 0x8b, 0xb4, 0x86, 0x08, 0xf7, 0x6a, 
    0x82, 0x15, 0xc1, 0x8b, 0xb4, 0x8b, 0x8b, 0x86, 0x08, 0x87, 0x87, 0xfb, 
    0x8f, 0x94, 0x8b, 0x8f, 0x08, 0x8b, 0x90, 0x99, 0x8b, 0x9d, 0x8b, 0x08, 
    0x9d, 0x86, 0xc7, 0x8b, 0xbd, 0x87, 0x08, 0xf8, 0xd1, 0x86, 0x15, 0x95, 
    0x82, 0x8b, 0x8b, 0x86, 0x8b, 0x08, 0x82, 0x90, 0x86, 0x86, 0x99, 0x82, 
    0x08, 0x94, 0x82, 0x87, 0x82, 0x81, 0x86, 0x08, 0x79, 0x7e, 0x87, 0x8f, 
    0x8f, 0x9d, 0x08, 0x90, 0x99, 0x8b, 0x8b, 0x82, 0x90, 0x08, 0x86, 0x94, 
    0x8b, 0x8b, 0x90, 0x8f, 0x08, 0x94, 0x94, 0x8b, 0x8b, 0x98, 0x82, 0x08, 
    0xfc, 0x40, 0x75, 0x15, 0xf4, 0x86, 0xe6, 0x8b, 0x99, 0x8b, 0x08, 0x9d, 
    0x8b, 0x90, 0x82, 0x78, 0x8b, 0x08, 0x82, 0x8b, 0x05, 0x94, 0x86, 0x05, 
    0x99, 0x82, 0x8b, 0x87, 0x7d, 0x8b, 0x08, 0x87, 0x8b, 0x86, 0x86, 0x90, 
    0x87, 0x08, 0x8b, 0x86, 0x86, 0x87, 0x8b, 0x8b, 0x08, 0x87, 0x8b, 0x8b, 
    0x8f, 0x8b, 0x8b, 0x08, 0x8b, 0x90, 0x86, 0x8f, 0x82, 0x87, 0x08, 0x82, 
    0x8b, 0x86, 0x8b, 0x87, 0x8f, 0x08, 0x8b, 0x94, 0x79, 0x90, 0x8b, 0x82, 
    0x08, 0x8b, 0x86, 0x7d, 0x8b, 0x67, 0x8b, 0x08, 0x82, 0x8b, 0x86, 0x87, 
    0x8b, 0x86, 0x08, 0x90, 0x87, 0x86, 0x86, 0x8b, 0x86, 0x08, 0x86, 0x8b, 
    0x79, 0x99, 0x8b, 0x90, 0x08, 0x90, 0x8b, 0x86, 0x8f, 0x8b, 0x90, 0x08, 
    0x87, 0x8f, 0x8b, 0x8b, 0x86, 0x87, 0x08, 0x8b, 0x86, 0x87, 0x87, 0x8f, 
    0x8b, 0x08, 0x8b, 0x86, 0x87, 0x8b, 0x86, 0x8b, 0x08, 0x74, 0x94, 0x7e, 
    0x8b, 0x94, 0x87, 0x08, 0x8b, 0x8b, 0x8f, 0x86, 0x94, 0x8b, 0x08, 0x90, 
    0x87, 0x82, 0x8b, 0x7d, 0x8f, 0x08, 0x7d, 0x8b, 0x7e, 0x8b, 0x8b, 0x90, 
    0x08, 0x8b, 0x8b, 0x86, 0x8f, 0x87, 0x8b, 0x08, 0x86, 0x90, 0x87, 0x8f, 
    0x8f, 0x8b, 0x08, 0x8b, 0x90, 0x87, 0x8f, 0x81, 0x90, 0x08, 0x79, 0x8f, 
    0x7e, 0x87, 0x8f, 0x86, 0x08, 0x8b, 0x87, 0x87, 0x8b, 0x8b, 0x8b, 0x08, 
    0x86, 0x8b, 0x87, 0x8f, 0x8b, 0x8b, 0x08, 0x8b, 0x90, 0x8b, 0x8b, 0x86, 
    0x86, 0x08, 0x8b, 0x8b, 0x86, 0x87, 0x87, 0x8f, 0x08, 0x8b, 0x8b, 0x86, 
    0x8b, 0x8b, 0x87, 0x08, 0x8b, 0x86, 0x87, 0x8b, 0x86, 0x90, 0x08, 0x87, 
    0x8f, 0x86, 0x8b, 0x87, 0x87, 0x08, 0x86, 0x8b, 0x86, 0x8b, 0x8b, 0x8f, 
    0x08, 0x82, 0x90, 0x75, 0x8b, 0x94, 0x86, 0x08, 0x8f, 0x87, 0x87, 0x8b, 
    0x82, 0x8b, 0x08, 0x81, 0x86, 0x87, 0x87, 0x86, 0x86, 0x08, 0x87, 0x82, 
    0x82, 0x87, 0x8b, 0x94, 0x08, 0x8f, 0x8f, 0x87, 0x90, 0x86, 0x8b, 0x08, 
    0x8b, 0x8b, 0x87, 0x8b, 0x8b, 0x86, 0x08, 0x8b, 0x87, 0x86, 0x8b, 0x8b, 
    0x8b, 0x08, 0x86, 0x8b, 0x87, 0x8f, 0x8b, 0x8b, 0x08, 0x8b, 0x90, 0x8b, 
    0x8f, 0x86, 0x8b, 0x08, 0x87, 0x8b, 0x8b, 0x87, 0x8b, 0x8b, 0x08, 0x8f, 
    0x82, 0x82, 0x86, 0x74, 0x90, 0x08, 0x79, 0x8f, 0x05, 0xa2, 0x8b, 0x05, 
    0xa2, 0x8b, 0x05, 0x7d, 0x90, 0x05, 0x82, 0x8f, 0x82, 0x90, 0x86, 0x86, 
    0x08, 0x8b, 0x8b, 0x87, 0x8b, 0x8b, 0x90, 0x08, 0x8b, 0x8f, 0x8f, 0x8b, 
    0x94, 0x8b, 0x08, 0x99, 0x8b, 0x8b, 0x8b, 0x82, 0x90, 0x08, 0x86, 0x8f, 
    0x79, 0x90, 0x55, 0x8b, 0x08, 0x5d, 0x86, 0x74, 0x90, 0x90, 0x8b, 0x08, 
    0x8b, 0x90, 0x86, 0x8b, 0x7e, 0x8b, 0x08, 0x82, 0x86, 0x78, 0x8b, 0x7e, 
    0x8b, 0x08, 0x79, 0x8b, 0x78, 0x8b, 0x7e, 0x8b, 0x08, 0x78, 0x8b, 0x87, 
    0x90, 0x94, 0x8f, 0x08, 0x8b, 0x90, 0xf7, 0x4a, 0x8b, 0xf7, 0xe0, 0x82, 
    0x08, 0xfd, 0x87, 0x7d, 0x15, 0x8b, 0x8b, 0x74, 0x8b, 0x70, 0x8b, 0x08, 
    0x66, 0x8b, 0x79, 0x8b, 0x8b, 0x8f, 0x08, 0x8b, 0x90, 0x99, 0x8b, 0xaf, 
    0x86, 0x08, 0xa6, 0x8b, 0xa7, 0x8b, 0x8b, 0x87, 0x08, 0xf7, 0x33, 0x86, 
    0x15, 0x8b, 0x8b, 0x74, 0x8b, 0x70, 0x8b, 0x08, 0x70, 0x8b, 0x74, 0x8b, 
    0x8b, 0x90, 0x08, 0x86, 0x8f, 0xef, 0x87, 0x90, 0x86, 0x08, 0xf7, 0xce, 
    0x90, 0x15, 0x8b, 0x86, 0x87, 0x8b, 0x86, 0x90, 0x08, 0x8b, 0x8f, 0x8b, 
    0x8b, 0x90, 0x8b, 0x08, 0x8f, 0x8b, 0x8b, 0x87, 0x8b, 0x8b, 0x08, 0xfb, 
    0x41, 0x86, 0x15, 0x99, 0x87, 0x05, 0x7d, 0x8b, 0x05, 0x87, 0x8b, 0x82, 
    0x8b, 0x86, 0x8f, 0x08, 0x86, 0x90, 0x8b, 0x8b, 0x90, 0x8b, 0x08, 0x90, 
    0x8b, 0x94, 0x86, 0x8f, 0x8b, 0x08, 0x6b, 0x87, 0x15, 0x8b, 0x86, 0x87, 
    0x8b, 0x8b, 0x8b, 0x08, 0x86, 0x87, 0x87, 0x8b, 0x8b, 0x8f, 0x08, 0x8b, 
    0x90, 0x8f, 0x8b, 0x90, 0x8b, 0x08, 0x8b, 0x8b, 0x8f, 0x8b, 0x8b, 0x8b, 
    0x08, 0xf7, 0x0f, 0x86, 0x15, 0x90, 0x8b, 0x7d, 0x87, 0x79, 0x8b, 0x08, 
    0x79, 0x8b, 0x7d, 0x8f, 0x8b, 0x8b, 0x08, 0x8b, 0x90, 0xc6, 0x8b, 0x8b, 
    0x86, 0x08, 0xf8, 0x72, 0x8b, 0x15, 0x8b, 0x87, 0x8b, 0x8b, 0x90, 0x8b, 
    0x08, 0x8f, 0x8f, 0x8b, 0x8b, 0x8b, 0x90, 0x08, 0x8b, 0x8b, 0x8b, 0x8b, 
    0x87, 0x8b, 0x08, 0x86, 0x8b, 0x8b, 0x8b, 0x8b, 0x86, 0x08, 0xfc, 0xc8, 
    0x87, 0x15, 0x8f, 0x86, 0x8b, 0x8b, 0x87, 0x8b, 0x08, 0x86, 0x8b, 0x87, 
    0x8b, 0x86, 0x90, 0x08, 0x87, 0x8f, 0x8b, 0x8b, 0x8f, 0x8b, 0x08, 0x90, 
    0x8b, 0x8f, 0x8b, 0x90, 0x87, 0x08, 0xf9, 0x9e, 0x8b, 0x15, 0x8b, 0x8b, 
    0x82, 0x8b, 0x8b, 0x8b, 0x08, 0x87, 0x8f, 0x8f, 0x8b, 0x90, 0x8b, 0x08, 
    0x8f, 0x8b, 0x90, 0x8b, 0x86, 0x87, 0x08, 0xcb, 0x8b, 0x15, 0x82, 0x8b, 
    0x82, 0x8b, 0x82, 0x8b, 0x08, 0x82, 0x8b, 0x8f, 0x8f, 0x9d, 0x8b, 0x08, 
    0x9e, 0x8b, 0x8f, 0x87, 0x82, 0x8b, 0x08, 0xfd, 0xe3, 0x74, 0x15, 0x90, 
    0x82, 0x8f, 0x82, 0x8b, 0x8b, 0x08, 0x8b, 0x86, 0x7e, 0x90, 0x82, 0x8b, 
    0x08, 0x78, 0x8f, 0x05, 0x9e, 0x8b, 0x05, 0x94, 0x8b, 0x8f, 0x8b, 0x87, 
    0x90, 0x08, 0x86, 0x8b, 0x8b, 0x8f, 0x8b, 0x90, 0x08, 0x90, 0x8b, 0x8b, 
    0x90, 0x86, 0x8b, 0x08, 0x87, 0x8f, 0x8b, 0x94, 0x8f, 0x8b, 0x08, 0x8b, 
    0x8b, 0x90, 0x82, 0x8f, 0x82, 0x08, 0xf8, 0x5b, 0x99, 0x15, 0x90, 0x8b, 
    0x8b, 0x8b, 0x90, 0x8b, 0x08, 0x8b, 0x8f, 0x86, 0x8b, 0x86, 0x8b, 0x08, 
    0x87, 0x8b, 0x8b, 0x8b, 0x8f, 0x87, 0x08, 0x75, 0x86, 0x15, 0x8b, 0x8b, 
    0x82, 0x8b, 0x86, 0x8b, 0x08, 0x86, 0x90, 0x90, 0x8b, 0x94, 0x8b, 0x08, 
    0x90, 0x8b, 0x8f, 0x8b, 0x87, 0x86, 0x08, 0xfc, 0x52, 0x79, 0x15, 0x86, 
    0x8b, 0x6b, 0x8f, 0x8b, 0x90, 0x08, 0x8b, 0x90, 0xa6, 0x8f, 0x90, 0x82, 
    0x08, 0x90, 0x86, 0x8b, 0x8b, 0x8b, 0x87, 0x08, 0xf7, 0x0e, 0x99, 0x15, 
    0x8b, 0x8b, 0x82, 0x8b, 0x8b, 0x8b, 0x08, 0x87, 0x8f, 0x8f, 0x8b, 0x90, 
    0x8b, 0x08, 0x8f, 0x8b, 0x90, 0x8b, 0x86, 0x87, 0x08, 0xf7, 0x93, 0x8b, 
    0x15, 0x87, 0x8b, 0x8b, 0x8b, 0x86, 0x8b, 0x08, 0x87, 0x8f, 0x8b, 0x8b, 
    0x8f, 0x8b, 0x08, 0x90, 0x8b, 0x8f, 0x8b, 0x8b, 0x87, 0x08, 0xf7, 0x5d, 
    0x8b, 0x15, 0x86, 0x86, 0x87, 0x8b, 0x8b, 0x8b, 0x08, 0x86, 0x8b, 0x8b, 
    0x8b, 0x8b, 0x90, 0x08, 0x8b, 0x8f, 0x90, 0x8b, 0x8f, 0x8b, 0x08, 0x8b, 
    0x8b, 0x90, 0x8b, 0x8b, 0x87, 0x08, 0x98, 0x8b, 0x15, 0x8b, 0x86, 0x8b, 
    0x8b, 0x87, 0x8b, 0x08, 0x86, 0x8b, 0x8b, 0x8b, 0x8b, 0x90, 0x08, 0x8b, 
    0x8f, 0x8b, 0x8b, 0x8b, 0x8b, 0x08, 0x90, 0x8b, 0x8b, 0x8b, 0x8f, 0x87, 
    0x08, 0x4c, 0x86, 0x15, 0x8b, 0x86, 0x86, 0x8b, 0x87, 0x8b, 0x08, 0x86, 
    0x8b, 0x86, 0x8b, 0x8b, 0x90, 0x08, 0x8b, 0x8b, 0x90, 0x90, 0x90, 0x8b, 
    0x08, 0x8f, 0x8b, 0x90, 0x86, 0x8b, 0x8b, 0x08, 0xf7, 0x2e, 0x7d, 0x15, 
    0x95, 0x87, 0x8b, 0x8b, 0x7d, 0x8b, 0x08, 0x86, 0x8b, 0x82, 0x8b, 0x87, 
    0x86, 0x08, 0x82, 0x87, 0x8b, 0x8b, 0x8f, 0x8b, 0x08, 0x90, 0x86, 0x8f, 
    0x8b, 0x8b, 0x90, 0x08, 0x8b, 0x8f, 0x90, 0x8b, 0x8f, 0x8b, 0x08, 0x90, 
    0x8b, 0x8b, 0x8b, 0x86, 0x82, 0x08, 0x87, 0x8b, 0x82, 0x87, 0x86, 0x8b, 
    0x08, 0x87, 0x8b, 0x86, 0x8b, 0x8b, 0x86, 0x08, 0x8b, 0x86, 0x86, 0x8b, 
    0x8b, 0x8b, 0x08, 0x87, 0x8b, 0x86, 0x90, 0x90, 0x8b, 0x08, 0x8b, 0x90, 
    0x8b, 0x8f, 0x86, 0x8b, 0x08, 0x87, 0x8b, 0x8f, 0x90, 0x90, 0x8b, 0x08, 
    0x94, 0x8f, 0x8b, 0x8b, 0x86, 0x8b, 0x08, 0x82, 0x8b, 0x8b, 0x8b, 0x90, 
    0x90, 0x08, 0x8f, 0x8f, 0x82, 0x8b, 0x75, 0x8b, 0x08, 0x66, 0x8b, 0x7e, 
    0x8b, 0x86, 0x90, 0x08, 0x8b, 0x8f, 0x9d, 0x8b, 0xa6, 0x8b, 0x08, 0xa2, 
    0x8b, 0xa2, 0x8b, 0x90, 0x8b, 0x08, 0x8f, 0x90, 0x9d, 0x86, 0x94, 0x82, 
    0x08, 0x43, 0x7e, 0x15, 0x8b, 0x8b, 0x81, 0x8b, 0x87, 0x8b, 0x08, 0x86, 
    0x8f, 0x90, 0x8b, 0x94, 0x8b, 0x08, 0x90, 0x8b, 0x8f, 0x8b, 0x87, 0x87, 
    0x08, 0xf9, 0x63, 0x8b, 0x15, 0x8b, 0x86, 0x94, 0x8b, 0x99, 0x8b, 0x08, 
    0x98, 0x8b, 0x99, 0x8b, 0x90, 0x87, 0x08, 0x8b, 0x8b, 0x9d, 0x86, 0x9d, 
    0x8b, 0x08, 0x9d, 0x8b, 0xa2, 0x86, 0x90, 0x8b, 0x08, 0x94, 0x87, 0x8b, 
    0x8b, 0x8b, 0x8f, 0x08, 0x86, 0x99, 0xfb, 0x21, 0x99, 0x8b, 0x82, 0x08, 
    0xfd, 0x7f, 0x82, 0x15, 0x8b, 0x8b, 0x87, 0x8b, 0x86, 0x8b, 0x08, 0x87, 
    0x8b, 0x86, 0x8b, 0x8b, 0x8f, 0x08, 0x90, 0x90, 0x98, 0x86, 0x8b, 0x87, 
    0x08, 0xf9, 0x2d, 0x8b, 0x15, 0x7d, 0x81, 0x8b, 0x8b, 0x90, 0x82, 0x08, 
    0x8f, 0x8b, 0x90, 0x87, 0x90, 0x8b, 0x08, 0x8f, 0x8b, 0x8b, 0x8b, 0x8b, 
    0x86, 0x08, 0x87, 0x87, 0x98, 0x86, 0x99, 0x8b, 0x08, 0x94, 0x8b, 0x8b, 
    0x90, 0x7d, 0x98, 0x08, 0x82, 0x94, 0x82, 0x95, 0x90, 0x8f, 0x08, 0x8b, 
    0x94, 0x8b, 0x87, 0x7d, 0x82, 0x08, 0xfd, 0x04, 0x86, 0x15, 0x87, 0x8b, 
    0x82, 0x8b, 0x86, 0x8b, 0x08, 0x86, 0x90, 0x8b, 0x8b, 0x99, 0x8b, 0x08, 
    0x94, 0x8b, 0x90, 0x8b, 0x86, 0x86, 0x08, 0xb4, 0x86, 0x15, 0x8b, 0x8b, 
    0x82, 0x8b, 0x8b, 0x8b, 0x08, 0x87, 0x90, 0x8f, 0x8b, 0x90, 0x8b, 0x08, 
    0x8f, 0x8b, 0x90, 0x8b, 0x86, 0x86, 0x08, 0xf8, 0x0e, 0x87, 0x15, 0x90, 
    0x8b, 0x86, 0x82, 0x82, 0x82, 0x08, 0x82, 0x86, 0x86, 0x87, 0x8b, 0x8f, 
    0x08, 0x8b, 0x8b, 0x90, 0x90, 0x8f, 0x8f, 0x08, 0x90, 0x90, 0x90, 0x94, 
    0x86, 0x8b, 0x08, 0x8b, 0x8f, 0x8b, 0x8b, 0x90, 0x8b, 0x08, 0x8b, 0x8b, 
    0x8f, 0x8b, 0x8b, 0x87, 0x08, 0xfd, 0x75, 0x82, 0x15, 0x86, 0x8b, 0x8b, 
    0x8b, 0x86, 0x8b, 0x08, 0x87, 0x8f, 0x8b, 0x8b, 0x8f, 0x8b, 0x08, 0x90, 
    0x8b, 0x90, 0x8b, 0x8b, 0x87, 0x08, 0xf9, 0x3e, 0x86, 0x15, 0x87, 0x87, 
    0x8b, 0x8b, 0x8b, 0x8f, 0x08, 0x8b, 0x90, 0x8f, 0x8f, 0x90, 0x87, 0x08, 
    0x8b, 0x8b, 0x8b, 0x86, 0x86, 0x8b, 0x08, 0xfc, 0x09, 0x8b, 0x15, 0x7d, 
    0x87, 0x87, 0x8b, 0x8f, 0x8f, 0x08, 0x8b, 0x90, 0x90, 0x8b, 0x90, 0x8b, 
    0x08, 0x94, 0x8b, 0x8b, 0x8b, 0x86, 0x86, 0x08, 0xbd, 0x82, 0x15, 0x8b, 
    0x87, 0x8b, 0x8b, 0x87, 0x8b, 0x08, 0x86, 0x8b, 0x8b, 0x8b, 0x8b, 0x8f, 
    0x08, 0x8b, 0x90, 0x8b, 0x8b, 0x8b, 0x8b, 0x08, 0x90, 0x8b, 0x8b, 0x8b, 
    0x8f, 0x86, 0x08, 0xf9, 0xba, 0x7d, 0x15, 0x8b, 0x8b, 0x82, 0x8b, 0x8b, 
    0x8b, 0x08, 0x86, 0x90, 0x90, 0x8b, 0x90, 0x8b, 0x08, 0x8f, 0x8b, 0x90, 
    0x8b, 0x86, 0x86, 0x08, 0xf7, 0x2a, 0x75, 0x15, 0x8b, 0x86, 0x87, 0x8b, 
    0x8b, 0x90, 0x08, 0x86, 0x8b, 0x87, 0x8b, 0x8b, 0x8f, 0x08, 0x8b, 0x8b, 
    0x8f, 0x8b, 0x90, 0x8b, 0x08, 0x8b, 0x8b, 0x8f, 0x8b, 0x8b, 0x87, 0x08, 
    0xfd, 0x23, 0x7d, 0x15, 0x98, 0x79, 0x90, 0x7d, 0x86, 0x74, 0x08, 0x87, 
    0x75, 0x8b, 0x8b, 0x94, 0x98, 0x08, 0x94, 0x99, 0x90, 0xa6, 0x7d, 0x99, 
    0x08, 0x86, 0x94, 0x8b, 0x8b, 0x94, 0x8b, 0x08, 0x90, 0x8b, 0x99, 0x86, 
    0x94, 0x87, 0x08, 0x9d, 0x82, 0x90, 0x86, 0x8b, 0x7e, 0x08, 0x8b, 0x74, 
    0x86, 0x86, 0x70, 0x7e, 0x08, 0x74, 0x82, 0x79, 0x86, 0x74, 0x99, 0x08, 
    0x74, 0x8f, 0x82, 0x9d, 0x8b, 0xa7, 0x08, 0x8b, 0xa1, 0x90, 0x99, 0x9d, 
    0x8b, 0x08, 0x8f, 0x90, 0x95, 0x8b, 0x8b, 0x8b, 0x08, 0x8b, 0x8b, 0x94, 
    0x86, 0x94, 0x82, 0x08, 0xe1, 0x86, 0x15, 0x8b, 0x8b, 0x8b, 0x87, 0x8b, 
    0x82, 0x08, 0x8b, 0x86, 0x87, 0x8b, 0x7d, 0x99, 0x08, 0x7d, 0x99, 0x05, 
    0x99, 0x8b, 0x05, 0x94, 0x86, 0x94, 0x86, 0x8b, 0x8b, 0x08, 0xf8, 0x89, 
    0xfb, 0x73, 0x15, 0x8b, 0x87, 0x86, 0x8b, 0x82, 0x8b, 0x08, 0x79, 0x8f, 
    0x8b, 0x94, 0x9d, 0x8b, 0x08, 0x94, 0x8b, 0x90, 0x8b, 0x8b, 0x82, 0x08, 
    0x0e, 0x1c, 0x07, 0x73, 0xf9, 0x3b, 0xf9, 0x4a, 0x15, 0x84, 0x83, 0x83, 
    0x7f, 0x83, 0x84, 0x08, 0x84, 0x77, 0x83, 0x69, 0x93, 0x8b, 0x08, 0x8b, 
    0x8b, 0x92, 0x87, 0x8f, 0x83, 0x08, 0x97, 0x80, 0x8b, 0x87, 0x83, 0x8b, 
    0x08, 0x87, 0x8b, 0x87, 0x8b, 0x8b, 0x8f, 0x08, 0x88, 0x8e, 0x8b, 0x8b, 
    0x8b, 0x88, 0x08, 0x8b, 0x87, 0x9a, 0x74, 0x93, 0x87, 0x08, 0x9a, 0x83, 
    0xf7, 0x17, 0x8b, 0xd8, 0x93, 0x08, 0xaa, 0x8f, 0xae, 0x8e, 0x8f, 0x8b, 
    0x08, 0x9a, 0x88, 0x93, 0x83, 0x8b, 0x7f, 0x08, 0x8b, 0x87, 0x92, 0x84, 
    0x97, 0x83, 0x08, 0xa6, 0x7c, 0x8b, 0x8b, 0x87, 0x83, 0x08, 0x87, 0x87, 
    0x8b, 0x8b, 0x87, 0x8f, 0x08, 0x87, 0x8b, 0x78, 0x8f, 0x74, 0x87, 0x08, 
    0x74, 0x8b, 0x78, 0x8f, 0x87, 0x8b, 0x08, 0x8b, 0x8f, 0x87, 0x8b, 0x8b, 
    0x8b, 0x08, 0x87, 0x8b, 0x8b, 0x8b, 0x8f, 0x87, 0x08, 0x8b, 0x87, 0x87, 
    0x8b, 0x8b, 0x8b, 0x08, 0x87, 0x8b, 0x87, 0x8b, 0x8b, 0x8f, 0x08, 0x8b, 
    0x8b, 0x7c, 0x8f, 0x7c, 0x8b, 0x08, 0x77, 0x87, 0x7c, 0x8f, 0x83, 0x8b, 
    0x08, 0x87, 0x8f, 0x87, 0x87, 0x8b, 0x8b, 0x08, 0x8b, 0x87, 0x88, 0x8b, 
    0x87, 0x8f, 0x08, 0x87, 0x8b, 0x7c, 0x8b, 0x77, 0x8f, 0x08, 0x78, 0x8b, 
    0x7c, 0x8b, 0x87, 0x8b, 0x08, 0x8b, 0x8e, 0x87, 0x8b, 0x8b, 0x88, 0x08, 
    0x87, 0x87, 0x87, 0x8b, 0x87, 0x8f, 0x08, 0x87, 0x8b, 0x80, 0x8e, 0x7f, 
    0x88, 0x08, 0x80, 0x8b, 0x7f, 0x8e, 0x87, 0x8b, 0x08, 0x87, 0x8f, 0x8b, 
    0x8b, 0x88, 0x87, 0x08, 0x87, 0x88, 0x8b, 0x8b, 0x83, 0x8e, 0x08, 0x87, 
    0x8b, 0x80, 0x8f, 0x7f, 0x87, 0x08, 0x80, 0x8b, 0x7f, 0x8f, 0x87, 0x8b, 
    0x08, 0x87, 0x8f, 0x87, 0x87, 0x88, 0x8b, 0x08, 0x87, 0x87, 0x87, 0x8b, 
    0x87, 0x8f, 0x08, 0x83, 0x8f, 0x8b, 0x8b, 0x87, 0x87, 0x08, 0x8b, 0x87, 
    0x88, 0x8b, 0x87, 0x8f, 0x08, 0x87, 0x8b, 0x78, 0x8b, 0x7b, 0x8f, 0x08, 
    0x78, 0x8b, 0x74, 0x8b, 0x87, 0x8b, 0x08, 0x87, 0x8f, 0x83, 0x8b, 0x8b, 
    0x87, 0x08, 0x8b, 0x87, 0x88, 0x8b, 0x87, 0x8f, 0x08, 0x87, 0x8b, 0x7f, 
    0x8f, 0x7c, 0x8b, 0x08, 0x7f, 0x8b, 0x80, 0x8b, 0x87, 0x8b, 0x08, 0x87, 
    0x8f, 0x7f, 0x8b, 0x8b, 0x87, 0x08, 0x88, 0x87, 0x8b, 0x8b, 0x87, 0x8f, 
    0x08, 0x87, 0x8f, 0x83, 0x8b, 0x84, 0x8b, 0x08, 0x87, 0x87, 0x83, 0x8b, 
    0x87, 0x8f, 0x08, 0x87, 0x8f, 0x87, 0x8b, 0x88, 0x87, 0x08, 0x8b, 0x87, 
    0x83, 0x8b, 0x83, 0x8f, 0x08, 0x7c, 0x8f, 0x7f, 0x8b, 0x8f, 0x87, 0x08, 
    0x8b, 0x87, 0x87, 0x8b, 0x87, 0x8f, 0x08, 0x7c, 0x8b, 0x78, 0x7f, 0x8e, 
    0x84, 0x08, 0x8f, 0x7f, 0x8b, 0x8b, 0x84, 0x8b, 0x08, 0x87, 0x8b, 0x87, 
    0x8b, 0x8b, 0x8f, 0x08, 0x8b, 0x8f, 0x8f, 0x8b, 0x8b, 0x8b, 0x08, 0x8f, 
    0x8b, 0x8b, 0x8b, 0x8b, 0x8f, 0x08, 0x87, 0x8b, 0x87, 0x8b, 0x87, 0x87, 
    0x08, 0x83, 0x87, 0x84, 0x87, 0x7b, 0x8f, 0x08, 0x80, 0x8b, 0x7b, 0x8b, 
    0x84, 0x8b, 0x08, 0x7b, 0x8b, 0x05, 0x8b, 0x7f, 0x05, 0x8b, 0x7c, 0x05, 
    0x7c, 0x8b, 0x05, 0x7f, 0x8b, 0x83, 0x87, 0x88, 0x8b, 0x08, 0x83, 0x83, 
    0x8b, 0x8b, 0x93, 0x84, 0x08, 0x92, 0x83, 0x8f, 0x87, 0x87, 0x87, 0x08, 
    0x8b, 0x83, 0x84, 0x8b, 0x55, 0x8f, 0x08, 0x4d, 0x8b, 0x05, 0x8b, 0x80, 
    0x05, 0x8b, 0x7b, 0x05, 0xbd, 0x8b, 0x05, 0xae, 0x87, 0x9e, 0x8b, 0x8f, 
    0x88, 0x08, 0x8f, 0x87, 0x96, 0x87, 0x93, 0x8b, 0x08, 0x9e, 0x87, 0x05, 
    0x8b, 0x7c, 0x05, 0x8f, 0x7b, 0x05, 0xbd, 0x8b, 0x05, 0xbd, 0x8b, 0x05, 
    0x87, 0x9b, 0x05, 0x8b, 0x9e, 0x05, 0xa3, 0x8b, 0x05, 0xa2, 0x8b, 0x8f, 
    0x8b, 0x8e, 0x7f, 0x08, 0x8f, 0x87, 0x8f, 0x84, 0x8b, 0x7f, 0x08, 0x8b, 
    0x7c, 0x05, 0xc9, 0x8b, 0x05, 0xad, 0x8b, 0xc1, 0x87, 0xaa, 0x8b, 0x08, 
    0xae, 0x8b, 0xa2, 0x8b, 0x8f, 0x87, 0x08, 0x8f, 0x80, 0xb5, 0x87, 0xf7, 
    0x7b, 0x8b, 0x08, 0xf7, 0x10, 0x8b, 0x9e, 0x8b, 0x8b, 0x96, 0x08, 0x8b, 
    0x93, 0x96, 0x87, 0x8b, 0x83, 0x08, 0x8f, 0x88, 0x8f, 0x87, 0x8f, 0x8b, 
    0x08, 0x97, 0x8b, 0x8e, 0x83, 0x8b, 0x64, 0x08, 0x8b, 0x6d, 0x8b, 0x83, 
    0x88, 0x87, 0x08, 0x7f, 0x87, 0x8f, 0x83, 0x96, 0x88, 0x08, 0x97, 0x8b, 
    0x05, 0x8b, 0x2a, 0x05, 0x8f, 0x2b, 0x05, 0xa2, 0x87, 0x05, 0x97, 0x8b, 
    0x9a, 0x83, 0x93, 0x8b, 0x08, 0x8f, 0x88, 0x96, 0x8b, 0x93, 0x87, 0x08, 
    0xb5, 0x83, 0x9b, 0x8b, 0xa6, 0x8b, 0x08, 0xa6, 0x8b, 0x05, 0x8b, 0xa6, 
    0x05, 0x8b, 0x97, 0x8b, 0xb5, 0x8b, 0xb1, 0x08, 0x8b, 0xcd, 0x05, 0x96, 
    0x8b, 0x05, 0x8f, 0x8b, 0x93, 0x8b, 0x8f, 0x8f, 0x08, 0x8b, 0x8b, 0x8e, 
    0x8f, 0x93, 0x8b, 0x08, 0x8f, 0x8f, 0x83, 0x8b, 0x84, 0x8b, 0x08, 0x83, 
    0x8b, 0x78, 0x8e, 0x83, 0x8b, 0x08, 0x7f, 0x8f, 0x84, 0x8b, 0x8e, 0x8b, 
    0x08, 0x8b, 0x87, 0x88, 0x8b, 0x7f, 0x8f, 0x08, 0x87, 0x93, 0x8b, 0x8b, 
    0x93, 0x8b, 0x08, 0x93, 0x8b, 0x8b, 0x8b, 0x8b, 0xbd, 0x08, 0x8e, 0xb9, 
    0x05, 0x9b, 0x8b, 0x05, 0xa6, 0x8b, 0x8f, 0x8b, 0x8b, 0x87, 0x08, 0x8b, 
    0x88, 0x87, 0x87, 0x87, 0x8f, 0x08, 0x87, 0x8b, 0x87, 0x8b, 0x87, 0x83, 
    0x08, 0x88, 0x7b, 0x8b, 0x8b, 0x92, 0x8b, 0x08, 0x8f, 0x8b, 0x8f, 0x8f, 
    0x8b, 0x8f, 0x08, 0x8f, 0x8f, 0x8b, 0x87, 0x8b, 0x87, 0x08, 0x8b, 0x84, 
    0x87, 0x87, 0x8b, 0x8b, 0x08, 0x83, 0x8b, 0x8b, 0x87, 0x8b, 0x7f, 0x08, 
    0x8b, 0x80, 0x8b, 0x87, 0x93, 0x8b, 0x08, 0x8f, 0x8b, 0x8f, 0x8f, 0x8b, 
    0x8f, 0x08, 0x8f, 0x8e, 0x87, 0x8f, 0x8b, 0x8b, 0x08, 0x87, 0x8b, 0x8b, 
    0x8f, 0x8b, 0x8b, 0x08, 0x8b, 0x8f, 0x8f, 0x8f, 0x8f, 0x8b, 0x08, 0x92, 
    0x8b, 0x8b, 0x8b, 0x87, 0x93, 0x08, 0x8b, 0x9a, 0x8f, 0x9a, 0x8f, 0x8b, 
    0x08, 0x93, 0x88, 0x8b, 0x73, 0x87, 0x84, 0x08, 0x87, 0x8b, 0x8b, 0x83, 
    0x93, 0x87, 0x08, 0x8f, 0x80, 0x8b, 0x87, 0x8b, 0x77, 0x08, 0x87, 0x71, 
    0x8f, 0x87, 0x9a, 0x8f, 0x08, 0x93, 0x8b, 0x8f, 0x8b, 0x8b, 0x87, 0x08, 
    0x8e, 0x87, 0x8f, 0x8b, 0x8f, 0x8b, 0x08, 0x93, 0x8b, 0x93, 0x7b, 0x8b, 
    0x74, 0x08, 0x8b, 0x7c, 0x8b, 0x87, 0x92, 0x87, 0x08, 0x97, 0x87, 0x9e, 
    0x61, 0x8f, 0x6c, 0x08, 0x8f, 0x70, 0x05, 0x96, 0x8b, 0x05, 0x9b, 0x8b, 
    0xb1, 0x93, 0xa2, 0x96, 0x08, 0x93, 0x8f, 0x8b, 0x8b, 0x7c, 0x8b, 0x08, 
    0x7f, 0x87, 0x87, 0x8b, 0x8b, 0x8f, 0x08, 0x8f, 0x8f, 0x8f, 0x8b, 0x8b, 
    0x8b, 0x08, 0x8f, 0x8b, 0x8f, 0x8f, 0x8f, 0x8b, 0x08, 0x92, 0x93, 0x8b, 
    0x8b, 0x84, 0x9a, 0x08, 0x83, 0x93, 0x87, 0x92, 0x87, 0x8b, 0x08, 0x87, 
    0x8f, 0x8b, 0x8f, 0x8b, 0x8b, 0x08, 0x8f, 0x8b, 0x87, 0x8f, 0x87, 0x87, 
    0x08, 0x88, 0x8b, 0x87, 0x8b, 0x87, 0x93, 0x08, 0x8b, 0x93, 0x87, 0x8e, 
    0x8b, 0x8b, 0x08, 0x8b, 0x88, 0x83, 0x8e, 0x87, 0x8f, 0x08, 0x84, 0x93, 
    0x8b, 0x8f, 0x8b, 0x96, 0x08, 0x8b, 0x8f, 0x7f, 0x9f, 0x87, 0x8b, 0x08, 
    0x8b, 0x87, 0x88, 0x8f, 0x87, 0x8e, 0x08, 0x87, 0x8f, 0x87, 0x8b, 0x8b, 
    0x8b, 0x08, 0x8b, 0x87, 0x87, 0x8b, 0x8b, 0x8f, 0x08, 0x87, 0x8f, 0x87, 
    0x8f, 0x8f, 0x8f, 0x08, 0x8b, 0x8f, 0x87, 0x8b, 0x88, 0x8b, 0x08, 0x83, 
    0x8b, 0x8b, 0x8b, 0x8b, 0xa6, 0x08, 0x8b, 0x9a, 0x8b, 0x97, 0x8f, 0x87, 
    0x08, 0x8b, 0x83, 0x92, 0x8f, 0x8b, 0x93, 0x08, 0x8b, 0x8b, 0x8f, 0x92, 
    0x93, 0x8b, 0x08, 0x93, 0x8f, 0x8f, 0x8f, 0x8b, 0x8f, 0x08, 0x8b, 0x8b, 
    0x8e, 0x8f, 0x8f, 0x8b, 0x08, 0x8f, 0x8b, 0x8f, 0x8f, 0x8b, 0x96, 0x08, 
    0x93, 0x9e, 0x96, 0x97, 0xa2, 0x8b, 0x08, 0xb2, 0x8b, 0xc5, 0x74, 0xf7, 
    0x22, 0x42, 0x08, 0xd4, 0x64, 0xd1, 0x68, 0x8f, 0x88, 0x08, 0x9a, 0x7f, 
    0x97, 0x93, 0x92, 0x9e, 0x08, 0x93, 0x9a, 0x93, 0xb6, 0x92, 0xad, 0x08, 
    0x8b, 0x9b, 0x8f, 0x9e, 0x8b, 0x9b, 0x08, 0x8b, 0x9a, 0x8b, 0x97, 0x8b, 
    0x8b, 0x08, 0x8b, 0x8b, 0x8b, 0x8e, 0x8b, 0x93, 0x08, 0x8f, 0x93, 0x87, 
    0x8f, 0x8b, 0x8b, 0x08, 0x87, 0x8b, 0x8b, 0x8f, 0x8b, 0x92, 0x08, 0x8f, 
    0x8f, 0x8b, 0x97, 0x87, 0x8e, 0x08, 0x8b, 0x93, 0x05, 0x88, 0x83, 0x05, 
    0x8b, 0x88, 0x87, 0x87, 0x8b, 0x8b, 0x08, 0x87, 0x8b, 0x8b, 0x8f, 0x8b, 
    0x8b, 0x08, 0x8b, 0x8e, 0x87, 0x8b, 0x87, 0x8b, 0x08, 0x87, 0x8b, 0x84, 
    0x88, 0x8b, 0x87, 0x08, 0x8b, 0x87, 0x87, 0x83, 0x87, 0x84, 0x08, 0x7f, 
    0x7f, 0x61, 0x8b, 0x59, 0x8f, 0x08, 0x74, 0x8f, 0x74, 0x8b, 0x7f, 0x8f, 
    0x08, 0x83, 0x8b, 0x84, 0x8e, 0x8b, 0x8b, 0x08, 0x8b, 0x8f, 0x7f, 0x8b, 
    0x80, 0x8b, 0x08, 0x7f, 0x8b, 0x7f, 0x8b, 0x8b, 0x8f, 0x08, 0x8b, 0x8f, 
    0x84, 0x8b, 0x83, 0x8b, 0x08, 0x83, 0x8b, 0x84, 0x8b, 0x8b, 0x8f, 0x08, 
    0x8b, 0x8f, 0x87, 0x8b, 0x87, 0x8b, 0x08, 0x87, 0x8b, 0x87, 0x8b, 0x8b, 
    0x8e, 0x08, 0x8b, 0x8f, 0x80, 0x8b, 0x77, 0x8b, 0x08, 0x69, 0x8b, 0x83, 
    0x8f, 0x8b, 0x9b, 0x08, 0x8b, 0x8e, 0x87, 0x93, 0x8b, 0x93, 0x08, 0x83, 
    0x8f, 0x8b, 0x8b, 0x8f, 0x7f, 0x08, 0x8f, 0x83, 0x8b, 0x84, 0x8b, 0x87, 
    0x08, 0x87, 0x87, 0x9b, 0x8b, 0xfb, 0x87, 0x8f, 0x08, 0x3e, 0x8f, 0xfb, 
    0x08, 0x8f, 0x80, 0x8b, 0x08, 0x7b, 0x8e, 0x7c, 0x88, 0x8f, 0x87, 0x08, 
    0x8b, 0x87, 0x87, 0x8b, 0x83, 0x8b, 0x08, 0x83, 0x8b, 0x88, 0x8b, 0x8b, 
    0x8f, 0x08, 0x8b, 0x8f, 0x8b, 0x8b, 0x87, 0x87, 0x08, 0x87, 0x8b, 0x8b, 
    0x8f, 0x8b, 0x8b, 0x08, 0x8b, 0x8e, 0x8b, 0x8f, 0x8f, 0x8b, 0x08, 0x92, 
    0x8b, 0x88, 0x9b, 0x87, 0x8f, 0x08, 0x87, 0x8e, 0x87, 0x8f, 0x8b, 0x8f, 
    0x08, 0x8b, 0x97, 0x87, 0x92, 0x83, 0x8b, 0x08, 0x88, 0x8b, 0x8b, 0x8b, 
    0x8e, 0x84, 0x08, 0x97, 0x77, 0x8b, 0x84, 0x8b, 0x83, 0x08, 0x87, 0x87, 
    0x8b, 0x8b, 0x87, 0x93, 0x08, 0x87, 0x96, 0x88, 0x88, 0x8b, 0x7f, 0x08, 
    0x8e, 0x7f, 0x88, 0x88, 0x83, 0x8b, 0x08, 0x87, 0x87, 0x83, 0x8f, 0x8b, 
    0x8b, 0x08, 0x88, 0x8e, 0x8b, 0x8b, 0x87, 0x88, 0x08, 0x87, 0x87, 0x7f, 
    0x8b, 0x84, 0x8f, 0x08, 0x8b, 0x8e, 0x87, 0x88, 0x87, 0x87, 0x08, 0x87, 
    0x87, 0x8b, 0x8b, 0x8b, 0x8f, 0x08, 0x8b, 0x8f, 0x87, 0x8b, 0x83, 0x8b, 
    0x08, 0x84, 0x8b, 0x83, 0x8e, 0x87, 0x8b, 0x08, 0x87, 0x8f, 0x8b, 0x8b, 
    0x8b, 0x87, 0x08, 0x8b, 0x8b, 0x80, 0x88, 0x7b, 0x8b, 0x08, 0x7c, 0x8b, 
    0x7f, 0x8e, 0x8b, 0x8b, 0x08, 0x8b, 0x8f, 0x87, 0x8b, 0x8b, 0x87, 0x08, 
    0x84, 0x88, 0x7b, 0x8e, 0x88, 0x8f, 0x08, 0x87, 0x8f, 0x8b, 0x8b, 0x8b, 
    0x87, 0x08, 0x8b, 0x87, 0x87, 0x88, 0x83, 0x8b, 0x08, 0x83, 0x8e, 0x84, 
    0x8b, 0x8b, 0x8f, 0x08, 0x87, 0x8f, 0x8b, 0x8b, 0x8b, 0x87, 0x08, 0x87, 
    0x84, 0x78, 0x8e, 0x87, 0x8f, 0x08, 0x87, 0x8f, 0x8b, 0x8b, 0x8b, 0x87, 
    0x08, 0x8b, 0x8b, 0x87, 0x87, 0x83, 0x8b, 0x08, 0x84, 0x8b, 0x87, 0x88, 
    0x8b, 0x87, 0x08, 0x87, 0x87, 0x8b, 0x8f, 0x8b, 0x92, 0x08, 0x8b, 0x97, 
    0x8b, 0x8b, 0x83, 0x83, 0x08, 0x87, 0x87, 0x84, 0x88, 0x8b, 0x8e, 0x08, 
    0x87, 0x8b, 0x87, 0x88, 0x8b, 0x87, 0x08, 0x87, 0x87, 0x8b, 0x8f, 0x8b, 
    0x8f, 0x08, 0x8b, 0x92, 0x8b, 0x93, 0x8b, 0x8b, 0x08, 0x8b, 0x8f, 0x8b, 
    0x8b, 0x87, 0x8b, 0x08, 0x87, 0x8b, 0x8b, 0x87, 0x8b, 0x87, 0x08, 0x8b, 
    0x87, 0x88, 0x87, 0x87, 0x8b, 0x08, 0x83, 0x8b, 0x87, 0x88, 0x87, 0x87, 
    0x08, 0x8b, 0x83, 0x88, 0x97, 0x8b, 0xa6, 0x08, 0x87, 0xb1, 0x87, 0x97, 
    0x87, 0x83, 0x08, 0x8b, 0x87, 0x87, 0x8b, 0x80, 0x8f, 0x08, 0x77, 0x97, 
    0x80, 0x87, 0x92, 0x77, 0x08, 0x93, 0x84, 0x8b, 0x8b, 0x87, 0x87, 0x08, 
    0x87, 0x8b, 0x84, 0x8b, 0x87, 0x8f, 0x08, 0x87, 0x8f, 0x8b, 0x8b, 0x87, 
    0x87, 0x08, 0x8b, 0x87, 0x83, 0x8b, 0x84, 0x8f, 0x08, 0x83, 0x8b, 0x8b, 
    0x8f, 0x8f, 0x8b, 0x08, 0x8f, 0x8e, 0x92, 0x8b, 0x8b, 0x88, 0x08, 0x93, 
    0x87, 0x87, 0x9a, 0x80, 0x93, 0x08, 0x7f, 0x96, 0x78, 0x88, 0x8f, 0x7f, 
    0x08, 0x8b, 0x83, 0x05, 0x7f, 0x93, 0x05, 0x80, 0x97, 0x74, 0x8e, 0x8b, 
    0x84, 0x08, 0x8b, 0x87, 0x8b, 0x87, 0x8e, 0x87, 0x08, 0x8f, 0x8b, 0x8b, 
    0x7c, 0x87, 0x8b, 0x08, 0x84, 0x8b, 0x7b, 0x9a, 0x84, 0x93, 0x08, 0x8b, 
    0x8f, 0x83, 0x8f, 0x83, 0x8b, 0x08, 0x7c, 0x8e, 0x8b, 0x8b, 0x87, 0x84, 
    0x08, 0x8b, 0x83, 0x8b, 0x8b, 0x7f, 0x93, 0x08, 0x7c, 0x92, 0x7b, 0x8f, 
    0x8b, 0x84, 0x08, 0x88, 0x87, 0x8e, 0x87, 0x8b, 0x83, 0x08, 0x8f, 0x83, 
    0x8f, 0x88, 0x87, 0x8b, 0x08, 0x84, 0x8b, 0x77, 0x96, 0x88, 0x8f, 0x08, 
    0x8b, 0x93, 0x73, 0x96, 0x7c, 0x8b, 0x08, 0x87, 0x8b, 0x87, 0x8f, 0x8b, 
    0x8f, 0x08, 0x8f, 0x93, 0x8b, 0x8f, 0x8b, 0x8b, 0x08, 0x8b, 0x8e, 0xa6, 
    0x8b, 0x8b, 0x88, 0x08, 0x8b, 0x8b, 0x93, 0x8b, 0x9a, 0x8b, 0x08, 0x9b, 
    0x8b, 0x8e, 0x8b, 0x88, 0x87, 0x08, 0x8b, 0x83, 0x8b, 0x8b, 0x96, 0x8b, 
    0x08, 0x97, 0x8b, 0x8b, 0x8b, 0x83, 0x8f, 0x08, 0x83, 0x8f, 0x8b, 0x8b, 
    0x8f, 0x8f, 0x08, 0x93, 0x8b, 0xa2, 0x87, 0x8b, 0x87, 0x08, 0x8b, 0x87, 
    0x8f, 0x8b, 0x8f, 0x8b, 0x08, 0x8b, 0x8b, 0x8f, 0x8f, 0x8b, 0x8b, 0x08, 
    0x8b, 0x8f, 0x92, 0x8b, 0x9f, 0x8b, 0x08, 0xa2, 0x87, 0xf7, 0x00, 0x87, 
    0xbd, 0x8b, 0x08, 0x92, 0x8b, 0xc1, 0x87, 0xc5, 0x87, 0x08, 0xf7, 0x00, 
    0x87, 0xc5, 0x88, 0xb1, 0x8b, 0x08, 0x9f, 0x8b, 0x8e, 0x83, 0x78, 0x8b, 
    0x08, 0x78, 0x8b, 0x93, 0x87, 0x9e, 0x8b, 0x08, 0x96, 0x87, 0x97, 0x8b, 
    0x8f, 0x87, 0x08, 0x8f, 0x8b, 0x92, 0x87, 0x8f, 0x8b, 0x08, 0x93, 0x8b, 
    0x93, 0x88, 0x8f, 0x8b, 0x08, 0x8e, 0x87, 0x8f, 0x8b, 0x8b, 0x8b, 0x08, 
    0x8f, 0x8f, 0x83, 0x9e, 0x88, 0x8b, 0x08, 0x87, 0x8b, 0x8b, 0x8b, 0x8b, 
    0x8f, 0x08, 0x8b, 0x8f, 0xaa, 0x8b, 0xa2, 0x87, 0x08, 0x9e, 0x87, 0xb9, 
    0x87, 0x7c, 0x8f, 0x08, 0x7f, 0x8f, 0x8b, 0x8b, 0x9b, 0x8b, 0x08, 0x92, 
    0x8b, 0xa6, 0x8b, 0xa6, 0x87, 0x08, 0xb2, 0x87, 0xcc, 0x87, 0xcd, 0x8b, 
    0x08, 0xa2, 0x8b, 0x8f, 0x8b, 0x8f, 0x80, 0x08, 0x8e, 0x87, 0x8f, 0x87, 
    0x8f, 0x8f, 0x08, 0x97, 0x8b, 0xa2, 0x87, 0x8b, 0x83, 0x08, 0x8b, 0x87, 
    0x93, 0x87, 0x92, 0x8b, 0x08, 0x8f, 0x8b, 0x8b, 0x9b, 0x87, 0x8f, 0x08, 
    0x87, 0x8b, 0x88, 0x8f, 0x8b, 0x92, 0x08, 0x8b, 0x97, 0x87, 0x8f, 0x7f, 
    0x8b, 0x08, 0x87, 0x8b, 0x87, 0x87, 0x8b, 0x87, 0x08, 0x8b, 0x87, 0x80, 
    0x8b, 0x83, 0x8f, 0x08, 0x87, 0x8f, 0x84, 0x8f, 0x7f, 0x8b, 0x08, 0x80, 
    0x8b, 0x83, 0x8b, 0x8b, 0x8f, 0x08, 0x8b, 0x8b, 0x8f, 0x8b, 0x92, 0x8b, 
    0x08, 0x8f, 0x8b, 0x93, 0x8b, 0x8b, 0x8e, 0x08, 0x8f, 0x8f, 0x8f, 0x8f, 
    0x8e, 0x8b, 0x08, 0x8b, 0x8b, 0x8f, 0x8f, 0x8b, 0x8b, 0x08, 0x8b, 0x8f, 
    0x84, 0x8b, 0x7b, 0x87, 0x08, 0x87, 0x8b, 0x8b, 0x8b, 0x88, 0x8f, 0x08, 
    0x8b, 0x8f, 0x8b, 0x8b, 0x8e, 0x8b, 0x08, 0x8b, 0x87, 0x8f, 0x8f, 0x8f, 
    0x8b, 0x08, 0x8f, 0x92, 0x87, 0x8b, 0x70, 0x8b, 0x08, 0x59, 0x93, 0x74, 
    0x87, 0x87, 0x87, 0x08, 0x87, 0x88, 0x83, 0x8b, 0x88, 0x8e, 0x08, 0x83, 
    0x8b, 0x8b, 0x8f, 0x8b, 0x97, 0x08, 0x8f, 0x9a, 0x8f, 0x8f, 0x92, 0x83, 
    0x08, 0x8f, 0x87, 0xb6, 0x84, 0xd0, 0x87, 0x08, 0xae, 0x8b, 0x92, 0x8b, 
    0x97, 0x93, 0x08, 0x96, 0x92, 0x97, 0x9f, 0x8b, 0x9a, 0x08, 0x8b, 0xa6, 
    0x78, 0xa2, 0x7b, 0x8b, 0x08, 0x84, 0x8b, 0x8b, 0x8b, 0x8e, 0x87, 0x08, 
    0x93, 0x84, 0x97, 0x73, 0x87, 0x84, 0x08, 0x8b, 0x83, 0x83, 0x8b, 0x83, 
    0x93, 0x08, 0x88, 0x8b, 0x87, 0x8f, 0x8b, 0x87, 0x08, 0x8b, 0x87, 0x4d, 
    0x8f, 0x87, 0x8f, 0x08, 0x87, 0x8e, 0x88, 0x8b, 0x87, 0x8b, 0x08, 0x87, 
    0x8b, 0x87, 0x8f, 0x8b, 0x8b, 0x08, 0x8b, 0x8f, 0x87, 0x87, 0x8b, 0x87, 
    0x08, 0x87, 0x84, 0x84, 0x87, 0x8b, 0x93, 0x08, 0x8b, 0x8b, 0x87, 0x8e, 
    0x83, 0x8b, 0x08, 0x83, 0x8b, 0x87, 0x8b, 0x8b, 0x93, 0x08, 0x8b, 0x8f, 
    0x88, 0x8f, 0x83, 0x8b, 0x08, 0x7f, 0x8b, 0x87, 0x93, 0x97, 0x8b, 0x08, 
    0x9a, 0x8b, 0x8f, 0x8b, 0x93, 0x83, 0x08, 0x93, 0x83, 0x05, 0x8b, 0x93, 
    0x05, 0x87, 0x93, 0x8b, 0x92, 0x87, 0x8f, 0x08, 0x87, 0x8f, 0x8b, 0x8b, 
    0x8f, 0x8b, 0x08, 0x8f, 0x8b, 0x8f, 0x87, 0x8f, 0x87, 0x08, 0x8e, 0x87, 
    0x8f, 0x88, 0x8b, 0x8e, 0x08, 0x93, 0x8f, 0xd0, 0x87, 0x8f, 0x88, 0x08, 
    0x93, 0x83, 0x8f, 0x8f, 0x8b, 0x92, 0x08, 0x87, 0x97, 0x7b, 0x8f, 0x5d, 
    0x8b, 0x08, 0x70, 0x8b, 0x7c, 0x8b, 0x7f, 0x93, 0x08, 0x78, 0x8e, 0x7c, 
    0x8b, 0x8e, 0x80, 0x08, 0x8f, 0x87, 0x87, 0x8b, 0x7c, 0x8b, 0x08, 0x80, 
    0x8f, 0x7f, 0x8b, 0x87, 0x8f, 0x08, 0x87, 0x92, 0x70, 0x8f, 0x8b, 0x87, 
    0x08, 0x8b, 0x88, 0x9f, 0x70, 0x8b, 0x8b, 0x08, 0x92, 0x8b, 0x8f, 0x8b, 
    0x8b, 0x83, 0x08, 0x8f, 0x7f, 0x87, 0x8b, 0x80, 0x93, 0x08, 0x83, 0x8f, 
    0x8b, 0x8b, 0x8b, 0x83, 0x08, 0x8b, 0x87, 0x87, 0x87, 0x8b, 0x8b, 0x08, 
    0x87, 0x8b, 0x87, 0x8b, 0x8b, 0x8f, 0x08, 0x8b, 0x8f, 0x87, 0x8b, 0x84, 
    0x8b, 0x08, 0x87, 0x8b, 0x87, 0x8b, 0x8f, 0x87, 0x08, 0x8b, 0x87, 0x8f, 
    0x8b, 0x8f, 0x8b, 0x08, 0x92, 0x8b, 0x8b, 0x8b, 0x87, 0x88, 0x08, 0x88, 
    0x87, 0x8b, 0x8b, 0x83, 0x8f, 0x08, 0x87, 0x8e, 0x87, 0x8b, 0x8b, 0x88, 
    0x08, 0x8b, 0x87, 0x87, 0x8b, 0x87, 0x8f, 0x08, 0x88, 0x8e, 0x87, 0x93, 
    0x8b, 0x8f, 0x08, 0x8b, 0x8f, 0x8b, 0x8b, 0x87, 0x87, 0x08, 0x87, 0x87, 
    0x8b, 0x8b, 0x8b, 0x8f, 0x08, 0x8b, 0x8f, 0x8b, 0x8f, 0x8b, 0x8f, 0x08, 
    0x8b, 0x8e, 0x8b, 0x93, 0x93, 0x93, 0x08, 0x8f, 0x93, 0x8e, 0x8e, 0x88, 
    0x8f, 0x08, 0x87, 0x8b, 0x8b, 0x93, 0x8b, 0x96, 0x08, 0x8f, 0x9b, 0x8b, 
    0x8b, 0x7f, 0x8f, 0x08, 0x83, 0x8f, 0x5d, 0x8b, 0x7c, 0x87, 0x08, 0x83, 
    0x87, 0x8b, 0x8b, 0x8b, 0x78, 0x08, 0x8b, 0x77, 0x05, 0x74, 0x8b, 0x05, 
    0x7b, 0x8b, 0x84, 0x8b, 0x87, 0x93, 0x08, 0x7b, 0x97, 0x80, 0x8b, 0x7b, 
    0x87, 0x08, 0x7c, 0x7f, 0x7c, 0x8f, 0x3a, 0x9e, 0x08, 0x42, 0x9b, 0x70, 
    0x8f, 0x4d, 0x8e, 0x08, 0x70, 0x8f, 0x87, 0x8b, 0x7f, 0x84, 0x08, 0xf8, 
    0x76, 0x7f, 0x15, 0x8b, 0x87, 0x87, 0x8b, 0x84, 0x8b, 0x08, 0x87, 0x8b, 
    0x83, 0x8f, 0x8b, 0x8f, 0x08, 0x8b, 0x8f, 0x8f, 0x8b, 0x93, 0x8b, 0x08, 
    0x8e, 0x8b, 0x93, 0x87, 0x8b, 0x87, 0x08, 0xfc, 0x34, 0x8b, 0x15, 0x8b, 
    0x87, 0x8f, 0x8b, 0x8f, 0x8b, 0x08, 0x92, 0x8b, 0x9b, 0x80, 0x8b, 0x83, 
    0x08, 0x8b, 0x8b, 0x8f, 0x87, 0x8f, 0x83, 0x08, 0x8e, 0x88, 0x8b, 0x8b, 
    0x88, 0x9a, 0x08, 0x8b, 0x9a, 0x05, 0x9e, 0x8b, 0x05, 0x93, 0x8b, 0x9e, 
    0x87, 0x96, 0x88, 0x08, 0x9f, 0x83, 0x9e, 0x87, 0xa2, 0x87, 0x08, 0x8b, 
    0x8b, 0x93, 0x87, 0x8b, 0x88, 0x08, 0x8f, 0x87, 0x8e, 0x8b, 0x8b, 0x8b, 
    0x08, 0x8b, 0x8f, 0x97, 0x87, 0x9a, 0x87, 0x08, 0xa3, 0x83, 0x96, 0x8b, 
    0x8f, 0x93, 0x08, 0x8f, 0x8f, 0x92, 0x8b, 0x97, 0x8b, 0x08, 0x9e, 0x87, 
    0x8f, 0x87, 0x8f, 0x87, 0x08, 0x93, 0x78, 0x7f, 0x8b, 0x46, 0x93, 0x08, 
    0x70, 0x8e, 0x5d, 0x8b, 0x6c, 0x8b, 0x08, 0x60, 0x8b, 0x78, 0x8f, 0x87, 
    0x8f, 0x08, 0x87, 0x8b, 0x88, 0x8f, 0x8b, 0x87, 0x08, 0x87, 0x8b, 0x83, 
    0x87, 0x7f, 0x8b, 0x08, 0x7c, 0x87, 0x8b, 0x8b, 0x8b, 0x9b, 0x08, 0x8b, 
    0x8f, 0x87, 0x9a, 0x8b, 0x93, 0x08, 0x87, 0x92, 0x87, 0x97, 0x8b, 0x8b, 
    0x08, 0x8b, 0x8f, 0x93, 0x8b, 0x8f, 0x87, 0x08, 0xf8, 0x38, 0x7c, 0x15, 
    0x87, 0x87, 0x87, 0x8b, 0x84, 0x8b, 0x08, 0x83, 0x8b, 0x87, 0x8b, 0x8b, 
    0x8f, 0x08, 0x8b, 0x8e, 0x93, 0x8b, 0x92, 0x8b, 0x08, 0x93, 0x8b, 0x8f, 
    0x8b, 0x8b, 0x88, 0x08, 0x87, 0x7b, 0x15, 0x93, 0x8b, 0x8b, 0x87, 0x7f, 
    0x88, 0x08, 0x87, 0x87, 0x84, 0x7f, 0x87, 0x87, 0x08, 0x8b, 0x84, 0x83, 
    0x87, 0x8b, 0x8b, 0x08, 0x83, 0x8f, 0x88, 0x96, 0x87, 0x9b, 0x08, 0x87, 
    0x96, 0x8b, 0x8b, 0x9e, 0x8b, 0x08, 0x97, 0x8b, 0x9a, 0x8b, 0x8b, 0x87, 
    0x08, 0x42, 0x6c, 0x15, 0x8b, 0x84, 0x8f, 0x83, 0x8b, 0x8b, 0x08, 0x87, 
    0x8b, 0x83, 0x8b, 0x87, 0x8b, 0x08, 0x7c, 0x8f, 0x8b, 0x8b, 0x8b, 0x9a, 
    0x08, 0x8b, 0x97, 0x8b, 0x8b, 0x93, 0x8b, 0x08, 0x92, 0x8b, 0x8f, 0x87, 
    0x93, 0x7f, 0x08, 0xaa, 0x8b, 0x15, 0x92, 0x80, 0x8b, 0x87, 0x80, 0x8b, 
    0x08, 0x7f, 0x8b, 0x88, 0x8f, 0x8e, 0x96, 0x08, 0x8b, 0x97, 0x93, 0x8b, 
    0x93, 0x7f, 0x08, 0xf7, 0x3d, 0x7c, 0x15, 0x8f, 0x8b, 0x8b, 0x87, 0x8b, 
    0x87, 0x08, 0x8b, 0x8b, 0x87, 0x87, 0x87, 0x8b, 0x08, 0x84, 0x8b, 0x87, 
    0x8f, 0x8b, 0x8f, 0x08, 0x8b, 0x93, 0x8b, 0x8b, 0x93, 0x8b, 0x08, 0x8b, 
    0x87, 0x92, 0x8b, 0x8b, 0x8b, 0x08, 0x2f, 0x51, 0x15, 0x96, 0x80, 0x84, 
    0x8b, 0x5c, 0x8b, 0x08, 0x4e, 0x8e, 0x74, 0x8f, 0x8b, 0x8f, 0x08, 0x8b, 
    0x8f, 0xef, 0x8f, 0x9a, 0x87, 0x08, 0x8f, 0x8b, 0x8f, 0x87, 0x8f, 0x8b, 
    0x08, 0xfb, 0x1b, 0x87, 0x15, 0x87, 0x8b, 0x83, 0x8b, 0x88, 0x8b, 0x08, 
    0x87, 0x8f, 0x8f, 0x8b, 0x92, 0x8b, 0x08, 0x93, 0x8b, 0x8f, 0x8b, 0x87, 
    0x87, 0x08, 0xa2, 0x7c, 0x15, 0x8b, 0x87, 0x87, 0x8b, 0x84, 0x8b, 0x08, 
    0x83, 0x8b, 0x87, 0x8b, 0x8b, 0x8f, 0x08, 0x8f, 0x8f, 0x9a, 0x8b, 0x8f, 
    0x87, 0x08, 0xfd, 0xb5, 0x7f, 0x15, 0x87, 0x88, 0x87, 0x87, 0x87, 0x8b, 
    0x08, 0x8b, 0x8f, 0x8f, 0x8e, 0x8f, 0x8f, 0x08, 0x96, 0x93, 0x8f, 0x8b, 
    0x80, 0x7f, 0x08, 0xa9, 0x8b, 0x15, 0x8b, 0x88, 0x88, 0x8b, 0x83, 0x8e, 
    0x08, 0x87, 0x8f, 0x8b, 0x8b, 0x8f, 0x8f, 0x08, 0x8f, 0x8f, 0x92, 0x87, 
    0x8b, 0x83, 0x08, 0xf9, 0xcd, 0x8b, 0x15, 0x8b, 0x8b, 0x87, 0x88, 0x8b, 
    0x87, 0x08, 0x8b, 0x8b, 0x8b, 0x87, 0x87, 0x8b, 0x08, 0x87, 0x8b, 0x8b, 
    0x8f, 0x8b, 0x8f, 0x08, 0x8b, 0x8e, 0x8f, 0x8f, 0x8f, 0x8b, 0x08, 0x8f, 
    0x8b, 0x8f, 0x8b, 0x87, 0x87, 0x08, 0xfd, 0xc9, 0x7c, 0x15, 0x87, 0x8b, 
    0x8b, 0x8b, 0x88, 0x8b, 0x08, 0x87, 0x8f, 0x8b, 0x8b, 0x8f, 0x8b, 0x08, 
    0x8e, 0x8b, 0x8f, 0x8b, 0x8b, 0x87, 0x08, 0xf9, 0x7c, 0x87, 0x15, 0x8b, 
    0x8b, 0x87, 0x8b, 0x87, 0x8b, 0x08, 0x87, 0x8b, 0x88, 0x8b, 0x8b, 0x8f, 
    0x08, 0x8e, 0x8f, 0x97, 0x87, 0x8b, 0x87, 0x08, 0xe4, 0x8f, 0x15, 0x8b, 
    0x87, 0x8b, 0x8b, 0x8b, 0x8b, 0x08, 0x87, 0x8b, 0x8b, 0x8b, 0x8b, 0x8f, 
    0x08, 0x87, 0x8f, 0x8b, 0x8b, 0x8f, 0x8b, 0x08, 0x8f, 0x8b, 0x8b, 0x8b, 
    0x8b, 0x87, 0x08, 0xb1, 0x8b, 0x15, 0x87, 0x8b, 0x8b, 0x8b, 0x87, 0x8b, 
    0x08, 0x88, 0x8f, 0x8b, 0x8b, 0x8e, 0x8b, 0x08, 0x8f, 0x8b, 0x8f, 0x8b, 
    0x8b, 0x87, 0x08, 0xae, 0x8b, 0x15, 0x8b, 0x8b, 0x83, 0x8b, 0x8b, 0x8b, 
    0x08, 0x87, 0x8f, 0x8f, 0x8b, 0x8f, 0x8b, 0x08, 0x8f, 0x8b, 0x8f, 0x8b, 
    0x87, 0x87, 0x08, 0xfb, 0x13, 0x87, 0x15, 0x8b, 0x87, 0x70, 0x8b, 0x8b, 
    0x8f, 0x08, 0x87, 0x8b, 0x93, 0x8f, 0x92, 0x8b, 0x08, 0x93, 0x8b, 0x93, 
    0x87, 0x8b, 0x8b, 0x08, 0xf7, 0x22, 0x83, 0x15, 0x8b, 0x8b, 0x84, 0x8b, 
    0x83, 0x8b, 0x08, 0x7b, 0x8b, 0x8b, 0x8b, 0x97, 0x8f, 0x08, 0x93, 0x8b, 
    0x8f, 0x8f, 0x8b, 0x8b, 0x08, 0x8b, 0x8f, 0x8e, 0x87, 0x8b, 0x8b, 0x08, 
    0x8f, 0x87, 0x8f, 0x87, 0x87, 0x8b, 0x08, 0x69, 0x8f, 0x15, 0x8b, 0x87, 
    0x83, 0x8b, 0x7f, 0x8b, 0x08, 0x80, 0x8b, 0x83, 0x8b, 0x8b, 0x8f, 0x08, 
    0x8f, 0x8f, 0xaa, 0x8b, 0x8f, 0x87, 0x08, 0xfe, 0x16, 0x84, 0x15, 0x92, 
    0x8b, 0x93, 0x87, 0x93, 0x83, 0x08, 0x96, 0x7f, 0x05, 0x74, 0x8b, 0x05, 
    0x70, 0x8b, 0x8b, 0x8b, 0x84, 0x9b, 0x08, 0x83, 0x9a, 0x8b, 0x8b, 0x93, 
    0x87, 0x08, 0x8e, 0x88, 0x97, 0x8b, 0x93, 0x8b, 0x08, 0x2a, 0x8b, 0x15, 
    0x8b, 0x8b, 0x88, 0x87, 0x87, 0x87, 0x08, 0x7f, 0x83, 0x8f, 0x83, 0xa6, 
    0x8b, 0x08, 0xa2, 0x8b, 0x9e, 0x88, 0x8b, 0x7f, 0x08, 0x8f, 0x83, 0x80, 
    0x87, 0x6c, 0x88, 0x08, 0x70, 0x87, 0x05, 0x87, 0x9e, 0x05, 0x87, 0x97, 
    0x8b, 0x96, 0x8b, 0x93, 0x08, 0x8b, 0x96, 0x8b, 0x8b, 0x97, 0x8b, 0x08, 
    0x8f, 0x8b, 0x8e, 0x8b, 0x8b, 0x88, 0x08, 0xf7, 0x9a, 0x8b, 0x15, 0x8f, 
    0x8b, 0x8f, 0x87, 0x8f, 0x8f, 0x08, 0x93, 0x8b, 0x87, 0x8e, 0x83, 0x8b, 
    0x08, 0x87, 0x8b, 0x87, 0x8b, 0x8b, 0x88, 0x08, 0xf9, 0xe0, 0x8b, 0x15, 
    0x8b, 0x8b, 0x84, 0x8b, 0x8b, 0x8b, 0x08, 0x87, 0x8e, 0x8f, 0x8b, 0x8e, 
    0x8b, 0x08, 0x8f, 0x8b, 0x8f, 0x8b, 0x87, 0x88, 0x08, 0xfb, 0xcc, 0x87, 
    0x15, 0x8b, 0x87, 0x8b, 0x8b, 0x87, 0x8b, 0x08, 0x87, 0x8b, 0x8b, 0x8b, 
    0x8b, 0x8f, 0x08, 0x8b, 0x8f, 0x8b, 0x8b, 0x8b, 0x8b, 0x08, 0x8f, 0x8b, 
    0x8b, 0x8b, 0x8f, 0x87, 0x08, 0xdc, 0x83, 0x15, 0x8f, 0x8b, 0x8b, 0x8b, 
    0x8f, 0x8b, 0x08, 0x8b, 0x8f, 0x87, 0x8b, 0x87, 0x8b, 0x08, 0x87, 0x8b, 
    0x8b, 0x8b, 0x8f, 0x87, 0x08, 0xf7, 0x0c, 0x87, 0x15, 0x8e, 0x8b, 0x93, 
    0x8b, 0x8f, 0x8b, 0x08, 0x8f, 0x8f, 0x87, 0x8b, 0x83, 0x8b, 0x08, 0x80, 
    0x8b, 0x8b, 0x8b, 0x8f, 0x87, 0x08, 0xfd, 0x88, 0x83, 0x15, 0x8f, 0x8b, 
    0x8b, 0x88, 0x87, 0x8b, 0x08, 0x8b, 0x87, 0x7c, 0x92, 0x8b, 0x8f, 0x08, 
    0x8b, 0x8f, 0x93, 0x87, 0x92, 0x87, 0x08, 0x3a, 0x8b, 0x15, 0x8b, 0x8b, 
    0x88, 0x88, 0x87, 0x8e, 0x08, 0x87, 0x8b, 0x87, 0x8b, 0x8b, 0x8f, 0x08, 
    0x8b, 0x8b, 0x8f, 0x8b, 0x8f, 0x8b, 0x08, 0x8f, 0x8b, 0x8e, 0x8b, 0x8b, 
    0x87, 0x08, 0xc5, 0x8b, 0x15, 0x8b, 0x88, 0x87, 0x8b, 0x87, 0x8b, 0x08, 
    0x88, 0x8b, 0x87, 0x8b, 0x8b, 0x8e, 0x08, 0x8b, 0x8f, 0x8f, 0x8b, 0x8b, 
    0x8b, 0x08, 0x8e, 0x8b, 0x8f, 0x8b, 0x8f, 0x87, 0x08, 0xf7, 0x17, 0x88, 
    0x15, 0x8b, 0x83, 0x80, 0x8f, 0x87, 0x92, 0x08, 0x8b, 0x8b, 0x8f, 0x8f, 
    0x8e, 0x87, 0x08, 0x8f, 0x8b, 0x8f, 0x88, 0x8b, 0x8b, 0x08, 0xfc, 0x28, 
    0x7f, 0x15, 0x87, 0x87, 0x8b, 0x8f, 0x8b, 0x8f, 0x08, 0x8b, 0x93, 0x8b, 
    0x8e, 0x8f, 0x88, 0x08, 0x8b, 0x8b, 0x8b, 0x83, 0x8b, 0x87, 0x08, 0xf7, 
    0xdb, 0x97, 0x15, 0x8b, 0x87, 0x83, 0x8b, 0x84, 0x8f, 0x08, 0x83, 0x8e, 
    0x8b, 0x8b, 0x93, 0x8b, 0x08, 0x92, 0x8b, 0x8f, 0x8b, 0x8f, 0x88, 0x08, 
    0xc1, 0x8b, 0x15, 0x8b, 0x87, 0x87, 0x8b, 0x87, 0x8b, 0x08, 0x88, 0x8b, 
    0x87, 0x8b, 0x8b, 0x8f, 0x08, 0x87, 0x8e, 0x8f, 0x8b, 0x8f, 0x8b, 0x08, 
    0x8e, 0x8b, 0x8f, 0x8b, 0x8f, 0x88, 0x08, 0xf3, 0x87, 0x15, 0x8b, 0x87, 
    0x87, 0x8b, 0x87, 0x8b, 0x08, 0x88, 0x8b, 0x87, 0x8b, 0x8b, 0x8f, 0x08, 
    0x87, 0x8f, 0x8f, 0x8b, 0x8f, 0x8b, 0x08, 0x8e, 0x8b, 0x8f, 0x8b, 0x8f, 
    0x87, 0x08, 0xfb, 0x4d, 0x68, 0x15, 0x8b, 0x83, 0x87, 0x87, 0x87, 0x8b, 
    0x08, 0x88, 0x8b, 0x8b, 0x93, 0x8e, 0x97, 0x08, 0x8f, 0x92, 0x8f, 0x8f, 
    0x8b, 0x84, 0x08, 0x8f, 0x8b, 0x8b, 0x83, 0x87, 0x87, 0x08, 0xf7, 0x00, 
    0x8f, 0x15, 0x8b, 0x7b, 0x87, 0x84, 0x83, 0x92, 0x08, 0x88, 0x8f, 0x8b, 
    0x8f, 0x8e, 0x8f, 0x08, 0x8b, 0x8f, 0x8f, 0x93, 0x8b, 0x8e, 0x08, 0x8b, 
    0x97, 0x8f, 0x7f, 0x8f, 0x80, 0x08, 0xd4, 0x7f, 0x15, 0x8b, 0x87, 0x87, 
    0x88, 0x88, 0x8b, 0x08, 0x87, 0x8b, 0x8b, 0x8e, 0x8b, 0x97, 0x08, 0x8b, 
    0x93, 0x8f, 0x92, 0x8b, 0x8b, 0x08, 0x8b, 0x8f, 0x92, 0x7c, 0x8b, 0x7f, 
    0x08, 0xf8, 0x19, 0xa2, 0x15, 0x8b, 0x88, 0x8f, 0x7b, 0x8f, 0x8b, 0x08, 
    0x93, 0x8f, 0x93, 0x97, 0x87, 0x8e, 0x08, 0x8b, 0x8f, 0x7b, 0x8b, 0x87, 
    0x87, 0x08, 0xfc, 0xb3, 0x7c, 0x15, 0x8b, 0x83, 0x8b, 0x87, 0x87, 0x8b, 
    0x08, 0x80, 0x8b, 0x8b, 0x8f, 0x8f, 0x97, 0x08, 0x92, 0x9a, 0x8f, 0x8b, 
    0x8b, 0x78, 0x08, 0xa6, 0x8b, 0x15, 0x8b, 0x83, 0x8b, 0x87, 0x83, 0x8b, 
    0x08, 0x84, 0x8b, 0x8b, 0x8b, 0x8f, 0x97, 0x08, 0x8e, 0x9e, 0x93, 0x8f, 
    0x8b, 0x74, 0x08, 0xa6, 0x83, 0x15, 0x8b, 0x8b, 0x87, 0x87, 0x87, 0x8b, 
    0x08, 0x84, 0x8b, 0x8b, 0x8b, 0x8b, 0x93, 0x08, 0x8f, 0x8b, 0x8b, 0x93, 
    0x8b, 0x8f, 0x08, 0x8b, 0x92, 0x8b, 0x8b, 0x92, 0x84, 0x08, 0x8b, 0x87, 
    0x8f, 0x83, 0x8b, 0x87, 0x08, 0xbd, 0x8f, 0x15, 0x8b, 0x87, 0x87, 0x87, 
    0x8b, 0x8b, 0x08, 0x84, 0x8b, 0x8b, 0x8f, 0x8e, 0x9b, 0x08, 0x8b, 0x92, 
    0x8b, 0x8b, 0x8f, 0x88, 0x08, 0x8f, 0x87, 0x8b, 0x83, 0x8b, 0x87, 0x08, 
    0xa2, 0x97, 0x15, 0x93, 0x7f, 0x87, 0x80, 0x83, 0x8b, 0x08, 0x88, 0x8b, 
    0x87, 0x8e, 0x8b, 0x8f, 0x08, 0x8b, 0x97, 0x8f, 0x96, 0x8e, 0x8b, 0x08, 
    0x8b, 0x8b, 0x8f, 0x88, 0x8b, 0x87, 0x08, 0xfb, 0x64, 0x83, 0x15, 0x8b, 
    0x83, 0x8b, 0x87, 0x87, 0x8b, 0x08, 0x84, 0x8b, 0x8b, 0x97, 0x8e, 0x93, 
    0x08, 0x93, 0x8f, 0x8b, 0x8b, 0x8b, 0x7f, 0x08, 0x1c, 0x05, 0xc4, 0x8f, 
    0x15, 0x8f, 0x87, 0x8f, 0x83, 0x8f, 0x87, 0x08, 0x8e, 0x84, 0x8b, 0x87, 
    0x8f, 0x8b, 0x08, 0x8f, 0x8f, 0x78, 0xaa, 0x83, 0x8b, 0x08, 0x87, 0x8b, 
    0x8b, 0x87, 0x93, 0x87, 0x08, 0x1c, 0xfa, 0x21, 0x87, 0x15, 0x8b, 0x87, 
    0x8b, 0x87, 0x87, 0x8b, 0x08, 0x88, 0x8b, 0x87, 0x8f, 0x8b, 0x8f, 0x08, 
    0x8b, 0x97, 0x92, 0x87, 0x8f, 0x83, 0x08, 0xc1, 0x87, 0x15, 0x8b, 0x87, 
    0x8b, 0x87, 0x87, 0x8b, 0x08, 0x87, 0x8b, 0x88, 0x8f, 0x8b, 0x93, 0x08, 
    0x8b, 0x97, 0x92, 0x87, 0x8f, 0x7f, 0x08, 0x3a, 0x8b, 0x15, 0x8b, 0x87, 
    0x87, 0x8b, 0x7c, 0x8b, 0x08, 0x7c, 0x8b, 0x87, 0x8b, 0x8b, 0x8f, 0x08, 
    0x8b, 0x93, 0x8f, 0x8b, 0x9a, 0x8b, 0x08, 0x9a, 0x8b, 0x8f, 0x8b, 0x8b, 
    0x83, 0x08, 0xfb, 0x1e, 0x78, 0x15, 0x8b, 0x8b, 0x8e, 0x8b, 0x8b, 0x8f, 
    0x08, 0x8b, 0x8f, 0x93, 0x8b, 0x97, 0x8b, 0x08, 0x96, 0x8b, 0x93, 0x8b, 
    0x8b, 0x87, 0x08, 0x87, 0x87, 0x83, 0x8b, 0x87, 0x8b, 0x08, 0x84, 0x8b, 
    0x87, 0x8b, 0x8b, 0x87, 0x08, 0x8f, 0x8b, 0x8f, 0x87, 0x8b, 0x8b, 0x08, 
    0x92, 0x8b, 0x87, 0x83, 0x80, 0x8b, 0x08, 0x83, 0x88, 0x05, 0x97, 0x8b, 
    0x05, 0x92, 0x8b, 0x88, 0x8b, 0x7f, 0x87, 0x08, 0x80, 0x8b, 0x7f, 0x8b, 
    0x8b, 0x8b, 0x08, 0x87, 0x8b, 0x8b, 0x92, 0x8b, 0x97, 0x08, 0x8b, 0x97, 
    0x8b, 0x8e, 0x8f, 0x88, 0x08, 0x8f, 0x87, 0x8f, 0x87, 0x8f, 0x8b, 0x08, 
    0xf9, 0xef, 0x8b, 0x15, 0x87, 0x87, 0x87, 0x8b, 0x8b, 0x8b, 0x08, 0x87, 
    0x8b, 0x87, 0x8b, 0x8b, 0x8f, 0x08, 0x88, 0x8f, 0x8e, 0x8b, 0x93, 0x8b, 
    0x08, 0x8f, 0x8b, 0x8f, 0x8b, 0x8b, 0x87, 0x08, 0xfd, 0xbd, 0x83, 0x15, 
    0x87, 0x87, 0x87, 0x8b, 0x87, 0x8b, 0x08, 0x8b, 0x8b, 0x87, 0x8b, 0x8f, 
    0x8f, 0x08, 0x8b, 0x8f, 0x8f, 0x8b, 0x8f, 0x8b, 0x08, 0x8b, 0x8b, 0x8f, 
    0x8b, 0x8b, 0x87, 0x08, 0xfa, 0x63, 0x80, 0x15, 0x9a, 0x8b, 0x8f, 0x87, 
    0x8b, 0x87, 0x08, 0x8b, 0x83, 0x87, 0x8b, 0x64, 0x8b, 0x08, 0x61, 0x8b, 
    0x8b, 0x8b, 0xaa, 0x87, 0x08, 0xa2, 0x8b, 0x97, 0x8b, 0x8b, 0x84, 0x08, 
    0x8e, 0x87, 0x97, 0x8b, 0x8b, 0x8f, 0x08, 0x8b, 0x92, 0x93, 0x8f, 0x8b, 
    0x84, 0x08, 0x8b, 0x8b, 0x8b, 0x83, 0x8f, 0x87, 0x08, 0x8b, 0x83, 0x8b, 
    0x8b, 0x7f, 0x8b, 0x08, 0x7f, 0x8b, 0x88, 0x8b, 0x8b, 0x84, 0x08, 0x8b, 
    0x8b, 0x8e, 0x87, 0x8f, 0x8b, 0x08, 0x97, 0x8b, 0x7b, 0x83, 0x7c, 0x8b, 
    0x08, 0x7c, 0x87, 0x8b, 0x8b, 0x8b, 0x97, 0x08, 0x8b, 0x92, 0x8b, 0x8f, 
    0x8b, 0x8f, 0x08, 0x8b, 0x8b, 0x70, 0x8b, 0x6c, 0x8b, 0x08, 0x59, 0x8b, 
    0x87, 0x8b, 0x8b, 0x93, 0x08, 0x87, 0x8f, 0x87, 0x8f, 0x87, 0x8b, 0x08, 
    0x87, 0x8b, 0x88, 0x8b, 0x8e, 0x8e, 0x08, 0x8b, 0x8f, 0x9b, 0x8b, 0x9a, 
    0x8b, 0x08, 0xb2, 0x8b, 0x87, 0x8f, 0x61, 0x8b, 0x08, 0x77, 0x8f, 0x80, 
    0x87, 0x8b, 0x8b, 0x08, 0x87, 0x87, 0x8b, 0x8f, 0x8b, 0x8f, 0x08, 0x8b, 
    0x96, 0x05, 0xd4, 0x8b, 0x05, 0xb2, 0x8b, 0xb5, 0x8b, 0x97, 0x88, 0x08, 
    0xf8, 0xfc, 0x8b, 0x15, 0x8f, 0x8b, 0x8b, 0x8b, 0x8f, 0x8b, 0x08, 0x8b, 
    0x8e, 0x87, 0x8b, 0x87, 0x8b, 0x08, 0x87, 0x8b, 0x8b, 0x8b, 0x8f, 0x88, 
    0x08, 0x1c, 0xfa, 0x53, 0x87, 0x15, 0x8b, 0x8b, 0x84, 0x8b, 0x87, 0x8b, 
    0x08, 0x87, 0x8f, 0x8f, 0x8b, 0x92, 0x8b, 0x08, 0x8f, 0x8b, 0x8f, 0x8b, 
    0x87, 0x87, 0x08, 0xf8, 0xf1, 0x8b, 0x15, 0x8b, 0x87, 0x8b, 0x8b, 0x87, 
    0x8b, 0x08, 0x88, 0x8b, 0x8b, 0x8b, 0x8b, 0x8f, 0x08, 0x8b, 0x8f, 0x8b, 
    0x8b, 0x8b, 0x8b, 0x08, 0x8e, 0x8b, 0x8b, 0x8b, 0x8f, 0x87, 0x08, 0xfc, 
    0x4b, 0x87, 0x15, 0x8b, 0x8b, 0x83, 0x8b, 0x8b, 0x8b, 0x08, 0x87, 0x8f, 
    0x8f, 0x8b, 0x8f, 0x8b, 0x08, 0x8f, 0x8b, 0x8f, 0x8b, 0x87, 0x87, 0x08, 
    0xb9, 0x8b, 0x15, 0x8b, 0x8b, 0x84, 0x8b, 0x87, 0x8b, 0x08, 0x87, 0x8f, 
    0x8f, 0x8b, 0x92, 0x8b, 0x08, 0x8f, 0x8b, 0x8f, 0x8b, 0x87, 0x87, 0x08, 
    0xf7, 0x83, 0x7f, 0x15, 0xf7, 0x13, 0x88, 0x9b, 0x8b, 0x8b, 0x83, 0x08, 
    0x8b, 0x8b, 0x3a, 0x8b, 0x2b, 0x8b, 0x08, 0xfb, 0x10, 0x8b, 0x51, 0x8b, 
    0x8b, 0x87, 0x08, 0x84, 0x83, 0x87, 0x8f, 0x8f, 0x93, 0x08, 0x8f, 0x93, 
    0x8b, 0x8b, 0x87, 0x8b, 0x08, 0x87, 0x8b, 0x87, 0x8b, 0x8b, 0x8e, 0x08, 
    0x8b, 0x8f, 0x9e, 0x8b, 0xa6, 0x87, 0x08, 0xa6, 0x8b, 0xdc, 0x8b, 0xd8, 
    0x8b, 0x08, 0xf8, 0x44, 0x8b, 0x15, 0x8f, 0x84, 0x87, 0x87, 0x83, 0x8b, 
    0x08, 0x8b, 0x8b, 0x87, 0x8f, 0x8b, 0x8f, 0x08, 0x8b, 0x92, 0x8f, 0x8f, 
    0x93, 0x83, 0x08, 0xf7, 0xa2, 0x8b, 0x15, 0x92, 0x84, 0x87, 0x87, 0x84, 
    0x8f, 0x08, 0x83, 0x8f, 0x8b, 0x8b, 0x87, 0x87, 0x08, 0x87, 0x8b, 0x87, 
    0x87, 0x8b, 0x8b, 0x08, 0x84, 0x8b, 0x9e, 0x9a, 0x8f, 0x8b, 0x08, 0x8b, 
    0x8b, 0x8f, 0x87, 0x8f, 0x8b, 0x08, 0xf7, 0x26, 0x8b, 0x15, 0x8b, 0x8b, 
    0x93, 0x8b, 0x8b, 0x8b, 0x08, 0x8f, 0x8f, 0x87, 0x8b, 0x87, 0x8b, 0x08, 
    0x87, 0x8b, 0x87, 0x8b, 0x8f, 0x87, 0x08, 0xfc, 0xde, 0x84, 0x15, 0x8f, 
    0x8b, 0x93, 0x8b, 0x8f, 0x8b, 0x08, 0x8e, 0x8f, 0x88, 0x8b, 0x83, 0x8b, 
    0x08, 0x7f, 0x8b, 0x8b, 0x8b, 0x8f, 0x87, 0x08, 0xc1, 0x8b, 0x15, 0x8f, 
    0x8b, 0x93, 0x8b, 0x8f, 0x8b, 0x08, 0x8e, 0x8f, 0x88, 0x8b, 0x83, 0x8b, 
    0x08, 0x83, 0x8b, 0x87, 0x8b, 0x8f, 0x87, 0x08, 0xf7, 0x8f, 0x8f, 0x15, 
    0x8b, 0x87, 0x7f, 0x87, 0x87, 0x8f, 0x08, 0x8b, 0x8f, 0x8f, 0x8b, 0x8f, 
    0x8b, 0x08, 0x8f, 0x8b, 0x8f, 0x8b, 0x8b, 0x8b, 0x08, 0xfb, 0xd4, 0x73, 
    0x15, 0x87, 0x88, 0x87, 0x8b, 0x8b, 0x8e, 0x08, 0x87, 0x8b, 0x8b, 0x8f, 
    0x8f, 0x8b, 0x08, 0x93, 0x8f, 0x8b, 0x8b, 0x8b, 0x83, 0x08, 0xf7, 0xa5, 
    0x8b, 0x15, 0x9b, 0x8b, 0x8f, 0x8b, 0x8f, 0x84, 0x08, 0x8e, 0x83, 0x8f, 
    0x87, 0x8b, 0x8b, 0x08, 0x8f, 0x8b, 0x8b, 0x87, 0x8b, 0x80, 0x08, 0x87, 
    0x83, 0x8b, 0x83, 0x8b, 0x8b, 0x08, 0x8b, 0x87, 0x8b, 0x8b, 0x87, 0x8b, 
    0x08, 0x88, 0x8b, 0x8b, 0x93, 0x8b, 0x93, 0x08, 0x8b, 0x96, 0x87, 0x97, 
    0x7f, 0x9a, 0x08, 0x8b, 0x8f, 0x80, 0x78, 0x8b, 0x83, 0x08, 0x8b, 0x84, 
    0x87, 0x87, 0x8b, 0x87, 0x08, 0x87, 0x87, 0x87, 0x87, 0x8b, 0x87, 0x08, 
    0x8b, 0x84, 0x87, 0x8b, 0x70, 0x8b, 0x08, 0x74, 0x8b, 0x83, 0x8b, 0x8b, 
    0x8e, 0x08, 0x8b, 0x8f, 0x87, 0x8f, 0x8b, 0x8b, 0x08, 0x88, 0x8b, 0x8b, 
    0x8b, 0x8e, 0x8f, 0x08, 0x8f, 0x8b, 0x8b, 0x8f, 0x8b, 0x8f, 0x08, 0x87, 
    0x96, 0x8f, 0x8f, 0x9b, 0x8f, 0x08, 0x9a, 0x8b, 0x8f, 0x8f, 0x87, 0x93, 
    0x08, 0x8b, 0x8e, 0x8f, 0x8b, 0x8f, 0x8b, 0x08, 0x93, 0x88, 0x8e, 0x8e, 
    0x8f, 0x8f, 0x08, 0x8f, 0x8b, 0x8f, 0x8f, 0x8b, 0x87, 0x08, 0x8b, 0x8b, 
    0x93, 0x87, 0x92, 0x8b, 0x08, 0xc1, 0x88, 0x15, 0x87, 0x87, 0x88, 0x8b, 
    0x8b, 0x8f, 0x08, 0x87, 0x8b, 0x8b, 0x8e, 0x8f, 0x8b, 0x08, 0x92, 0x8f, 
    0x8b, 0x8b, 0x8b, 0x84, 0x08, 0xfb, 0x7b, 0x83, 0x15, 0x93, 0x83, 0x87, 
    0x4a, 0x83, 0x87, 0x08, 0x87, 0x87, 0x8b, 0x8b, 0x8f, 0x8b, 0x08, 0x8b, 
    0x8b, 0x8f, 0x87, 0x8b, 0x87, 0x08, 0x8b, 0x87, 0x87, 0x8b, 0x78, 0x8b, 
    0x08, 0x7c, 0x8b, 0x83, 0x93, 0x96, 0x8b, 0x08, 0x8f, 0x8b, 0x8f, 0x8b, 
    0x8b, 0x8f, 0x08, 0x87, 0x8f, 0x7c, 0x87, 0x8b, 0x83, 0x08, 0x8b, 0x87, 
    0x8f, 0x87, 0x8f, 0x8b, 0x08, 0x8e, 0x8b, 0x8f, 0x8b, 0x87, 0x88, 0x08, 
    0x8b, 0x8b, 0x88, 0x87, 0x8e, 0x8b, 0x08, 0x8b, 0x83, 0x84, 0x8f, 0x87, 
    0x8f, 0x08, 0x87, 0x8f, 0x7f, 0x8e, 0x84, 0x8b, 0x08, 0x7f, 0x8f, 0x80, 
    0x8b, 0x87, 0x8f, 0x08, 0x87, 0x8f, 0x83, 0x8b, 0x87, 0x8b, 0x08, 0x84, 
    0x8b, 0x8b, 0x8b, 0x96, 0x8f, 0x08, 0x97, 0x8f, 0x8b, 0x8b, 0x83, 0xbd, 
    0x08, 0x8b, 0x96, 0x8b, 0x97, 0x8f, 0x8f, 0x08, 0x8b, 0x93, 0x8b, 0x8b, 
    0xbd, 0x8b, 0x08, 0xae, 0x8b, 0x96, 0x87, 0x8f, 0x87, 0x08, 0xcd, 0x8b, 
    0x15, 0x8b, 0x87, 0x87, 0x8b, 0x8b, 0x8f, 0x08, 0x87, 0x8b, 0x8b, 0x8f, 
    0x8f, 0x8b, 0x08, 0x8b, 0x8f, 0x8f, 0x8b, 0x8b, 0x87, 0x08, 0x8f, 0x8b, 
    0x8b, 0x87, 0x87, 0x8b, 0x08, 0xf7, 0x2e, 0x93, 0x15, 0x8b, 0x87, 0x8b, 
    0x8b, 0x87, 0x87, 0x08, 0x87, 0x8b, 0x8b, 0x8b, 0x8b, 0x8f, 0x08, 0x8b, 
    0x8f, 0x8b, 0x8b, 0x8f, 0x8b, 0x08, 0x8f, 0x8b, 0x8b, 0x8b, 0x8b, 0x8b, 
    0x08, 0xfb, 0x1b, 0x7f, 0x15, 0x8b, 0x8b, 0x8b, 0x87, 0x87, 0x8f, 0x08, 
    0x87, 0x8b, 0x8b, 0x8f, 0x8f, 0x8b, 0x08, 0x8b, 0x8f, 0x8f, 0x8b, 0x8b, 
    0x83, 0x08, 0xf7, 0x00, 0x7c, 0x15, 0x8b, 0x87, 0x8b, 0x8b, 0x87, 0x8b, 
    0x08, 0x87, 0x8b, 0x8b, 0x8b, 0x8b, 0x8f, 0x08, 0x8b, 0x8e, 0x8b, 0x8b, 
    0x8f, 0x8b, 0x08, 0x8f, 0x8b, 0x8b, 0x8b, 0x8b, 0x88, 0x08, 0x49, 0x87, 
    0x15, 0x87, 0x87, 0x8b, 0x8b, 0x8b, 0x87, 0x08, 0x8f, 0x87, 0x8f, 0x93, 
    0x8b, 0x8f, 0x08, 0x87, 0x8f, 0x8b, 0x8b, 0x8b, 0x87, 0x08, 0xfb, 0x6b, 
    0x70, 0x15, 0x8b, 0x7f, 0x8e, 0x87, 0x8f, 0x87, 0x08, 0x8f, 0x88, 0x8f, 
    0x8b, 0x8f, 0x8b, 0x08, 0x8b, 0x8e, 0x87, 0x8b, 0x87, 0x8f, 0x08, 0x87, 
    0x8f, 0x87, 0x8f, 0x8f, 0x8f, 0x08, 0x8b, 0x8f, 0x8b, 0x92, 0x87, 0x8b, 
    0x08, 0x8b, 0x93, 0x88, 0x87, 0x8b, 0x80, 0x08, 0xf7, 0x13, 0x74, 0x15, 
    0x8f, 0x83, 0x8b, 0x7b, 0x8b, 0x84, 0x08, 0x8b, 0x83, 0x8b, 0x87, 0x92, 
    0x8b, 0x08, 0x93, 0x8b, 0x8b, 0x8b, 0x87, 0x93, 0x08, 0x87, 0x93, 0x8b, 
    0x8b, 0x8f, 0x8e, 0x08, 0x8f, 0x8f, 0x8b, 0x8b, 0x87, 0x8f, 0x08, 0x87, 
    0x8f, 0x87, 0x8f, 0x8b, 0x96, 0x08, 0x8b, 0x93, 0x8b, 0x93, 0x88, 0x8b, 
    0x08, 0x87, 0x8b, 0x8b, 0x87, 0x8b, 0x7c, 0x08, 0xf7, 0x3d, 0x9a, 0x15, 
    0x8b, 0x87, 0x8b, 0x8b, 0x8f, 0x8b, 0x08, 0x8f, 0x8b, 0x8b, 0x8b, 0x8b, 
    0x8f, 0x08, 0x87, 0x8f, 0x8b, 0x8b, 0x87, 0x8b, 0x08, 0x8b, 0x8b, 0x8b, 
    0x8b, 0x8b, 0x87, 0x08, 0x55, 0x68, 0x15, 0x8b, 0x70, 0x8b, 0x84, 0x84, 
    0x8b, 0x08, 0x8b, 0x8b, 0x87, 0x8b, 0x8b, 0x8f, 0x08, 0x8b, 0x8e, 0x87, 
    0x8b, 0x8b, 0x8b, 0x08, 0x87, 0x88, 0x87, 0x8e, 0x8b, 0x8f, 0x08, 0x8b, 
    0x8b, 0x8b, 0x8f, 0x8f, 0x8b, 0x08, 0x93, 0x8b, 0x8f, 0xaa, 0x87, 0x96, 
    0x08, 0x87, 0x97, 0x8b, 0x8b, 0x93, 0x8b, 0x08, 0x92, 0x8b, 0x8b, 0x8b, 
    0x8b, 0x68, 0x08, 0xfb, 0x45, 0x97, 0x15, 0x8b, 0x87, 0x8f, 0x8b, 0x8f, 
    0x8b, 0x08, 0x8b, 0x8b, 0x8f, 0x8b, 0x8b, 0x8f, 0x08, 0x8b, 0x8f, 0x87, 
    0x8b, 0x8b, 0x8b, 0x08, 0x87, 0x8b, 0x87, 0x8b, 0x8b, 0x87, 0x08, 0x97, 
    0x74, 0x15, 0x8b, 0x8b, 0x87, 0x87, 0x8b, 0x87, 0x08, 0x83, 0x87, 0x8b, 
    0x8b, 0x8b, 0x8f, 0x08, 0x8b, 0x8f, 0x87, 0x8f, 0x8b, 0x8b, 0x08, 0x87, 
    0x8f, 0x8f, 0x8b, 0x8f, 0x8b, 0x08, 0x93, 0x8b, 0x8f, 0x8b, 0x8b, 0x87, 
    0x08, 0xf7, 0x07, 0x83, 0x15, 0x8b, 0x87, 0x8b, 0x8b, 0x87, 0x8b, 0x08, 
    0x87, 0x8b, 0x8b, 0x8b, 0x8f, 0x8f, 0x08, 0x8b, 0x8f, 0x8b, 0x8b, 0x8f, 
    0x8b, 0x08, 0x8b, 0x8b, 0x8b, 0x8b, 0x8b, 0x87, 0x08, 0xdc, 0x4a, 0x15, 
    0x8b, 0x87, 0x78, 0x83, 0x87, 0x8f, 0x08, 0x8b, 0x8f, 0x8f, 0x8b, 0x8f, 
    0x8f, 0x08, 0x96, 0x8e, 0x8f, 0x8b, 0x8b, 0x88, 0x08, 0xe0, 0x51, 0x15, 
    0x8b, 0x87, 0x87, 0x8b, 0x83, 0x8f, 0x08, 0x84, 0x8f, 0x8b, 0x8b, 0x92, 
    0x8b, 0x08, 0x8f, 0x8b, 0x8f, 0x8b, 0x8f, 0x87, 0x08, 0x5d, 0x60, 0x15, 
    0x8b, 0x84, 0x8b, 0x87, 0x7f, 0x8f, 0x08, 0x7c, 0x8b, 0x87, 0x8f, 0x93, 
    0x8e, 0x08, 0x8e, 0x8f, 0x9b, 0x8b, 0x8f, 0x87, 0x08, 0x0e, 0x1c, 0x08, 
    0xf6, 0xfa, 0xdd, 0xf9, 0x4d, 0x15, 0x81, 0x8b, 0x8b, 0x86, 0x90, 0x78, 
    0x08, 0x8b, 0x74, 0x8b, 0x87, 0x82, 0x86, 0x08, 0x7d, 0x82, 0x86, 0x8b, 
    0x6b, 0x90, 0x08, 0x74, 0x8f, 0x79, 0x8b, 0x7d, 0x87, 0x08, 0x78, 0x86, 
    0x87, 0x8b, 0x4f, 0x9d, 0x08, 0x4f, 0xa2, 0x05, 0x25, 0x90, 0x05, 0x34, 
    0x90, 0x7d, 0x8b, 0x86, 0x81, 0x08, 0x6f, 0x74, 0x87, 0x21, 0xa7, 0x74, 
    0x08, 0x8f, 0x8b, 0xb0, 0x87, 0xd0, 0x8b, 0x08, 0xf1, 0x8b, 0x05, 0xc7, 
    0x98, 0x05, 0xab, 0x95, 0xab, 0x94, 0x90, 0x86, 0x08, 0x94, 0x8b, 0x8b, 
    0x87, 0x8b, 0x74, 0x08, 0x8b, 0x6a, 0x05, 0x38, 0x90, 0x05, 0x38, 0x8b, 
    0x05, 0x8b, 0x7d, 0x05, 0x8b, 0x7d, 0x05, 0x5d, 0x8b, 0x05, 0x6f, 0x8b, 
    0xfb, 0x48, 0x90, 0xfb, 0x55, 0x8b, 0x08, 0xfb, 0xf3, 0x90, 0x05, 0x8b, 
    0x66, 0x05, 0x8b, 0x66, 0x05, 0xde, 0x8b, 0x05, 0xb9, 0x8b, 0xb0, 0x8b, 
    0x8b, 0x86, 0x08, 0x8b, 0x8b, 0x86, 0x86, 0x87, 0x87, 0x08, 0x86, 0x82, 
    0x8b, 0x7d, 0x8b, 0x61, 0x08, 0x90, 0x59, 0x05, 0x9d, 0x8b, 0x05, 0x99, 
    0x8b, 0x94, 0x8b, 0x8b, 0x8f, 0x08, 0x8b, 0x90, 0x9e, 0x8b, 0xb4, 0x8b, 
    0x08, 0xb9, 0x8b, 0x95, 0x8b, 0x86, 0x86, 0x08, 0x7d, 0x82, 0x90, 0x78, 
    0x99, 0x87, 0x08, 0xa2, 0x82, 0x9d, 0x94, 0x8b, 0x9d, 0x08, 0x8b, 0x95, 
    0x87, 0x8b, 0x7d, 0x8b, 0x08, 0x86, 0x8b, 0x82, 0x8f, 0x86, 0x8b, 0x08, 
    0x87, 0x90, 0xc7, 0x8b, 0xb0, 0x86, 0x08, 0xa6, 0x87, 0x9e, 0x8b, 0xb0, 
    0x8f, 0x08, 0xa2, 0x90, 0xb0, 0x8b, 0xa2, 0x8b, 0x08, 0x9d, 0x8b, 0xab, 
    0x8b, 0xa2, 0x8b, 0x08, 0xe8, 0x8b, 0xa6, 0x8b, 0xa2, 0x82, 0x08, 0xa7, 
    0x81, 0xf7, 0x2c, 0x59, 0x95, 0x8b, 0x08, 0x8f, 0x8b, 0x8b, 0x74, 0x8b, 
    0x53, 0x08, 0x8b, 0x3d, 0x05, 0x9e, 0x8b, 0x05, 0x94, 0x86, 0x94, 0x8b, 
    0x94, 0x8b, 0x08, 0x9e, 0x8b, 0xf7, 0x15, 0x82, 0xab, 0x86, 0x08, 0x9e, 
    0x87, 0xa6, 0x8b, 0x95, 0x86, 0x08, 0xa2, 0x8b, 0x05, 0x8b, 0xcc, 0x05, 
    0x8b, 0xb0, 0x8b, 0xab, 0x8b, 0x8b, 0x08, 0x8f, 0x8b, 0x90, 0x86, 0x99, 
    0x87, 0x08, 0x94, 0x86, 0x99, 0x8b, 0x94, 0x8b, 0x08, 0x94, 0x90, 0x99, 
    0x8b, 0x99, 0x8f, 0x08, 0x94, 0x8b, 0x94, 0x8b, 0x8b, 0x90, 0x08, 0x8b, 
    0x8f, 0x95, 0x8b, 0x98, 0x8b, 0x08, 0x9e, 0x8b, 0x8f, 0x8b, 0x9e, 0x9e, 
    0x08, 0x94, 0x99, 0x94, 0x94, 0x8b, 0x8b, 0x08, 0x90, 0x8b, 0x86, 0x7d, 
    0x82, 0x82, 0x08, 0x86, 0x86, 0x90, 0x82, 0x94, 0x6b, 0x08, 0x90, 0x78, 
    0x90, 0x66, 0x8f, 0x74, 0x08, 0x90, 0x5d, 0x05, 0x99, 0x87, 0x05, 0x94, 
    0x86, 0xa7, 0x8b, 0xa6, 0x8b, 0x08, 0xb5, 0x90, 0x94, 0x8b, 0xab, 0x98, 
    0x08, 0xa7, 0x99, 0x9d, 0x90, 0x9e, 0x90, 0x08, 0x99, 0x8b, 0x98, 0x8f, 
    0x8b, 0x8b, 0x08, 0x8b, 0x90, 0x90, 0x8b, 0x90, 0x8b, 0x08, 0x94, 0x8b, 
    0x99, 0x94, 0xb4, 0xb0, 0x08, 0x9e, 0x9d, 0xa6, 0x9e, 0x99, 0x8f, 0x08, 
    0x94, 0x90, 0x95, 0x94, 0x86, 0x8b, 0x08, 0x8b, 0x90, 0x90, 0x8b, 0x8f, 
    0x8b, 0x08, 0x95, 0x8b, 0x8f, 0x8b, 0x8b, 0x86, 0x08, 0x8b, 0x8b, 0x94, 
    0x8b, 0x9e, 0x8b, 0x08, 0xa2, 0x8b, 0x8b, 0x8b, 0x99, 0x79, 0x08, 0x99, 
    0x7d, 0x8b, 0x8b, 0xa6, 0x8b, 0x08, 0xac, 0x86, 0x05, 0x86, 0x74, 0x05, 
    0x8b, 0x7d, 0x8b, 0x82, 0x90, 0x8b, 0x08, 0x8b, 0x87, 0xaf, 0x8b, 0xb0, 
    0x86, 0x08, 0xb9, 0x8b, 0xac, 0x86, 0x99, 0x87, 0x08, 0x9d, 0x86, 0x8b, 
    0x8b, 0x90, 0x90, 0x08, 0x8f, 0x8f, 0x90, 0xb5, 0x90, 0xde, 0x08, 0x94, 
    0xf7, 0x23, 0x8b, 0xa7, 0x82, 0x9d, 0x08, 0x7d, 0xa7, 0x7d, 0x8f, 0x58, 
    0x8b, 0x08, 0x66, 0x8b, 0x7d, 0x8b, 0x7e, 0x95, 0x08, 0x7d, 0x8f, 0x78, 
    0x90, 0xfb, 0x1a, 0x8b, 0x08, 0xfb, 0x23, 0x8b, 0x82, 0x8b, 0x7d, 0x82, 
    0x08, 0x7e, 0x81, 0x86, 0x7d, 0x94, 0x82, 0x08, 0x94, 0x87, 0x95, 0x8b, 
    0x98, 0x8b, 0x08, 0x9e, 0x8f, 0x94, 0x8b, 0x8b, 0x87, 0x08, 0x90, 0x86, 
    0x82, 0x8b, 0x45, 0x8b, 0x08, 0x62, 0x8b, 0x05, 0x8b, 0x7d, 0x05, 0x8f, 
    0x87, 0x87, 0x7d, 0x8b, 0x86, 0x08, 0x86, 0x87, 0x8b, 0x8f, 0x8b, 0x99, 
    0x08, 0x8b, 0xa2, 0x05, 0x66, 0x8b, 0x05, 0x74, 0x8b, 0x79, 0x8b, 0x8b, 
    0x86, 0x08, 0x8b, 0x87, 0x78, 0x8b, 0x6b, 0x8b, 0x08, 0x54, 0x8b, 0x74, 
    0x8f, 0x8f, 0x90, 0x08, 0x8b, 0x90, 0x87, 0x8b, 0x86, 0x8b, 0x08, 0x74, 
    0x8b, 0x86, 0x94, 0x90, 0xb0, 0x08, 0x8b, 0x9d, 0x8b, 0x99, 0x86, 0x8b, 
    0x08, 0x8b, 0x8b, 0x79, 0x8b, 0x78, 0x90, 0x08, 0x5d, 0x8b, 0x82, 0x8f, 
    0x8b, 0x95, 0x08, 0x86, 0x94, 0x87, 0x8b, 0x6f, 0x8b, 0x08, 0x79, 0x8b, 
    0x7d, 0x8b, 0x8b, 0x8b, 0x08, 0x86, 0x8b, 0x90, 0x99, 0x8b, 0x98, 0x08, 
    0x90, 0xac, 0x8f, 0x94, 0xa2, 0x78, 0x08, 0x99, 0x82, 0xa7, 0x87, 0x94, 
    0x94, 0x08, 0x90, 0x8f, 0x8f, 0x8b, 0x9e, 0x87, 0x08, 0xa6, 0x82, 0xf7, 
    0x1a, 0x86, 0x9d, 0x94, 0x08, 0xa3, 0x99, 0x8f, 0xcc, 0x79, 0x9d, 0x08, 
    0x81, 0x99, 0x82, 0x8b, 0x41, 0x8b, 0x08, 0x54, 0x90, 0x6b, 0x8b, 0x82, 
    0x86, 0x08, 0x81, 0x86, 0x82, 0x8b, 0x82, 0x90, 0x08, 0x7d, 0x90, 0x74, 
    0x8b, 0x82, 0x81, 0x08, 0x82, 0x87, 0x86, 0x8b, 0x61, 0x8f, 0x08, 0x6b, 
    0x90, 0x79, 0x8b, 0x7d, 0x86, 0x08, 0x78, 0x87, 0x6b, 0x8f, 0x7d, 0x95, 
    0x08, 0x82, 0x94, 0x86, 0x8f, 0x90, 0x9e, 0x08, 0x8b, 0xa7, 0x8b, 0x8b, 
    0x7d, 0x8b, 0x08, 0x79, 0x8f, 0x66, 0x8b, 0x82, 0x87, 0x08, 0xf7, 0xc9, 
    0x2a, 0x15, 0x8b, 0x81, 0x8b, 0x8b, 0x86, 0x8b, 0x08, 0x8b, 0x90, 0x86, 
    0x94, 0x8b, 0x90, 0x08, 0x87, 0x94, 0x8b, 0x8b, 0x8f, 0x87, 0x08, 0x8b, 
    0x8b, 0x90, 0x81, 0x90, 0x87, 0x08, 0xde, 0x8f, 0x15, 0x8b, 0x87, 0x8b, 
    0x8b, 0x86, 0x8f, 0x08, 0x86, 0x95, 0x8b, 0x8f, 0x90, 0x87, 0x08, 0x90, 
    0x8b, 0x8b, 0x86, 0x8b, 0x86, 0x08, 0xfc, 0x38, 0x46, 0x15, 0x99, 0x82, 
    0xe7, 0x8b, 0x94, 0x94, 0x08, 0x90, 0x8b, 0x99, 0x90, 0x9d, 0x8b, 0x08, 
    0xa7, 0x8b, 0x05, 0x8b, 0x7d, 0x05, 0x8b, 0x7d, 0x8b, 0x8b, 0x74, 0x8b, 
    0x08, 0x7d, 0x8b, 0x5d, 0x8b, 0x66, 0x90, 0x08, 0x41, 0x8b, 0x05, 0x8b, 
    0x98, 0x05, 0x8b, 0x99, 0x8b, 0x90, 0x99, 0x7d, 0x08, 0xfb, 0x5a, 0x2f, 
    0x15, 0x8b, 0x8b, 0x81, 0x8b, 0x87, 0x8b, 0x08, 0x86, 0x8f, 0x90, 0x8b, 
    0x94, 0x8b, 0x08, 0x90, 0x8b, 0x8f, 0x8b, 0x87, 0x87, 0x08, 0xf7, 0x19, 
    0x78, 0x15, 0x8b, 0x87, 0x8b, 0x8b, 0x87, 0x8b, 0x08, 0x86, 0x8b, 0x8b, 
    0x8b, 0x90, 0x8f, 0x08, 0x8b, 0x90, 0x8b, 0x8b, 0x8f, 0x8b, 0x08, 0x8b, 
    0x8b, 0x8b, 0x8b, 0x8b, 0x86, 0x08, 0xfb, 0xcd, 0x7e, 0x15, 0xf7, 0x31, 
    0x8b, 0xf7, 0x23, 0x86, 0x98, 0x8b, 0x08, 0x99, 0x86, 0x87, 0x8b, 0x5c, 
    0x8b, 0x08, 0x59, 0x8b, 0xfc, 0xb9, 0x8b, 0x46, 0x8b, 0x08, 0x53, 0x8b, 
    0x8b, 0x8b, 0x79, 0x7d, 0x08, 0x78, 0x79, 0x87, 0x90, 0x99, 0x9d, 0x08, 
    0x98, 0xa2, 0x95, 0x8b, 0xde, 0x8b, 0x08, 0xb4, 0x87, 0xf7, 0x3a, 0x8b, 
    0xf7, 0x36, 0x8b, 0x08, 0xf8, 0x09, 0x81, 0x15, 0x87, 0x8b, 0x82, 0x8b, 
    0x86, 0x8b, 0x08, 0x86, 0x90, 0x90, 0x8b, 0x94, 0x8b, 0x08, 0x94, 0x8b, 
    0x90, 0x8b, 0x86, 0x86, 0x08, 0xc3, 0x8b, 0x15, 0x8b, 0x87, 0x86, 0x8b, 
    0x86, 0x8b, 0x08, 0x82, 0x8b, 0x87, 0x8b, 0x8b, 0x8f, 0x08, 0x8b, 0x90, 
    0x8f, 0x8b, 0x90, 0x8b, 0x08, 0x8f, 0x8b, 0x90, 0x8b, 0x90, 0x86, 0x08, 
    0xcb, 0x87, 0x15, 0x8b, 0x8b, 0x82, 0x8b, 0x8b, 0x8b, 0x08, 0x86, 0x8f, 
    0x90, 0x8b, 0x90, 0x8b, 0x08, 0x8f, 0x8b, 0x90, 0x8b, 0x86, 0x87, 0x08, 
    0xd5, 0x8b, 0x15, 0x86, 0x8b, 0x8b, 0x8b, 0x87, 0x8b, 0x08, 0x86, 0x8f, 
    0x8b, 0x8b, 0x90, 0x8b, 0x08, 0x8f, 0x8b, 0x90, 0x8b, 0x8b, 0x87, 0x08, 
    0xf7, 0x71, 0x8b, 0x15, 0x90, 0x86, 0xfb, 0x63, 0x8b, 0x86, 0x90, 0x08, 
    0x8b, 0x8f, 0xb9, 0x8b, 0xc2, 0x8b, 0x08, 0xcc, 0x8b, 0xb4, 0x8b, 0x8b, 
    0x87, 0x08, 0xfe, 0xeb, 0x74, 0x15, 0x99, 0x8b, 0x98, 0x8b, 0x8b, 0x86, 
    0x08, 0x8b, 0x8b, 0x82, 0x86, 0x82, 0x8b, 0x08, 0x7d, 0x90, 0x7d, 0x8b, 
    0x82, 0x8b, 0x08, 0x82, 0x8b, 0x82, 0x90, 0x8b, 0x8b, 0x08, 0x8b, 0x8f, 
    0x8f, 0x8b, 0x90, 0x8b, 0x08, 0x90, 0x87, 0x9d, 0x8b, 0x99, 0x8b, 0x08, 
    0xfb, 0x11, 0x86, 0x15, 0x8b, 0x86, 0x87, 0x8b, 0x86, 0x8b, 0x08, 0x8b, 
    0x8b, 0x86, 0x8b, 0x90, 0x90, 0x08, 0x8b, 0x90, 0x90, 0x8b, 0x8b, 0x8b, 
    0x08, 0x8f, 0x8b, 0x8b, 0x8b, 0x8b, 0x86, 0x08, 0xf7, 0x72, 0x90, 0x15, 
    0x8b, 0x86, 0x74, 0x86, 0x86, 0x90, 0x08, 0x8b, 0x90, 0x90, 0x8b, 0x94, 
    0x8b, 0x08, 0x94, 0x8b, 0x90, 0x8b, 0x8b, 0x8b, 0x08, 0xf7, 0x2c, 0x86, 
    0x15, 0x8b, 0x86, 0x82, 0x8b, 0x81, 0x8b, 0x08, 0x79, 0x8b, 0x8b, 0x8b, 
    0x99, 0x90, 0x08, 0x9d, 0x90, 0x8b, 0x8b, 0x90, 0x86, 0x08, 0xf7, 0x56, 
    0x8b, 0x15, 0x8b, 0x86, 0x86, 0x8b, 0x82, 0x8b, 0x08, 0x7d, 0x8b, 0x8b, 
    0x8b, 0x94, 0x90, 0x08, 0x94, 0x90, 0x95, 0x8b, 0x8b, 0x86, 0x08, 0x1c, 
    0x04, 0xe2, 0x8b, 0x15, 0xb0, 0x8b, 0xa6, 0x8b, 0x8b, 0x8b, 0x08, 0x82, 
    0x82, 0xfb, 0x0c, 0x86, 0x54, 0x94, 0x08, 0x7d, 0x8b, 0x78, 0x8b, 0x7e, 
    0x87, 0x08, 0x7d, 0x86, 0x7d, 0x8b, 0x7d, 0x90, 0x08, 0x82, 0x8b, 0x86, 
    0x8b, 0x90, 0x8f, 0x08, 0x9d, 0x90, 0xd1, 0x90, 0xab, 0x86, 0x08, 0x9d, 
    0x8b, 0xb9, 0x8b, 0xac, 0x8b, 0x08, 0x1c, 0xfa, 0x20, 0x86, 0x15, 0x82, 
    0x8b, 0x78, 0x8b, 0x7d, 0x8b, 0x08, 0x82, 0x8b, 0x94, 0x90, 0xa2, 0x8b, 
    0x08, 0x9e, 0x8b, 0x99, 0x86, 0x7d, 0x8b, 0x08, 0xf5, 0x8b, 0x15, 0x82, 
    0x8b, 0x82, 0x8b, 0x81, 0x8b, 0x08, 0x82, 0x8b, 0x90, 0x90, 0x9d, 0x8b, 
    0x08, 0x99, 0x8b, 0x90, 0x8b, 0x86, 0x86, 0x08, 0xb5, 0x8b, 0x15, 0x8b, 
    0x8b, 0x81, 0x8b, 0x8b, 0x8b, 0x08, 0x87, 0x90, 0x8f, 0x8b, 0x90, 0x8b, 
    0x08, 0x90, 0x8b, 0x8f, 0x8b, 0x87, 0x86, 0x08, 0xfc, 0x74, 0x82, 0x15, 
    0x8b, 0x82, 0x8b, 0x86, 0x8f, 0x8b, 0x08, 0x90, 0x87, 0x8b, 0x86, 0x8b, 
    0x87, 0x08, 0x8b, 0x86, 0x8b, 0x8b, 0x82, 0x90, 0x08, 0x86, 0x94, 0x8b, 
    0x9d, 0x90, 0x90, 0x08, 0x8f, 0x94, 0x8b, 0x86, 0x87, 0x82, 0x08, 0xd5, 
    0x7d, 0x15, 0x8f, 0x74, 0x8b, 0x87, 0x79, 0x8b, 0x08, 0x82, 0x8b, 0x81, 
    0x94, 0x99, 0x8b, 0x08, 0x90, 0x8b, 0x8b, 0x8b, 0x86, 0x90, 0x08, 0x82, 
    0x8f, 0x8b, 0x8b, 0x94, 0x90, 0x08, 0x94, 0x8b, 0x8b, 0x8f, 0x8b, 0x95, 
    0x08, 0x87, 0xa2, 0x8f, 0x86, 0x95, 0x6f, 0x08, 0x1c, 0x05, 0xd6, 0x9e, 
    0x15, 0x8b, 0x8b, 0x82, 0x8b, 0x8b, 0x8b, 0x08, 0x86, 0x8f, 0x90, 0x8b, 
    0x90, 0x8b, 0x08, 0x8f, 0x8b, 0x90, 0x8b, 0x86, 0x87, 0x08, 0x1c, 0xfa, 
    0x4f, 0x7d, 0x15, 0x8b, 0x86, 0x86, 0x8b, 0x8b, 0x8b, 0x08, 0x86, 0x8b, 
    0x87, 0x8b, 0x8b, 0x90, 0x08, 0x8b, 0x90, 0x8b, 0x8b, 0x8f, 0x8b, 0x08, 
    0x8b, 0x8b, 0x90, 0x8b, 0x90, 0x86, 0x08, 0xd0, 0x86, 0x15, 0x86, 0x8b, 
    0x82, 0x8b, 0x86, 0x8b, 0x08, 0x87, 0x90, 0x8f, 0x8b, 0x94, 0x8b, 0x08, 
    0x95, 0x8b, 0x8f, 0x8b, 0x87, 0x86, 0x08, 0x1c, 0x05, 0x5a, 0x8b, 0x15, 
    0x8b, 0x87, 0x86, 0x8b, 0x86, 0x8b, 0x08, 0x82, 0x8b, 0x8b, 0x8b, 0x90, 
    0x8f, 0x08, 0x94, 0x90, 0x8b, 0x8b, 0x90, 0x86, 0x08, 0xf7, 0xa4, 0x8b, 
    0x15, 0x8b, 0x87, 0x86, 0x8b, 0x87, 0x8b, 0x08, 0x86, 0x8b, 0x86, 0x8b, 
    0x90, 0x8f, 0x08, 0x8b, 0x90, 0x90, 0x8b, 0x8f, 0x8b, 0x08, 0x8b, 0x8b, 
    0x90, 0x8b, 0x8b, 0x86, 0x08, 0x1c, 0xf9, 0x5e, 0x82, 0x15, 0x8b, 0x8b, 
    0x82, 0x8b, 0x8b, 0x8b, 0x08, 0x87, 0x90, 0x8f, 0x8b, 0x90, 0x8b, 0x08, 
    0x8f, 0x8b, 0x90, 0x8b, 0x86, 0x86, 0x08, 0xf7, 0xd7, 0x8b, 0x15, 0x8b, 
    0x8b, 0x82, 0x8b, 0x8b, 0x8b, 0x08, 0x86, 0x90, 0x90, 0x8b, 0x90, 0x8b, 
    0x08, 0x8f, 0x8b, 0x90, 0x8b, 0x86, 0x86, 0x08, 0x1c, 0x05, 0x96, 0x79, 
    0x15, 0x87, 0x86, 0x8b, 0x90, 0x8b, 0x8f, 0x08, 0x8b, 0x90, 0x8b, 0x90, 
    0x8f, 0x86, 0x08, 0x8b, 0x8b, 0x8b, 0x82, 0x8b, 0x8b, 0x08, 0xfc, 0x00, 
    0x8b, 0x15, 0x86, 0x86, 0x8b, 0x8b, 0x8b, 0x90, 0x08, 0x8b, 0x8f, 0x8b, 
    0x90, 0x90, 0x8b, 0x08, 0x8b, 0x86, 0x8b, 0x8b, 0x8b, 0x87, 0x08, 0xfd, 
    0x72, 0x8b, 0x15, 0x8b, 0x8b, 0x82, 0x8b, 0x8b, 0x8b, 0x08, 0x87, 0x8f, 
    0x8f, 0x8b, 0x90, 0x8b, 0x08, 0x8f, 0x8b, 0x90, 0x8b, 0x86, 0x87, 0x08, 
    0xf9, 0x97, 0x81, 0x15, 0x86, 0x87, 0x86, 0x8b, 0x8b, 0x8b, 0x08, 0x87, 
    0x8b, 0x8b, 0x8b, 0x8b, 0x8f, 0x08, 0x8b, 0x90, 0x8f, 0x8b, 0x90, 0x8b, 
    0x08, 0x8b, 0x8b, 0x90, 0x8b, 0x8b, 0x86, 0x08, 0xf7, 0xa4, 0x90, 0x15, 
    0x8b, 0x86, 0x82, 0x87, 0x8b, 0x8f, 0x08, 0x86, 0x90, 0x90, 0x8b, 0x8b, 
    0x8b, 0x08, 0x8f, 0x8b, 0x90, 0x8b, 0x8b, 0x8b, 0x08, 0x1c, 0xf9, 0x0b, 
    0x82, 0x15, 0x87, 0x8b, 0x8b, 0x8b, 0x86, 0x8b, 0x08, 0x86, 0x8f, 0x8b, 
    0x8b, 0x90, 0x8b, 0x08, 0x90, 0x8b, 0x8f, 0x8b, 0x8b, 0x87, 0x08, 0x1c, 
    0x05, 0x5f, 0x8b, 0x15, 0x86, 0x8b, 0x8b, 0x8b, 0x87, 0x8b, 0x08, 0x86, 
    0x8f, 0x8b, 0x8b, 0x90, 0x8b, 0x08, 0x8f, 0x8b, 0x90, 0x8b, 0x8b, 0x87, 
    0x08, 0xf8, 0x61, 0x86, 0x15, 0x8b, 0x8b, 0x8b, 0x87, 0x8b, 0x8b, 0x08, 
    0x87, 0x8b, 0x8b, 0x8f, 0x8b, 0x8b, 0x08, 0x86, 0x90, 0x8b, 0x8f, 0x90, 
    0x8b, 0x08, 0x8f, 0x8b, 0x8b, 0x87, 0x8b, 0x86, 0x08, 0x1c, 0xf9, 0x35, 
    0x8b, 0x15, 0x87, 0x87, 0x86, 0x8b, 0x86, 0x8b, 0x08, 0x87, 0x8b, 0x86, 
    0x8b, 0x8b, 0x8f, 0x08, 0x87, 0x90, 0x8f, 0x8b, 0x94, 0x8b, 0x08, 0x95, 
    0x8b, 0x8f, 0x8b, 0x8b, 0x86, 0x08, 0xf7, 0xce, 0x8b, 0x15, 0x86, 0x87, 
    0x82, 0x8b, 0x86, 0x8f, 0x08, 0x87, 0x90, 0x8b, 0x8b, 0x99, 0x8b, 0x08, 
    0x98, 0x8b, 0x8b, 0x8b, 0x87, 0x86, 0x08, 0x1c, 0x05, 0xc9, 0x7d, 0x15, 
    0x8f, 0x87, 0x8b, 0x8b, 0x74, 0x8b, 0x08, 0x7d, 0x8b, 0x82, 0x8b, 0x8b, 
    0x8f, 0x08, 0x86, 0x90, 0x90, 0x90, 0x8b, 0x8b, 0x08, 0x94, 0x8f, 0xa2, 
    0x87, 0x95, 0x81, 0x08, 0xfd, 0xa0, 0x90, 0x15, 0x82, 0x8b, 0x86, 0x86, 
    0x87, 0x8b, 0x08, 0x86, 0x8b, 0x8b, 0x8b, 0x90, 0x90, 0x08, 0x8f, 0x90, 
    0x90, 0x8b, 0x94, 0x8b, 0x08, 0x94, 0x8b, 0x05, 0x82, 0x86, 0x05, 0xfc, 
    0x05, 0x82, 0x15, 0x8b, 0x8b, 0x82, 0x8b, 0x86, 0x8b, 0x08, 0x87, 0x8f, 
    0x8f, 0x8b, 0x94, 0x8b, 0x08, 0x90, 0x8b, 0x90, 0x8b, 0x86, 0x87, 0x08, 
    0xf7, 0xd7, 0x8b, 0x15, 0x8b, 0x8b, 0x82, 0x8b, 0x8b, 0x8b, 0x08, 0x86, 
    0x8f, 0x90, 0x8b, 0x8f, 0x8b, 0x08, 0x90, 0x8b, 0x90, 0x8b, 0x86, 0x87, 
    0x08, 0xa2, 0x8f, 0x15, 0x8b, 0x87, 0x8b, 0x8b, 0x86, 0x86, 0x08, 0x87, 
    0x8b, 0x8b, 0x8b, 0x8b, 0x90, 0x08, 0x8b, 0x8f, 0x8b, 0x8b, 0x8f, 0x8b, 
    0x08, 0x90, 0x8b, 0x8b, 0x8b, 0x8b, 0x8b, 0x08, 0xf7, 0xe5, 0x79, 0x15, 
    0xab, 0x74, 0x94, 0x7d, 0x90, 0x74, 0x08, 0x8b, 0x79, 0x8b, 0x86, 0x7d, 
    0x7d, 0x08, 0x79, 0x74, 0x8b, 0x86, 0x9d, 0x7e, 0x08, 0x9d, 0x78, 0x9e, 
    0x6b, 0x86, 0x86, 0x08, 0x8b, 0x87, 0x87, 0x8f, 0x8b, 0x90, 0x08, 0x86, 
    0x99, 0x86, 0x8b, 0x67, 0x8b, 0x08, 0x78, 0x8b, 0x86, 0x8b, 0x8b, 0x8f, 
    0x08, 0x8b, 0x90, 0x8b, 0x8f, 0x87, 0x8b, 0x08, 0x86, 0x8b, 0x8b, 0x8b, 
    0x8b, 0x90, 0x08, 0x90, 0x8b, 0x86, 0x90, 0x87, 0x8f, 0x08, 0x86, 0x8b, 
    0x8b, 0x8b, 0x90, 0x90, 0x08, 0x8f, 0x8b, 0x90, 0x90, 0x8b, 0x8b, 0x08, 
    0x8b, 0x8f, 0x8b, 0x90, 0x8f, 0x8b, 0x08, 0x90, 0x8b, 0x86, 0x8f, 0x82, 
    0x8b, 0x08, 0x79, 0x87, 0x78, 0x94, 0x79, 0x94, 0x08, 0x7d, 0x94, 0x7d, 
    0xc3, 0x8b, 0x9d, 0x08, 0x90, 0x94, 0x8f, 0x99, 0x90, 0x90, 0x08, 0x94, 
    0x90, 0xac, 0x94, 0x9d, 0x8f, 0x08, 0x90, 0x8b, 0x94, 0x82, 0x99, 0x82, 
    0x08, 0xf8, 0x0e, 0x94, 0x15, 0x8b, 0x8b, 0x82, 0x8b, 0x8b, 0x8b, 0x08, 
    0x86, 0x90, 0x90, 0x8b, 0x8f, 0x8b, 0x08, 0x90, 0x8b, 0x90, 0x8b, 0x86, 
    0x86, 0x08, 0x1c, 0xfb, 0x76, 0x79, 0x15, 0x8b, 0x8b, 0x86, 0x8b, 0x8b, 
    0x8b, 0x08, 0x86, 0x8b, 0x87, 0x8b, 0x8b, 0x8f, 0x08, 0x8b, 0x90, 0x8f, 
    0x8b, 0x90, 0x86, 0x08, 0x8b, 0x8b, 0x90, 0x8b, 0x8b, 0x87, 0x08, 0xf8, 
    0x81, 0x81, 0x15, 0x99, 0x79, 0x86, 0x7d, 0x82, 0x7d, 0x08, 0x82, 0x7e, 
    0x8b, 0x86, 0x94, 0x8b, 0x08, 0x9e, 0x8b, 0x9d, 0xa7, 0x8b, 0xa6, 0x08, 
    0x8b, 0x99, 0x8b, 0x8b, 0x94, 0x86, 0x08, 0x99, 0x74, 0x7d, 0x6b, 0x74, 
    0x7d, 0x08, 0x82, 0x87, 0x7d, 0x86, 0x79, 0x8b, 0x08, 0x66, 0x8b, 0x86, 
    0x94, 0x90, 0xb5, 0x08, 0x8f, 0xab, 0x95, 0x94, 0xa2, 0x8b, 0x08, 0x94, 
    0x8b, 0x8f, 0x87, 0x90, 0x81, 0x08, 0xfc, 0x25, 0x7e, 0x15, 0x9d, 0x81, 
    0xa7, 0x87, 0x94, 0x8b, 0x08, 0xa2, 0x86, 0x90, 0x87, 0x78, 0x8b, 0x08, 
    0x7e, 0x8b, 0xfb, 0x03, 0xab, 0x86, 0x8f, 0x08, 0x82, 0x90, 0x9d, 0x86, 
    0xc3, 0x7e, 0x08, 0xf7, 0x23, 0x6f, 0x15, 0x86, 0x8b, 0x82, 0x8b, 0x86, 
    0x8b, 0x08, 0x87, 0x90, 0x8f, 0x8b, 0x95, 0x8b, 0x08, 0x94, 0x8b, 0x8f, 
    0x8b, 0x87, 0x86, 0x08, 0xb0, 0x8b, 0x15, 0x86, 0x86, 0x86, 0x8b, 0x8b, 
    0x8b, 0x08, 0x87, 0x8b, 0x8b, 0x8b, 0x8f, 0x90, 0x08, 0x8b, 0x90, 0x90, 
    0x8b, 0x8b, 0x8b, 0x08, 0x90, 0x8b, 0x8b, 0x8b, 0x8b, 0x86, 0x08, 0xf9, 
    0x84, 0x7d, 0x15, 0x8b, 0x87, 0x86, 0x8b, 0x8b, 0x8b, 0x08, 0x86, 0x8b, 
    0x87, 0x8b, 0x8f, 0x8f, 0x08, 0x8b, 0x90, 0x8b, 0x8b, 0x90, 0x8b, 0x08, 
    0x8b, 0x8b, 0x8b, 0x8b, 0x90, 0x86, 0x08, 0xf7, 0x5a, 0x8b, 0x15, 0x86, 
    0x8b, 0x8b, 0x8b, 0x87, 0x8b, 0x08, 0x86, 0x90, 0x8b, 0x8b, 0x90, 0x8b, 
    0x08, 0x8f, 0x8b, 0x90, 0x8b, 0x8b, 0x86, 0x08, 0xfc, 0x01, 0x74, 0x15, 
    0x8b, 0x86, 0x8b, 0x8b, 0x87, 0x8b, 0x08, 0x86, 0x8b, 0x8b, 0x8b, 0x8b, 
    0x90, 0x08, 0x8b, 0x90, 0x8b, 0x8b, 0x90, 0x8b, 0x08, 0x8f, 0x8b, 0x8b, 
    0x8b, 0x8b, 0x86, 0x08, 0xf8, 0x01, 0x7d, 0x15, 0x86, 0x8b, 0x8b, 0x8b, 
    0x87, 0x8b, 0x08, 0x86, 0x90, 0x8b, 0x8b, 0x90, 0x8b, 0x08, 0x8f, 0x8b, 
    0x90, 0x8b, 0x8b, 0x86, 0x08, 0xfb, 0xe0, 0x87, 0x15, 0x8b, 0x86, 0x8b, 
    0x8b, 0x86, 0x8b, 0x08, 0x87, 0x8b, 0x8b, 0x8b, 0x8b, 0x90, 0x08, 0x8b, 
    0x8f, 0x8b, 0x8b, 0x8f, 0x8b, 0x08, 0x90, 0x8b, 0x8b, 0x8b, 0x8b, 0x87, 
    0x08, 0x4a, 0x81, 0x15, 0x90, 0x82, 0x8b, 0x8b, 0x86, 0x90, 0x08, 0x82, 
    0x8f, 0x8b, 0x95, 0x90, 0x8b, 0x08, 0x8b, 0x8b, 0x8f, 0x86, 0x8b, 0x86, 
    0x08, 0x62, 0x8b, 0x15, 0x8b, 0x87, 0x8b, 0x8b, 0x8f, 0x8b, 0x08, 0x90, 
    0x8f, 0x8b, 0x8b, 0x8b, 0x90, 0x08, 0x8b, 0x8b, 0x8b, 0x8b, 0x86, 0x8b, 
    0x08, 0x87, 0x8b, 0x8b, 0x8b, 0x8b, 0x86, 0x08, 0xf8, 0x37, 0x79, 0x15, 
    0x82, 0x8b, 0x82, 0x8b, 0x82, 0x8b, 0x08, 0x86, 0x90, 0x90, 0x8b, 0x99, 
    0x8b, 0x08, 0x98, 0x8b, 0x90, 0x8b, 0x86, 0x86, 0x08, 0xfc, 0x3c, 0x7d, 
    0x15, 0x8b, 0x86, 0x8b, 0x8b, 0x90, 0x8b, 0x08, 0x8f, 0x8b, 0x8b, 0x8b, 
    0x8b, 0x90, 0x08, 0x87, 0x90, 0x8b, 0x8b, 0x86, 0x8b, 0x08, 0x8b, 0x8b, 
    0x8b, 0x8b, 0x8b, 0x86, 0x08, 0x41, 0x79, 0x15, 0x87, 0x8b, 0x8b, 0x8b, 
    0x86, 0x8b, 0x08, 0x86, 0x8f, 0x8b, 0x8b, 0x90, 0x8b, 0x08, 0x90, 0x8b, 
    0x8f, 0x8b, 0x8b, 0x87, 0x08, 0x90, 0x6a, 0x15, 0x8b, 0x87, 0x86, 0x8b, 
    0x87, 0x8b, 0x08, 0x81, 0x8b, 0x8b, 0x8b, 0x95, 0x8f, 0x08, 0x8f, 0x8b, 
    0x90, 0x90, 0x8b, 0x8b, 0x08, 0x8b, 0x8b, 0x8b, 0x8b, 0x8b, 0x86, 0x08, 
    0x0e, 0x00, 0x00, 0x00, 0x02, 0x58, 0x00, 0x00, 0x00, 0xfa, 0x00, 0x00, 
    0x09, 0x18, 0x00, 0x00, 0x0a, 0x19, 0x00, 0x00, 0x09, 0x13, 0x00, 0x00, 
    0x08, 0x7e, 0x00, 0x00, 0x05, 0x12, 0x00, 0x00, 0x04, 0xa0, 0x00, 0x00, 
    0x06, 0x07, 0x00, 0x00, 0x04, 0x0a, 0x00, 0x00, 0x06, 0x27, 0x00, 0x00, 
    0x05, 0xfc, 0x00, 0x00, 0x08, 0x3b, 0x00, 0x00, 0x06, 0xdb, 0x00, 0x00, 
    0x06, 0xea, 0x00, 0x00, 0x08, 0xee, 0x00, 0x00, 0x06, 0xa9, 0x00, 0x00, 
    0x08, 0x38, 0x00, 0x00, 0x06, 0x19, 0x00, 0x00, 0x07, 0x2f, 0x00, 0x00, 
    0x08, 0x62, 0x00, 0x00, 0x08, 0xe2, 0x00, 0x00, 0x07, 0x73, 0x00, 0x00, 
    0x08, 0xf6, 0x00, 0x00
};

static const unsigned int weapons_font_size = sizeof(weapons_font);

#endif // WEAPONS_FONT_H
